profile,region,tipo,resource_id,parent_id,name,status,engine,size_gb,encrypted,kms_key_id,start_time,description,snapshot_type,tags_name
datahubprod,sa-east-1,rds-cluster,rds:eec-aws-br-eits-datahub-prod-bin-aurora-2025-12-16-03-10,eec-aws-br-eits-datahub-prod-bin-aurora,rds:eec-aws-br-eits-datahub-prod-bin-aurora-2025-12-16-03-10,available,aurora-mysql,,True,arn:aws:kms:sa-east-1:415071355886:key/2fc81dca-f375-4deb-b018-ccb558810df0,2025-12-16T03:10:13.699000+00:00,,automated,
datahubprod,sa-east-1,rds-cluster,rds:eec-aws-br-eits-datahub-prod-monitor-documentdb-2025-12-06-22-06,eec-aws-br-eits-datahub-prod-monitor-documentdb,rds:eec-aws-br-eits-datahub-prod-monitor-documentdb-2025-12-06-22-06,available,docdb,,True,arn:aws:kms:sa-east-1:415071355886:key/2fc81dca-f375-4deb-b018-ccb558810df0,2025-12-06T22:06:14.998000+00:00,,automated,
datahubprod,sa-east-1,rds-cluster,rds:eec-aws-br-eits-datahub-prod-monitor-documentdb-2025-12-07-22-06,eec-aws-br-eits-datahub-prod-monitor-documentdb,rds:eec-aws-br-eits-datahub-prod-monitor-documentdb-2025-12-07-22-06,available,docdb,,True,arn:aws:kms:sa-east-1:415071355886:key/2fc81dca-f375-4deb-b018-ccb558810df0,2025-12-07T22:06:11.267000+00:00,,automated,
datahubprod,sa-east-1,rds-cluster,rds:eec-aws-br-eits-datahub-prod-monitor-documentdb-2025-12-08-22-06,eec-aws-br-eits-datahub-prod-monitor-documentdb,rds:eec-aws-br-eits-datahub-prod-monitor-documentdb-2025-12-08-22-06,available,docdb,,True,arn:aws:kms:sa-east-1:415071355886:key/2fc81dca-f375-4deb-b018-ccb558810df0,2025-12-08T22:06:29.404000+00:00,,automated,
datahubprod,sa-east-1,rds-cluster,rds:eec-aws-br-eits-datahub-prod-monitor-documentdb-2025-12-09-22-06,eec-aws-br-eits-datahub-prod-monitor-documentdb,rds:eec-aws-br-eits-datahub-prod-monitor-documentdb-2025-12-09-22-06,available,docdb,,True,arn:aws:kms:sa-east-1:415071355886:key/2fc81dca-f375-4deb-b018-ccb558810df0,2025-12-09T22:06:08.894000+00:00,,automated,
datahubprod,sa-east-1,rds-cluster,rds:eec-aws-br-eits-datahub-prod-monitor-documentdb-2025-12-10-22-06,eec-aws-br-eits-datahub-prod-monitor-documentdb,rds:eec-aws-br-eits-datahub-prod-monitor-documentdb-2025-12-10-22-06,available,docdb,,True,arn:aws:kms:sa-east-1:415071355886:key/2fc81dca-f375-4deb-b018-ccb558810df0,2025-12-10T22:06:08.929000+00:00,,automated,
datahubprod,sa-east-1,rds-cluster,rds:eec-aws-br-eits-datahub-prod-monitor-documentdb-2025-12-11-22-06,eec-aws-br-eits-datahub-prod-monitor-documentdb,rds:eec-aws-br-eits-datahub-prod-monitor-documentdb-2025-12-11-22-06,available,docdb,,True,arn:aws:kms:sa-east-1:415071355886:key/2fc81dca-f375-4deb-b018-ccb558810df0,2025-12-11T22:06:08.101000+00:00,,automated,
datahubprod,sa-east-1,rds-cluster,rds:eec-aws-br-eits-datahub-prod-monitor-documentdb-2025-12-12-22-06,eec-aws-br-eits-datahub-prod-monitor-documentdb,rds:eec-aws-br-eits-datahub-prod-monitor-documentdb-2025-12-12-22-06,available,docdb,,True,arn:aws:kms:sa-east-1:415071355886:key/2fc81dca-f375-4deb-b018-ccb558810df0,2025-12-12T22:06:13.840000+00:00,,automated,
datahubprod,sa-east-1,rds-cluster,rds:eec-aws-br-eits-datahub-prod-monitor-documentdb-2025-12-13-22-06,eec-aws-br-eits-datahub-prod-monitor-documentdb,rds:eec-aws-br-eits-datahub-prod-monitor-documentdb-2025-12-13-22-06,available,docdb,,True,arn:aws:kms:sa-east-1:415071355886:key/2fc81dca-f375-4deb-b018-ccb558810df0,2025-12-13T22:06:08.374000+00:00,,automated,
datahubprod,sa-east-1,rds-cluster,rds:eec-aws-br-eits-datahub-prod-monitor-documentdb-2025-12-14-22-06,eec-aws-br-eits-datahub-prod-monitor-documentdb,rds:eec-aws-br-eits-datahub-prod-monitor-documentdb-2025-12-14-22-06,available,docdb,,True,arn:aws:kms:sa-east-1:415071355886:key/2fc81dca-f375-4deb-b018-ccb558810df0,2025-12-14T22:06:10.370000+00:00,,automated,
datahubprod,sa-east-1,rds-cluster,rds:eec-aws-br-eits-datahub-prod-monitor-documentdb-2025-12-15-22-06,eec-aws-br-eits-datahub-prod-monitor-documentdb,rds:eec-aws-br-eits-datahub-prod-monitor-documentdb-2025-12-15-22-06,available,docdb,,True,arn:aws:kms:sa-east-1:415071355886:key/2fc81dca-f375-4deb-b018-ccb558810df0,2025-12-15T22:06:06.674000+00:00,,automated,
datahubprod,sa-east-1,rds-cluster,rds:eec-aws-br-eits-datahub-prod-observability-documentdb-2025-12-06-22-11,eec-aws-br-eits-datahub-prod-observability-documentdb,rds:eec-aws-br-eits-datahub-prod-observability-documentdb-2025-12-06-22-11,available,docdb,,True,arn:aws:kms:sa-east-1:415071355886:key/2fc81dca-f375-4deb-b018-ccb558810df0,2025-12-06T22:11:10.264000+00:00,,automated,
datahubprod,sa-east-1,rds-cluster,rds:eec-aws-br-eits-datahub-prod-observability-documentdb-2025-12-07-22-11,eec-aws-br-eits-datahub-prod-observability-documentdb,rds:eec-aws-br-eits-datahub-prod-observability-documentdb-2025-12-07-22-11,available,docdb,,True,arn:aws:kms:sa-east-1:415071355886:key/2fc81dca-f375-4deb-b018-ccb558810df0,2025-12-07T22:11:11.387000+00:00,,automated,
datahubprod,sa-east-1,rds-cluster,rds:eec-aws-br-eits-datahub-prod-observability-documentdb-2025-12-08-22-11,eec-aws-br-eits-datahub-prod-observability-documentdb,rds:eec-aws-br-eits-datahub-prod-observability-documentdb-2025-12-08-22-11,available,docdb,,True,arn:aws:kms:sa-east-1:415071355886:key/2fc81dca-f375-4deb-b018-ccb558810df0,2025-12-08T22:11:14.835000+00:00,,automated,
datahubprod,sa-east-1,rds-cluster,rds:eec-aws-br-eits-datahub-prod-observability-documentdb-2025-12-09-22-11,eec-aws-br-eits-datahub-prod-observability-documentdb,rds:eec-aws-br-eits-datahub-prod-observability-documentdb-2025-12-09-22-11,available,docdb,,True,arn:aws:kms:sa-east-1:415071355886:key/2fc81dca-f375-4deb-b018-ccb558810df0,2025-12-09T22:11:12.068000+00:00,,automated,
datahubprod,sa-east-1,rds-cluster,rds:eec-aws-br-eits-datahub-prod-observability-documentdb-2025-12-10-22-11,eec-aws-br-eits-datahub-prod-observability-documentdb,rds:eec-aws-br-eits-datahub-prod-observability-documentdb-2025-12-10-22-11,available,docdb,,True,arn:aws:kms:sa-east-1:415071355886:key/2fc81dca-f375-4deb-b018-ccb558810df0,2025-12-10T22:11:08.558000+00:00,,automated,
datahubprod,sa-east-1,rds-cluster,rds:eec-aws-br-eits-datahub-prod-observability-documentdb-2025-12-11-22-11,eec-aws-br-eits-datahub-prod-observability-documentdb,rds:eec-aws-br-eits-datahub-prod-observability-documentdb-2025-12-11-22-11,available,docdb,,True,arn:aws:kms:sa-east-1:415071355886:key/2fc81dca-f375-4deb-b018-ccb558810df0,2025-12-11T22:11:18.795000+00:00,,automated,
datahubprod,sa-east-1,rds-cluster,rds:eec-aws-br-eits-datahub-prod-observability-documentdb-2025-12-12-22-11,eec-aws-br-eits-datahub-prod-observability-documentdb,rds:eec-aws-br-eits-datahub-prod-observability-documentdb-2025-12-12-22-11,available,docdb,,True,arn:aws:kms:sa-east-1:415071355886:key/2fc81dca-f375-4deb-b018-ccb558810df0,2025-12-12T22:11:14.778000+00:00,,automated,
datahubprod,sa-east-1,rds-cluster,rds:eec-aws-br-eits-datahub-prod-observability-documentdb-2025-12-13-22-11,eec-aws-br-eits-datahub-prod-observability-documentdb,rds:eec-aws-br-eits-datahub-prod-observability-documentdb-2025-12-13-22-11,available,docdb,,True,arn:aws:kms:sa-east-1:415071355886:key/2fc81dca-f375-4deb-b018-ccb558810df0,2025-12-13T22:11:13.802000+00:00,,automated,
datahubprod,sa-east-1,rds-cluster,rds:eec-aws-br-eits-datahub-prod-observability-documentdb-2025-12-14-22-11,eec-aws-br-eits-datahub-prod-observability-documentdb,rds:eec-aws-br-eits-datahub-prod-observability-documentdb-2025-12-14-22-11,available,docdb,,True,arn:aws:kms:sa-east-1:415071355886:key/2fc81dca-f375-4deb-b018-ccb558810df0,2025-12-14T22:11:01.168000+00:00,,automated,
datahubprod,sa-east-1,rds-cluster,rds:eec-aws-br-eits-datahub-prod-observability-documentdb-2025-12-15-22-11,eec-aws-br-eits-datahub-prod-observability-documentdb,rds:eec-aws-br-eits-datahub-prod-observability-documentdb-2025-12-15-22-11,available,docdb,,True,arn:aws:kms:sa-east-1:415071355886:key/2fc81dca-f375-4deb-b018-ccb558810df0,2025-12-15T22:11:16.286000+00:00,,automated,
datahubprod,sa-east-1,rds-cluster,rds:eec-aws-br-eits-datahub-prod-pep-aurora-2025-12-16-03-08,eec-aws-br-eits-datahub-prod-pep-aurora,rds:eec-aws-br-eits-datahub-prod-pep-aurora-2025-12-16-03-08,available,aurora-mysql,,True,arn:aws:kms:sa-east-1:415071355886:key/2fc81dca-f375-4deb-b018-ccb558810df0,2025-12-16T03:08:10.811000+00:00,,automated,
datahubprod,sa-east-1,rds-cluster,rds:eec-aws-br-eits-datahub-prod-pep-aurora-new-2025-12-16-03-05,eec-aws-br-eits-datahub-prod-pep-aurora-new,rds:eec-aws-br-eits-datahub-prod-pep-aurora-new-2025-12-16-03-05,available,aurora-mysql,,True,arn:aws:kms:sa-east-1:415071355886:key/2fc81dca-f375-4deb-b018-ccb558810df0,2025-12-16T03:05:07.803000+00:00,,automated,
datahubprod,sa-east-1,rds-cluster,rds:eec-aws-br-eits-datahub-prod-plataforma-documentdb-2025-12-06-22-04,eec-aws-br-eits-datahub-prod-plataforma-documentdb,rds:eec-aws-br-eits-datahub-prod-plataforma-documentdb-2025-12-06-22-04,available,docdb,,True,arn:aws:kms:sa-east-1:415071355886:key/2fc81dca-f375-4deb-b018-ccb558810df0,2025-12-06T22:04:18.949000+00:00,,automated,
datahubprod,sa-east-1,rds-cluster,rds:eec-aws-br-eits-datahub-prod-plataforma-documentdb-2025-12-07-22-04,eec-aws-br-eits-datahub-prod-plataforma-documentdb,rds:eec-aws-br-eits-datahub-prod-plataforma-documentdb-2025-12-07-22-04,available,docdb,,True,arn:aws:kms:sa-east-1:415071355886:key/2fc81dca-f375-4deb-b018-ccb558810df0,2025-12-07T22:04:12.878000+00:00,,automated,
datahubprod,sa-east-1,rds-cluster,rds:eec-aws-br-eits-datahub-prod-plataforma-documentdb-2025-12-08-22-04,eec-aws-br-eits-datahub-prod-plataforma-documentdb,rds:eec-aws-br-eits-datahub-prod-plataforma-documentdb-2025-12-08-22-04,available,docdb,,True,arn:aws:kms:sa-east-1:415071355886:key/2fc81dca-f375-4deb-b018-ccb558810df0,2025-12-08T22:04:15.162000+00:00,,automated,
datahubprod,sa-east-1,rds-cluster,rds:eec-aws-br-eits-datahub-prod-plataforma-documentdb-2025-12-09-22-04,eec-aws-br-eits-datahub-prod-plataforma-documentdb,rds:eec-aws-br-eits-datahub-prod-plataforma-documentdb-2025-12-09-22-04,available,docdb,,True,arn:aws:kms:sa-east-1:415071355886:key/2fc81dca-f375-4deb-b018-ccb558810df0,2025-12-09T22:04:17.269000+00:00,,automated,
datahubprod,sa-east-1,rds-cluster,rds:eec-aws-br-eits-datahub-prod-plataforma-documentdb-2025-12-10-22-04,eec-aws-br-eits-datahub-prod-plataforma-documentdb,rds:eec-aws-br-eits-datahub-prod-plataforma-documentdb-2025-12-10-22-04,available,docdb,,True,arn:aws:kms:sa-east-1:415071355886:key/2fc81dca-f375-4deb-b018-ccb558810df0,2025-12-10T22:04:06.040000+00:00,,automated,
datahubprod,sa-east-1,rds-cluster,rds:eec-aws-br-eits-datahub-prod-plataforma-documentdb-2025-12-11-22-04,eec-aws-br-eits-datahub-prod-plataforma-documentdb,rds:eec-aws-br-eits-datahub-prod-plataforma-documentdb-2025-12-11-22-04,available,docdb,,True,arn:aws:kms:sa-east-1:415071355886:key/2fc81dca-f375-4deb-b018-ccb558810df0,2025-12-11T22:04:13.776000+00:00,,automated,
datahubprod,sa-east-1,rds-cluster,rds:eec-aws-br-eits-datahub-prod-plataforma-documentdb-2025-12-12-22-04,eec-aws-br-eits-datahub-prod-plataforma-documentdb,rds:eec-aws-br-eits-datahub-prod-plataforma-documentdb-2025-12-12-22-04,available,docdb,,True,arn:aws:kms:sa-east-1:415071355886:key/2fc81dca-f375-4deb-b018-ccb558810df0,2025-12-12T22:04:18.086000+00:00,,automated,
datahubprod,sa-east-1,rds-cluster,rds:eec-aws-br-eits-datahub-prod-plataforma-documentdb-2025-12-13-22-04,eec-aws-br-eits-datahub-prod-plataforma-documentdb,rds:eec-aws-br-eits-datahub-prod-plataforma-documentdb-2025-12-13-22-04,available,docdb,,True,arn:aws:kms:sa-east-1:415071355886:key/2fc81dca-f375-4deb-b018-ccb558810df0,2025-12-13T22:04:12.735000+00:00,,automated,
datahubprod,sa-east-1,rds-cluster,rds:eec-aws-br-eits-datahub-prod-plataforma-documentdb-2025-12-14-22-04,eec-aws-br-eits-datahub-prod-plataforma-documentdb,rds:eec-aws-br-eits-datahub-prod-plataforma-documentdb-2025-12-14-22-04,available,docdb,,True,arn:aws:kms:sa-east-1:415071355886:key/2fc81dca-f375-4deb-b018-ccb558810df0,2025-12-14T22:04:05.465000+00:00,,automated,
datahubprod,sa-east-1,rds-cluster,rds:eec-aws-br-eits-datahub-prod-plataforma-documentdb-2025-12-15-22-04,eec-aws-br-eits-datahub-prod-plataforma-documentdb,rds:eec-aws-br-eits-datahub-prod-plataforma-documentdb-2025-12-15-22-04,available,docdb,,True,arn:aws:kms:sa-east-1:415071355886:key/2fc81dca-f375-4deb-b018-ccb558810df0,2025-12-15T22:04:08.475000+00:00,,automated,
datahubprod,sa-east-1,rds-cluster,snapshot-antes-da-chg2523671,eec-aws-br-eits-datahub-prod-pep-aurora,snapshot-antes-da-chg2523671,available,aurora-mysql,,True,arn:aws:kms:sa-east-1:415071355886:key/2fc81dca-f375-4deb-b018-ccb558810df0,2025-01-23T13:16:27.588000+00:00,,manual,
datahubprod,sa-east-1,rds-cluster,snapshot-apos-migracao-18-12-2024,eec-aws-br-eits-datahub-prod-pep-aurora,snapshot-apos-migracao-18-12-2024,available,aurora-mysql,,True,arn:aws:kms:sa-east-1:415071355886:key/2fc81dca-f375-4deb-b018-ccb558810df0,2024-12-18T19:39:26.521000+00:00,,manual,
datahubprod,sa-east-1,rds-cluster,snapshot-eec-aws-br-eits-datahub-prod-pep-aurora-2024-10-10,eec-aws-br-eits-datahub-prod-pep-aurora,snapshot-eec-aws-br-eits-datahub-prod-pep-aurora-2024-10-10,available,aurora-mysql,,True,arn:aws:kms:sa-east-1:415071355886:key/2fc81dca-f375-4deb-b018-ccb558810df0,2024-10-10T22:06:50.992000+00:00,,manual,
datahubprod,sa-east-1,docdb-cluster,rds:eec-aws-br-eits-datahub-prod-bin-aurora-2025-12-16-03-10,eec-aws-br-eits-datahub-prod-bin-aurora,rds:eec-aws-br-eits-datahub-prod-bin-aurora-2025-12-16-03-10,available,docdb,,True,arn:aws:kms:sa-east-1:415071355886:key/2fc81dca-f375-4deb-b018-ccb558810df0,2025-12-16T03:10:13.699000+00:00,,automated,
datahubprod,sa-east-1,docdb-cluster,rds:eec-aws-br-eits-datahub-prod-monitor-documentdb-2025-12-06-22-06,eec-aws-br-eits-datahub-prod-monitor-documentdb,rds:eec-aws-br-eits-datahub-prod-monitor-documentdb-2025-12-06-22-06,available,docdb,,True,arn:aws:kms:sa-east-1:415071355886:key/2fc81dca-f375-4deb-b018-ccb558810df0,2025-12-06T22:06:14.998000+00:00,,automated,
datahubprod,sa-east-1,docdb-cluster,rds:eec-aws-br-eits-datahub-prod-monitor-documentdb-2025-12-07-22-06,eec-aws-br-eits-datahub-prod-monitor-documentdb,rds:eec-aws-br-eits-datahub-prod-monitor-documentdb-2025-12-07-22-06,available,docdb,,True,arn:aws:kms:sa-east-1:415071355886:key/2fc81dca-f375-4deb-b018-ccb558810df0,2025-12-07T22:06:11.267000+00:00,,automated,
datahubprod,sa-east-1,docdb-cluster,rds:eec-aws-br-eits-datahub-prod-monitor-documentdb-2025-12-08-22-06,eec-aws-br-eits-datahub-prod-monitor-documentdb,rds:eec-aws-br-eits-datahub-prod-monitor-documentdb-2025-12-08-22-06,available,docdb,,True,arn:aws:kms:sa-east-1:415071355886:key/2fc81dca-f375-4deb-b018-ccb558810df0,2025-12-08T22:06:29.404000+00:00,,automated,
datahubprod,sa-east-1,docdb-cluster,rds:eec-aws-br-eits-datahub-prod-monitor-documentdb-2025-12-09-22-06,eec-aws-br-eits-datahub-prod-monitor-documentdb,rds:eec-aws-br-eits-datahub-prod-monitor-documentdb-2025-12-09-22-06,available,docdb,,True,arn:aws:kms:sa-east-1:415071355886:key/2fc81dca-f375-4deb-b018-ccb558810df0,2025-12-09T22:06:08.894000+00:00,,automated,
datahubprod,sa-east-1,docdb-cluster,rds:eec-aws-br-eits-datahub-prod-monitor-documentdb-2025-12-10-22-06,eec-aws-br-eits-datahub-prod-monitor-documentdb,rds:eec-aws-br-eits-datahub-prod-monitor-documentdb-2025-12-10-22-06,available,docdb,,True,arn:aws:kms:sa-east-1:415071355886:key/2fc81dca-f375-4deb-b018-ccb558810df0,2025-12-10T22:06:08.929000+00:00,,automated,
datahubprod,sa-east-1,docdb-cluster,rds:eec-aws-br-eits-datahub-prod-monitor-documentdb-2025-12-11-22-06,eec-aws-br-eits-datahub-prod-monitor-documentdb,rds:eec-aws-br-eits-datahub-prod-monitor-documentdb-2025-12-11-22-06,available,docdb,,True,arn:aws:kms:sa-east-1:415071355886:key/2fc81dca-f375-4deb-b018-ccb558810df0,2025-12-11T22:06:08.101000+00:00,,automated,
datahubprod,sa-east-1,docdb-cluster,rds:eec-aws-br-eits-datahub-prod-monitor-documentdb-2025-12-12-22-06,eec-aws-br-eits-datahub-prod-monitor-documentdb,rds:eec-aws-br-eits-datahub-prod-monitor-documentdb-2025-12-12-22-06,available,docdb,,True,arn:aws:kms:sa-east-1:415071355886:key/2fc81dca-f375-4deb-b018-ccb558810df0,2025-12-12T22:06:13.840000+00:00,,automated,
datahubprod,sa-east-1,docdb-cluster,rds:eec-aws-br-eits-datahub-prod-monitor-documentdb-2025-12-13-22-06,eec-aws-br-eits-datahub-prod-monitor-documentdb,rds:eec-aws-br-eits-datahub-prod-monitor-documentdb-2025-12-13-22-06,available,docdb,,True,arn:aws:kms:sa-east-1:415071355886:key/2fc81dca-f375-4deb-b018-ccb558810df0,2025-12-13T22:06:08.374000+00:00,,automated,
datahubprod,sa-east-1,docdb-cluster,rds:eec-aws-br-eits-datahub-prod-monitor-documentdb-2025-12-14-22-06,eec-aws-br-eits-datahub-prod-monitor-documentdb,rds:eec-aws-br-eits-datahub-prod-monitor-documentdb-2025-12-14-22-06,available,docdb,,True,arn:aws:kms:sa-east-1:415071355886:key/2fc81dca-f375-4deb-b018-ccb558810df0,2025-12-14T22:06:10.370000+00:00,,automated,
datahubprod,sa-east-1,docdb-cluster,rds:eec-aws-br-eits-datahub-prod-monitor-documentdb-2025-12-15-22-06,eec-aws-br-eits-datahub-prod-monitor-documentdb,rds:eec-aws-br-eits-datahub-prod-monitor-documentdb-2025-12-15-22-06,available,docdb,,True,arn:aws:kms:sa-east-1:415071355886:key/2fc81dca-f375-4deb-b018-ccb558810df0,2025-12-15T22:06:06.674000+00:00,,automated,
datahubprod,sa-east-1,docdb-cluster,rds:eec-aws-br-eits-datahub-prod-observability-documentdb-2025-12-06-22-11,eec-aws-br-eits-datahub-prod-observability-documentdb,rds:eec-aws-br-eits-datahub-prod-observability-documentdb-2025-12-06-22-11,available,docdb,,True,arn:aws:kms:sa-east-1:415071355886:key/2fc81dca-f375-4deb-b018-ccb558810df0,2025-12-06T22:11:10.264000+00:00,,automated,
datahubprod,sa-east-1,docdb-cluster,rds:eec-aws-br-eits-datahub-prod-observability-documentdb-2025-12-07-22-11,eec-aws-br-eits-datahub-prod-observability-documentdb,rds:eec-aws-br-eits-datahub-prod-observability-documentdb-2025-12-07-22-11,available,docdb,,True,arn:aws:kms:sa-east-1:415071355886:key/2fc81dca-f375-4deb-b018-ccb558810df0,2025-12-07T22:11:11.387000+00:00,,automated,
datahubprod,sa-east-1,docdb-cluster,rds:eec-aws-br-eits-datahub-prod-observability-documentdb-2025-12-08-22-11,eec-aws-br-eits-datahub-prod-observability-documentdb,rds:eec-aws-br-eits-datahub-prod-observability-documentdb-2025-12-08-22-11,available,docdb,,True,arn:aws:kms:sa-east-1:415071355886:key/2fc81dca-f375-4deb-b018-ccb558810df0,2025-12-08T22:11:14.835000+00:00,,automated,
datahubprod,sa-east-1,docdb-cluster,rds:eec-aws-br-eits-datahub-prod-observability-documentdb-2025-12-09-22-11,eec-aws-br-eits-datahub-prod-observability-documentdb,rds:eec-aws-br-eits-datahub-prod-observability-documentdb-2025-12-09-22-11,available,docdb,,True,arn:aws:kms:sa-east-1:415071355886:key/2fc81dca-f375-4deb-b018-ccb558810df0,2025-12-09T22:11:12.068000+00:00,,automated,
datahubprod,sa-east-1,docdb-cluster,rds:eec-aws-br-eits-datahub-prod-observability-documentdb-2025-12-10-22-11,eec-aws-br-eits-datahub-prod-observability-documentdb,rds:eec-aws-br-eits-datahub-prod-observability-documentdb-2025-12-10-22-11,available,docdb,,True,arn:aws:kms:sa-east-1:415071355886:key/2fc81dca-f375-4deb-b018-ccb558810df0,2025-12-10T22:11:08.558000+00:00,,automated,
datahubprod,sa-east-1,docdb-cluster,rds:eec-aws-br-eits-datahub-prod-observability-documentdb-2025-12-11-22-11,eec-aws-br-eits-datahub-prod-observability-documentdb,rds:eec-aws-br-eits-datahub-prod-observability-documentdb-2025-12-11-22-11,available,docdb,,True,arn:aws:kms:sa-east-1:415071355886:key/2fc81dca-f375-4deb-b018-ccb558810df0,2025-12-11T22:11:18.795000+00:00,,automated,
datahubprod,sa-east-1,docdb-cluster,rds:eec-aws-br-eits-datahub-prod-observability-documentdb-2025-12-12-22-11,eec-aws-br-eits-datahub-prod-observability-documentdb,rds:eec-aws-br-eits-datahub-prod-observability-documentdb-2025-12-12-22-11,available,docdb,,True,arn:aws:kms:sa-east-1:415071355886:key/2fc81dca-f375-4deb-b018-ccb558810df0,2025-12-12T22:11:14.778000+00:00,,automated,
datahubprod,sa-east-1,docdb-cluster,rds:eec-aws-br-eits-datahub-prod-observability-documentdb-2025-12-13-22-11,eec-aws-br-eits-datahub-prod-observability-documentdb,rds:eec-aws-br-eits-datahub-prod-observability-documentdb-2025-12-13-22-11,available,docdb,,True,arn:aws:kms:sa-east-1:415071355886:key/2fc81dca-f375-4deb-b018-ccb558810df0,2025-12-13T22:11:13.802000+00:00,,automated,
datahubprod,sa-east-1,docdb-cluster,rds:eec-aws-br-eits-datahub-prod-observability-documentdb-2025-12-14-22-11,eec-aws-br-eits-datahub-prod-observability-documentdb,rds:eec-aws-br-eits-datahub-prod-observability-documentdb-2025-12-14-22-11,available,docdb,,True,arn:aws:kms:sa-east-1:415071355886:key/2fc81dca-f375-4deb-b018-ccb558810df0,2025-12-14T22:11:01.168000+00:00,,automated,
datahubprod,sa-east-1,docdb-cluster,rds:eec-aws-br-eits-datahub-prod-observability-documentdb-2025-12-15-22-11,eec-aws-br-eits-datahub-prod-observability-documentdb,rds:eec-aws-br-eits-datahub-prod-observability-documentdb-2025-12-15-22-11,available,docdb,,True,arn:aws:kms:sa-east-1:415071355886:key/2fc81dca-f375-4deb-b018-ccb558810df0,2025-12-15T22:11:16.286000+00:00,,automated,
datahubprod,sa-east-1,docdb-cluster,rds:eec-aws-br-eits-datahub-prod-pep-aurora-2025-12-16-03-08,eec-aws-br-eits-datahub-prod-pep-aurora,rds:eec-aws-br-eits-datahub-prod-pep-aurora-2025-12-16-03-08,available,docdb,,True,arn:aws:kms:sa-east-1:415071355886:key/2fc81dca-f375-4deb-b018-ccb558810df0,2025-12-16T03:08:10.811000+00:00,,automated,
datahubprod,sa-east-1,docdb-cluster,rds:eec-aws-br-eits-datahub-prod-pep-aurora-new-2025-12-16-03-05,eec-aws-br-eits-datahub-prod-pep-aurora-new,rds:eec-aws-br-eits-datahub-prod-pep-aurora-new-2025-12-16-03-05,available,docdb,,True,arn:aws:kms:sa-east-1:415071355886:key/2fc81dca-f375-4deb-b018-ccb558810df0,2025-12-16T03:05:07.803000+00:00,,automated,
datahubprod,sa-east-1,docdb-cluster,rds:eec-aws-br-eits-datahub-prod-plataforma-documentdb-2025-12-06-22-04,eec-aws-br-eits-datahub-prod-plataforma-documentdb,rds:eec-aws-br-eits-datahub-prod-plataforma-documentdb-2025-12-06-22-04,available,docdb,,True,arn:aws:kms:sa-east-1:415071355886:key/2fc81dca-f375-4deb-b018-ccb558810df0,2025-12-06T22:04:18.949000+00:00,,automated,
datahubprod,sa-east-1,docdb-cluster,rds:eec-aws-br-eits-datahub-prod-plataforma-documentdb-2025-12-07-22-04,eec-aws-br-eits-datahub-prod-plataforma-documentdb,rds:eec-aws-br-eits-datahub-prod-plataforma-documentdb-2025-12-07-22-04,available,docdb,,True,arn:aws:kms:sa-east-1:415071355886:key/2fc81dca-f375-4deb-b018-ccb558810df0,2025-12-07T22:04:12.878000+00:00,,automated,
datahubprod,sa-east-1,docdb-cluster,rds:eec-aws-br-eits-datahub-prod-plataforma-documentdb-2025-12-08-22-04,eec-aws-br-eits-datahub-prod-plataforma-documentdb,rds:eec-aws-br-eits-datahub-prod-plataforma-documentdb-2025-12-08-22-04,available,docdb,,True,arn:aws:kms:sa-east-1:415071355886:key/2fc81dca-f375-4deb-b018-ccb558810df0,2025-12-08T22:04:15.162000+00:00,,automated,
datahubprod,sa-east-1,docdb-cluster,rds:eec-aws-br-eits-datahub-prod-plataforma-documentdb-2025-12-09-22-04,eec-aws-br-eits-datahub-prod-plataforma-documentdb,rds:eec-aws-br-eits-datahub-prod-plataforma-documentdb-2025-12-09-22-04,available,docdb,,True,arn:aws:kms:sa-east-1:415071355886:key/2fc81dca-f375-4deb-b018-ccb558810df0,2025-12-09T22:04:17.269000+00:00,,automated,
datahubprod,sa-east-1,docdb-cluster,rds:eec-aws-br-eits-datahub-prod-plataforma-documentdb-2025-12-10-22-04,eec-aws-br-eits-datahub-prod-plataforma-documentdb,rds:eec-aws-br-eits-datahub-prod-plataforma-documentdb-2025-12-10-22-04,available,docdb,,True,arn:aws:kms:sa-east-1:415071355886:key/2fc81dca-f375-4deb-b018-ccb558810df0,2025-12-10T22:04:06.040000+00:00,,automated,
datahubprod,sa-east-1,docdb-cluster,rds:eec-aws-br-eits-datahub-prod-plataforma-documentdb-2025-12-11-22-04,eec-aws-br-eits-datahub-prod-plataforma-documentdb,rds:eec-aws-br-eits-datahub-prod-plataforma-documentdb-2025-12-11-22-04,available,docdb,,True,arn:aws:kms:sa-east-1:415071355886:key/2fc81dca-f375-4deb-b018-ccb558810df0,2025-12-11T22:04:13.776000+00:00,,automated,
datahubprod,sa-east-1,docdb-cluster,rds:eec-aws-br-eits-datahub-prod-plataforma-documentdb-2025-12-12-22-04,eec-aws-br-eits-datahub-prod-plataforma-documentdb,rds:eec-aws-br-eits-datahub-prod-plataforma-documentdb-2025-12-12-22-04,available,docdb,,True,arn:aws:kms:sa-east-1:415071355886:key/2fc81dca-f375-4deb-b018-ccb558810df0,2025-12-12T22:04:18.086000+00:00,,automated,
datahubprod,sa-east-1,docdb-cluster,rds:eec-aws-br-eits-datahub-prod-plataforma-documentdb-2025-12-13-22-04,eec-aws-br-eits-datahub-prod-plataforma-documentdb,rds:eec-aws-br-eits-datahub-prod-plataforma-documentdb-2025-12-13-22-04,available,docdb,,True,arn:aws:kms:sa-east-1:415071355886:key/2fc81dca-f375-4deb-b018-ccb558810df0,2025-12-13T22:04:12.735000+00:00,,automated,
datahubprod,sa-east-1,docdb-cluster,rds:eec-aws-br-eits-datahub-prod-plataforma-documentdb-2025-12-14-22-04,eec-aws-br-eits-datahub-prod-plataforma-documentdb,rds:eec-aws-br-eits-datahub-prod-plataforma-documentdb-2025-12-14-22-04,available,docdb,,True,arn:aws:kms:sa-east-1:415071355886:key/2fc81dca-f375-4deb-b018-ccb558810df0,2025-12-14T22:04:05.465000+00:00,,automated,
datahubprod,sa-east-1,docdb-cluster,rds:eec-aws-br-eits-datahub-prod-plataforma-documentdb-2025-12-15-22-04,eec-aws-br-eits-datahub-prod-plataforma-documentdb,rds:eec-aws-br-eits-datahub-prod-plataforma-documentdb-2025-12-15-22-04,available,docdb,,True,arn:aws:kms:sa-east-1:415071355886:key/2fc81dca-f375-4deb-b018-ccb558810df0,2025-12-15T22:04:08.475000+00:00,,automated,
datahubprod,sa-east-1,docdb-cluster,snapshot-antes-da-chg2523671,eec-aws-br-eits-datahub-prod-pep-aurora,snapshot-antes-da-chg2523671,available,docdb,,True,arn:aws:kms:sa-east-1:415071355886:key/2fc81dca-f375-4deb-b018-ccb558810df0,2025-01-23T13:16:27.588000+00:00,,manual,
datahubprod,sa-east-1,docdb-cluster,snapshot-apos-migracao-18-12-2024,eec-aws-br-eits-datahub-prod-pep-aurora,snapshot-apos-migracao-18-12-2024,available,docdb,,True,arn:aws:kms:sa-east-1:415071355886:key/2fc81dca-f375-4deb-b018-ccb558810df0,2024-12-18T19:39:26.521000+00:00,,manual,
datahubprod,sa-east-1,docdb-cluster,snapshot-eec-aws-br-eits-datahub-prod-pep-aurora-2024-10-10,eec-aws-br-eits-datahub-prod-pep-aurora,snapshot-eec-aws-br-eits-datahub-prod-pep-aurora-2024-10-10,available,docdb,,True,arn:aws:kms:sa-east-1:415071355886:key/2fc81dca-f375-4deb-b018-ccb558810df0,2024-10-10T22:06:50.992000+00:00,,manual,
datahubprod,sa-east-1,backup,arn:aws:backup:sa-east-1:415071355886:recovery-point:3a2e1744-b61c-4c57-b088-33d02dfc7548,arn:aws:elasticfilesystem:sa-east-1:415071355886:file-system/fs-0c1967d27a3c15d72,aws/efs/automatic-backup-vault,COMPLETED,EFS,,,arn:aws:kms:sa-east-1:415071355886:key/8e24ce04-b274-4a85-93d5-1854918cd289,,,,
datahubprod,sa-east-1,backup,arn:aws:backup:sa-east-1:415071355886:recovery-point:6020516e-5ab4-4e70-87e9-0706d26f8686,arn:aws:elasticfilesystem:sa-east-1:415071355886:file-system/fs-062af58c307c95775,aws/efs/automatic-backup-vault,COMPLETED,EFS,1.99,,arn:aws:kms:sa-east-1:415071355886:key/8e24ce04-b274-4a85-93d5-1854918cd289,,,,
datahubprod,sa-east-1,backup,arn:aws:backup:sa-east-1:415071355886:recovery-point:e2ae7999-b0c3-4ba9-9614-0f8251cf9aab,arn:aws:elasticfilesystem:sa-east-1:415071355886:file-system/fs-062af58c307c95775,aws/efs/automatic-backup-vault,COMPLETED,EFS,1.74,,arn:aws:kms:sa-east-1:415071355886:key/8e24ce04-b274-4a85-93d5-1854918cd289,,,,
datahubprod,sa-east-1,backup,arn:aws:backup:sa-east-1:415071355886:recovery-point:2e4e8a19-bb9f-48c4-b0de-30387dc6dce7,arn:aws:elasticfilesystem:sa-east-1:415071355886:file-system/fs-0c1967d27a3c15d72,aws/efs/automatic-backup-vault,COMPLETED,EFS,,,arn:aws:kms:sa-east-1:415071355886:key/8e24ce04-b274-4a85-93d5-1854918cd289,,,,
datahubprod,sa-east-1,backup,arn:aws:backup:sa-east-1:415071355886:recovery-point:4953d021-dd0d-4443-a5b2-a56f7714237f,arn:aws:elasticfilesystem:sa-east-1:415071355886:file-system/fs-062af58c307c95775,aws/efs/automatic-backup-vault,COMPLETED,EFS,2.22,,arn:aws:kms:sa-east-1:415071355886:key/8e24ce04-b274-4a85-93d5-1854918cd289,,,,
datahubprod,sa-east-1,backup,arn:aws:backup:sa-east-1:415071355886:recovery-point:c2e4cce3-c5e6-4f60-a03a-fe18bee1fbcc,arn:aws:elasticfilesystem:sa-east-1:415071355886:file-system/fs-0c1967d27a3c15d72,aws/efs/automatic-backup-vault,COMPLETED,EFS,,,arn:aws:kms:sa-east-1:415071355886:key/8e24ce04-b274-4a85-93d5-1854918cd289,,,,
datahubprod,sa-east-1,backup,arn:aws:backup:sa-east-1:415071355886:recovery-point:3fad977c-d508-41fb-a30c-6fb4822d0cd8,arn:aws:elasticfilesystem:sa-east-1:415071355886:file-system/fs-0c1967d27a3c15d72,aws/efs/automatic-backup-vault,COMPLETED,EFS,,,arn:aws:kms:sa-east-1:415071355886:key/8e24ce04-b274-4a85-93d5-1854918cd289,,,,
datahubprod,sa-east-1,backup,arn:aws:backup:sa-east-1:415071355886:recovery-point:3d98ba64-f2ad-4ee3-b921-0b7cd16977e1,arn:aws:elasticfilesystem:sa-east-1:415071355886:file-system/fs-062af58c307c95775,aws/efs/automatic-backup-vault,COMPLETED,EFS,2.02,,arn:aws:kms:sa-east-1:415071355886:key/8e24ce04-b274-4a85-93d5-1854918cd289,,,,
datahubprod,sa-east-1,backup,arn:aws:backup:sa-east-1:415071355886:recovery-point:6094a1bd-e52a-4293-a570-6fa61c7f9b49,arn:aws:elasticfilesystem:sa-east-1:415071355886:file-system/fs-0c1967d27a3c15d72,aws/efs/automatic-backup-vault,COMPLETED,EFS,,,arn:aws:kms:sa-east-1:415071355886:key/8e24ce04-b274-4a85-93d5-1854918cd289,,,,
datahubprod,sa-east-1,backup,arn:aws:backup:sa-east-1:415071355886:recovery-point:88c3283b-8d54-4a9e-a549-653c8a687880,arn:aws:elasticfilesystem:sa-east-1:415071355886:file-system/fs-062af58c307c95775,aws/efs/automatic-backup-vault,COMPLETED,EFS,1.76,,arn:aws:kms:sa-east-1:415071355886:key/8e24ce04-b274-4a85-93d5-1854918cd289,,,,
datahubprod,sa-east-1,backup,arn:aws:backup:sa-east-1:415071355886:recovery-point:a7fefa0c-9cdd-4e1a-a020-47b8177edcdb,arn:aws:elasticfilesystem:sa-east-1:415071355886:file-system/fs-0c1967d27a3c15d72,aws/efs/automatic-backup-vault,COMPLETED,EFS,,,arn:aws:kms:sa-east-1:415071355886:key/8e24ce04-b274-4a85-93d5-1854918cd289,,,,
datahubprod,sa-east-1,backup,arn:aws:backup:sa-east-1:415071355886:recovery-point:5c2e7d41-09fe-4247-978a-b6df9bae178e,arn:aws:elasticfilesystem:sa-east-1:415071355886:file-system/fs-062af58c307c95775,aws/efs/automatic-backup-vault,COMPLETED,EFS,2.2,,arn:aws:kms:sa-east-1:415071355886:key/8e24ce04-b274-4a85-93d5-1854918cd289,,,,
datahubprod,sa-east-1,backup,arn:aws:backup:sa-east-1:415071355886:recovery-point:19a3647c-e1a7-44f9-8fc1-ab9803986a8b,arn:aws:elasticfilesystem:sa-east-1:415071355886:file-system/fs-0c1967d27a3c15d72,aws/efs/automatic-backup-vault,COMPLETED,EFS,,,arn:aws:kms:sa-east-1:415071355886:key/8e24ce04-b274-4a85-93d5-1854918cd289,,,,
datahubprod,sa-east-1,backup,arn:aws:backup:sa-east-1:415071355886:recovery-point:bc73219a-0f63-4feb-92b5-69e0ff9aef00,arn:aws:elasticfilesystem:sa-east-1:415071355886:file-system/fs-062af58c307c95775,aws/efs/automatic-backup-vault,COMPLETED,EFS,2.04,,arn:aws:kms:sa-east-1:415071355886:key/8e24ce04-b274-4a85-93d5-1854918cd289,,,,
datahubprod,sa-east-1,backup,arn:aws:backup:sa-east-1:415071355886:recovery-point:fe7bb406-604b-446c-b0eb-585366ca7feb,arn:aws:elasticfilesystem:sa-east-1:415071355886:file-system/fs-062af58c307c95775,aws/efs/automatic-backup-vault,COMPLETED,EFS,1.84,,arn:aws:kms:sa-east-1:415071355886:key/8e24ce04-b274-4a85-93d5-1854918cd289,,,,
datahubprod,sa-east-1,backup,arn:aws:backup:sa-east-1:415071355886:recovery-point:0b10a7ca-eb40-4d97-abfd-470c7b5645b6,arn:aws:elasticfilesystem:sa-east-1:415071355886:file-system/fs-0c1967d27a3c15d72,aws/efs/automatic-backup-vault,COMPLETED,EFS,,,arn:aws:kms:sa-east-1:415071355886:key/8e24ce04-b274-4a85-93d5-1854918cd289,,,,
datahubprod,sa-east-1,backup,arn:aws:backup:sa-east-1:415071355886:recovery-point:a98091d9-3bcd-4e18-821b-b707ee0f460d,arn:aws:elasticfilesystem:sa-east-1:415071355886:file-system/fs-062af58c307c95775,aws/efs/automatic-backup-vault,COMPLETED,EFS,2.42,,arn:aws:kms:sa-east-1:415071355886:key/8e24ce04-b274-4a85-93d5-1854918cd289,,,,
datahubprod,sa-east-1,backup,arn:aws:backup:sa-east-1:415071355886:recovery-point:c7737237-58a6-4a00-b3be-2e25f6f6f589,arn:aws:elasticfilesystem:sa-east-1:415071355886:file-system/fs-0c1967d27a3c15d72,aws/efs/automatic-backup-vault,COMPLETED,EFS,,,arn:aws:kms:sa-east-1:415071355886:key/8e24ce04-b274-4a85-93d5-1854918cd289,,,,
datahubprod,sa-east-1,backup,arn:aws:backup:sa-east-1:415071355886:recovery-point:baccc44e-66bc-4372-a1a5-e6fbbf29fc41,arn:aws:elasticfilesystem:sa-east-1:415071355886:file-system/fs-062af58c307c95775,aws/efs/automatic-backup-vault,COMPLETED,EFS,2.15,,arn:aws:kms:sa-east-1:415071355886:key/8e24ce04-b274-4a85-93d5-1854918cd289,,,,
datahubprod,sa-east-1,backup,arn:aws:backup:sa-east-1:415071355886:recovery-point:8f44618b-21a4-4fe2-8ba7-ce5ef8a5d2df,arn:aws:elasticfilesystem:sa-east-1:415071355886:file-system/fs-0c1967d27a3c15d72,aws/efs/automatic-backup-vault,COMPLETED,EFS,,,arn:aws:kms:sa-east-1:415071355886:key/8e24ce04-b274-4a85-93d5-1854918cd289,,,,
datahubprod,sa-east-1,backup,arn:aws:backup:sa-east-1:415071355886:recovery-point:285994fe-4ecf-4cec-9d53-646323adab71,arn:aws:elasticfilesystem:sa-east-1:415071355886:file-system/fs-0c1967d27a3c15d72,aws/efs/automatic-backup-vault,COMPLETED,EFS,,,arn:aws:kms:sa-east-1:415071355886:key/8e24ce04-b274-4a85-93d5-1854918cd289,,,,
datahubprod,sa-east-1,backup,arn:aws:backup:sa-east-1:415071355886:recovery-point:22070e25-64da-48b0-915f-c368f7d44d95,arn:aws:elasticfilesystem:sa-east-1:415071355886:file-system/fs-062af58c307c95775,aws/efs/automatic-backup-vault,COMPLETED,EFS,1.85,,arn:aws:kms:sa-east-1:415071355886:key/8e24ce04-b274-4a85-93d5-1854918cd289,,,,
datahubprod,sa-east-1,backup,arn:aws:backup:sa-east-1:415071355886:recovery-point:fd4cf45a-9193-447e-b037-0bf34aa36f33,arn:aws:elasticfilesystem:sa-east-1:415071355886:file-system/fs-062af58c307c95775,aws/efs/automatic-backup-vault,COMPLETED,EFS,2.34,,arn:aws:kms:sa-east-1:415071355886:key/8e24ce04-b274-4a85-93d5-1854918cd289,,,,
datahubprod,sa-east-1,backup,arn:aws:backup:sa-east-1:415071355886:recovery-point:8a82af8d-5777-49aa-afbb-a79f617a6b21,arn:aws:elasticfilesystem:sa-east-1:415071355886:file-system/fs-0c1967d27a3c15d72,aws/efs/automatic-backup-vault,COMPLETED,EFS,,,arn:aws:kms:sa-east-1:415071355886:key/8e24ce04-b274-4a85-93d5-1854918cd289,,,,
datahubprod,sa-east-1,backup,arn:aws:backup:sa-east-1:415071355886:recovery-point:7a9e1348-76b1-493b-b26a-bd3af1dbb453,arn:aws:elasticfilesystem:sa-east-1:415071355886:file-system/fs-0c1967d27a3c15d72,aws/efs/automatic-backup-vault,COMPLETED,EFS,,,arn:aws:kms:sa-east-1:415071355886:key/8e24ce04-b274-4a85-93d5-1854918cd289,,,,
datahubprod,sa-east-1,backup,arn:aws:backup:sa-east-1:415071355886:recovery-point:5b94b10c-e00e-4ed3-89d6-9ffb45d5cd2d,arn:aws:elasticfilesystem:sa-east-1:415071355886:file-system/fs-062af58c307c95775,aws/efs/automatic-backup-vault,COMPLETED,EFS,2.15,,arn:aws:kms:sa-east-1:415071355886:key/8e24ce04-b274-4a85-93d5-1854918cd289,,,,
datahubprod,sa-east-1,backup,arn:aws:backup:sa-east-1:415071355886:recovery-point:7e8713e9-70c9-4b09-ad0b-b188d0bea219,arn:aws:elasticfilesystem:sa-east-1:415071355886:file-system/fs-0c1967d27a3c15d72,aws/efs/automatic-backup-vault,COMPLETED,EFS,,,arn:aws:kms:sa-east-1:415071355886:key/8e24ce04-b274-4a85-93d5-1854918cd289,,,,
datahubprod,sa-east-1,backup,arn:aws:backup:sa-east-1:415071355886:recovery-point:7de0572f-11fc-444d-818b-e98814282fa3,arn:aws:elasticfilesystem:sa-east-1:415071355886:file-system/fs-062af58c307c95775,aws/efs/automatic-backup-vault,COMPLETED,EFS,1.89,,arn:aws:kms:sa-east-1:415071355886:key/8e24ce04-b274-4a85-93d5-1854918cd289,,,,
datahubprod,sa-east-1,backup,arn:aws:backup:sa-east-1:415071355886:recovery-point:ffda9036-90d7-4657-9e60-9f8e66af86eb,arn:aws:elasticfilesystem:sa-east-1:415071355886:file-system/fs-062af58c307c95775,aws/efs/automatic-backup-vault,COMPLETED,EFS,2.36,,arn:aws:kms:sa-east-1:415071355886:key/8e24ce04-b274-4a85-93d5-1854918cd289,,,,
datahubprod,sa-east-1,backup,arn:aws:backup:sa-east-1:415071355886:recovery-point:ffd1d80e-9f85-450b-a9d5-d9c8afae426c,arn:aws:elasticfilesystem:sa-east-1:415071355886:file-system/fs-0c1967d27a3c15d72,aws/efs/automatic-backup-vault,COMPLETED,EFS,,,arn:aws:kms:sa-east-1:415071355886:key/8e24ce04-b274-4a85-93d5-1854918cd289,,,,
datahubprod,sa-east-1,backup,arn:aws:backup:sa-east-1:415071355886:recovery-point:a748814e-284f-477d-ac32-64e7fd530209,arn:aws:elasticfilesystem:sa-east-1:415071355886:file-system/fs-062af58c307c95775,aws/efs/automatic-backup-vault,COMPLETED,EFS,2.13,,arn:aws:kms:sa-east-1:415071355886:key/8e24ce04-b274-4a85-93d5-1854918cd289,,,,
datahubprod,sa-east-1,backup,arn:aws:backup:sa-east-1:415071355886:recovery-point:329281dc-e817-4dfb-824a-62695af02aa1,arn:aws:elasticfilesystem:sa-east-1:415071355886:file-system/fs-0c1967d27a3c15d72,aws/efs/automatic-backup-vault,COMPLETED,EFS,,,arn:aws:kms:sa-east-1:415071355886:key/8e24ce04-b274-4a85-93d5-1854918cd289,,,,
datahubprod,sa-east-1,backup,arn:aws:backup:sa-east-1:415071355886:recovery-point:3293f058-0a8c-4fa3-9a3a-845aac52ecac,arn:aws:elasticfilesystem:sa-east-1:415071355886:file-system/fs-062af58c307c95775,aws/efs/automatic-backup-vault,COMPLETED,EFS,1.85,,arn:aws:kms:sa-east-1:415071355886:key/8e24ce04-b274-4a85-93d5-1854918cd289,,,,
datahubprod,sa-east-1,backup,arn:aws:backup:sa-east-1:415071355886:recovery-point:6886363d-4527-4b0c-900d-4c09ff39ae04,arn:aws:elasticfilesystem:sa-east-1:415071355886:file-system/fs-0c1967d27a3c15d72,aws/efs/automatic-backup-vault,COMPLETED,EFS,,,arn:aws:kms:sa-east-1:415071355886:key/8e24ce04-b274-4a85-93d5-1854918cd289,,,,
datahubprod,sa-east-1,backup,arn:aws:backup:sa-east-1:415071355886:recovery-point:19017244-38af-431e-bfd1-bf93fc49fb2c,arn:aws:elasticfilesystem:sa-east-1:415071355886:file-system/fs-062af58c307c95775,aws/efs/automatic-backup-vault,COMPLETED,EFS,2.35,,arn:aws:kms:sa-east-1:415071355886:key/8e24ce04-b274-4a85-93d5-1854918cd289,,,,
datahubprod,sa-east-1,backup,arn:aws:backup:sa-east-1:415071355886:recovery-point:ec465947-eda8-42b8-98ce-619dd411e726,arn:aws:elasticfilesystem:sa-east-1:415071355886:file-system/fs-0c1967d27a3c15d72,aws/efs/automatic-backup-vault,COMPLETED,EFS,,,arn:aws:kms:sa-east-1:415071355886:key/8e24ce04-b274-4a85-93d5-1854918cd289,,,,
datahubprod,sa-east-1,backup,arn:aws:backup:sa-east-1:415071355886:recovery-point:3ab65705-b5f9-48f3-a126-bb68b894bba0,arn:aws:elasticfilesystem:sa-east-1:415071355886:file-system/fs-062af58c307c95775,aws/efs/automatic-backup-vault,COMPLETED,EFS,2.1,,arn:aws:kms:sa-east-1:415071355886:key/8e24ce04-b274-4a85-93d5-1854918cd289,,,,
datahubprod,sa-east-1,backup,arn:aws:backup:sa-east-1:415071355886:recovery-point:68b870eb-a3d1-4d05-a903-ff48f80b4bae,arn:aws:elasticfilesystem:sa-east-1:415071355886:file-system/fs-0c1967d27a3c15d72,aws/efs/automatic-backup-vault,COMPLETED,EFS,,,arn:aws:kms:sa-east-1:415071355886:key/8e24ce04-b274-4a85-93d5-1854918cd289,,,,
datahubprod,sa-east-1,backup,arn:aws:backup:sa-east-1:415071355886:recovery-point:c622f119-509d-4b56-9ab3-414caf8cf095,arn:aws:elasticfilesystem:sa-east-1:415071355886:file-system/fs-0c1967d27a3c15d72,aws/efs/automatic-backup-vault,COMPLETED,EFS,,,arn:aws:kms:sa-east-1:415071355886:key/8e24ce04-b274-4a85-93d5-1854918cd289,,,,
datahubprod,sa-east-1,backup,arn:aws:backup:sa-east-1:415071355886:recovery-point:2767cd4e-0a9d-42af-a38d-ce1f87facca6,arn:aws:elasticfilesystem:sa-east-1:415071355886:file-system/fs-062af58c307c95775,aws/efs/automatic-backup-vault,COMPLETED,EFS,1.81,,arn:aws:kms:sa-east-1:415071355886:key/8e24ce04-b274-4a85-93d5-1854918cd289,,,,
datahubprod,sa-east-1,backup,arn:aws:backup:sa-east-1:415071355886:recovery-point:adf4e945-cb5b-47f8-b631-f655015d726a,arn:aws:elasticfilesystem:sa-east-1:415071355886:file-system/fs-062af58c307c95775,aws/efs/automatic-backup-vault,COMPLETED,EFS,2.27,,arn:aws:kms:sa-east-1:415071355886:key/8e24ce04-b274-4a85-93d5-1854918cd289,,,,
datahubprod,sa-east-1,backup,arn:aws:backup:sa-east-1:415071355886:recovery-point:11a06794-05fa-44d3-85eb-e62c15efdb18,arn:aws:elasticfilesystem:sa-east-1:415071355886:file-system/fs-0c1967d27a3c15d72,aws/efs/automatic-backup-vault,COMPLETED,EFS,,,arn:aws:kms:sa-east-1:415071355886:key/8e24ce04-b274-4a85-93d5-1854918cd289,,,,
datahubprod,sa-east-1,backup,arn:aws:backup:sa-east-1:415071355886:recovery-point:2283c988-c1e9-468d-abd6-6f9877f1dc35,arn:aws:elasticfilesystem:sa-east-1:415071355886:file-system/fs-062af58c307c95775,aws/efs/automatic-backup-vault,COMPLETED,EFS,2.01,,arn:aws:kms:sa-east-1:415071355886:key/8e24ce04-b274-4a85-93d5-1854918cd289,,,,
datahubprod,sa-east-1,backup,arn:aws:backup:sa-east-1:415071355886:recovery-point:89fd3589-924a-40e7-845b-bc7f8522f6e7,arn:aws:elasticfilesystem:sa-east-1:415071355886:file-system/fs-0c1967d27a3c15d72,aws/efs/automatic-backup-vault,COMPLETED,EFS,,,arn:aws:kms:sa-east-1:415071355886:key/8e24ce04-b274-4a85-93d5-1854918cd289,,,,
datahubprod,sa-east-1,backup,arn:aws:backup:sa-east-1:415071355886:recovery-point:c4c0cd52-86e6-4144-a5d6-464065f6e40c,arn:aws:elasticfilesystem:sa-east-1:415071355886:file-system/fs-0c1967d27a3c15d72,aws/efs/automatic-backup-vault,COMPLETED,EFS,,,arn:aws:kms:sa-east-1:415071355886:key/8e24ce04-b274-4a85-93d5-1854918cd289,,,,
datahubprod,sa-east-1,backup,arn:aws:backup:sa-east-1:415071355886:recovery-point:43918c47-9611-4d04-99ea-00f3ad8f9f77,arn:aws:elasticfilesystem:sa-east-1:415071355886:file-system/fs-062af58c307c95775,aws/efs/automatic-backup-vault,COMPLETED,EFS,1.7,,arn:aws:kms:sa-east-1:415071355886:key/8e24ce04-b274-4a85-93d5-1854918cd289,,,,
datahubprod,sa-east-1,backup,arn:aws:backup:sa-east-1:415071355886:recovery-point:b7c2b074-e4f3-434d-a0a2-97a57fb3d629,arn:aws:elasticfilesystem:sa-east-1:415071355886:file-system/fs-0c1967d27a3c15d72,aws/efs/automatic-backup-vault,COMPLETED,EFS,,,arn:aws:kms:sa-east-1:415071355886:key/8e24ce04-b274-4a85-93d5-1854918cd289,,,,
datahubprod,sa-east-1,backup,arn:aws:backup:sa-east-1:415071355886:recovery-point:6c218e04-d987-45bd-ab71-f81be8f1649d,arn:aws:elasticfilesystem:sa-east-1:415071355886:file-system/fs-062af58c307c95775,aws/efs/automatic-backup-vault,COMPLETED,EFS,2.16,,arn:aws:kms:sa-east-1:415071355886:key/8e24ce04-b274-4a85-93d5-1854918cd289,,,,
datahubprod,sa-east-1,backup,arn:aws:backup:sa-east-1:415071355886:recovery-point:b6988a57-d629-4faa-8941-b987cf52bfe3,arn:aws:elasticfilesystem:sa-east-1:415071355886:file-system/fs-062af58c307c95775,aws/efs/automatic-backup-vault,COMPLETED,EFS,1.96,,arn:aws:kms:sa-east-1:415071355886:key/8e24ce04-b274-4a85-93d5-1854918cd289,,,,
datahubprod,sa-east-1,backup,arn:aws:backup:sa-east-1:415071355886:recovery-point:5dc66287-edcd-409c-abfb-cc6b237b8bd1,arn:aws:elasticfilesystem:sa-east-1:415071355886:file-system/fs-0c1967d27a3c15d72,aws/efs/automatic-backup-vault,COMPLETED,EFS,,,arn:aws:kms:sa-east-1:415071355886:key/8e24ce04-b274-4a85-93d5-1854918cd289,,,,
datahubprod,sa-east-1,backup,arn:aws:backup:sa-east-1:415071355886:recovery-point:e6349886-d34c-4a9f-b52c-1dde9057a414,arn:aws:elasticfilesystem:sa-east-1:415071355886:file-system/fs-0c1967d27a3c15d72,aws/efs/automatic-backup-vault,COMPLETED,EFS,,,arn:aws:kms:sa-east-1:415071355886:key/8e24ce04-b274-4a85-93d5-1854918cd289,,,,
datahubprod,sa-east-1,backup,arn:aws:backup:sa-east-1:415071355886:recovery-point:956aa047-6edc-422b-8330-26cd887df31b,arn:aws:elasticfilesystem:sa-east-1:415071355886:file-system/fs-062af58c307c95775,aws/efs/automatic-backup-vault,COMPLETED,EFS,1.71,,arn:aws:kms:sa-east-1:415071355886:key/8e24ce04-b274-4a85-93d5-1854918cd289,,,,
datahubprod,sa-east-1,backup,arn:aws:backup:sa-east-1:415071355886:recovery-point:e4f4d518-373d-4c60-a5dd-4c6bcd61daac,arn:aws:elasticfilesystem:sa-east-1:415071355886:file-system/fs-062af58c307c95775,aws/efs/automatic-backup-vault,COMPLETED,EFS,2.12,,arn:aws:kms:sa-east-1:415071355886:key/8e24ce04-b274-4a85-93d5-1854918cd289,,,,
datahubprod,sa-east-1,backup,arn:aws:backup:sa-east-1:415071355886:recovery-point:0ac192e7-168e-425d-a907-4c64d48a1a5c,arn:aws:elasticfilesystem:sa-east-1:415071355886:file-system/fs-0c1967d27a3c15d72,aws/efs/automatic-backup-vault,COMPLETED,EFS,,,arn:aws:kms:sa-east-1:415071355886:key/8e24ce04-b274-4a85-93d5-1854918cd289,,,,
datahubprod,sa-east-1,backup,arn:aws:backup:sa-east-1:415071355886:recovery-point:951524c1-967f-4c46-9fca-c1735840f330,arn:aws:elasticfilesystem:sa-east-1:415071355886:file-system/fs-062af58c307c95775,aws/efs/automatic-backup-vault,COMPLETED,EFS,1.53,,arn:aws:kms:sa-east-1:415071355886:key/8e24ce04-b274-4a85-93d5-1854918cd289,,,,
datahubprod,sa-east-1,backup,arn:aws:backup:sa-east-1:415071355886:recovery-point:75c2b304-4abf-48e9-8573-9fba87bb65b6,arn:aws:elasticfilesystem:sa-east-1:415071355886:file-system/fs-0c1967d27a3c15d72,aws/efs/automatic-backup-vault,COMPLETED,EFS,,,arn:aws:kms:sa-east-1:415071355886:key/8e24ce04-b274-4a85-93d5-1854918cd289,,,,
datahubprod,sa-east-1,backup,arn:aws:backup:sa-east-1:415071355886:recovery-point:6235f9ec-b58e-45fd-8771-bb8eb2d33296,arn:aws:elasticfilesystem:sa-east-1:415071355886:file-system/fs-0c1967d27a3c15d72,aws/efs/automatic-backup-vault,COMPLETED,EFS,,,arn:aws:kms:sa-east-1:415071355886:key/8e24ce04-b274-4a85-93d5-1854918cd289,,,,
datahubprod,sa-east-1,backup,arn:aws:backup:sa-east-1:415071355886:recovery-point:04f3ede2-c7ee-483a-9850-049c7647178b,arn:aws:elasticfilesystem:sa-east-1:415071355886:file-system/fs-062af58c307c95775,aws/efs/automatic-backup-vault,COMPLETED,EFS,0.41,,arn:aws:kms:sa-east-1:415071355886:key/8e24ce04-b274-4a85-93d5-1854918cd289,,,,
datahubprod,sa-east-1,backup,arn:aws:backup:sa-east-1:415071355886:recovery-point:0c13cf99-31c0-4dd6-b5ea-99b9a4226f4a,arn:aws:elasticfilesystem:sa-east-1:415071355886:file-system/fs-0c1967d27a3c15d72,aws/efs/automatic-backup-vault,COMPLETED,EFS,,,arn:aws:kms:sa-east-1:415071355886:key/8e24ce04-b274-4a85-93d5-1854918cd289,,,,
datahubprod,sa-east-1,backup,arn:aws:backup:sa-east-1:415071355886:recovery-point:0a013fb5-3d55-454c-82f5-0a963c893ec3,arn:aws:elasticfilesystem:sa-east-1:415071355886:file-system/fs-062af58c307c95775,aws/efs/automatic-backup-vault,COMPLETED,EFS,,,arn:aws:kms:sa-east-1:415071355886:key/8e24ce04-b274-4a85-93d5-1854918cd289,,,,
datahubprod,sa-east-1,backup,arn:aws:backup:sa-east-1:415071355886:recovery-point:91d53b51-4eca-498a-aaca-764d641beb55,arn:aws:elasticfilesystem:sa-east-1:415071355886:file-system/fs-0c1967d27a3c15d72,aws/efs/automatic-backup-vault,COMPLETED,EFS,,,arn:aws:kms:sa-east-1:415071355886:key/8e24ce04-b274-4a85-93d5-1854918cd289,,,,
datahubprod,sa-east-1,backup,arn:aws:backup:sa-east-1:415071355886:recovery-point:b8fba564-eabb-47bb-9c84-a4856e776e35,arn:aws:elasticfilesystem:sa-east-1:415071355886:file-system/fs-062af58c307c95775,aws/efs/automatic-backup-vault,COMPLETED,EFS,,,arn:aws:kms:sa-east-1:415071355886:key/8e24ce04-b274-4a85-93d5-1854918cd289,,,,
datahubprod,sa-east-1,backup,arn:aws:backup:sa-east-1:415071355886:recovery-point:639123fe-6bf4-40ee-9629-47d50a612122,arn:aws:elasticfilesystem:sa-east-1:415071355886:file-system/fs-062af58c307c95775,aws/efs/automatic-backup-vault,COMPLETED,EFS,,,arn:aws:kms:sa-east-1:415071355886:key/8e24ce04-b274-4a85-93d5-1854918cd289,,,,
datahubprod,sa-east-1,backup,arn:aws:backup:sa-east-1:415071355886:recovery-point:73d1b1fb-6de6-42cc-8bd6-e7ae4a2c1b66,arn:aws:elasticfilesystem:sa-east-1:415071355886:file-system/fs-0c1967d27a3c15d72,aws/efs/automatic-backup-vault,COMPLETED,EFS,,,arn:aws:kms:sa-east-1:415071355886:key/8e24ce04-b274-4a85-93d5-1854918cd289,,,,
datahubprod,sa-east-1,backup,arn:aws:backup:sa-east-1:415071355886:recovery-point:a10c9878-89d3-4c4d-aaa1-aef40cdd7fe2,arn:aws:elasticfilesystem:sa-east-1:415071355886:file-system/fs-062af58c307c95775,aws/efs/automatic-backup-vault,COMPLETED,EFS,,,arn:aws:kms:sa-east-1:415071355886:key/8e24ce04-b274-4a85-93d5-1854918cd289,,,,
datahubprod,sa-east-1,backup,arn:aws:backup:sa-east-1:415071355886:recovery-point:db8961e7-fd32-43ff-ad74-864e36a1ce5d,arn:aws:elasticfilesystem:sa-east-1:415071355886:file-system/fs-0c1967d27a3c15d72,aws/efs/automatic-backup-vault,COMPLETED,EFS,,,arn:aws:kms:sa-east-1:415071355886:key/8e24ce04-b274-4a85-93d5-1854918cd289,,,,
datahubprod,sa-east-1,backup,arn:aws:backup:sa-east-1:415071355886:recovery-point:127a1f9b-bc2e-4056-ab2e-40827d823238,arn:aws:elasticfilesystem:sa-east-1:415071355886:file-system/fs-062af58c307c95775,aws/efs/automatic-backup-vault,COMPLETED,EFS,,,arn:aws:kms:sa-east-1:415071355886:key/8e24ce04-b274-4a85-93d5-1854918cd289,,,,
datahubprod,sa-east-1,backup,arn:aws:backup:sa-east-1:415071355886:recovery-point:b31222e9-8550-4e77-adb9-abfbd12711ee,arn:aws:elasticfilesystem:sa-east-1:415071355886:file-system/fs-0c1967d27a3c15d72,aws/efs/automatic-backup-vault,COMPLETED,EFS,,,arn:aws:kms:sa-east-1:415071355886:key/8e24ce04-b274-4a85-93d5-1854918cd289,,,,
datahubprod,sa-east-1,backup,arn:aws:backup:sa-east-1:415071355886:recovery-point:03e49d4b-306c-434c-a93e-3ddf0c92227a,arn:aws:elasticfilesystem:sa-east-1:415071355886:file-system/fs-062af58c307c95775,aws/efs/automatic-backup-vault,COMPLETED,EFS,,,arn:aws:kms:sa-east-1:415071355886:key/8e24ce04-b274-4a85-93d5-1854918cd289,,,,
datahubprod,sa-east-1,backup,arn:aws:backup:sa-east-1:415071355886:recovery-point:3c036151-6193-42ea-8e3d-cf5e09b191f8,arn:aws:elasticfilesystem:sa-east-1:415071355886:file-system/fs-0c1967d27a3c15d72,aws/efs/automatic-backup-vault,COMPLETED,EFS,,,arn:aws:kms:sa-east-1:415071355886:key/8e24ce04-b274-4a85-93d5-1854918cd289,,,,
datahubprod,sa-east-1,backup,arn:aws:backup:sa-east-1:415071355886:recovery-point:666924b7-d454-473a-901d-4e57c3ebf681,arn:aws:dynamodb:sa-east-1:415071355886:table/termos,bkp-consent-table-dynamo,COMPLETED,DynamoDB,0.0,,arn:aws:kms:sa-east-1:415071355886:key/8e24ce04-b274-4a85-93d5-1854918cd289,,,,
datahubprod,sa-east-1,backup,arn:aws:backup:sa-east-1:415071355886:recovery-point:d93aa083-2a24-4874-989e-634dcead044f,arn:aws:dynamodb:sa-east-1:415071355886:table/consentimento_pj,bkp-consent-table-dynamo,COMPLETED,DynamoDB,0.0,,arn:aws:kms:sa-east-1:415071355886:key/8e24ce04-b274-4a85-93d5-1854918cd289,,,,
datahubprod,sa-east-1,backup,arn:aws:backup:sa-east-1:415071355886:recovery-point:723df3e5-8c90-4d57-a553-fed90693aa4f,arn:aws:dynamodb:sa-east-1:415071355886:table/consentimento_pf,bkp-consent-table-dynamo,COMPLETED,DynamoDB,1.83,,arn:aws:kms:sa-east-1:415071355886:key/8e24ce04-b274-4a85-93d5-1854918cd289,,,,
datahubprod,sa-east-1,backup,arn:aws:backup:sa-east-1:415071355886:recovery-point:92fd5173-bb7a-43ac-aa3a-92c9eae00b6c,arn:aws:dynamodb:sa-east-1:415071355886:table/termos,bkp-consent-table-dynamo,COMPLETED,DynamoDB,0.0,,arn:aws:kms:sa-east-1:415071355886:key/8e24ce04-b274-4a85-93d5-1854918cd289,,,,
datahubprod,sa-east-1,backup,arn:aws:backup:sa-east-1:415071355886:recovery-point:48640574-3546-4edf-a999-c2ab3a8e7e7a,arn:aws:dynamodb:sa-east-1:415071355886:table/consentimento_pf,bkp-consent-table-dynamo,COMPLETED,DynamoDB,1.83,,arn:aws:kms:sa-east-1:415071355886:key/8e24ce04-b274-4a85-93d5-1854918cd289,,,,
datahubprod,sa-east-1,backup,arn:aws:backup:sa-east-1:415071355886:recovery-point:612dda3e-c649-454a-b920-094a8c771efd,arn:aws:dynamodb:sa-east-1:415071355886:table/consentimento_pj,bkp-consent-table-dynamo,COMPLETED,DynamoDB,0.0,,arn:aws:kms:sa-east-1:415071355886:key/8e24ce04-b274-4a85-93d5-1854918cd289,,,,
datahubprod,sa-east-1,backup,arn:aws:backup:sa-east-1:415071355886:recovery-point:1670ebcf-702a-4b39-9fc1-6f27312c7173,arn:aws:dynamodb:sa-east-1:415071355886:table/termos,bkp-consent-table-dynamo,COMPLETED,DynamoDB,0.0,,arn:aws:kms:sa-east-1:415071355886:key/8e24ce04-b274-4a85-93d5-1854918cd289,,,,
datahubprod,sa-east-1,backup,arn:aws:backup:sa-east-1:415071355886:recovery-point:7c31b020-b38e-43cc-b7eb-2afe2b827091,arn:aws:dynamodb:sa-east-1:415071355886:table/consentimento_pj,bkp-consent-table-dynamo,COMPLETED,DynamoDB,0.0,,arn:aws:kms:sa-east-1:415071355886:key/8e24ce04-b274-4a85-93d5-1854918cd289,,,,
datahubprod,sa-east-1,backup,arn:aws:backup:sa-east-1:415071355886:recovery-point:76e60616-c077-4537-91e9-d2928b9a65b3,arn:aws:dynamodb:sa-east-1:415071355886:table/consentimento_pf,bkp-consent-table-dynamo,COMPLETED,DynamoDB,1.83,,arn:aws:kms:sa-east-1:415071355886:key/8e24ce04-b274-4a85-93d5-1854918cd289,,,,
datahubprod,sa-east-1,backup,arn:aws:backup:sa-east-1:415071355886:recovery-point:c4bef2e1-74da-4374-9c91-299c86b36aa0,arn:aws:dynamodb:sa-east-1:415071355886:table/consentimento_pf,bkp-consent-table-dynamo,COMPLETED,DynamoDB,1.83,,arn:aws:kms:sa-east-1:415071355886:key/8e24ce04-b274-4a85-93d5-1854918cd289,,,,
datahubprod,sa-east-1,backup,arn:aws:backup:sa-east-1:415071355886:recovery-point:5933b0a0-e020-4078-b5e8-6e00d6b7bd76,arn:aws:dynamodb:sa-east-1:415071355886:table/termos,bkp-consent-table-dynamo,COMPLETED,DynamoDB,0.0,,arn:aws:kms:sa-east-1:415071355886:key/8e24ce04-b274-4a85-93d5-1854918cd289,,,,
datahubprod,sa-east-1,backup,arn:aws:backup:sa-east-1:415071355886:recovery-point:0dbcbadd-719e-4e88-86d4-64ff233e8750,arn:aws:dynamodb:sa-east-1:415071355886:table/consentimento_pj,bkp-consent-table-dynamo,COMPLETED,DynamoDB,0.0,,arn:aws:kms:sa-east-1:415071355886:key/8e24ce04-b274-4a85-93d5-1854918cd289,,,,
datahubprod,sa-east-1,backup,arn:aws:backup:sa-east-1:415071355886:recovery-point:c16ef61e-6ac0-47ac-8a4f-480ef10ce914,arn:aws:dynamodb:sa-east-1:415071355886:table/consentimento_pj,bkp-consent-table-dynamo,COMPLETED,DynamoDB,0.0,,arn:aws:kms:sa-east-1:415071355886:key/8e24ce04-b274-4a85-93d5-1854918cd289,,,,
datahubprod,sa-east-1,backup,arn:aws:backup:sa-east-1:415071355886:recovery-point:a71e5957-ef81-43dc-9dcf-09f0dda86d55,arn:aws:dynamodb:sa-east-1:415071355886:table/termos,bkp-consent-table-dynamo,COMPLETED,DynamoDB,0.0,,arn:aws:kms:sa-east-1:415071355886:key/8e24ce04-b274-4a85-93d5-1854918cd289,,,,
datahubprod,sa-east-1,backup,arn:aws:backup:sa-east-1:415071355886:recovery-point:a6d91412-9b4d-4cdf-906c-1953c4597a6e,arn:aws:dynamodb:sa-east-1:415071355886:table/consentimento_pf,bkp-consent-table-dynamo,COMPLETED,DynamoDB,1.83,,arn:aws:kms:sa-east-1:415071355886:key/8e24ce04-b274-4a85-93d5-1854918cd289,,,,
datahubprod,sa-east-1,backup,arn:aws:backup:sa-east-1:415071355886:recovery-point:0ffbd9a3-0061-4a0c-a23e-477959ec071e,arn:aws:dynamodb:sa-east-1:415071355886:table/consentimento_pj,bkp-consent-table-dynamo,COMPLETED,DynamoDB,0.0,,arn:aws:kms:sa-east-1:415071355886:key/8e24ce04-b274-4a85-93d5-1854918cd289,,,,
datahubprod,sa-east-1,backup,arn:aws:backup:sa-east-1:415071355886:recovery-point:6d1541c1-4eed-41f9-94d2-709ad4950566,arn:aws:dynamodb:sa-east-1:415071355886:table/termos,bkp-consent-table-dynamo,COMPLETED,DynamoDB,0.0,,arn:aws:kms:sa-east-1:415071355886:key/8e24ce04-b274-4a85-93d5-1854918cd289,,,,
datahubprod,sa-east-1,backup,arn:aws:backup:sa-east-1:415071355886:recovery-point:43e3af99-6c08-4f6f-b13b-7c4f4402037a,arn:aws:dynamodb:sa-east-1:415071355886:table/consentimento_pf,bkp-consent-table-dynamo,COMPLETED,DynamoDB,1.83,,arn:aws:kms:sa-east-1:415071355886:key/8e24ce04-b274-4a85-93d5-1854918cd289,,,,
datahubprod,sa-east-1,backup,arn:aws:backup:sa-east-1:415071355886:recovery-point:c07bb206-8d6b-418c-934e-a3451abf0b3c,arn:aws:dynamodb:sa-east-1:415071355886:table/consentimento_pf,bkp-consent-table-dynamo,COMPLETED,DynamoDB,1.83,,arn:aws:kms:sa-east-1:415071355886:key/8e24ce04-b274-4a85-93d5-1854918cd289,,,,
datahubprod,sa-east-1,backup,arn:aws:backup:sa-east-1:415071355886:recovery-point:abb95afa-a638-4512-844a-ce97d6f558c5,arn:aws:dynamodb:sa-east-1:415071355886:table/termos,bkp-consent-table-dynamo,COMPLETED,DynamoDB,0.0,,arn:aws:kms:sa-east-1:415071355886:key/8e24ce04-b274-4a85-93d5-1854918cd289,,,,
datahubprod,sa-east-1,backup,arn:aws:backup:sa-east-1:415071355886:recovery-point:087c8211-b530-4bf6-acb9-60d9394cf317,arn:aws:dynamodb:sa-east-1:415071355886:table/consentimento_pj,bkp-consent-table-dynamo,COMPLETED,DynamoDB,0.0,,arn:aws:kms:sa-east-1:415071355886:key/8e24ce04-b274-4a85-93d5-1854918cd289,,,,
datahubprod,sa-east-1,backup,arn:aws:backup:sa-east-1:415071355886:recovery-point:c19366d9-c3a2-4b31-884c-53387d3ec49e,arn:aws:dynamodb:sa-east-1:415071355886:table/termos,bkp-consent-table-dynamo,COMPLETED,DynamoDB,0.0,,arn:aws:kms:sa-east-1:415071355886:key/8e24ce04-b274-4a85-93d5-1854918cd289,,,,
datahubprod,sa-east-1,backup,arn:aws:backup:sa-east-1:415071355886:recovery-point:73ddd522-f86f-41d1-a033-13706298bb72,arn:aws:dynamodb:sa-east-1:415071355886:table/consentimento_pj,bkp-consent-table-dynamo,COMPLETED,DynamoDB,0.0,,arn:aws:kms:sa-east-1:415071355886:key/8e24ce04-b274-4a85-93d5-1854918cd289,,,,
datahubprod,sa-east-1,backup,arn:aws:backup:sa-east-1:415071355886:recovery-point:ca13989d-7f3e-4d3b-8aac-695e40b26481,arn:aws:dynamodb:sa-east-1:415071355886:table/consentimento_pf,bkp-consent-table-dynamo,COMPLETED,DynamoDB,1.83,,arn:aws:kms:sa-east-1:415071355886:key/8e24ce04-b274-4a85-93d5-1854918cd289,,,,
datahubprod,sa-east-1,backup,arn:aws:backup:sa-east-1:415071355886:recovery-point:bc2d7303-aa2b-450e-8b15-18ede9fe5e88,arn:aws:dynamodb:sa-east-1:415071355886:table/termos,bkp-consent-table-dynamo,COMPLETED,DynamoDB,0.0,,arn:aws:kms:sa-east-1:415071355886:key/8e24ce04-b274-4a85-93d5-1854918cd289,,,,
datahubprod,sa-east-1,backup,arn:aws:backup:sa-east-1:415071355886:recovery-point:8a72d284-27e7-45b1-9f83-999de20fa7e8,arn:aws:dynamodb:sa-east-1:415071355886:table/consentimento_pf,bkp-consent-table-dynamo,COMPLETED,DynamoDB,1.83,,arn:aws:kms:sa-east-1:415071355886:key/8e24ce04-b274-4a85-93d5-1854918cd289,,,,
datahubprod,sa-east-1,backup,arn:aws:backup:sa-east-1:415071355886:recovery-point:e33bbd15-97c1-4df2-a6ff-259b60651cc6,arn:aws:dynamodb:sa-east-1:415071355886:table/consentimento_pj,bkp-consent-table-dynamo,COMPLETED,DynamoDB,0.0,,arn:aws:kms:sa-east-1:415071355886:key/8e24ce04-b274-4a85-93d5-1854918cd289,,,,
datahubprod,sa-east-1,backup,arn:aws:backup:sa-east-1:415071355886:recovery-point:0a5f3c7a-bd50-44a9-8cee-bf213bfb50e2,arn:aws:dynamodb:sa-east-1:415071355886:table/consentimento_pf,bkp-consent-table-dynamo,COMPLETED,DynamoDB,1.83,,arn:aws:kms:sa-east-1:415071355886:key/8e24ce04-b274-4a85-93d5-1854918cd289,,,,
datahubprod,sa-east-1,backup,arn:aws:backup:sa-east-1:415071355886:recovery-point:6af85298-4508-4848-a834-9a17da7dca63,arn:aws:dynamodb:sa-east-1:415071355886:table/termos,bkp-consent-table-dynamo,COMPLETED,DynamoDB,0.0,,arn:aws:kms:sa-east-1:415071355886:key/8e24ce04-b274-4a85-93d5-1854918cd289,,,,
datahubprod,sa-east-1,backup,arn:aws:backup:sa-east-1:415071355886:recovery-point:22f11539-23d2-4a5a-9634-2193d3a27bd4,arn:aws:dynamodb:sa-east-1:415071355886:table/consentimento_pj,bkp-consent-table-dynamo,COMPLETED,DynamoDB,0.0,,arn:aws:kms:sa-east-1:415071355886:key/8e24ce04-b274-4a85-93d5-1854918cd289,,,,
datahubprod,sa-east-1,backup,arn:aws:backup:sa-east-1:415071355886:recovery-point:11f4ba2a-6c75-4501-ad8e-4165d5ef7bf2,arn:aws:dynamodb:sa-east-1:415071355886:table/consentimento_pj,bkp-consent-table-dynamo,COMPLETED,DynamoDB,0.0,,arn:aws:kms:sa-east-1:415071355886:key/8e24ce04-b274-4a85-93d5-1854918cd289,,,,
datahubprod,sa-east-1,backup,arn:aws:backup:sa-east-1:415071355886:recovery-point:5498a7a2-46ba-4c38-bba2-097ce6092ea1,arn:aws:dynamodb:sa-east-1:415071355886:table/consentimento_pf,bkp-consent-table-dynamo,COMPLETED,DynamoDB,1.83,,arn:aws:kms:sa-east-1:415071355886:key/8e24ce04-b274-4a85-93d5-1854918cd289,,,,
datahubprod,sa-east-1,backup,arn:aws:backup:sa-east-1:415071355886:recovery-point:d4183722-8d9b-43c1-af13-e0a53a59e828,arn:aws:dynamodb:sa-east-1:415071355886:table/termos,bkp-consent-table-dynamo,COMPLETED,DynamoDB,0.0,,arn:aws:kms:sa-east-1:415071355886:key/8e24ce04-b274-4a85-93d5-1854918cd289,,,,
datahubprod,sa-east-1,backup,arn:aws:backup:sa-east-1:415071355886:recovery-point:392128a1-f485-4abf-b5fe-93a7f94c05d0,arn:aws:dynamodb:sa-east-1:415071355886:table/termos,bkp-consent-table-dynamo,COMPLETED,DynamoDB,0.0,,arn:aws:kms:sa-east-1:415071355886:key/8e24ce04-b274-4a85-93d5-1854918cd289,,,,
datahubprod,sa-east-1,backup,arn:aws:backup:sa-east-1:415071355886:recovery-point:def518df-d9ea-4938-9546-dd3d78f8b908,arn:aws:dynamodb:sa-east-1:415071355886:table/consentimento_pf,bkp-consent-table-dynamo,COMPLETED,DynamoDB,1.83,,arn:aws:kms:sa-east-1:415071355886:key/8e24ce04-b274-4a85-93d5-1854918cd289,,,,
datahubprod,sa-east-1,backup,arn:aws:backup:sa-east-1:415071355886:recovery-point:4645edda-c09a-4439-9051-67200db80ae6,arn:aws:dynamodb:sa-east-1:415071355886:table/consentimento_pj,bkp-consent-table-dynamo,COMPLETED,DynamoDB,0.0,,arn:aws:kms:sa-east-1:415071355886:key/8e24ce04-b274-4a85-93d5-1854918cd289,,,,
datahubprod,sa-east-1,backup,arn:aws:backup:sa-east-1:415071355886:recovery-point:0462acab-8194-41cb-bdc9-1965d4af3ee3,arn:aws:dynamodb:sa-east-1:415071355886:table/consentimento_pj,bkp-consent-table-dynamo,COMPLETED,DynamoDB,0.0,,arn:aws:kms:sa-east-1:415071355886:key/8e24ce04-b274-4a85-93d5-1854918cd289,,,,
datahubprod,sa-east-1,backup,arn:aws:backup:sa-east-1:415071355886:recovery-point:faf35c8c-2b70-4842-b768-9411257f6c68,arn:aws:dynamodb:sa-east-1:415071355886:table/termos,bkp-consent-table-dynamo,COMPLETED,DynamoDB,0.0,,arn:aws:kms:sa-east-1:415071355886:key/8e24ce04-b274-4a85-93d5-1854918cd289,,,,
datahubprod,sa-east-1,backup,arn:aws:backup:sa-east-1:415071355886:recovery-point:9ed5e7a2-39d4-4bd7-bef7-56f4113cd126,arn:aws:dynamodb:sa-east-1:415071355886:table/consentimento_pf,bkp-consent-table-dynamo,COMPLETED,DynamoDB,1.83,,arn:aws:kms:sa-east-1:415071355886:key/8e24ce04-b274-4a85-93d5-1854918cd289,,,,
datahubprod,sa-east-1,backup,arn:aws:backup:sa-east-1:415071355886:recovery-point:4f1c68f1-6d6a-4a12-99a4-8a53a904edbd,arn:aws:dynamodb:sa-east-1:415071355886:table/termos,bkp-consent-table-dynamo,COMPLETED,DynamoDB,0.0,,arn:aws:kms:sa-east-1:415071355886:key/8e24ce04-b274-4a85-93d5-1854918cd289,,,,
datahubprod,sa-east-1,backup,arn:aws:backup:sa-east-1:415071355886:recovery-point:3ac44b90-aaa8-4adc-b4d0-d519b13f003a,arn:aws:dynamodb:sa-east-1:415071355886:table/consentimento_pj,bkp-consent-table-dynamo,COMPLETED,DynamoDB,0.0,,arn:aws:kms:sa-east-1:415071355886:key/8e24ce04-b274-4a85-93d5-1854918cd289,,,,
datahubprod,sa-east-1,backup,arn:aws:backup:sa-east-1:415071355886:recovery-point:d37b521f-d9a5-4310-8eae-f5c606e73182,arn:aws:dynamodb:sa-east-1:415071355886:table/consentimento_pf,bkp-consent-table-dynamo,COMPLETED,DynamoDB,1.83,,arn:aws:kms:sa-east-1:415071355886:key/8e24ce04-b274-4a85-93d5-1854918cd289,,,,
datahubprod,sa-east-1,backup,arn:aws:backup:sa-east-1:415071355886:recovery-point:ec7687c1-568e-44b2-9bc0-30e00c068b02,arn:aws:dynamodb:sa-east-1:415071355886:table/consentimento_pj,bkp-consent-table-dynamo,COMPLETED,DynamoDB,0.0,,arn:aws:kms:sa-east-1:415071355886:key/8e24ce04-b274-4a85-93d5-1854918cd289,,,,
datahubprod,sa-east-1,backup,arn:aws:backup:sa-east-1:415071355886:recovery-point:7faddef8-2521-43ab-9bbe-7a918298a7f4,arn:aws:dynamodb:sa-east-1:415071355886:table/termos,bkp-consent-table-dynamo,COMPLETED,DynamoDB,0.0,,arn:aws:kms:sa-east-1:415071355886:key/8e24ce04-b274-4a85-93d5-1854918cd289,,,,
datahubprod,sa-east-1,backup,arn:aws:backup:sa-east-1:415071355886:recovery-point:89df8f6f-993c-427d-a4a1-7b483543c56b,arn:aws:dynamodb:sa-east-1:415071355886:table/consentimento_pf,bkp-consent-table-dynamo,COMPLETED,DynamoDB,1.83,,arn:aws:kms:sa-east-1:415071355886:key/8e24ce04-b274-4a85-93d5-1854918cd289,,,,
datahubprod,sa-east-1,backup,arn:aws:backup:sa-east-1:415071355886:recovery-point:1fd8e346-bb8d-4c4f-bfa3-d407f082ebcc,arn:aws:dynamodb:sa-east-1:415071355886:table/consentimento_pj,bkp-consent-table-dynamo,COMPLETED,DynamoDB,0.0,,arn:aws:kms:sa-east-1:415071355886:key/8e24ce04-b274-4a85-93d5-1854918cd289,,,,
datahubprod,sa-east-1,backup,arn:aws:backup:sa-east-1:415071355886:recovery-point:7c01ad92-ed67-42d4-99d5-3a5d8b2f91e1,arn:aws:dynamodb:sa-east-1:415071355886:table/termos,bkp-consent-table-dynamo,COMPLETED,DynamoDB,0.0,,arn:aws:kms:sa-east-1:415071355886:key/8e24ce04-b274-4a85-93d5-1854918cd289,,,,
datahubprod,sa-east-1,backup,arn:aws:backup:sa-east-1:415071355886:recovery-point:ec899192-1472-4953-b60a-10598a8664a9,arn:aws:dynamodb:sa-east-1:415071355886:table/consentimento_pf,bkp-consent-table-dynamo,COMPLETED,DynamoDB,1.83,,arn:aws:kms:sa-east-1:415071355886:key/8e24ce04-b274-4a85-93d5-1854918cd289,,,,
datahubprod,sa-east-1,backup,arn:aws:backup:sa-east-1:415071355886:recovery-point:2461eb4b-3f87-4d98-9d46-27cf22793602,arn:aws:dynamodb:sa-east-1:415071355886:table/consentimento_pj,bkp-consent-table-dynamo,COMPLETED,DynamoDB,0.0,,arn:aws:kms:sa-east-1:415071355886:key/8e24ce04-b274-4a85-93d5-1854918cd289,,,,
datahubprod,sa-east-1,backup,arn:aws:backup:sa-east-1:415071355886:recovery-point:37099085-9b96-4c10-8c15-ce674b947a98,arn:aws:dynamodb:sa-east-1:415071355886:table/consentimento_pf,bkp-consent-table-dynamo,COMPLETED,DynamoDB,1.83,,arn:aws:kms:sa-east-1:415071355886:key/8e24ce04-b274-4a85-93d5-1854918cd289,,,,
datahubprod,sa-east-1,backup,arn:aws:backup:sa-east-1:415071355886:recovery-point:3a4dbff8-db85-4f92-8932-c7d1ab266ef0,arn:aws:dynamodb:sa-east-1:415071355886:table/termos,bkp-consent-table-dynamo,COMPLETED,DynamoDB,0.0,,arn:aws:kms:sa-east-1:415071355886:key/8e24ce04-b274-4a85-93d5-1854918cd289,,,,
datahubprod,sa-east-1,backup,arn:aws:backup:sa-east-1:415071355886:recovery-point:e0b21a59-5474-40d3-90c2-072f05901545,arn:aws:dynamodb:sa-east-1:415071355886:table/termos,bkp-consent-table-dynamo,COMPLETED,DynamoDB,0.0,,arn:aws:kms:sa-east-1:415071355886:key/8e24ce04-b274-4a85-93d5-1854918cd289,,,,
datahubprod,sa-east-1,backup,arn:aws:backup:sa-east-1:415071355886:recovery-point:2b2ece49-41ed-4a6b-950b-6c318629797b,arn:aws:dynamodb:sa-east-1:415071355886:table/consentimento_pf,bkp-consent-table-dynamo,COMPLETED,DynamoDB,1.83,,arn:aws:kms:sa-east-1:415071355886:key/8e24ce04-b274-4a85-93d5-1854918cd289,,,,
datahubprod,sa-east-1,backup,arn:aws:backup:sa-east-1:415071355886:recovery-point:959e9e96-2094-417f-a13c-e4c712ba0062,arn:aws:dynamodb:sa-east-1:415071355886:table/consentimento_pj,bkp-consent-table-dynamo,COMPLETED,DynamoDB,0.0,,arn:aws:kms:sa-east-1:415071355886:key/8e24ce04-b274-4a85-93d5-1854918cd289,,,,
datahubprod,sa-east-1,backup,arn:aws:backup:sa-east-1:415071355886:recovery-point:66c96aec-7eca-4900-9175-4a9d3de5740b,arn:aws:dynamodb:sa-east-1:415071355886:table/consentimento_pj,bkp-consent-table-dynamo,COMPLETED,DynamoDB,0.0,,arn:aws:kms:sa-east-1:415071355886:key/8e24ce04-b274-4a85-93d5-1854918cd289,,,,
datahubprod,sa-east-1,backup,arn:aws:backup:sa-east-1:415071355886:recovery-point:258cf104-2d46-4072-aa7f-920d12974032,arn:aws:dynamodb:sa-east-1:415071355886:table/termos,bkp-consent-table-dynamo,COMPLETED,DynamoDB,0.0,,arn:aws:kms:sa-east-1:415071355886:key/8e24ce04-b274-4a85-93d5-1854918cd289,,,,
datahubprod,sa-east-1,backup,arn:aws:backup:sa-east-1:415071355886:recovery-point:e43313c6-ba0f-4676-86ad-b955a1d2bd6c,arn:aws:dynamodb:sa-east-1:415071355886:table/consentimento_pf,bkp-consent-table-dynamo,COMPLETED,DynamoDB,1.83,,arn:aws:kms:sa-east-1:415071355886:key/8e24ce04-b274-4a85-93d5-1854918cd289,,,,
datahubprod,sa-east-1,backup,arn:aws:backup:sa-east-1:415071355886:recovery-point:7d68226d-ffdd-42d4-9a21-c7f2be8e6b1f,arn:aws:dynamodb:sa-east-1:415071355886:table/consentimento_pf,bkp-consent-table-dynamo,COMPLETED,DynamoDB,1.83,,arn:aws:kms:sa-east-1:415071355886:key/8e24ce04-b274-4a85-93d5-1854918cd289,,,,
datahubprod,sa-east-1,backup,arn:aws:backup:sa-east-1:415071355886:recovery-point:accb385c-b600-401c-825b-bda9bc57e11a,arn:aws:dynamodb:sa-east-1:415071355886:table/consentimento_pj,bkp-consent-table-dynamo,COMPLETED,DynamoDB,0.0,,arn:aws:kms:sa-east-1:415071355886:key/8e24ce04-b274-4a85-93d5-1854918cd289,,,,
datahubprod,sa-east-1,backup,arn:aws:backup:sa-east-1:415071355886:recovery-point:857ff0c6-a356-4144-beef-0243d406406e,arn:aws:dynamodb:sa-east-1:415071355886:table/termos,bkp-consent-table-dynamo,COMPLETED,DynamoDB,0.0,,arn:aws:kms:sa-east-1:415071355886:key/8e24ce04-b274-4a85-93d5-1854918cd289,,,,
datahubprod,sa-east-1,backup,arn:aws:backup:sa-east-1:415071355886:recovery-point:134733f3-eed1-4ff2-940b-9b62b966c264,arn:aws:dynamodb:sa-east-1:415071355886:table/termos,bkp-consent-table-dynamo,COMPLETED,DynamoDB,0.0,,arn:aws:kms:sa-east-1:415071355886:key/8e24ce04-b274-4a85-93d5-1854918cd289,,,,
datahubprod,sa-east-1,backup,arn:aws:backup:sa-east-1:415071355886:recovery-point:ccd778ba-9dc1-4d7d-a8c1-13632e1523a9,arn:aws:dynamodb:sa-east-1:415071355886:table/consentimento_pf,bkp-consent-table-dynamo,COMPLETED,DynamoDB,1.83,,arn:aws:kms:sa-east-1:415071355886:key/8e24ce04-b274-4a85-93d5-1854918cd289,,,,
datahubprod,sa-east-1,backup,arn:aws:backup:sa-east-1:415071355886:recovery-point:e2aca8b5-2db3-4a05-98d7-91bae9584e71,arn:aws:dynamodb:sa-east-1:415071355886:table/consentimento_pj,bkp-consent-table-dynamo,COMPLETED,DynamoDB,0.0,,arn:aws:kms:sa-east-1:415071355886:key/8e24ce04-b274-4a85-93d5-1854918cd289,,,,
datahubprod,sa-east-1,backup,arn:aws:backup:sa-east-1:415071355886:recovery-point:35a0f729-aa1b-44e7-804e-ca8d5245a817,arn:aws:dynamodb:sa-east-1:415071355886:table/consentimento_pj,bkp-consent-table-dynamo,COMPLETED,DynamoDB,0.0,,arn:aws:kms:sa-east-1:415071355886:key/8e24ce04-b274-4a85-93d5-1854918cd289,,,,
datahubprod,sa-east-1,backup,arn:aws:backup:sa-east-1:415071355886:recovery-point:db101a2d-1362-4c16-8e8d-41beb4c780e2,arn:aws:dynamodb:sa-east-1:415071355886:table/termos,bkp-consent-table-dynamo,COMPLETED,DynamoDB,0.0,,arn:aws:kms:sa-east-1:415071355886:key/8e24ce04-b274-4a85-93d5-1854918cd289,,,,
datahubprod,sa-east-1,backup,arn:aws:backup:sa-east-1:415071355886:recovery-point:0b4e6afb-36dd-49a0-850c-5b70c0eb8cc3,arn:aws:dynamodb:sa-east-1:415071355886:table/consentimento_pf,bkp-consent-table-dynamo,COMPLETED,DynamoDB,1.83,,arn:aws:kms:sa-east-1:415071355886:key/8e24ce04-b274-4a85-93d5-1854918cd289,,,,
datahubprod,sa-east-1,backup,arn:aws:backup:sa-east-1:415071355886:recovery-point:2e1136c1-2bdf-4425-b358-f476a81073bd,arn:aws:dynamodb:sa-east-1:415071355886:table/consentimento_pj,bkp-consent-table-dynamo,COMPLETED,DynamoDB,0.0,,arn:aws:kms:sa-east-1:415071355886:key/8e24ce04-b274-4a85-93d5-1854918cd289,,,,
datahubprod,sa-east-1,backup,arn:aws:backup:sa-east-1:415071355886:recovery-point:ed562987-9306-40d3-9d32-4613c85a3743,arn:aws:dynamodb:sa-east-1:415071355886:table/termos,bkp-consent-table-dynamo,COMPLETED,DynamoDB,0.0,,arn:aws:kms:sa-east-1:415071355886:key/8e24ce04-b274-4a85-93d5-1854918cd289,,,,
datahubprod,sa-east-1,backup,arn:aws:backup:sa-east-1:415071355886:recovery-point:f09487c9-b9b9-4522-9492-fdd7d7bfe9b6,arn:aws:dynamodb:sa-east-1:415071355886:table/consentimento_pf,bkp-consent-table-dynamo,COMPLETED,DynamoDB,1.83,,arn:aws:kms:sa-east-1:415071355886:key/8e24ce04-b274-4a85-93d5-1854918cd289,,,,
datahubprod,sa-east-1,backup,arn:aws:backup:sa-east-1:415071355886:recovery-point:5570a25a-17e6-4512-a49b-61e3d747bcae,arn:aws:dynamodb:sa-east-1:415071355886:table/termos,bkp-consent-table-dynamo,COMPLETED,DynamoDB,0.0,,arn:aws:kms:sa-east-1:415071355886:key/8e24ce04-b274-4a85-93d5-1854918cd289,,,,
datahubprod,sa-east-1,backup,arn:aws:backup:sa-east-1:415071355886:recovery-point:8ea74e07-6173-4218-9515-35b5a4bfecda,arn:aws:dynamodb:sa-east-1:415071355886:table/consentimento_pf,bkp-consent-table-dynamo,COMPLETED,DynamoDB,1.83,,arn:aws:kms:sa-east-1:415071355886:key/8e24ce04-b274-4a85-93d5-1854918cd289,,,,
datahubprod,sa-east-1,backup,arn:aws:backup:sa-east-1:415071355886:recovery-point:2239c23c-d546-42e6-b02d-82c808c3ed75,arn:aws:dynamodb:sa-east-1:415071355886:table/consentimento_pj,bkp-consent-table-dynamo,COMPLETED,DynamoDB,0.0,,arn:aws:kms:sa-east-1:415071355886:key/8e24ce04-b274-4a85-93d5-1854918cd289,,,,
datahubprod,sa-east-1,backup,arn:aws:backup:sa-east-1:415071355886:recovery-point:76d5038f-4abf-4f15-8941-5e20083f849c,arn:aws:dynamodb:sa-east-1:415071355886:table/consentimento_pj,bkp-consent-table-dynamo,COMPLETED,DynamoDB,0.0,,arn:aws:kms:sa-east-1:415071355886:key/8e24ce04-b274-4a85-93d5-1854918cd289,,,,
datahubprod,sa-east-1,backup,arn:aws:backup:sa-east-1:415071355886:recovery-point:82bf40ea-b056-4370-b491-9b63b7ffa674,arn:aws:dynamodb:sa-east-1:415071355886:table/termos,bkp-consent-table-dynamo,COMPLETED,DynamoDB,0.0,,arn:aws:kms:sa-east-1:415071355886:key/8e24ce04-b274-4a85-93d5-1854918cd289,,,,
datahubprod,sa-east-1,backup,arn:aws:backup:sa-east-1:415071355886:recovery-point:dbf73e4e-11ed-458f-9ee0-037d2313f837,arn:aws:dynamodb:sa-east-1:415071355886:table/consentimento_pf,bkp-consent-table-dynamo,COMPLETED,DynamoDB,1.83,,arn:aws:kms:sa-east-1:415071355886:key/8e24ce04-b274-4a85-93d5-1854918cd289,,,,
datahubprod,sa-east-1,backup,arn:aws:backup:sa-east-1:415071355886:recovery-point:f51cf4d4-69f5-46f9-8cd7-a6eda4b047bc,arn:aws:dynamodb:sa-east-1:415071355886:table/consentimento_pf,bkp-consent-table-dynamo,COMPLETED,DynamoDB,1.83,,arn:aws:kms:sa-east-1:415071355886:key/8e24ce04-b274-4a85-93d5-1854918cd289,,,,
datahubprod,sa-east-1,backup,arn:aws:backup:sa-east-1:415071355886:recovery-point:38af017c-f293-493d-94dc-3f2db5037482,arn:aws:dynamodb:sa-east-1:415071355886:table/consentimento_pj,bkp-consent-table-dynamo,COMPLETED,DynamoDB,0.0,,arn:aws:kms:sa-east-1:415071355886:key/8e24ce04-b274-4a85-93d5-1854918cd289,,,,
datahubprod,sa-east-1,backup,arn:aws:backup:sa-east-1:415071355886:recovery-point:23df126e-2a99-40aa-ac11-c33448fe8df4,arn:aws:dynamodb:sa-east-1:415071355886:table/termos,bkp-consent-table-dynamo,COMPLETED,DynamoDB,0.0,,arn:aws:kms:sa-east-1:415071355886:key/8e24ce04-b274-4a85-93d5-1854918cd289,,,,
datahubprod,sa-east-1,backup,arn:aws:backup:sa-east-1:415071355886:recovery-point:2142f83d-e4b8-4793-b59f-700078584fd4,arn:aws:dynamodb:sa-east-1:415071355886:table/consentimento_pf,bkp-consent-table-dynamo,COMPLETED,DynamoDB,1.83,,arn:aws:kms:sa-east-1:415071355886:key/8e24ce04-b274-4a85-93d5-1854918cd289,,,,
datahubprod,sa-east-1,backup,arn:aws:backup:sa-east-1:415071355886:recovery-point:8b95bf6c-e449-4dee-a95f-a9039e6b45e9,arn:aws:dynamodb:sa-east-1:415071355886:table/consentimento_pj,bkp-consent-table-dynamo,COMPLETED,DynamoDB,0.0,,arn:aws:kms:sa-east-1:415071355886:key/8e24ce04-b274-4a85-93d5-1854918cd289,,,,
datahubprod,sa-east-1,backup,arn:aws:backup:sa-east-1:415071355886:recovery-point:6a765e78-725e-4ef6-b355-663da7bf317d,arn:aws:dynamodb:sa-east-1:415071355886:table/termos,bkp-consent-table-dynamo,COMPLETED,DynamoDB,0.0,,arn:aws:kms:sa-east-1:415071355886:key/8e24ce04-b274-4a85-93d5-1854918cd289,,,,
datahubprod,sa-east-1,backup,arn:aws:backup:sa-east-1:415071355886:recovery-point:6b4aeaec-5cad-4c3c-b2d1-3c40d1871ba2,arn:aws:dynamodb:sa-east-1:415071355886:table/consentimento_pj,bkp-consent-table-dynamo,COMPLETED,DynamoDB,0.0,,arn:aws:kms:sa-east-1:415071355886:key/8e24ce04-b274-4a85-93d5-1854918cd289,,,,
datahubprod,sa-east-1,backup,arn:aws:backup:sa-east-1:415071355886:recovery-point:c39f4b03-2a33-48b4-a1bf-065ea3362307,arn:aws:dynamodb:sa-east-1:415071355886:table/consentimento_pf,bkp-consent-table-dynamo,COMPLETED,DynamoDB,1.83,,arn:aws:kms:sa-east-1:415071355886:key/8e24ce04-b274-4a85-93d5-1854918cd289,,,,
datahubprod,sa-east-1,backup,arn:aws:backup:sa-east-1:415071355886:recovery-point:bb5e7039-e731-4f9b-9b98-712224614614,arn:aws:dynamodb:sa-east-1:415071355886:table/termos,bkp-consent-table-dynamo,COMPLETED,DynamoDB,0.0,,arn:aws:kms:sa-east-1:415071355886:key/8e24ce04-b274-4a85-93d5-1854918cd289,,,,
datahubprod,sa-east-1,backup,arn:aws:backup:sa-east-1:415071355886:recovery-point:0489908e-ebe5-410a-8b39-0d355987bb51,arn:aws:dynamodb:sa-east-1:415071355886:table/consentimento_pj,bkp-consent-table-dynamo,COMPLETED,DynamoDB,0.0,,arn:aws:kms:sa-east-1:415071355886:key/8e24ce04-b274-4a85-93d5-1854918cd289,,,,
datahubprod,sa-east-1,backup,arn:aws:backup:sa-east-1:415071355886:recovery-point:e6c94c15-87a3-4e34-8c06-309d1cba1257,arn:aws:dynamodb:sa-east-1:415071355886:table/consentimento_pf,bkp-consent-table-dynamo,COMPLETED,DynamoDB,1.83,,arn:aws:kms:sa-east-1:415071355886:key/8e24ce04-b274-4a85-93d5-1854918cd289,,,,
datahubprod,sa-east-1,backup,arn:aws:backup:sa-east-1:415071355886:recovery-point:b8489b79-f63a-4f68-ac8a-f6496bfb1203,arn:aws:dynamodb:sa-east-1:415071355886:table/termos,bkp-consent-table-dynamo,COMPLETED,DynamoDB,0.0,,arn:aws:kms:sa-east-1:415071355886:key/8e24ce04-b274-4a85-93d5-1854918cd289,,,,
datahubprod,sa-east-1,backup,arn:aws:backup:sa-east-1:415071355886:recovery-point:f8747883-45c8-4272-a97f-721ce5c87552,arn:aws:dynamodb:sa-east-1:415071355886:table/consentimento_pf,bkp-consent-table-dynamo,COMPLETED,DynamoDB,1.83,,arn:aws:kms:sa-east-1:415071355886:key/8e24ce04-b274-4a85-93d5-1854918cd289,,,,
datahubprod,sa-east-1,backup,arn:aws:backup:sa-east-1:415071355886:recovery-point:7bc931fb-d984-4aa7-a64e-b73d58a0226a,arn:aws:dynamodb:sa-east-1:415071355886:table/consentimento_pj,bkp-consent-table-dynamo,COMPLETED,DynamoDB,0.0,,arn:aws:kms:sa-east-1:415071355886:key/8e24ce04-b274-4a85-93d5-1854918cd289,,,,
datahubprod,sa-east-1,backup,arn:aws:backup:sa-east-1:415071355886:recovery-point:f95208bb-ec8e-496b-87bd-056c8888d3a2,arn:aws:dynamodb:sa-east-1:415071355886:table/termos,bkp-consent-table-dynamo,COMPLETED,DynamoDB,0.0,,arn:aws:kms:sa-east-1:415071355886:key/8e24ce04-b274-4a85-93d5-1854918cd289,,,,
datahubprod,sa-east-1,backup,arn:aws:backup:sa-east-1:415071355886:recovery-point:95c80627-5fb0-40a5-8866-575614b1851e,arn:aws:dynamodb:sa-east-1:415071355886:table/consentimento_pf,bkp-consent-table-dynamo,COMPLETED,DynamoDB,1.83,,arn:aws:kms:sa-east-1:415071355886:key/8e24ce04-b274-4a85-93d5-1854918cd289,,,,
datahubprod,sa-east-1,backup,arn:aws:backup:sa-east-1:415071355886:recovery-point:23e18491-6c76-4a00-a956-77718e4f5604,arn:aws:dynamodb:sa-east-1:415071355886:table/termos,bkp-consent-table-dynamo,COMPLETED,DynamoDB,0.0,,arn:aws:kms:sa-east-1:415071355886:key/8e24ce04-b274-4a85-93d5-1854918cd289,,,,
datahubprod,sa-east-1,backup,arn:aws:backup:sa-east-1:415071355886:recovery-point:f5a500eb-49d8-463b-8436-d9982e1d13b7,arn:aws:dynamodb:sa-east-1:415071355886:table/consentimento_pj,bkp-consent-table-dynamo,COMPLETED,DynamoDB,0.0,,arn:aws:kms:sa-east-1:415071355886:key/8e24ce04-b274-4a85-93d5-1854918cd289,,,,
datahubprod,sa-east-1,backup,arn:aws:backup:sa-east-1:415071355886:recovery-point:44a86fdf-73cb-4a23-b116-1a668dca9bf6,arn:aws:dynamodb:sa-east-1:415071355886:table/consentimento_pj,bkp-consent-table-dynamo,COMPLETED,DynamoDB,0.0,,arn:aws:kms:sa-east-1:415071355886:key/8e24ce04-b274-4a85-93d5-1854918cd289,,,,
datahubprod,sa-east-1,backup,arn:aws:backup:sa-east-1:415071355886:recovery-point:7f892616-a588-45f7-877a-8c34f02cd555,arn:aws:dynamodb:sa-east-1:415071355886:table/termos,bkp-consent-table-dynamo,COMPLETED,DynamoDB,0.0,,arn:aws:kms:sa-east-1:415071355886:key/8e24ce04-b274-4a85-93d5-1854918cd289,,,,
datahubprod,sa-east-1,backup,arn:aws:backup:sa-east-1:415071355886:recovery-point:f356263b-1834-4e53-a90f-7dea145784d1,arn:aws:dynamodb:sa-east-1:415071355886:table/consentimento_pf,bkp-consent-table-dynamo,COMPLETED,DynamoDB,1.83,,arn:aws:kms:sa-east-1:415071355886:key/8e24ce04-b274-4a85-93d5-1854918cd289,,,,
datahubprod,sa-east-1,backup,arn:aws:backup:sa-east-1:415071355886:recovery-point:13be5783-52e5-4a63-9187-817ce523fe34,arn:aws:dynamodb:sa-east-1:415071355886:table/consentimento_pf,bkp-consent-table-dynamo,COMPLETED,DynamoDB,1.83,,arn:aws:kms:sa-east-1:415071355886:key/8e24ce04-b274-4a85-93d5-1854918cd289,,,,
datahubprod,sa-east-1,backup,arn:aws:backup:sa-east-1:415071355886:recovery-point:91ff971e-05e1-45bb-99c6-fc40c45d628b,arn:aws:dynamodb:sa-east-1:415071355886:table/consentimento_pj,bkp-consent-table-dynamo,COMPLETED,DynamoDB,0.0,,arn:aws:kms:sa-east-1:415071355886:key/8e24ce04-b274-4a85-93d5-1854918cd289,,,,
datahubprod,sa-east-1,backup,arn:aws:backup:sa-east-1:415071355886:recovery-point:42cbc07d-d64b-46eb-a357-19298df6ee66,arn:aws:dynamodb:sa-east-1:415071355886:table/termos,bkp-consent-table-dynamo,COMPLETED,DynamoDB,0.0,,arn:aws:kms:sa-east-1:415071355886:key/8e24ce04-b274-4a85-93d5-1854918cd289,,,,
datahubprod,sa-east-1,backup,arn:aws:backup:sa-east-1:415071355886:recovery-point:d7c14d2f-222a-4f28-ac80-5644bfdbecea,arn:aws:dynamodb:sa-east-1:415071355886:table/consentimento_pj,bkp-consent-table-dynamo,COMPLETED,DynamoDB,0.0,,arn:aws:kms:sa-east-1:415071355886:key/8e24ce04-b274-4a85-93d5-1854918cd289,,,,
datahubprod,sa-east-1,backup,arn:aws:backup:sa-east-1:415071355886:recovery-point:e5347e74-9b96-466b-8c37-8278b70cf82e,arn:aws:dynamodb:sa-east-1:415071355886:table/termos,bkp-consent-table-dynamo,COMPLETED,DynamoDB,0.0,,arn:aws:kms:sa-east-1:415071355886:key/8e24ce04-b274-4a85-93d5-1854918cd289,,,,
datahubprod,sa-east-1,backup,arn:aws:backup:sa-east-1:415071355886:recovery-point:16baf4a4-35dc-4fb0-a5e9-cf4d87169760,arn:aws:dynamodb:sa-east-1:415071355886:table/consentimento_pf,bkp-consent-table-dynamo,COMPLETED,DynamoDB,1.83,,arn:aws:kms:sa-east-1:415071355886:key/8e24ce04-b274-4a85-93d5-1854918cd289,,,,
datahubprod,sa-east-1,backup,arn:aws:backup:sa-east-1:415071355886:recovery-point:431013db-961b-43a5-8b0a-5533dd475851,arn:aws:dynamodb:sa-east-1:415071355886:table/termos,bkp-consent-table-dynamo,COMPLETED,DynamoDB,0.0,,arn:aws:kms:sa-east-1:415071355886:key/8e24ce04-b274-4a85-93d5-1854918cd289,,,,
datahubprod,sa-east-1,backup,arn:aws:backup:sa-east-1:415071355886:recovery-point:3353e896-88b1-4456-9e5b-904436d7e5e9,arn:aws:dynamodb:sa-east-1:415071355886:table/consentimento_pj,bkp-consent-table-dynamo,COMPLETED,DynamoDB,0.0,,arn:aws:kms:sa-east-1:415071355886:key/8e24ce04-b274-4a85-93d5-1854918cd289,,,,
datahubprod,sa-east-1,backup,arn:aws:backup:sa-east-1:415071355886:recovery-point:0a4c1df6-1dd6-4766-b244-ba80c7d28e78,arn:aws:dynamodb:sa-east-1:415071355886:table/consentimento_pf,bkp-consent-table-dynamo,COMPLETED,DynamoDB,1.83,,arn:aws:kms:sa-east-1:415071355886:key/8e24ce04-b274-4a85-93d5-1854918cd289,,,,
datahubprod,sa-east-1,backup,arn:aws:backup:sa-east-1:415071355886:recovery-point:1e87ecd2-b14e-4a11-aff9-6f736a101b5e,arn:aws:dynamodb:sa-east-1:415071355886:table/termos,bkp-consent-table-dynamo,COMPLETED,DynamoDB,0.0,,arn:aws:kms:sa-east-1:415071355886:key/8e24ce04-b274-4a85-93d5-1854918cd289,,,,
datahubprod,sa-east-1,backup,arn:aws:backup:sa-east-1:415071355886:recovery-point:2e9f35d4-1ce1-4553-b140-6339481a3944,arn:aws:dynamodb:sa-east-1:415071355886:table/consentimento_pf,bkp-consent-table-dynamo,COMPLETED,DynamoDB,1.83,,arn:aws:kms:sa-east-1:415071355886:key/8e24ce04-b274-4a85-93d5-1854918cd289,,,,
datahubprod,sa-east-1,backup,arn:aws:backup:sa-east-1:415071355886:recovery-point:fe25e685-51f0-42fb-9e7c-47599ca9fd23,arn:aws:dynamodb:sa-east-1:415071355886:table/consentimento_pj,bkp-consent-table-dynamo,COMPLETED,DynamoDB,0.0,,arn:aws:kms:sa-east-1:415071355886:key/8e24ce04-b274-4a85-93d5-1854918cd289,,,,
datahubprod,sa-east-1,backup,arn:aws:backup:sa-east-1:415071355886:recovery-point:650499ed-cf80-4684-9d27-fca06becbd50,arn:aws:dynamodb:sa-east-1:415071355886:table/termos,bkp-consent-table-dynamo,COMPLETED,DynamoDB,0.0,,arn:aws:kms:sa-east-1:415071355886:key/8e24ce04-b274-4a85-93d5-1854918cd289,,,,
datahubprod,sa-east-1,backup,arn:aws:backup:sa-east-1:415071355886:recovery-point:9a717bbb-c37d-4aff-9c00-4c9086dfba17,arn:aws:dynamodb:sa-east-1:415071355886:table/consentimento_pf,bkp-consent-table-dynamo,COMPLETED,DynamoDB,1.83,,arn:aws:kms:sa-east-1:415071355886:key/8e24ce04-b274-4a85-93d5-1854918cd289,,,,
datahubprod,sa-east-1,backup,arn:aws:backup:sa-east-1:415071355886:recovery-point:42eb1e55-0491-44a5-a566-6268f874ec29,arn:aws:dynamodb:sa-east-1:415071355886:table/consentimento_pj,bkp-consent-table-dynamo,COMPLETED,DynamoDB,0.0,,arn:aws:kms:sa-east-1:415071355886:key/8e24ce04-b274-4a85-93d5-1854918cd289,,,,
datahubprod,sa-east-1,backup,arn:aws:backup:sa-east-1:415071355886:recovery-point:d57c4841-ef4a-495f-aece-9ee902ac09df,arn:aws:dynamodb:sa-east-1:415071355886:table/consentimento_pj,bkp-consent-table-dynamo,COMPLETED,DynamoDB,0.0,,arn:aws:kms:sa-east-1:415071355886:key/8e24ce04-b274-4a85-93d5-1854918cd289,,,,
datahubprod,sa-east-1,backup,arn:aws:backup:sa-east-1:415071355886:recovery-point:ad6b1c53-671e-4e46-a24a-702c57e9f36d,arn:aws:dynamodb:sa-east-1:415071355886:table/consentimento_pf,bkp-consent-table-dynamo,COMPLETED,DynamoDB,1.83,,arn:aws:kms:sa-east-1:415071355886:key/8e24ce04-b274-4a85-93d5-1854918cd289,,,,
datahubprod,sa-east-1,backup,arn:aws:backup:sa-east-1:415071355886:recovery-point:4b8c8c82-8a46-4d8a-baca-d3293c80de0d,arn:aws:dynamodb:sa-east-1:415071355886:table/termos,bkp-consent-table-dynamo,COMPLETED,DynamoDB,0.0,,arn:aws:kms:sa-east-1:415071355886:key/8e24ce04-b274-4a85-93d5-1854918cd289,,,,
datahubprod,sa-east-1,backup,arn:aws:backup:sa-east-1:415071355886:recovery-point:44993ac7-90ec-4739-97d6-bd9dac1e7cf3,arn:aws:dynamodb:sa-east-1:415071355886:table/termos,bkp-consent-table-dynamo,COMPLETED,DynamoDB,0.0,,arn:aws:kms:sa-east-1:415071355886:key/8e24ce04-b274-4a85-93d5-1854918cd289,,,,
datahubprod,sa-east-1,backup,arn:aws:backup:sa-east-1:415071355886:recovery-point:17e548e9-33e3-4319-b23c-6f29ab7c9ea1,arn:aws:dynamodb:sa-east-1:415071355886:table/consentimento_pf,bkp-consent-table-dynamo,COMPLETED,DynamoDB,1.83,,arn:aws:kms:sa-east-1:415071355886:key/8e24ce04-b274-4a85-93d5-1854918cd289,,,,
datahubprod,sa-east-1,backup,arn:aws:backup:sa-east-1:415071355886:recovery-point:91ab5b4c-3c56-4056-824e-00bb5d054c57,arn:aws:dynamodb:sa-east-1:415071355886:table/consentimento_pj,bkp-consent-table-dynamo,COMPLETED,DynamoDB,0.0,,arn:aws:kms:sa-east-1:415071355886:key/8e24ce04-b274-4a85-93d5-1854918cd289,,,,
datahubprod,sa-east-1,backup,arn:aws:backup:sa-east-1:415071355886:recovery-point:6b174cab-fb07-4ad3-9571-85f5036cd07b,arn:aws:dynamodb:sa-east-1:415071355886:table/termos,bkp-consent-table-dynamo,COMPLETED,DynamoDB,0.0,,arn:aws:kms:sa-east-1:415071355886:key/8e24ce04-b274-4a85-93d5-1854918cd289,,,,
datahubprod,sa-east-1,backup,arn:aws:backup:sa-east-1:415071355886:recovery-point:933acedb-9e18-4684-8cf9-d0d1598574fe,arn:aws:dynamodb:sa-east-1:415071355886:table/consentimento_pf,bkp-consent-table-dynamo,COMPLETED,DynamoDB,1.83,,arn:aws:kms:sa-east-1:415071355886:key/8e24ce04-b274-4a85-93d5-1854918cd289,,,,
datahubprod,sa-east-1,backup,arn:aws:backup:sa-east-1:415071355886:recovery-point:3a71b418-40b2-482e-86ad-92b9314d40ff,arn:aws:dynamodb:sa-east-1:415071355886:table/consentimento_pj,bkp-consent-table-dynamo,COMPLETED,DynamoDB,0.0,,arn:aws:kms:sa-east-1:415071355886:key/8e24ce04-b274-4a85-93d5-1854918cd289,,,,
datahubprod,sa-east-1,backup,arn:aws:backup:sa-east-1:415071355886:recovery-point:ec27f398-616d-4035-91af-51852a38e412,arn:aws:dynamodb:sa-east-1:415071355886:table/consentimento_pj,bkp-consent-table-dynamo,COMPLETED,DynamoDB,0.0,,arn:aws:kms:sa-east-1:415071355886:key/8e24ce04-b274-4a85-93d5-1854918cd289,,,,
datahubprod,sa-east-1,backup,arn:aws:backup:sa-east-1:415071355886:recovery-point:8d074b70-0ea4-4a47-a249-de179ffe2411,arn:aws:dynamodb:sa-east-1:415071355886:table/consentimento_pf,bkp-consent-table-dynamo,COMPLETED,DynamoDB,1.83,,arn:aws:kms:sa-east-1:415071355886:key/8e24ce04-b274-4a85-93d5-1854918cd289,,,,
datahubprod,sa-east-1,backup,arn:aws:backup:sa-east-1:415071355886:recovery-point:fbea1aa2-3f94-447a-9c97-e340abffea22,arn:aws:dynamodb:sa-east-1:415071355886:table/termos,bkp-consent-table-dynamo,COMPLETED,DynamoDB,0.0,,arn:aws:kms:sa-east-1:415071355886:key/8e24ce04-b274-4a85-93d5-1854918cd289,,,,
datahubprod,sa-east-1,backup,arn:aws:backup:sa-east-1:415071355886:recovery-point:a0c8a05a-8f7a-4a14-b854-f01c703cd579,arn:aws:dynamodb:sa-east-1:415071355886:table/termos,bkp-consent-table-dynamo,COMPLETED,DynamoDB,0.0,,arn:aws:kms:sa-east-1:415071355886:key/8e24ce04-b274-4a85-93d5-1854918cd289,,,,
datahubprod,sa-east-1,backup,arn:aws:backup:sa-east-1:415071355886:recovery-point:6ca554b4-bbe2-45af-b083-c350c7c3f542,arn:aws:dynamodb:sa-east-1:415071355886:table/consentimento_pf,bkp-consent-table-dynamo,COMPLETED,DynamoDB,1.83,,arn:aws:kms:sa-east-1:415071355886:key/8e24ce04-b274-4a85-93d5-1854918cd289,,,,
datahubprod,sa-east-1,backup,arn:aws:backup:sa-east-1:415071355886:recovery-point:82477ecf-3712-43c9-a998-f83cd4f304ba,arn:aws:dynamodb:sa-east-1:415071355886:table/consentimento_pj,bkp-consent-table-dynamo,COMPLETED,DynamoDB,0.0,,arn:aws:kms:sa-east-1:415071355886:key/8e24ce04-b274-4a85-93d5-1854918cd289,,,,
datahubprod,sa-east-1,backup,arn:aws:backup:sa-east-1:415071355886:recovery-point:13d6d31c-8053-402d-b757-217a99465141,arn:aws:dynamodb:sa-east-1:415071355886:table/termos,bkp-consent-table-dynamo,COMPLETED,DynamoDB,0.0,,arn:aws:kms:sa-east-1:415071355886:key/8e24ce04-b274-4a85-93d5-1854918cd289,,,,
datahubprod,sa-east-1,backup,arn:aws:backup:sa-east-1:415071355886:recovery-point:06df149c-7a82-4f77-8910-f3c0b6938bf8,arn:aws:dynamodb:sa-east-1:415071355886:table/consentimento_pj,bkp-consent-table-dynamo,COMPLETED,DynamoDB,0.0,,arn:aws:kms:sa-east-1:415071355886:key/8e24ce04-b274-4a85-93d5-1854918cd289,,,,
datahubprod,sa-east-1,backup,arn:aws:backup:sa-east-1:415071355886:recovery-point:433c98fa-ce75-4baa-b26c-ef39c9750ba6,arn:aws:dynamodb:sa-east-1:415071355886:table/consentimento_pf,bkp-consent-table-dynamo,COMPLETED,DynamoDB,1.83,,arn:aws:kms:sa-east-1:415071355886:key/8e24ce04-b274-4a85-93d5-1854918cd289,,,,
datahubprod,sa-east-1,backup,arn:aws:backup:sa-east-1:415071355886:recovery-point:efc93416-ff88-490f-adaa-ce45fd536d23,arn:aws:dynamodb:sa-east-1:415071355886:table/consentimento_pf,bkp-consent-table-dynamo,COMPLETED,DynamoDB,1.83,,arn:aws:kms:sa-east-1:415071355886:key/8e24ce04-b274-4a85-93d5-1854918cd289,,,,
datahubprod,sa-east-1,backup,arn:aws:backup:sa-east-1:415071355886:recovery-point:61629aa5-1c73-4c69-bb77-29939de4d86d,arn:aws:dynamodb:sa-east-1:415071355886:table/termos,bkp-consent-table-dynamo,COMPLETED,DynamoDB,0.0,,arn:aws:kms:sa-east-1:415071355886:key/8e24ce04-b274-4a85-93d5-1854918cd289,,,,
datahubprod,sa-east-1,backup,arn:aws:backup:sa-east-1:415071355886:recovery-point:064357fb-c572-4b09-a725-e9f6bebd2582,arn:aws:dynamodb:sa-east-1:415071355886:table/consentimento_pj,bkp-consent-table-dynamo,COMPLETED,DynamoDB,0.0,,arn:aws:kms:sa-east-1:415071355886:key/8e24ce04-b274-4a85-93d5-1854918cd289,,,,
datahubprod,sa-east-1,backup,arn:aws:backup:sa-east-1:415071355886:recovery-point:4507d673-2a37-4da6-8b1a-8bf894b8b9c5,arn:aws:dynamodb:sa-east-1:415071355886:table/termos,bkp-consent-table-dynamo,COMPLETED,DynamoDB,0.0,,arn:aws:kms:sa-east-1:415071355886:key/8e24ce04-b274-4a85-93d5-1854918cd289,,,,
datahubprod,sa-east-1,backup,arn:aws:backup:sa-east-1:415071355886:recovery-point:359d5d6f-a872-4f2b-939e-4fa322e038dd,arn:aws:dynamodb:sa-east-1:415071355886:table/consentimento_pj,bkp-consent-table-dynamo,COMPLETED,DynamoDB,0.0,,arn:aws:kms:sa-east-1:415071355886:key/8e24ce04-b274-4a85-93d5-1854918cd289,,,,
datahubprod,sa-east-1,backup,arn:aws:backup:sa-east-1:415071355886:recovery-point:c645b370-82be-4e71-b330-95790f351947,arn:aws:dynamodb:sa-east-1:415071355886:table/consentimento_pf,bkp-consent-table-dynamo,COMPLETED,DynamoDB,1.83,,arn:aws:kms:sa-east-1:415071355886:key/8e24ce04-b274-4a85-93d5-1854918cd289,,,,
datahubprod,sa-east-1,backup,arn:aws:backup:sa-east-1:415071355886:recovery-point:243067d5-1b52-4e8c-9b79-3fd3ae6bfeb7,arn:aws:dynamodb:sa-east-1:415071355886:table/termos,bkp-consent-table-dynamo,COMPLETED,DynamoDB,0.0,,arn:aws:kms:sa-east-1:415071355886:key/8e24ce04-b274-4a85-93d5-1854918cd289,,,,
datahubprod,sa-east-1,backup,arn:aws:backup:sa-east-1:415071355886:recovery-point:619f1b2e-3b5d-4a06-9208-69a2d9070fc3,arn:aws:dynamodb:sa-east-1:415071355886:table/consentimento_pj,bkp-consent-table-dynamo,COMPLETED,DynamoDB,0.0,,arn:aws:kms:sa-east-1:415071355886:key/8e24ce04-b274-4a85-93d5-1854918cd289,,,,
datahubprod,sa-east-1,backup,arn:aws:backup:sa-east-1:415071355886:recovery-point:4eaa9169-5448-4bf2-9e36-86ed8b56f545,arn:aws:dynamodb:sa-east-1:415071355886:table/consentimento_pf,bkp-consent-table-dynamo,COMPLETED,DynamoDB,1.83,,arn:aws:kms:sa-east-1:415071355886:key/8e24ce04-b274-4a85-93d5-1854918cd289,,,,
datahubprod,sa-east-1,backup,arn:aws:backup:sa-east-1:415071355886:recovery-point:05cb835f-74df-48dc-8aac-fea05676446a,arn:aws:dynamodb:sa-east-1:415071355886:table/termos,bkp-consent-table-dynamo,COMPLETED,DynamoDB,0.0,,arn:aws:kms:sa-east-1:415071355886:key/8e24ce04-b274-4a85-93d5-1854918cd289,,,,
datahubprod,sa-east-1,backup,arn:aws:backup:sa-east-1:415071355886:recovery-point:76e2a1c4-3700-4cc2-b008-ef741609c6bd,arn:aws:dynamodb:sa-east-1:415071355886:table/consentimento_pf,bkp-consent-table-dynamo,COMPLETED,DynamoDB,1.83,,arn:aws:kms:sa-east-1:415071355886:key/8e24ce04-b274-4a85-93d5-1854918cd289,,,,
datahubprod,sa-east-1,backup,arn:aws:backup:sa-east-1:415071355886:recovery-point:84148805-3e89-4711-83e8-27ec2ba8f673,arn:aws:dynamodb:sa-east-1:415071355886:table/consentimento_pj,bkp-consent-table-dynamo,COMPLETED,DynamoDB,0.0,,arn:aws:kms:sa-east-1:415071355886:key/8e24ce04-b274-4a85-93d5-1854918cd289,,,,
datahubprod,sa-east-1,backup,arn:aws:backup:sa-east-1:415071355886:recovery-point:67e2e86d-b545-4828-9dff-79a93f28fa12,arn:aws:dynamodb:sa-east-1:415071355886:table/consentimento_pj,bkp-consent-table-dynamo,COMPLETED,DynamoDB,0.0,,arn:aws:kms:sa-east-1:415071355886:key/8e24ce04-b274-4a85-93d5-1854918cd289,,,,
datahubprod,sa-east-1,backup,arn:aws:backup:sa-east-1:415071355886:recovery-point:98b608ea-d52f-47ea-b997-cc177aaac8d5,arn:aws:dynamodb:sa-east-1:415071355886:table/consentimento_pf,bkp-consent-table-dynamo,COMPLETED,DynamoDB,1.83,,arn:aws:kms:sa-east-1:415071355886:key/8e24ce04-b274-4a85-93d5-1854918cd289,,,,
datahubprod,sa-east-1,backup,arn:aws:backup:sa-east-1:415071355886:recovery-point:0d959f98-145c-4332-8f76-ed2c84f73254,arn:aws:dynamodb:sa-east-1:415071355886:table/termos,bkp-consent-table-dynamo,COMPLETED,DynamoDB,0.0,,arn:aws:kms:sa-east-1:415071355886:key/8e24ce04-b274-4a85-93d5-1854918cd289,,,,
datahubprod,sa-east-1,backup,arn:aws:backup:sa-east-1:415071355886:recovery-point:f34779cc-6dba-4216-b1a5-bb5de883ad33,arn:aws:dynamodb:sa-east-1:415071355886:table/consentimento_pf,bkp-consent-table-dynamo,COMPLETED,DynamoDB,1.83,,arn:aws:kms:sa-east-1:415071355886:key/8e24ce04-b274-4a85-93d5-1854918cd289,,,,
datahubprod,sa-east-1,backup,arn:aws:backup:sa-east-1:415071355886:recovery-point:224bc2a0-568c-43d7-aab5-c1fdae56857d,arn:aws:dynamodb:sa-east-1:415071355886:table/consentimento_pj,bkp-consent-table-dynamo,COMPLETED,DynamoDB,0.0,,arn:aws:kms:sa-east-1:415071355886:key/8e24ce04-b274-4a85-93d5-1854918cd289,,,,
datahubprod,sa-east-1,backup,arn:aws:backup:sa-east-1:415071355886:recovery-point:52339c11-1ab4-468a-83da-debf77bf5e84,arn:aws:dynamodb:sa-east-1:415071355886:table/termos,bkp-consent-table-dynamo,COMPLETED,DynamoDB,0.0,,arn:aws:kms:sa-east-1:415071355886:key/8e24ce04-b274-4a85-93d5-1854918cd289,,,,
datahubprod,sa-east-1,backup,arn:aws:backup:sa-east-1:415071355886:recovery-point:42df7bb2-427b-45d6-a88b-8ecdc79917d7,arn:aws:dynamodb:sa-east-1:415071355886:table/termos,bkp-consent-table-dynamo,COMPLETED,DynamoDB,0.0,,arn:aws:kms:sa-east-1:415071355886:key/8e24ce04-b274-4a85-93d5-1854918cd289,,,,
datahubprod,sa-east-1,backup,arn:aws:backup:sa-east-1:415071355886:recovery-point:392e44c6-f2b4-434d-9440-77bdf0b75255,arn:aws:dynamodb:sa-east-1:415071355886:table/consentimento_pf,bkp-consent-table-dynamo,COMPLETED,DynamoDB,1.83,,arn:aws:kms:sa-east-1:415071355886:key/8e24ce04-b274-4a85-93d5-1854918cd289,,,,
datahubprod,sa-east-1,backup,arn:aws:backup:sa-east-1:415071355886:recovery-point:1142edbe-236f-4cbc-bebe-53c0d2486b00,arn:aws:dynamodb:sa-east-1:415071355886:table/consentimento_pj,bkp-consent-table-dynamo,COMPLETED,DynamoDB,0.0,,arn:aws:kms:sa-east-1:415071355886:key/8e24ce04-b274-4a85-93d5-1854918cd289,,,,
datahubprod,sa-east-1,backup,arn:aws:backup:sa-east-1:415071355886:recovery-point:b43e02c4-5cbc-4a6e-8f54-fc3f87898fd6,arn:aws:dynamodb:sa-east-1:415071355886:table/consentimento_pj,bkp-consent-table-dynamo,COMPLETED,DynamoDB,0.0,,arn:aws:kms:sa-east-1:415071355886:key/8e24ce04-b274-4a85-93d5-1854918cd289,,,,
datahubprod,sa-east-1,backup,arn:aws:backup:sa-east-1:415071355886:recovery-point:7d8360e2-f4b1-4f87-87ba-5a1a50ad12e2,arn:aws:dynamodb:sa-east-1:415071355886:table/termos,bkp-consent-table-dynamo,COMPLETED,DynamoDB,0.0,,arn:aws:kms:sa-east-1:415071355886:key/8e24ce04-b274-4a85-93d5-1854918cd289,,,,
datahubprod,sa-east-1,backup,arn:aws:backup:sa-east-1:415071355886:recovery-point:7ee783d4-02e7-4fd5-afe1-e1b6c4f38c30,arn:aws:dynamodb:sa-east-1:415071355886:table/consentimento_pf,bkp-consent-table-dynamo,COMPLETED,DynamoDB,1.83,,arn:aws:kms:sa-east-1:415071355886:key/8e24ce04-b274-4a85-93d5-1854918cd289,,,,
datahubprod,sa-east-1,backup,arn:aws:backup:sa-east-1:415071355886:recovery-point:4681f5b1-c30f-4e79-bd5b-af01b0ef9202,arn:aws:dynamodb:sa-east-1:415071355886:table/consentimento_pj,bkp-consent-table-dynamo,COMPLETED,DynamoDB,0.0,,arn:aws:kms:sa-east-1:415071355886:key/8e24ce04-b274-4a85-93d5-1854918cd289,,,,
datahubprod,sa-east-1,backup,arn:aws:backup:sa-east-1:415071355886:recovery-point:036dbfcd-e787-4aa5-bafd-9a66344d40df,arn:aws:dynamodb:sa-east-1:415071355886:table/termos,bkp-consent-table-dynamo,COMPLETED,DynamoDB,0.0,,arn:aws:kms:sa-east-1:415071355886:key/8e24ce04-b274-4a85-93d5-1854918cd289,,,,
datahubprod,sa-east-1,backup,arn:aws:backup:sa-east-1:415071355886:recovery-point:452e0fa0-3840-457f-a4cc-70f0459a6785,arn:aws:dynamodb:sa-east-1:415071355886:table/consentimento_pf,bkp-consent-table-dynamo,COMPLETED,DynamoDB,1.83,,arn:aws:kms:sa-east-1:415071355886:key/8e24ce04-b274-4a85-93d5-1854918cd289,,,,
datahubprod,sa-east-1,backup,arn:aws:backup:sa-east-1:415071355886:recovery-point:7956d9fe-5d32-4333-864a-734708025de3,arn:aws:dynamodb:sa-east-1:415071355886:table/termos,bkp-consent-table-dynamo,COMPLETED,DynamoDB,0.0,,arn:aws:kms:sa-east-1:415071355886:key/8e24ce04-b274-4a85-93d5-1854918cd289,,,,
datahubprod,sa-east-1,backup,arn:aws:backup:sa-east-1:415071355886:recovery-point:cc5b41cb-d41e-4d27-bc0a-dc57f3ec8b0b,arn:aws:dynamodb:sa-east-1:415071355886:table/consentimento_pj,bkp-consent-table-dynamo,COMPLETED,DynamoDB,0.0,,arn:aws:kms:sa-east-1:415071355886:key/8e24ce04-b274-4a85-93d5-1854918cd289,,,,
datahubprod,sa-east-1,backup,arn:aws:backup:sa-east-1:415071355886:recovery-point:c405318f-fb75-4972-9c59-a3818564f6c5,arn:aws:dynamodb:sa-east-1:415071355886:table/consentimento_pf,bkp-consent-table-dynamo,COMPLETED,DynamoDB,1.83,,arn:aws:kms:sa-east-1:415071355886:key/8e24ce04-b274-4a85-93d5-1854918cd289,,,,
datahubprod,sa-east-1,backup,arn:aws:backup:sa-east-1:415071355886:recovery-point:737b1c71-c3bc-4733-85fb-4370c6845fe9,arn:aws:dynamodb:sa-east-1:415071355886:table/termos,bkp-consent-table-dynamo,COMPLETED,DynamoDB,0.0,,arn:aws:kms:sa-east-1:415071355886:key/8e24ce04-b274-4a85-93d5-1854918cd289,,,,
datahubprod,sa-east-1,backup,arn:aws:backup:sa-east-1:415071355886:recovery-point:fd77afc6-a5d1-4749-97b8-50558df3b743,arn:aws:dynamodb:sa-east-1:415071355886:table/consentimento_pj,bkp-consent-table-dynamo,COMPLETED,DynamoDB,0.0,,arn:aws:kms:sa-east-1:415071355886:key/8e24ce04-b274-4a85-93d5-1854918cd289,,,,
datahubprod,sa-east-1,backup,arn:aws:backup:sa-east-1:415071355886:recovery-point:3f6a874f-9c53-4ad5-9d32-f4a4e4846645,arn:aws:dynamodb:sa-east-1:415071355886:table/consentimento_pf,bkp-consent-table-dynamo,COMPLETED,DynamoDB,1.83,,arn:aws:kms:sa-east-1:415071355886:key/8e24ce04-b274-4a85-93d5-1854918cd289,,,,
datahubprod,sa-east-1,backup,arn:aws:backup:sa-east-1:415071355886:recovery-point:8986fa77-60db-4f14-b8d8-fb06cc1752b3,arn:aws:dynamodb:sa-east-1:415071355886:table/termos,bkp-consent-table-dynamo,COMPLETED,DynamoDB,0.0,,arn:aws:kms:sa-east-1:415071355886:key/8e24ce04-b274-4a85-93d5-1854918cd289,,,,
datahubprod,sa-east-1,backup,arn:aws:backup:sa-east-1:415071355886:recovery-point:3b821faf-3d6b-4ca3-a921-e816589edf11,arn:aws:dynamodb:sa-east-1:415071355886:table/consentimento_pj,bkp-consent-table-dynamo,COMPLETED,DynamoDB,0.0,,arn:aws:kms:sa-east-1:415071355886:key/8e24ce04-b274-4a85-93d5-1854918cd289,,,,
datahubprod,sa-east-1,backup,arn:aws:backup:sa-east-1:415071355886:recovery-point:48352200-0e86-47f5-a6dc-db36d818baf5,arn:aws:dynamodb:sa-east-1:415071355886:table/consentimento_pf,bkp-consent-table-dynamo,COMPLETED,DynamoDB,1.83,,arn:aws:kms:sa-east-1:415071355886:key/8e24ce04-b274-4a85-93d5-1854918cd289,,,,
datahubprod,sa-east-1,backup,arn:aws:backup:sa-east-1:415071355886:recovery-point:387642d2-8b47-4b90-b3c9-8dd72fa06a69,arn:aws:dynamodb:sa-east-1:415071355886:table/consentimento_pj,bkp-consent-table-dynamo,COMPLETED,DynamoDB,0.0,,arn:aws:kms:sa-east-1:415071355886:key/8e24ce04-b274-4a85-93d5-1854918cd289,,,,
datahubprod,sa-east-1,backup,arn:aws:backup:sa-east-1:415071355886:recovery-point:9ab763a8-cbad-4a4d-b46c-ee3f8b9fbd09,arn:aws:dynamodb:sa-east-1:415071355886:table/termos,bkp-consent-table-dynamo,COMPLETED,DynamoDB,0.0,,arn:aws:kms:sa-east-1:415071355886:key/8e24ce04-b274-4a85-93d5-1854918cd289,,,,
datahubprod,sa-east-1,backup,arn:aws:backup:sa-east-1:415071355886:recovery-point:710fa396-d133-4383-8ba4-48e588bc4269,arn:aws:dynamodb:sa-east-1:415071355886:table/consentimento_pf,bkp-consent-table-dynamo,COMPLETED,DynamoDB,1.83,,arn:aws:kms:sa-east-1:415071355886:key/8e24ce04-b274-4a85-93d5-1854918cd289,,,,
datahubprod,sa-east-1,backup,arn:aws:backup:sa-east-1:415071355886:recovery-point:292a7cc9-86e0-4b2d-9896-e86b97204d88,arn:aws:dynamodb:sa-east-1:415071355886:table/consentimento_pj,bkp-consent-table-dynamo,COMPLETED,DynamoDB,0.0,,arn:aws:kms:sa-east-1:415071355886:key/8e24ce04-b274-4a85-93d5-1854918cd289,,,,
datahubprod,sa-east-1,backup,arn:aws:backup:sa-east-1:415071355886:recovery-point:68957f39-0f22-4c80-b532-23b1ef087f0d,arn:aws:dynamodb:sa-east-1:415071355886:table/termos,bkp-consent-table-dynamo,COMPLETED,DynamoDB,0.0,,arn:aws:kms:sa-east-1:415071355886:key/8e24ce04-b274-4a85-93d5-1854918cd289,,,,
datahubprod,sa-east-1,backup,arn:aws:backup:sa-east-1:415071355886:recovery-point:0b19cd3a-7c1f-4c65-a1e7-33b528620666,arn:aws:dynamodb:sa-east-1:415071355886:table/consentimento_pf,bkp-consent-table-dynamo,COMPLETED,DynamoDB,1.83,,arn:aws:kms:sa-east-1:415071355886:key/8e24ce04-b274-4a85-93d5-1854918cd289,,,,
datahubprod,sa-east-1,backup,arn:aws:backup:sa-east-1:415071355886:recovery-point:89b0c050-cf7e-4914-934d-1716e19c8497,arn:aws:dynamodb:sa-east-1:415071355886:table/termos,bkp-consent-table-dynamo,COMPLETED,DynamoDB,0.0,,arn:aws:kms:sa-east-1:415071355886:key/8e24ce04-b274-4a85-93d5-1854918cd289,,,,
datahubprod,sa-east-1,backup,arn:aws:backup:sa-east-1:415071355886:recovery-point:26d78b21-e052-429c-a3aa-7711be52bd99,arn:aws:dynamodb:sa-east-1:415071355886:table/consentimento_pj,bkp-consent-table-dynamo,COMPLETED,DynamoDB,0.0,,arn:aws:kms:sa-east-1:415071355886:key/8e24ce04-b274-4a85-93d5-1854918cd289,,,,
datahubprod,sa-east-1,backup,arn:aws:backup:sa-east-1:415071355886:recovery-point:75c51bbf-5dd9-4169-9ad5-1d8ff4ef71f2,arn:aws:dynamodb:sa-east-1:415071355886:table/consentimento_pf,bkp-consent-table-dynamo,COMPLETED,DynamoDB,1.83,,arn:aws:kms:sa-east-1:415071355886:key/8e24ce04-b274-4a85-93d5-1854918cd289,,,,
datahubprod,sa-east-1,backup,arn:aws:backup:sa-east-1:415071355886:recovery-point:9516e52f-c75d-486e-98b5-e3a53cd66113,arn:aws:dynamodb:sa-east-1:415071355886:table/termos,bkp-consent-table-dynamo,COMPLETED,DynamoDB,0.0,,arn:aws:kms:sa-east-1:415071355886:key/8e24ce04-b274-4a85-93d5-1854918cd289,,,,
datahubprod,sa-east-1,backup,arn:aws:backup:sa-east-1:415071355886:recovery-point:6772ba60-df0c-40e1-b703-af2986235fab,arn:aws:dynamodb:sa-east-1:415071355886:table/consentimento_pj,bkp-consent-table-dynamo,COMPLETED,DynamoDB,0.0,,arn:aws:kms:sa-east-1:415071355886:key/8e24ce04-b274-4a85-93d5-1854918cd289,,,,
datahubprod,sa-east-1,backup,arn:aws:backup:sa-east-1:415071355886:recovery-point:f7b55eb5-6e46-4ea5-aa2e-0c50b4f1de57,arn:aws:dynamodb:sa-east-1:415071355886:table/consentimento_pf,bkp-consent-table-dynamo,COMPLETED,DynamoDB,1.83,,arn:aws:kms:sa-east-1:415071355886:key/8e24ce04-b274-4a85-93d5-1854918cd289,,,,
datahubprod,sa-east-1,backup,arn:aws:backup:sa-east-1:415071355886:recovery-point:5ff630a6-5578-49c0-adf2-754a573cb350,arn:aws:dynamodb:sa-east-1:415071355886:table/consentimento_pj,bkp-consent-table-dynamo,COMPLETED,DynamoDB,0.0,,arn:aws:kms:sa-east-1:415071355886:key/8e24ce04-b274-4a85-93d5-1854918cd289,,,,
datahubprod,sa-east-1,backup,arn:aws:backup:sa-east-1:415071355886:recovery-point:a414e88c-4c22-42e8-842a-a887e8b4de7c,arn:aws:dynamodb:sa-east-1:415071355886:table/consentimento_pf,bkp-consent-table-dynamo,COMPLETED,DynamoDB,1.83,,arn:aws:kms:sa-east-1:415071355886:key/8e24ce04-b274-4a85-93d5-1854918cd289,,,,
datahubprod,sa-east-1,backup,arn:aws:backup:sa-east-1:415071355886:recovery-point:7c2b0570-899f-459c-89c6-f5d7d63e5490,arn:aws:dynamodb:sa-east-1:415071355886:table/termos,bkp-consent-table-dynamo,COMPLETED,DynamoDB,0.0,,arn:aws:kms:sa-east-1:415071355886:key/8e24ce04-b274-4a85-93d5-1854918cd289,,,,
datahubprod,sa-east-1,backup,arn:aws:backup:sa-east-1:415071355886:recovery-point:e28d5d10-4d8e-460c-8c78-724a0725dba9,arn:aws:dynamodb:sa-east-1:415071355886:table/consentimento_pf,bkp-consent-table-dynamo,COMPLETED,DynamoDB,1.83,,arn:aws:kms:sa-east-1:415071355886:key/8e24ce04-b274-4a85-93d5-1854918cd289,,,,
datahubprod,sa-east-1,backup,arn:aws:backup:sa-east-1:415071355886:recovery-point:58d56aa3-b0cd-4d83-9021-b232f9eed921,arn:aws:dynamodb:sa-east-1:415071355886:table/consentimento_pj,bkp-consent-table-dynamo,COMPLETED,DynamoDB,0.0,,arn:aws:kms:sa-east-1:415071355886:key/8e24ce04-b274-4a85-93d5-1854918cd289,,,,
datahubprod,sa-east-1,backup,arn:aws:backup:sa-east-1:415071355886:recovery-point:2f052703-47c0-4096-ac0e-fd1526a4cbd4,arn:aws:dynamodb:sa-east-1:415071355886:table/termos,bkp-consent-table-dynamo,COMPLETED,DynamoDB,0.0,,arn:aws:kms:sa-east-1:415071355886:key/8e24ce04-b274-4a85-93d5-1854918cd289,,,,
datahubprod,sa-east-1,backup,arn:aws:backup:sa-east-1:415071355886:recovery-point:2cb22bc8-7e76-4261-961d-223c1da76946,arn:aws:dynamodb:sa-east-1:415071355886:table/consentimento_pf,bkp-consent-table-dynamo,COMPLETED,DynamoDB,1.83,,arn:aws:kms:sa-east-1:415071355886:key/8e24ce04-b274-4a85-93d5-1854918cd289,,,,
datahubprod,sa-east-1,backup,arn:aws:backup:sa-east-1:415071355886:recovery-point:c7389dbc-92e1-41c5-8fa6-f2a8076552a3,arn:aws:dynamodb:sa-east-1:415071355886:table/consentimento_pj,bkp-consent-table-dynamo,COMPLETED,DynamoDB,0.0,,arn:aws:kms:sa-east-1:415071355886:key/8e24ce04-b274-4a85-93d5-1854918cd289,,,,
datahubprod,sa-east-1,backup,arn:aws:backup:sa-east-1:415071355886:recovery-point:0f08f732-048a-4739-80c9-f190b1df8c40,arn:aws:dynamodb:sa-east-1:415071355886:table/termos,bkp-consent-table-dynamo,COMPLETED,DynamoDB,0.0,,arn:aws:kms:sa-east-1:415071355886:key/8e24ce04-b274-4a85-93d5-1854918cd289,,,,
datahubprod,sa-east-1,backup,arn:aws:backup:sa-east-1:415071355886:recovery-point:5af103d1-7ae3-4bd1-a8b4-3db4ce8e072b,arn:aws:dynamodb:sa-east-1:415071355886:table/consentimento_pj,bkp-consent-table-dynamo,COMPLETED,DynamoDB,0.0,,arn:aws:kms:sa-east-1:415071355886:key/8e24ce04-b274-4a85-93d5-1854918cd289,,,,
datahubprod,sa-east-1,backup,arn:aws:backup:sa-east-1:415071355886:recovery-point:2d435c42-ea0a-4d42-8d1f-9072a9ede95e,arn:aws:dynamodb:sa-east-1:415071355886:table/termos,bkp-consent-table-dynamo,COMPLETED,DynamoDB,0.0,,arn:aws:kms:sa-east-1:415071355886:key/8e24ce04-b274-4a85-93d5-1854918cd289,,,,
datahubprod,sa-east-1,backup,arn:aws:backup:sa-east-1:415071355886:recovery-point:b29eef28-1259-43e1-89f9-e233ffc93ae4,arn:aws:dynamodb:sa-east-1:415071355886:table/consentimento_pf,bkp-consent-table-dynamo,COMPLETED,DynamoDB,1.83,,arn:aws:kms:sa-east-1:415071355886:key/8e24ce04-b274-4a85-93d5-1854918cd289,,,,
datahubprod,sa-east-1,backup,arn:aws:backup:sa-east-1:415071355886:recovery-point:eb99bd9f-95b5-4a8a-8238-60ff4c83cfbd,arn:aws:dynamodb:sa-east-1:415071355886:table/consentimento_pj,bkp-consent-table-dynamo,COMPLETED,DynamoDB,0.0,,arn:aws:kms:sa-east-1:415071355886:key/8e24ce04-b274-4a85-93d5-1854918cd289,,,,
datahubprod,sa-east-1,backup,arn:aws:backup:sa-east-1:415071355886:recovery-point:9d0c33d3-b98b-45c1-b914-ccaa3ab387e6,arn:aws:dynamodb:sa-east-1:415071355886:table/termos,bkp-consent-table-dynamo,COMPLETED,DynamoDB,0.0,,arn:aws:kms:sa-east-1:415071355886:key/8e24ce04-b274-4a85-93d5-1854918cd289,,,,
datahubprod,sa-east-1,backup,arn:aws:backup:sa-east-1:415071355886:recovery-point:201f3cb0-8959-4c2e-afc7-a1da36577c35,arn:aws:dynamodb:sa-east-1:415071355886:table/consentimento_pf,bkp-consent-table-dynamo,COMPLETED,DynamoDB,1.83,,arn:aws:kms:sa-east-1:415071355886:key/8e24ce04-b274-4a85-93d5-1854918cd289,,,,
datahubprod,sa-east-1,backup,arn:aws:backup:sa-east-1:415071355886:recovery-point:087c1fef-7b96-49d7-95f4-7cd3998b2d1b,arn:aws:dynamodb:sa-east-1:415071355886:table/termos,bkp-consent-table-dynamo,COMPLETED,DynamoDB,0.0,,arn:aws:kms:sa-east-1:415071355886:key/8e24ce04-b274-4a85-93d5-1854918cd289,,,,
datahubprod,sa-east-1,backup,arn:aws:backup:sa-east-1:415071355886:recovery-point:a68e100c-ed94-4a53-90e8-a092ddd26d71,arn:aws:dynamodb:sa-east-1:415071355886:table/consentimento_pj,bkp-consent-table-dynamo,COMPLETED,DynamoDB,0.0,,arn:aws:kms:sa-east-1:415071355886:key/8e24ce04-b274-4a85-93d5-1854918cd289,,,,
datahubprod,sa-east-1,backup,arn:aws:backup:sa-east-1:415071355886:recovery-point:865bf3ea-94ce-481e-8dd7-713fd1941c00,arn:aws:dynamodb:sa-east-1:415071355886:table/consentimento_pf,bkp-consent-table-dynamo,COMPLETED,DynamoDB,1.83,,arn:aws:kms:sa-east-1:415071355886:key/8e24ce04-b274-4a85-93d5-1854918cd289,,,,
datahubprod,sa-east-1,backup,arn:aws:backup:sa-east-1:415071355886:recovery-point:7a8e00cf-24f1-452b-9b37-8d2e157552b1,arn:aws:dynamodb:sa-east-1:415071355886:table/termos,bkp-consent-table-dynamo,COMPLETED,DynamoDB,0.0,,arn:aws:kms:sa-east-1:415071355886:key/8e24ce04-b274-4a85-93d5-1854918cd289,,,,
datahubprod,sa-east-1,backup,arn:aws:backup:sa-east-1:415071355886:recovery-point:8f79f94e-f178-4c29-9c27-3112b8ddfcab,arn:aws:dynamodb:sa-east-1:415071355886:table/consentimento_pj,bkp-consent-table-dynamo,COMPLETED,DynamoDB,0.0,,arn:aws:kms:sa-east-1:415071355886:key/8e24ce04-b274-4a85-93d5-1854918cd289,,,,
datahubprod,sa-east-1,backup,arn:aws:backup:sa-east-1:415071355886:recovery-point:0879b337-86ef-4080-b386-2f8b187edd5b,arn:aws:dynamodb:sa-east-1:415071355886:table/consentimento_pf,bkp-consent-table-dynamo,COMPLETED,DynamoDB,1.83,,arn:aws:kms:sa-east-1:415071355886:key/8e24ce04-b274-4a85-93d5-1854918cd289,,,,
datahubprod,sa-east-1,backup,arn:aws:backup:sa-east-1:415071355886:recovery-point:ccf3f2af-fafd-4d14-aa63-58ff7c188625,arn:aws:dynamodb:sa-east-1:415071355886:table/consentimento_pj,bkp-consent-table-dynamo,COMPLETED,DynamoDB,0.0,,arn:aws:kms:sa-east-1:415071355886:key/8e24ce04-b274-4a85-93d5-1854918cd289,,,,
datahubprod,sa-east-1,backup,arn:aws:backup:sa-east-1:415071355886:recovery-point:6b1f1a0a-3bbf-4aee-9a4d-b1f992cac88a,arn:aws:dynamodb:sa-east-1:415071355886:table/consentimento_pf,bkp-consent-table-dynamo,COMPLETED,DynamoDB,1.83,,arn:aws:kms:sa-east-1:415071355886:key/8e24ce04-b274-4a85-93d5-1854918cd289,,,,
datahubprod,sa-east-1,backup,arn:aws:backup:sa-east-1:415071355886:recovery-point:eb7be51f-cc60-4283-8834-90a91125aefe,arn:aws:dynamodb:sa-east-1:415071355886:table/termos,bkp-consent-table-dynamo,COMPLETED,DynamoDB,0.0,,arn:aws:kms:sa-east-1:415071355886:key/8e24ce04-b274-4a85-93d5-1854918cd289,,,,
datahubprod,sa-east-1,backup,arn:aws:backup:sa-east-1:415071355886:recovery-point:c9c0e7cc-8f0a-4f7e-b11d-d739632a44b8,arn:aws:dynamodb:sa-east-1:415071355886:table/consentimento_pj,bkp-consent-table-dynamo,COMPLETED,DynamoDB,0.0,,arn:aws:kms:sa-east-1:415071355886:key/8e24ce04-b274-4a85-93d5-1854918cd289,,,,
datahubprod,sa-east-1,backup,arn:aws:backup:sa-east-1:415071355886:recovery-point:e3747810-a54a-4548-a9dc-6d8ea72889ed,arn:aws:dynamodb:sa-east-1:415071355886:table/consentimento_pf,bkp-consent-table-dynamo,COMPLETED,DynamoDB,1.83,,arn:aws:kms:sa-east-1:415071355886:key/8e24ce04-b274-4a85-93d5-1854918cd289,,,,
datahubprod,sa-east-1,backup,arn:aws:backup:sa-east-1:415071355886:recovery-point:a762390f-9121-4deb-95f9-94f4a6ca4a73,arn:aws:dynamodb:sa-east-1:415071355886:table/termos,bkp-consent-table-dynamo,COMPLETED,DynamoDB,0.0,,arn:aws:kms:sa-east-1:415071355886:key/8e24ce04-b274-4a85-93d5-1854918cd289,,,,
datahubprod,sa-east-1,backup,arn:aws:backup:sa-east-1:415071355886:recovery-point:f7dc2e18-1431-45b0-aa3b-0a41a0a53a39,arn:aws:dynamodb:sa-east-1:415071355886:table/consentimento_pf,bkp-consent-table-dynamo,COMPLETED,DynamoDB,1.83,,arn:aws:kms:sa-east-1:415071355886:key/8e24ce04-b274-4a85-93d5-1854918cd289,,,,
datahubprod,sa-east-1,backup,arn:aws:backup:sa-east-1:415071355886:recovery-point:98ffbbdf-c456-44b8-87a7-44ebe8d08a86,arn:aws:dynamodb:sa-east-1:415071355886:table/termos,bkp-consent-table-dynamo,COMPLETED,DynamoDB,0.0,,arn:aws:kms:sa-east-1:415071355886:key/8e24ce04-b274-4a85-93d5-1854918cd289,,,,
datahubprod,sa-east-1,backup,arn:aws:backup:sa-east-1:415071355886:recovery-point:9ca9d749-9fed-464b-85a6-5f63d091f8ff,arn:aws:dynamodb:sa-east-1:415071355886:table/consentimento_pj,bkp-consent-table-dynamo,COMPLETED,DynamoDB,0.0,,arn:aws:kms:sa-east-1:415071355886:key/8e24ce04-b274-4a85-93d5-1854918cd289,,,,
datahubprod,sa-east-1,backup,arn:aws:backup:sa-east-1:415071355886:recovery-point:3246c1ad-d167-4a7a-a2c7-7a428790550c,arn:aws:dynamodb:sa-east-1:415071355886:table/termos,bkp-consent-table-dynamo,COMPLETED,DynamoDB,0.0,,arn:aws:kms:sa-east-1:415071355886:key/8e24ce04-b274-4a85-93d5-1854918cd289,,,,
datahubprod,sa-east-1,backup,arn:aws:backup:sa-east-1:415071355886:recovery-point:3e2abb3a-9517-4875-ab07-3feb250595f1,arn:aws:dynamodb:sa-east-1:415071355886:table/consentimento_pf,bkp-consent-table-dynamo,COMPLETED,DynamoDB,1.83,,arn:aws:kms:sa-east-1:415071355886:key/8e24ce04-b274-4a85-93d5-1854918cd289,,,,
datahubprod,sa-east-1,backup,arn:aws:backup:sa-east-1:415071355886:recovery-point:5e0fddc8-6e3b-443b-9029-7191823c2136,arn:aws:dynamodb:sa-east-1:415071355886:table/consentimento_pj,bkp-consent-table-dynamo,COMPLETED,DynamoDB,0.0,,arn:aws:kms:sa-east-1:415071355886:key/8e24ce04-b274-4a85-93d5-1854918cd289,,,,
datahubprod,sa-east-1,backup,arn:aws:backup:sa-east-1:415071355886:recovery-point:880c8f8a-c7b9-4227-896a-3fb025bdf927,arn:aws:dynamodb:sa-east-1:415071355886:table/termos,bkp-consent-table-dynamo,COMPLETED,DynamoDB,0.0,,arn:aws:kms:sa-east-1:415071355886:key/8e24ce04-b274-4a85-93d5-1854918cd289,,,,
datahubprod,sa-east-1,backup,arn:aws:backup:sa-east-1:415071355886:recovery-point:8bdb726c-9d58-425a-92cd-05975d2b68ad,arn:aws:dynamodb:sa-east-1:415071355886:table/consentimento_pf,bkp-consent-table-dynamo,COMPLETED,DynamoDB,1.83,,arn:aws:kms:sa-east-1:415071355886:key/8e24ce04-b274-4a85-93d5-1854918cd289,,,,
datahubprod,sa-east-1,backup,arn:aws:backup:sa-east-1:415071355886:recovery-point:9bfed975-26b4-4ef8-8910-e9dfe858d66c,arn:aws:dynamodb:sa-east-1:415071355886:table/consentimento_pj,bkp-consent-table-dynamo,COMPLETED,DynamoDB,0.0,,arn:aws:kms:sa-east-1:415071355886:key/8e24ce04-b274-4a85-93d5-1854918cd289,,,,
datahubprod,sa-east-1,backup,arn:aws:backup:sa-east-1:415071355886:recovery-point:a5ce4631-8eb5-4dd7-9a27-acca97cd064f,arn:aws:dynamodb:sa-east-1:415071355886:table/consentimento_pf,bkp-consent-table-dynamo,COMPLETED,DynamoDB,1.83,,arn:aws:kms:sa-east-1:415071355886:key/8e24ce04-b274-4a85-93d5-1854918cd289,,,,
datahubprod,sa-east-1,backup,arn:aws:backup:sa-east-1:415071355886:recovery-point:cf47e818-b2ca-48f7-8981-792fbe141098,arn:aws:dynamodb:sa-east-1:415071355886:table/consentimento_pj,bkp-consent-table-dynamo,COMPLETED,DynamoDB,0.0,,arn:aws:kms:sa-east-1:415071355886:key/8e24ce04-b274-4a85-93d5-1854918cd289,,,,
datahubprod,sa-east-1,backup,arn:aws:backup:sa-east-1:415071355886:recovery-point:df3197f1-ed85-4a3f-99d9-608919f913e1,arn:aws:dynamodb:sa-east-1:415071355886:table/termos,bkp-consent-table-dynamo,COMPLETED,DynamoDB,0.0,,arn:aws:kms:sa-east-1:415071355886:key/8e24ce04-b274-4a85-93d5-1854918cd289,,,,
datahubprod,sa-east-1,backup,arn:aws:backup:sa-east-1:415071355886:recovery-point:e3bf2ee2-35dc-43e4-aeb0-9fae4665e74a,arn:aws:dynamodb:sa-east-1:415071355886:table/termos,bkp-consent-table-dynamo,COMPLETED,DynamoDB,0.0,,arn:aws:kms:sa-east-1:415071355886:key/8e24ce04-b274-4a85-93d5-1854918cd289,,,,
datahubprod,sa-east-1,backup,arn:aws:backup:sa-east-1:415071355886:recovery-point:6574012e-1392-4c32-8244-fbe039df0259,arn:aws:dynamodb:sa-east-1:415071355886:table/consentimento_pf,bkp-consent-table-dynamo,COMPLETED,DynamoDB,1.83,,arn:aws:kms:sa-east-1:415071355886:key/8e24ce04-b274-4a85-93d5-1854918cd289,,,,
datahubprod,sa-east-1,backup,arn:aws:backup:sa-east-1:415071355886:recovery-point:54e6c05a-a053-4018-b7f7-7ad4d27b0a7f,arn:aws:dynamodb:sa-east-1:415071355886:table/consentimento_pj,bkp-consent-table-dynamo,COMPLETED,DynamoDB,0.0,,arn:aws:kms:sa-east-1:415071355886:key/8e24ce04-b274-4a85-93d5-1854918cd289,,,,
datahubprod,sa-east-1,backup,arn:aws:backup:sa-east-1:415071355886:recovery-point:86dc97df-3195-4911-801b-494f92a1a407,arn:aws:dynamodb:sa-east-1:415071355886:table/consentimento_pf,bkp-consent-table-dynamo,COMPLETED,DynamoDB,1.83,,arn:aws:kms:sa-east-1:415071355886:key/8e24ce04-b274-4a85-93d5-1854918cd289,,,,
datahubprod,sa-east-1,backup,arn:aws:backup:sa-east-1:415071355886:recovery-point:0ea983f1-9352-4196-86ad-f7071e1fda26,arn:aws:dynamodb:sa-east-1:415071355886:table/consentimento_pj,bkp-consent-table-dynamo,COMPLETED,DynamoDB,0.0,,arn:aws:kms:sa-east-1:415071355886:key/8e24ce04-b274-4a85-93d5-1854918cd289,,,,
datahubprod,sa-east-1,backup,arn:aws:backup:sa-east-1:415071355886:recovery-point:cd4f7a50-6fa4-49f5-8937-2336148bc8fe,arn:aws:dynamodb:sa-east-1:415071355886:table/termos,bkp-consent-table-dynamo,COMPLETED,DynamoDB,0.0,,arn:aws:kms:sa-east-1:415071355886:key/8e24ce04-b274-4a85-93d5-1854918cd289,,,,
datahubprod,sa-east-1,backup,arn:aws:backup:sa-east-1:415071355886:recovery-point:c27398da-4fee-41cb-b2c1-42c08e68a1a0,arn:aws:dynamodb:sa-east-1:415071355886:table/termos,bkp-consent-table-dynamo,COMPLETED,DynamoDB,0.0,,arn:aws:kms:sa-east-1:415071355886:key/8e24ce04-b274-4a85-93d5-1854918cd289,,,,
datahubprod,sa-east-1,backup,arn:aws:backup:sa-east-1:415071355886:recovery-point:5fcdb988-0a39-43c8-bf15-06261bc66d25,arn:aws:dynamodb:sa-east-1:415071355886:table/consentimento_pj,bkp-consent-table-dynamo,COMPLETED,DynamoDB,0.0,,arn:aws:kms:sa-east-1:415071355886:key/8e24ce04-b274-4a85-93d5-1854918cd289,,,,
datahubprod,sa-east-1,backup,arn:aws:backup:sa-east-1:415071355886:recovery-point:c4166061-4863-4e8f-b449-8ffaba716359,arn:aws:dynamodb:sa-east-1:415071355886:table/consentimento_pf,bkp-consent-table-dynamo,COMPLETED,DynamoDB,1.83,,arn:aws:kms:sa-east-1:415071355886:key/8e24ce04-b274-4a85-93d5-1854918cd289,,,,
datahubprod,sa-east-1,backup,arn:aws:backup:sa-east-1:415071355886:recovery-point:1f5e268a-9ec7-4a0f-ae34-5e1ac00b4dad,arn:aws:dynamodb:sa-east-1:415071355886:table/termos,bkp-consent-table-dynamo,COMPLETED,DynamoDB,0.0,,arn:aws:kms:sa-east-1:415071355886:key/8e24ce04-b274-4a85-93d5-1854918cd289,,,,
datahubprod,sa-east-1,backup,arn:aws:backup:sa-east-1:415071355886:recovery-point:f980bc10-bac7-464a-a748-75185d67cb66,arn:aws:dynamodb:sa-east-1:415071355886:table/consentimento_pj,bkp-consent-table-dynamo,COMPLETED,DynamoDB,0.0,,arn:aws:kms:sa-east-1:415071355886:key/8e24ce04-b274-4a85-93d5-1854918cd289,,,,
datahubprod,sa-east-1,backup,arn:aws:backup:sa-east-1:415071355886:recovery-point:203d6623-a33f-4b92-a5e2-9591ad3fea4c,arn:aws:dynamodb:sa-east-1:415071355886:table/consentimento_pf,bkp-consent-table-dynamo,COMPLETED,DynamoDB,1.83,,arn:aws:kms:sa-east-1:415071355886:key/8e24ce04-b274-4a85-93d5-1854918cd289,,,,
datahubprod,sa-east-1,backup,arn:aws:backup:sa-east-1:415071355886:recovery-point:f94bbda3-7cd2-499e-b7aa-416602f43fb4,arn:aws:dynamodb:sa-east-1:415071355886:table/consentimento_pj,bkp-consent-table-dynamo,COMPLETED,DynamoDB,0.0,,arn:aws:kms:sa-east-1:415071355886:key/8e24ce04-b274-4a85-93d5-1854918cd289,,,,
datahubprod,sa-east-1,backup,arn:aws:backup:sa-east-1:415071355886:recovery-point:32d295b2-adb9-4957-8a66-4d0ca055c9e1,arn:aws:dynamodb:sa-east-1:415071355886:table/termos,bkp-consent-table-dynamo,COMPLETED,DynamoDB,0.0,,arn:aws:kms:sa-east-1:415071355886:key/8e24ce04-b274-4a85-93d5-1854918cd289,,,,
datahubprod,sa-east-1,backup,arn:aws:backup:sa-east-1:415071355886:recovery-point:1c4e8392-95d3-478c-86a3-95b2ec5b1893,arn:aws:dynamodb:sa-east-1:415071355886:table/consentimento_pf,bkp-consent-table-dynamo,COMPLETED,DynamoDB,1.83,,arn:aws:kms:sa-east-1:415071355886:key/8e24ce04-b274-4a85-93d5-1854918cd289,,,,
datahubprod,sa-east-1,backup,arn:aws:backup:sa-east-1:415071355886:recovery-point:81c1e50a-6f27-4434-bec1-1564922058d9,arn:aws:dynamodb:sa-east-1:415071355886:table/consentimento_pj,bkp-consent-table-dynamo,COMPLETED,DynamoDB,0.0,,arn:aws:kms:sa-east-1:415071355886:key/8e24ce04-b274-4a85-93d5-1854918cd289,,,,
datahubprod,sa-east-1,backup,arn:aws:backup:sa-east-1:415071355886:recovery-point:e942aaa7-4cb7-46ef-91a0-f86c57978ed1,arn:aws:dynamodb:sa-east-1:415071355886:table/consentimento_pf,bkp-consent-table-dynamo,COMPLETED,DynamoDB,1.83,,arn:aws:kms:sa-east-1:415071355886:key/8e24ce04-b274-4a85-93d5-1854918cd289,,,,
datahubprod,sa-east-1,backup,arn:aws:backup:sa-east-1:415071355886:recovery-point:dd3a6e9c-6ed0-4a37-829f-054958a46349,arn:aws:dynamodb:sa-east-1:415071355886:table/termos,bkp-consent-table-dynamo,COMPLETED,DynamoDB,0.0,,arn:aws:kms:sa-east-1:415071355886:key/8e24ce04-b274-4a85-93d5-1854918cd289,,,,
datahubprod,sa-east-1,backup,arn:aws:backup:sa-east-1:415071355886:recovery-point:689754f2-9cd7-4197-b949-2bc85599d3c0,arn:aws:dynamodb:sa-east-1:415071355886:table/consentimento_pj,bkp-consent-table-dynamo,COMPLETED,DynamoDB,0.0,,arn:aws:kms:sa-east-1:415071355886:key/8e24ce04-b274-4a85-93d5-1854918cd289,,,,
datahubprod,sa-east-1,backup,arn:aws:backup:sa-east-1:415071355886:recovery-point:5813019c-7325-49fe-bbf5-c7e2988ac788,arn:aws:dynamodb:sa-east-1:415071355886:table/consentimento_pf,bkp-consent-table-dynamo,COMPLETED,DynamoDB,1.83,,arn:aws:kms:sa-east-1:415071355886:key/8e24ce04-b274-4a85-93d5-1854918cd289,,,,
datahubprod,sa-east-1,backup,arn:aws:backup:sa-east-1:415071355886:recovery-point:4edba899-9d23-437c-b484-43b3cb9c7dc1,arn:aws:dynamodb:sa-east-1:415071355886:table/termos,bkp-consent-table-dynamo,COMPLETED,DynamoDB,0.0,,arn:aws:kms:sa-east-1:415071355886:key/8e24ce04-b274-4a85-93d5-1854918cd289,,,,
datahubprod,sa-east-1,backup,arn:aws:backup:sa-east-1:415071355886:recovery-point:813ff550-fdc7-456c-a09f-4550809922c2,arn:aws:dynamodb:sa-east-1:415071355886:table/consentimento_pj,bkp-consent-table-dynamo,COMPLETED,DynamoDB,0.0,,arn:aws:kms:sa-east-1:415071355886:key/8e24ce04-b274-4a85-93d5-1854918cd289,,,,
datahubprod,sa-east-1,backup,arn:aws:backup:sa-east-1:415071355886:recovery-point:a1515443-0a36-4ba3-8bb8-d608979b4b0f,arn:aws:dynamodb:sa-east-1:415071355886:table/consentimento_pf,bkp-consent-table-dynamo,COMPLETED,DynamoDB,1.83,,arn:aws:kms:sa-east-1:415071355886:key/8e24ce04-b274-4a85-93d5-1854918cd289,,,,
datahubprod,sa-east-1,backup,arn:aws:backup:sa-east-1:415071355886:recovery-point:ca6a5a00-14c5-4d55-8a1d-e6cc982082f0,arn:aws:dynamodb:sa-east-1:415071355886:table/termos,bkp-consent-table-dynamo,COMPLETED,DynamoDB,0.0,,arn:aws:kms:sa-east-1:415071355886:key/8e24ce04-b274-4a85-93d5-1854918cd289,,,,
datahubprod,sa-east-1,backup,arn:aws:backup:sa-east-1:415071355886:recovery-point:7e886c90-f8f1-4300-8de1-df299cff2fde,arn:aws:dynamodb:sa-east-1:415071355886:table/consentimento_pj,bkp-consent-table-dynamo,COMPLETED,DynamoDB,0.0,,arn:aws:kms:sa-east-1:415071355886:key/8e24ce04-b274-4a85-93d5-1854918cd289,,,,
datahubprod,sa-east-1,backup,arn:aws:backup:sa-east-1:415071355886:recovery-point:30b33734-a015-433b-93f3-1b533ad73096,arn:aws:dynamodb:sa-east-1:415071355886:table/consentimento_pf,bkp-consent-table-dynamo,COMPLETED,DynamoDB,1.83,,arn:aws:kms:sa-east-1:415071355886:key/8e24ce04-b274-4a85-93d5-1854918cd289,,,,
datahubprod,sa-east-1,backup,arn:aws:backup:sa-east-1:415071355886:recovery-point:f8576913-b629-458f-9d8b-d3fec8d450fd,arn:aws:dynamodb:sa-east-1:415071355886:table/termos,bkp-consent-table-dynamo,COMPLETED,DynamoDB,0.0,,arn:aws:kms:sa-east-1:415071355886:key/8e24ce04-b274-4a85-93d5-1854918cd289,,,,
datahubprod,sa-east-1,backup,arn:aws:backup:sa-east-1:415071355886:recovery-point:7d776adf-c24c-43fa-9872-6b0a4c809a18,arn:aws:dynamodb:sa-east-1:415071355886:table/termos,bkp-consent-table-dynamo,COMPLETED,DynamoDB,0.0,,arn:aws:kms:sa-east-1:415071355886:key/8e24ce04-b274-4a85-93d5-1854918cd289,,,,
datahubprod,sa-east-1,backup,arn:aws:backup:sa-east-1:415071355886:recovery-point:58d987eb-9215-4b52-b8e5-ed68b79232ea,arn:aws:dynamodb:sa-east-1:415071355886:table/consentimento_pj,bkp-consent-table-dynamo,COMPLETED,DynamoDB,0.0,,arn:aws:kms:sa-east-1:415071355886:key/8e24ce04-b274-4a85-93d5-1854918cd289,,,,
datahubprod,sa-east-1,backup,arn:aws:backup:sa-east-1:415071355886:recovery-point:0d5b7a7b-24c5-4c2a-91dc-796fe17ab0d1,arn:aws:dynamodb:sa-east-1:415071355886:table/consentimento_pf,bkp-consent-table-dynamo,COMPLETED,DynamoDB,1.83,,arn:aws:kms:sa-east-1:415071355886:key/8e24ce04-b274-4a85-93d5-1854918cd289,,,,
datahubprod,sa-east-1,backup,arn:aws:backup:sa-east-1:415071355886:recovery-point:4e24ffd4-84f1-46dc-b2a3-e1f9765dc411,arn:aws:dynamodb:sa-east-1:415071355886:table/termos,bkp-consent-table-dynamo,COMPLETED,DynamoDB,0.0,,arn:aws:kms:sa-east-1:415071355886:key/8e24ce04-b274-4a85-93d5-1854918cd289,,,,
datahubprod,sa-east-1,backup,arn:aws:backup:sa-east-1:415071355886:recovery-point:3c6a7fe1-e4e8-4377-83c4-ed92950080e1,arn:aws:dynamodb:sa-east-1:415071355886:table/consentimento_pf,bkp-consent-table-dynamo,COMPLETED,DynamoDB,1.83,,arn:aws:kms:sa-east-1:415071355886:key/8e24ce04-b274-4a85-93d5-1854918cd289,,,,
datahubprod,sa-east-1,backup,arn:aws:backup:sa-east-1:415071355886:recovery-point:b99890e5-d41c-4aca-b4af-d3d79eec35ff,arn:aws:dynamodb:sa-east-1:415071355886:table/consentimento_pj,bkp-consent-table-dynamo,COMPLETED,DynamoDB,0.0,,arn:aws:kms:sa-east-1:415071355886:key/8e24ce04-b274-4a85-93d5-1854918cd289,,,,
datahubprod,sa-east-1,backup,arn:aws:backup:sa-east-1:415071355886:recovery-point:3aa5b12b-65a5-42f6-a99b-5102d4668423,arn:aws:dynamodb:sa-east-1:415071355886:table/consentimento_pj,bkp-consent-table-dynamo,COMPLETED,DynamoDB,0.0,,arn:aws:kms:sa-east-1:415071355886:key/8e24ce04-b274-4a85-93d5-1854918cd289,,,,
datahubprod,sa-east-1,backup,arn:aws:backup:sa-east-1:415071355886:recovery-point:9a39069f-99ad-46e6-b382-b49a20dcbd33,arn:aws:dynamodb:sa-east-1:415071355886:table/consentimento_pf,bkp-consent-table-dynamo,COMPLETED,DynamoDB,1.83,,arn:aws:kms:sa-east-1:415071355886:key/8e24ce04-b274-4a85-93d5-1854918cd289,,,,
datahubprod,sa-east-1,backup,arn:aws:backup:sa-east-1:415071355886:recovery-point:193cf195-f3fc-440f-b4df-42621dc86179,arn:aws:dynamodb:sa-east-1:415071355886:table/termos,bkp-consent-table-dynamo,COMPLETED,DynamoDB,0.0,,arn:aws:kms:sa-east-1:415071355886:key/8e24ce04-b274-4a85-93d5-1854918cd289,,,,
datahubprod,sa-east-1,backup,arn:aws:backup:sa-east-1:415071355886:recovery-point:03d5e17a-3e09-404c-876a-9bab26b91eee,arn:aws:dynamodb:sa-east-1:415071355886:table/consentimento_pj,bkp-consent-table-dynamo,COMPLETED,DynamoDB,0.0,,arn:aws:kms:sa-east-1:415071355886:key/8e24ce04-b274-4a85-93d5-1854918cd289,,,,
datahubprod,sa-east-1,backup,arn:aws:backup:sa-east-1:415071355886:recovery-point:e4fee6c0-bbd5-4918-82b7-108fd9f18c3f,arn:aws:dynamodb:sa-east-1:415071355886:table/termos,bkp-consent-table-dynamo,COMPLETED,DynamoDB,0.0,,arn:aws:kms:sa-east-1:415071355886:key/8e24ce04-b274-4a85-93d5-1854918cd289,,,,
datahubprod,sa-east-1,backup,arn:aws:backup:sa-east-1:415071355886:recovery-point:634b37d4-4295-419f-af4c-ea2496628145,arn:aws:dynamodb:sa-east-1:415071355886:table/consentimento_pf,bkp-consent-table-dynamo,COMPLETED,DynamoDB,1.83,,arn:aws:kms:sa-east-1:415071355886:key/8e24ce04-b274-4a85-93d5-1854918cd289,,,,
datahubprod,sa-east-1,backup,arn:aws:backup:sa-east-1:415071355886:recovery-point:6d471f23-9489-4da3-9ee2-7887260d04e8,arn:aws:dynamodb:sa-east-1:415071355886:table/consentimento_pf,bkp-consent-table-dynamo,COMPLETED,DynamoDB,1.83,,arn:aws:kms:sa-east-1:415071355886:key/8e24ce04-b274-4a85-93d5-1854918cd289,,,,
datahubprod,sa-east-1,backup,arn:aws:backup:sa-east-1:415071355886:recovery-point:007b83b3-631e-4672-9048-22ae890a4527,arn:aws:dynamodb:sa-east-1:415071355886:table/consentimento_pj,bkp-consent-table-dynamo,COMPLETED,DynamoDB,0.0,,arn:aws:kms:sa-east-1:415071355886:key/8e24ce04-b274-4a85-93d5-1854918cd289,,,,
datahubprod,sa-east-1,backup,arn:aws:backup:sa-east-1:415071355886:recovery-point:5ef3fe3e-571b-4641-8e11-c10a7dee3582,arn:aws:dynamodb:sa-east-1:415071355886:table/termos,bkp-consent-table-dynamo,COMPLETED,DynamoDB,0.0,,arn:aws:kms:sa-east-1:415071355886:key/8e24ce04-b274-4a85-93d5-1854918cd289,,,,
datahubprod,sa-east-1,backup,arn:aws:backup:sa-east-1:415071355886:recovery-point:f86b90dc-14b0-4d48-ac77-fa8cf0b54279,arn:aws:dynamodb:sa-east-1:415071355886:table/termos,bkp-consent-table-dynamo,COMPLETED,DynamoDB,0.0,,arn:aws:kms:sa-east-1:415071355886:key/8e24ce04-b274-4a85-93d5-1854918cd289,,,,
datahubprod,sa-east-1,backup,arn:aws:backup:sa-east-1:415071355886:recovery-point:ec93d2a3-4e43-4c50-a2d8-572d79218910,arn:aws:dynamodb:sa-east-1:415071355886:table/consentimento_pf,bkp-consent-table-dynamo,COMPLETED,DynamoDB,1.83,,arn:aws:kms:sa-east-1:415071355886:key/8e24ce04-b274-4a85-93d5-1854918cd289,,,,
datahubprod,sa-east-1,backup,arn:aws:backup:sa-east-1:415071355886:recovery-point:289a5d5f-31ab-431b-a6bb-603ff6444b14,arn:aws:dynamodb:sa-east-1:415071355886:table/consentimento_pj,bkp-consent-table-dynamo,COMPLETED,DynamoDB,0.0,,arn:aws:kms:sa-east-1:415071355886:key/8e24ce04-b274-4a85-93d5-1854918cd289,,,,
datahubprod,sa-east-1,backup,arn:aws:backup:sa-east-1:415071355886:recovery-point:be9b3c89-6199-4906-a973-2c99235937af,arn:aws:dynamodb:sa-east-1:415071355886:table/consentimento_pj,bkp-consent-table-dynamo,COMPLETED,DynamoDB,0.0,,arn:aws:kms:sa-east-1:415071355886:key/8e24ce04-b274-4a85-93d5-1854918cd289,,,,
datahubprod,sa-east-1,backup,arn:aws:backup:sa-east-1:415071355886:recovery-point:331c0fc0-9577-4744-b27c-436f572053b7,arn:aws:dynamodb:sa-east-1:415071355886:table/termos,bkp-consent-table-dynamo,COMPLETED,DynamoDB,0.0,,arn:aws:kms:sa-east-1:415071355886:key/8e24ce04-b274-4a85-93d5-1854918cd289,,,,
datahubprod,sa-east-1,backup,arn:aws:backup:sa-east-1:415071355886:recovery-point:194b753e-37a5-4388-b973-20c30f5d4249,arn:aws:dynamodb:sa-east-1:415071355886:table/consentimento_pf,bkp-consent-table-dynamo,COMPLETED,DynamoDB,1.83,,arn:aws:kms:sa-east-1:415071355886:key/8e24ce04-b274-4a85-93d5-1854918cd289,,,,
datahubprod,sa-east-1,backup,arn:aws:backup:sa-east-1:415071355886:recovery-point:819928f7-3a73-4465-9705-3ceed1786fef,arn:aws:dynamodb:sa-east-1:415071355886:table/termos,bkp-consent-table-dynamo,COMPLETED,DynamoDB,0.0,,arn:aws:kms:sa-east-1:415071355886:key/8e24ce04-b274-4a85-93d5-1854918cd289,,,,
datahubprod,sa-east-1,backup,arn:aws:backup:sa-east-1:415071355886:recovery-point:9e517842-57ba-4b24-af7d-e6bcaaa5d28c,arn:aws:dynamodb:sa-east-1:415071355886:table/consentimento_pj,bkp-consent-table-dynamo,COMPLETED,DynamoDB,0.0,,arn:aws:kms:sa-east-1:415071355886:key/8e24ce04-b274-4a85-93d5-1854918cd289,,,,
datahubprod,sa-east-1,backup,arn:aws:backup:sa-east-1:415071355886:recovery-point:2a96dd9f-88c5-4040-b1da-fb46c8f76ace,arn:aws:dynamodb:sa-east-1:415071355886:table/consentimento_pf,bkp-consent-table-dynamo,COMPLETED,DynamoDB,1.83,,arn:aws:kms:sa-east-1:415071355886:key/8e24ce04-b274-4a85-93d5-1854918cd289,,,,
datahubprod,sa-east-1,backup,arn:aws:backup:sa-east-1:415071355886:recovery-point:c60f3961-ae9b-4766-a830-632df3ce4f66,arn:aws:dynamodb:sa-east-1:415071355886:table/consentimento_pj,bkp-consent-table-dynamo,COMPLETED,DynamoDB,0.0,,arn:aws:kms:sa-east-1:415071355886:key/8e24ce04-b274-4a85-93d5-1854918cd289,,,,
datahubprod,sa-east-1,backup,arn:aws:backup:sa-east-1:415071355886:recovery-point:5f72e3ca-600b-4842-b82f-91d33448eaf9,arn:aws:dynamodb:sa-east-1:415071355886:table/termos,bkp-consent-table-dynamo,COMPLETED,DynamoDB,0.0,,arn:aws:kms:sa-east-1:415071355886:key/8e24ce04-b274-4a85-93d5-1854918cd289,,,,
datahubprod,sa-east-1,backup,arn:aws:backup:sa-east-1:415071355886:recovery-point:16cd2991-5d62-4c6f-b446-48815239d7ae,arn:aws:dynamodb:sa-east-1:415071355886:table/consentimento_pf,bkp-consent-table-dynamo,COMPLETED,DynamoDB,1.83,,arn:aws:kms:sa-east-1:415071355886:key/8e24ce04-b274-4a85-93d5-1854918cd289,,,,
datahubprod,sa-east-1,backup,arn:aws:backup:sa-east-1:415071355886:recovery-point:3af8c2b8-82d4-4f4c-8d38-5ad40d8fa05c,arn:aws:dynamodb:sa-east-1:415071355886:table/consentimento_pf,bkp-consent-table-dynamo,COMPLETED,DynamoDB,1.83,,arn:aws:kms:sa-east-1:415071355886:key/8e24ce04-b274-4a85-93d5-1854918cd289,,,,
datahubprod,sa-east-1,backup,arn:aws:backup:sa-east-1:415071355886:recovery-point:73ec8266-f869-4c35-aacc-304c43e4cbff,arn:aws:dynamodb:sa-east-1:415071355886:table/termos,bkp-consent-table-dynamo,COMPLETED,DynamoDB,0.0,,arn:aws:kms:sa-east-1:415071355886:key/8e24ce04-b274-4a85-93d5-1854918cd289,,,,
datahubprod,sa-east-1,backup,arn:aws:backup:sa-east-1:415071355886:recovery-point:38b3ed47-4a2f-4d5f-8ae9-6a95a62f2d1f,arn:aws:dynamodb:sa-east-1:415071355886:table/consentimento_pj,bkp-consent-table-dynamo,COMPLETED,DynamoDB,0.0,,arn:aws:kms:sa-east-1:415071355886:key/8e24ce04-b274-4a85-93d5-1854918cd289,,,,
datahubprod,sa-east-1,backup,arn:aws:backup:sa-east-1:415071355886:recovery-point:4f10d2c7-9662-4636-81e9-40c01483d7e0,arn:aws:dynamodb:sa-east-1:415071355886:table/consentimento_pj,bkp-consent-table-dynamo,COMPLETED,DynamoDB,0.0,,arn:aws:kms:sa-east-1:415071355886:key/8e24ce04-b274-4a85-93d5-1854918cd289,,,,
datahubprod,sa-east-1,backup,arn:aws:backup:sa-east-1:415071355886:recovery-point:3f3cb22f-51b3-4712-86ae-6144e66600d8,arn:aws:dynamodb:sa-east-1:415071355886:table/consentimento_pf,bkp-consent-table-dynamo,COMPLETED,DynamoDB,1.83,,arn:aws:kms:sa-east-1:415071355886:key/8e24ce04-b274-4a85-93d5-1854918cd289,,,,
datahubprod,sa-east-1,backup,arn:aws:backup:sa-east-1:415071355886:recovery-point:7c94e1e5-76d1-4350-95c6-fc4d8ae80ca7,arn:aws:dynamodb:sa-east-1:415071355886:table/termos,bkp-consent-table-dynamo,COMPLETED,DynamoDB,0.0,,arn:aws:kms:sa-east-1:415071355886:key/8e24ce04-b274-4a85-93d5-1854918cd289,,,,
datahubprod,sa-east-1,backup,arn:aws:backup:sa-east-1:415071355886:recovery-point:136b3b0c-cb84-4694-a8f3-d27027c35617,arn:aws:dynamodb:sa-east-1:415071355886:table/consentimento_pf,bkp-consent-table-dynamo,COMPLETED,DynamoDB,1.83,,arn:aws:kms:sa-east-1:415071355886:key/8e24ce04-b274-4a85-93d5-1854918cd289,,,,
datahubprod,sa-east-1,backup,arn:aws:backup:sa-east-1:415071355886:recovery-point:67d3d445-6876-4100-9fbe-e59fa362c7db,arn:aws:dynamodb:sa-east-1:415071355886:table/termos,bkp-consent-table-dynamo,COMPLETED,DynamoDB,0.0,,arn:aws:kms:sa-east-1:415071355886:key/8e24ce04-b274-4a85-93d5-1854918cd289,,,,
datahubprod,sa-east-1,backup,arn:aws:backup:sa-east-1:415071355886:recovery-point:3bc17437-7552-4ec9-af00-00c4fa3b0b59,arn:aws:dynamodb:sa-east-1:415071355886:table/consentimento_pj,bkp-consent-table-dynamo,COMPLETED,DynamoDB,0.0,,arn:aws:kms:sa-east-1:415071355886:key/8e24ce04-b274-4a85-93d5-1854918cd289,,,,
datahubprod,sa-east-1,backup,arn:aws:backup:sa-east-1:415071355886:recovery-point:b7435433-8fdc-4b04-9122-db1ae814071b,arn:aws:dynamodb:sa-east-1:415071355886:table/consentimento_pj,bkp-consent-table-dynamo,COMPLETED,DynamoDB,0.0,,arn:aws:kms:sa-east-1:415071355886:key/8e24ce04-b274-4a85-93d5-1854918cd289,,,,
datahubprod,sa-east-1,backup,arn:aws:backup:sa-east-1:415071355886:recovery-point:ed06930f-b41b-4035-b915-09721ac8dc27,arn:aws:dynamodb:sa-east-1:415071355886:table/consentimento_pf,bkp-consent-table-dynamo,COMPLETED,DynamoDB,1.83,,arn:aws:kms:sa-east-1:415071355886:key/8e24ce04-b274-4a85-93d5-1854918cd289,,,,
datahubprod,sa-east-1,backup,arn:aws:backup:sa-east-1:415071355886:recovery-point:a576670f-91d8-4139-9ed3-49868d7d6ed7,arn:aws:dynamodb:sa-east-1:415071355886:table/termos,bkp-consent-table-dynamo,COMPLETED,DynamoDB,0.0,,arn:aws:kms:sa-east-1:415071355886:key/8e24ce04-b274-4a85-93d5-1854918cd289,,,,
datahubprod,sa-east-1,backup,arn:aws:backup:sa-east-1:415071355886:recovery-point:7dcf8879-99b4-415c-b20e-ab870219a881,arn:aws:dynamodb:sa-east-1:415071355886:table/consentimento_pf,bkp-consent-table-dynamo,COMPLETED,DynamoDB,1.83,,arn:aws:kms:sa-east-1:415071355886:key/8e24ce04-b274-4a85-93d5-1854918cd289,,,,
datahubprod,sa-east-1,backup,arn:aws:backup:sa-east-1:415071355886:recovery-point:6d0307f4-d138-47cf-9e04-1779a0738c06,arn:aws:dynamodb:sa-east-1:415071355886:table/consentimento_pj,bkp-consent-table-dynamo,COMPLETED,DynamoDB,0.0,,arn:aws:kms:sa-east-1:415071355886:key/8e24ce04-b274-4a85-93d5-1854918cd289,,,,
datahubprod,sa-east-1,backup,arn:aws:backup:sa-east-1:415071355886:recovery-point:02bd17cd-c85e-42e1-b720-d1f2a966b445,arn:aws:dynamodb:sa-east-1:415071355886:table/termos,bkp-consent-table-dynamo,COMPLETED,DynamoDB,0.0,,arn:aws:kms:sa-east-1:415071355886:key/8e24ce04-b274-4a85-93d5-1854918cd289,,,,
datahubprod,sa-east-1,backup,arn:aws:backup:sa-east-1:415071355886:recovery-point:000be252-c0c5-4c56-ac78-0b317d005287,arn:aws:dynamodb:sa-east-1:415071355886:table/consentimento_pj,bkp-consent-table-dynamo,COMPLETED,DynamoDB,0.0,,arn:aws:kms:sa-east-1:415071355886:key/8e24ce04-b274-4a85-93d5-1854918cd289,,,,
datahubprod,sa-east-1,backup,arn:aws:backup:sa-east-1:415071355886:recovery-point:320f3295-37b1-4a59-b6d7-4c60f729e8c3,arn:aws:dynamodb:sa-east-1:415071355886:table/termos,bkp-consent-table-dynamo,COMPLETED,DynamoDB,0.0,,arn:aws:kms:sa-east-1:415071355886:key/8e24ce04-b274-4a85-93d5-1854918cd289,,,,
datahubprod,sa-east-1,backup,arn:aws:backup:sa-east-1:415071355886:recovery-point:31c327b9-32ad-4d43-9c2b-7149c6cf551f,arn:aws:dynamodb:sa-east-1:415071355886:table/consentimento_pf,bkp-consent-table-dynamo,COMPLETED,DynamoDB,1.83,,arn:aws:kms:sa-east-1:415071355886:key/8e24ce04-b274-4a85-93d5-1854918cd289,,,,
datahubprod,sa-east-1,backup,arn:aws:backup:sa-east-1:415071355886:recovery-point:36c4a657-faa5-4ba2-bbab-9abebec83325,arn:aws:dynamodb:sa-east-1:415071355886:table/consentimento_pf,bkp-consent-table-dynamo,COMPLETED,DynamoDB,1.83,,arn:aws:kms:sa-east-1:415071355886:key/8e24ce04-b274-4a85-93d5-1854918cd289,,,,
datahubprod,sa-east-1,backup,arn:aws:backup:sa-east-1:415071355886:recovery-point:7bfadd33-9ef6-41b3-a8fa-cfb1eae4b8f2,arn:aws:dynamodb:sa-east-1:415071355886:table/termos,bkp-consent-table-dynamo,COMPLETED,DynamoDB,0.0,,arn:aws:kms:sa-east-1:415071355886:key/8e24ce04-b274-4a85-93d5-1854918cd289,,,,
datahubprod,sa-east-1,backup,arn:aws:backup:sa-east-1:415071355886:recovery-point:cd867a76-5a59-424a-ae9d-7814af9587a6,arn:aws:dynamodb:sa-east-1:415071355886:table/consentimento_pj,bkp-consent-table-dynamo,COMPLETED,DynamoDB,0.0,,arn:aws:kms:sa-east-1:415071355886:key/8e24ce04-b274-4a85-93d5-1854918cd289,,,,
datahubprod,sa-east-1,backup,arn:aws:backup:sa-east-1:415071355886:recovery-point:3c366246-3e6f-4dea-bc86-c7ea94d5f78b,arn:aws:dynamodb:sa-east-1:415071355886:table/termos,bkp-consent-table-dynamo,COMPLETED,DynamoDB,0.0,,arn:aws:kms:sa-east-1:415071355886:key/8e24ce04-b274-4a85-93d5-1854918cd289,,,,
datahubprod,sa-east-1,backup,arn:aws:backup:sa-east-1:415071355886:recovery-point:85c6db7a-fff2-400f-a056-3b4f08acba8d,arn:aws:dynamodb:sa-east-1:415071355886:table/consentimento_pf,bkp-consent-table-dynamo,COMPLETED,DynamoDB,1.83,,arn:aws:kms:sa-east-1:415071355886:key/8e24ce04-b274-4a85-93d5-1854918cd289,,,,
datahubprod,sa-east-1,backup,arn:aws:backup:sa-east-1:415071355886:recovery-point:afb3a6c8-cb16-45db-afce-5e18cced2da2,arn:aws:dynamodb:sa-east-1:415071355886:table/consentimento_pj,bkp-consent-table-dynamo,COMPLETED,DynamoDB,0.0,,arn:aws:kms:sa-east-1:415071355886:key/8e24ce04-b274-4a85-93d5-1854918cd289,,,,
datahubprod,sa-east-1,backup,arn:aws:backup:sa-east-1:415071355886:recovery-point:c7750341-d9d5-4aec-86d0-075e2b407a15,arn:aws:dynamodb:sa-east-1:415071355886:table/consentimento_pf,bkp-consent-table-dynamo,COMPLETED,DynamoDB,1.83,,arn:aws:kms:sa-east-1:415071355886:key/8e24ce04-b274-4a85-93d5-1854918cd289,,,,
datahubprod,sa-east-1,backup,arn:aws:backup:sa-east-1:415071355886:recovery-point:ff892a01-6043-4e0d-903a-ed2696902202,arn:aws:dynamodb:sa-east-1:415071355886:table/termos,bkp-consent-table-dynamo,COMPLETED,DynamoDB,0.0,,arn:aws:kms:sa-east-1:415071355886:key/8e24ce04-b274-4a85-93d5-1854918cd289,,,,
datahubprod,sa-east-1,backup,arn:aws:backup:sa-east-1:415071355886:recovery-point:1edfec5b-0856-4888-b837-77b5d890ff09,arn:aws:dynamodb:sa-east-1:415071355886:table/consentimento_pj,bkp-consent-table-dynamo,COMPLETED,DynamoDB,0.0,,arn:aws:kms:sa-east-1:415071355886:key/8e24ce04-b274-4a85-93d5-1854918cd289,,,,
datahubprod,sa-east-1,backup,arn:aws:backup:sa-east-1:415071355886:recovery-point:8150c0ff-e0e3-4863-8cbc-727f256e3247,arn:aws:dynamodb:sa-east-1:415071355886:table/consentimento_pj,bkp-consent-table-dynamo,COMPLETED,DynamoDB,0.0,,arn:aws:kms:sa-east-1:415071355886:key/8e24ce04-b274-4a85-93d5-1854918cd289,,,,
datahubprod,sa-east-1,backup,arn:aws:backup:sa-east-1:415071355886:recovery-point:3ca72630-b36f-4d82-8ffb-5a74cbdb5c67,arn:aws:dynamodb:sa-east-1:415071355886:table/termos,bkp-consent-table-dynamo,COMPLETED,DynamoDB,0.0,,arn:aws:kms:sa-east-1:415071355886:key/8e24ce04-b274-4a85-93d5-1854918cd289,,,,
datahubprod,sa-east-1,backup,arn:aws:backup:sa-east-1:415071355886:recovery-point:3689a714-0f76-4950-8bd0-e90e38421db9,arn:aws:dynamodb:sa-east-1:415071355886:table/consentimento_pf,bkp-consent-table-dynamo,COMPLETED,DynamoDB,1.83,,arn:aws:kms:sa-east-1:415071355886:key/8e24ce04-b274-4a85-93d5-1854918cd289,,,,
datahubprod,sa-east-1,backup,arn:aws:backup:sa-east-1:415071355886:recovery-point:91e3021d-c21b-421b-80f4-34981d54337b,arn:aws:dynamodb:sa-east-1:415071355886:table/consentimento_pf,bkp-consent-table-dynamo,COMPLETED,DynamoDB,1.83,,arn:aws:kms:sa-east-1:415071355886:key/8e24ce04-b274-4a85-93d5-1854918cd289,,,,
datahubprod,sa-east-1,backup,arn:aws:backup:sa-east-1:415071355886:recovery-point:0cb61bf5-5aad-4d1c-a41b-775627a01efb,arn:aws:dynamodb:sa-east-1:415071355886:table/termos,bkp-consent-table-dynamo,COMPLETED,DynamoDB,0.0,,arn:aws:kms:sa-east-1:415071355886:key/8e24ce04-b274-4a85-93d5-1854918cd289,,,,
datahubprod,sa-east-1,backup,arn:aws:backup:sa-east-1:415071355886:recovery-point:6a2df5b1-5509-4d85-97cb-b4dbba7540c9,arn:aws:dynamodb:sa-east-1:415071355886:table/consentimento_pj,bkp-consent-table-dynamo,COMPLETED,DynamoDB,0.0,,arn:aws:kms:sa-east-1:415071355886:key/8e24ce04-b274-4a85-93d5-1854918cd289,,,,
datahubprod,sa-east-1,backup,arn:aws:backup:sa-east-1:415071355886:recovery-point:b39ac6ad-eb2b-40b0-b1d5-9b178ff67b70,arn:aws:dynamodb:sa-east-1:415071355886:table/termos,bkp-consent-table-dynamo,COMPLETED,DynamoDB,0.0,,arn:aws:kms:sa-east-1:415071355886:key/8e24ce04-b274-4a85-93d5-1854918cd289,,,,
datahubprod,sa-east-1,backup,arn:aws:backup:sa-east-1:415071355886:recovery-point:196895d2-1843-43db-92b5-49677fcdf3c2,arn:aws:dynamodb:sa-east-1:415071355886:table/consentimento_pf,bkp-consent-table-dynamo,COMPLETED,DynamoDB,1.83,,arn:aws:kms:sa-east-1:415071355886:key/8e24ce04-b274-4a85-93d5-1854918cd289,,,,
datahubprod,sa-east-1,backup,arn:aws:backup:sa-east-1:415071355886:recovery-point:d3eda18f-49a1-4429-a070-e0e7f2eed034,arn:aws:dynamodb:sa-east-1:415071355886:table/consentimento_pj,bkp-consent-table-dynamo,COMPLETED,DynamoDB,0.0,,arn:aws:kms:sa-east-1:415071355886:key/8e24ce04-b274-4a85-93d5-1854918cd289,,,,
datahubprod,sa-east-1,backup,arn:aws:backup:sa-east-1:415071355886:recovery-point:50c566b9-dcd7-480d-a5b5-88d02af74e1b,arn:aws:dynamodb:sa-east-1:415071355886:table/termos,bkp-consent-table-dynamo,COMPLETED,DynamoDB,0.0,,arn:aws:kms:sa-east-1:415071355886:key/8e24ce04-b274-4a85-93d5-1854918cd289,,,,
datahubprod,sa-east-1,backup,arn:aws:backup:sa-east-1:415071355886:recovery-point:aa11beb5-aeea-4b8c-b680-2ec1da2f4837,arn:aws:dynamodb:sa-east-1:415071355886:table/consentimento_pj,bkp-consent-table-dynamo,COMPLETED,DynamoDB,0.0,,arn:aws:kms:sa-east-1:415071355886:key/8e24ce04-b274-4a85-93d5-1854918cd289,,,,
datahubprod,sa-east-1,backup,arn:aws:backup:sa-east-1:415071355886:recovery-point:747aaad4-70b3-41f4-8101-4369ffd83998,arn:aws:dynamodb:sa-east-1:415071355886:table/consentimento_pf,bkp-consent-table-dynamo,COMPLETED,DynamoDB,1.83,,arn:aws:kms:sa-east-1:415071355886:key/8e24ce04-b274-4a85-93d5-1854918cd289,,,,
datahubprod,sa-east-1,backup,arn:aws:backup:sa-east-1:415071355886:recovery-point:a4e0c45a-6e38-4d28-bd0b-95021ae3f4f1,arn:aws:dynamodb:sa-east-1:415071355886:table/termos,bkp-consent-table-dynamo,COMPLETED,DynamoDB,0.0,,arn:aws:kms:sa-east-1:415071355886:key/8e24ce04-b274-4a85-93d5-1854918cd289,,,,
datahubprod,sa-east-1,backup,arn:aws:backup:sa-east-1:415071355886:recovery-point:2c66c7c8-d79d-42ff-8db1-b170f5b56bec,arn:aws:dynamodb:sa-east-1:415071355886:table/consentimento_pf,bkp-consent-table-dynamo,COMPLETED,DynamoDB,1.83,,arn:aws:kms:sa-east-1:415071355886:key/8e24ce04-b274-4a85-93d5-1854918cd289,,,,
datahubprod,sa-east-1,backup,arn:aws:backup:sa-east-1:415071355886:recovery-point:d9ab844d-2748-4f51-8f13-a55c8bde8986,arn:aws:dynamodb:sa-east-1:415071355886:table/consentimento_pj,bkp-consent-table-dynamo,COMPLETED,DynamoDB,0.0,,arn:aws:kms:sa-east-1:415071355886:key/8e24ce04-b274-4a85-93d5-1854918cd289,,,,
datahubprod,sa-east-1,backup,arn:aws:backup:sa-east-1:415071355886:recovery-point:3acfe47e-dfd5-4563-ba27-9237cc230aa2,arn:aws:dynamodb:sa-east-1:415071355886:table/consentimento_pf,bkp-consent-table-dynamo,COMPLETED,DynamoDB,1.83,,arn:aws:kms:sa-east-1:415071355886:key/8e24ce04-b274-4a85-93d5-1854918cd289,,,,
datahubprod,sa-east-1,backup,arn:aws:backup:sa-east-1:415071355886:recovery-point:ed569c23-2522-401f-9a69-835e2fe9d0b0,arn:aws:dynamodb:sa-east-1:415071355886:table/consentimento_pj,bkp-consent-table-dynamo,COMPLETED,DynamoDB,0.0,,arn:aws:kms:sa-east-1:415071355886:key/8e24ce04-b274-4a85-93d5-1854918cd289,,,,
datahubprod,sa-east-1,backup,arn:aws:backup:sa-east-1:415071355886:recovery-point:e76641ff-4260-4ac1-8c7c-65500179a8cd,arn:aws:dynamodb:sa-east-1:415071355886:table/termos,bkp-consent-table-dynamo,COMPLETED,DynamoDB,0.0,,arn:aws:kms:sa-east-1:415071355886:key/8e24ce04-b274-4a85-93d5-1854918cd289,,,,
datahubprod,sa-east-1,backup,arn:aws:backup:sa-east-1:415071355886:recovery-point:74e7985e-75f0-4325-a6eb-82c1b18ed8c8,arn:aws:dynamodb:sa-east-1:415071355886:table/consentimento_pj,bkp-consent-table-dynamo,COMPLETED,DynamoDB,0.0,,arn:aws:kms:sa-east-1:415071355886:key/8e24ce04-b274-4a85-93d5-1854918cd289,,,,
datahubprod,sa-east-1,backup,arn:aws:backup:sa-east-1:415071355886:recovery-point:52ecedcf-14b8-40f5-9c2b-783275cca02e,arn:aws:dynamodb:sa-east-1:415071355886:table/termos,bkp-consent-table-dynamo,COMPLETED,DynamoDB,0.0,,arn:aws:kms:sa-east-1:415071355886:key/8e24ce04-b274-4a85-93d5-1854918cd289,,,,
datahubprod,sa-east-1,backup,arn:aws:backup:sa-east-1:415071355886:recovery-point:41b1c1b1-c702-414b-9f42-971eaf86abd8,arn:aws:dynamodb:sa-east-1:415071355886:table/consentimento_pf,bkp-consent-table-dynamo,COMPLETED,DynamoDB,1.83,,arn:aws:kms:sa-east-1:415071355886:key/8e24ce04-b274-4a85-93d5-1854918cd289,,,,
datahubprod,sa-east-1,backup,arn:aws:backup:sa-east-1:415071355886:recovery-point:cfffc0fc-2546-4870-a91f-f8bad97b4616,arn:aws:dynamodb:sa-east-1:415071355886:table/consentimento_pf,bkp-consent-table-dynamo,COMPLETED,DynamoDB,1.83,,arn:aws:kms:sa-east-1:415071355886:key/8e24ce04-b274-4a85-93d5-1854918cd289,,,,
datahubprod,sa-east-1,backup,arn:aws:backup:sa-east-1:415071355886:recovery-point:e51d5596-110a-4566-b110-72312a3ee815,arn:aws:dynamodb:sa-east-1:415071355886:table/consentimento_pj,bkp-consent-table-dynamo,COMPLETED,DynamoDB,0.0,,arn:aws:kms:sa-east-1:415071355886:key/8e24ce04-b274-4a85-93d5-1854918cd289,,,,
datahubprod,sa-east-1,backup,arn:aws:backup:sa-east-1:415071355886:recovery-point:ef1fb4d7-33fc-45fa-ac4b-0a11b60e64c0,arn:aws:dynamodb:sa-east-1:415071355886:table/termos,bkp-consent-table-dynamo,COMPLETED,DynamoDB,0.0,,arn:aws:kms:sa-east-1:415071355886:key/8e24ce04-b274-4a85-93d5-1854918cd289,,,,
datahubprod,sa-east-1,backup,arn:aws:backup:sa-east-1:415071355886:recovery-point:5c2dfe75-f3b4-4d8d-a823-e57226f7678c,arn:aws:dynamodb:sa-east-1:415071355886:table/consentimento_pf,bkp-consent-table-dynamo,COMPLETED,DynamoDB,1.83,,arn:aws:kms:sa-east-1:415071355886:key/8e24ce04-b274-4a85-93d5-1854918cd289,,,,
datahubprod,sa-east-1,backup,arn:aws:backup:sa-east-1:415071355886:recovery-point:65fb1463-f3cd-40fb-a280-62569c9bb2a0,arn:aws:dynamodb:sa-east-1:415071355886:table/termos,bkp-consent-table-dynamo,COMPLETED,DynamoDB,0.0,,arn:aws:kms:sa-east-1:415071355886:key/8e24ce04-b274-4a85-93d5-1854918cd289,,,,
datahubprod,sa-east-1,backup,arn:aws:backup:sa-east-1:415071355886:recovery-point:f6f5d407-4ccc-4fe5-bb0f-57b34a17d509,arn:aws:dynamodb:sa-east-1:415071355886:table/consentimento_pj,bkp-consent-table-dynamo,COMPLETED,DynamoDB,0.0,,arn:aws:kms:sa-east-1:415071355886:key/8e24ce04-b274-4a85-93d5-1854918cd289,,,,
datahubprod,sa-east-1,backup,arn:aws:backup:sa-east-1:415071355886:recovery-point:33d61b49-a747-4d38-9334-c354ca77a6f6,arn:aws:dynamodb:sa-east-1:415071355886:table/consentimento_pf,bkp-consent-table-dynamo,COMPLETED,DynamoDB,1.83,,arn:aws:kms:sa-east-1:415071355886:key/8e24ce04-b274-4a85-93d5-1854918cd289,,,,
datahubprod,sa-east-1,backup,arn:aws:backup:sa-east-1:415071355886:recovery-point:e65e7f57-c65a-49a0-a4ea-cb70911da935,arn:aws:dynamodb:sa-east-1:415071355886:table/termos,bkp-consent-table-dynamo,COMPLETED,DynamoDB,0.0,,arn:aws:kms:sa-east-1:415071355886:key/8e24ce04-b274-4a85-93d5-1854918cd289,,,,
datahubprod,sa-east-1,backup,arn:aws:backup:sa-east-1:415071355886:recovery-point:f2ce0cb4-69c3-4282-9ab4-0b013a26292e,arn:aws:dynamodb:sa-east-1:415071355886:table/consentimento_pj,bkp-consent-table-dynamo,COMPLETED,DynamoDB,0.0,,arn:aws:kms:sa-east-1:415071355886:key/8e24ce04-b274-4a85-93d5-1854918cd289,,,,
datahubprod,sa-east-1,backup,arn:aws:backup:sa-east-1:415071355886:recovery-point:8ba9abd4-46bf-4930-9862-7366e277e1b9,arn:aws:dynamodb:sa-east-1:415071355886:table/consentimento_pf,bkp-consent-table-dynamo,COMPLETED,DynamoDB,1.83,,arn:aws:kms:sa-east-1:415071355886:key/8e24ce04-b274-4a85-93d5-1854918cd289,,,,
datahubprod,sa-east-1,backup,arn:aws:backup:sa-east-1:415071355886:recovery-point:a1c617e5-659d-4961-8719-05ad24cd4e32,arn:aws:dynamodb:sa-east-1:415071355886:table/termos,bkp-consent-table-dynamo,COMPLETED,DynamoDB,0.0,,arn:aws:kms:sa-east-1:415071355886:key/8e24ce04-b274-4a85-93d5-1854918cd289,,,,
datahubprod,sa-east-1,backup,arn:aws:backup:sa-east-1:415071355886:recovery-point:869fe466-3b36-4a74-9ee3-dc0c61258a79,arn:aws:dynamodb:sa-east-1:415071355886:table/consentimento_pj,bkp-consent-table-dynamo,COMPLETED,DynamoDB,0.0,,arn:aws:kms:sa-east-1:415071355886:key/8e24ce04-b274-4a85-93d5-1854918cd289,,,,
datahubprod,sa-east-1,backup,arn:aws:backup:sa-east-1:415071355886:recovery-point:05fc48ad-a14e-4a4b-9ca4-18a55686fd80,arn:aws:dynamodb:sa-east-1:415071355886:table/termos,bkp-consent-table-dynamo,COMPLETED,DynamoDB,0.0,,arn:aws:kms:sa-east-1:415071355886:key/8e24ce04-b274-4a85-93d5-1854918cd289,,,,
datahubprod,sa-east-1,backup,arn:aws:backup:sa-east-1:415071355886:recovery-point:c1503aa0-3862-41da-b7c9-8e877346bbf9,arn:aws:dynamodb:sa-east-1:415071355886:table/consentimento_pf,bkp-consent-table-dynamo,COMPLETED,DynamoDB,1.83,,arn:aws:kms:sa-east-1:415071355886:key/8e24ce04-b274-4a85-93d5-1854918cd289,,,,
datahubprod,sa-east-1,backup,arn:aws:backup:sa-east-1:415071355886:recovery-point:e8c33659-3bc1-4291-8d2f-67b9b7d880bc,arn:aws:dynamodb:sa-east-1:415071355886:table/consentimento_pj,bkp-consent-table-dynamo,COMPLETED,DynamoDB,0.0,,arn:aws:kms:sa-east-1:415071355886:key/8e24ce04-b274-4a85-93d5-1854918cd289,,,,
datahubprod,sa-east-1,backup,arn:aws:backup:sa-east-1:415071355886:recovery-point:204eb61c-3ed9-4bc2-851f-f779c249d748,arn:aws:dynamodb:sa-east-1:415071355886:table/consentimento_pf,bkp-consent-table-dynamo,COMPLETED,DynamoDB,1.83,,arn:aws:kms:sa-east-1:415071355886:key/8e24ce04-b274-4a85-93d5-1854918cd289,,,,
datahubprod,sa-east-1,backup,arn:aws:backup:sa-east-1:415071355886:recovery-point:8fc6f39a-5318-484a-9353-09c268e3b401,arn:aws:dynamodb:sa-east-1:415071355886:table/consentimento_pj,bkp-consent-table-dynamo,COMPLETED,DynamoDB,0.0,,arn:aws:kms:sa-east-1:415071355886:key/8e24ce04-b274-4a85-93d5-1854918cd289,,,,
datahubprod,sa-east-1,backup,arn:aws:backup:sa-east-1:415071355886:recovery-point:754eac13-c364-4551-885d-042658c15d0a,arn:aws:dynamodb:sa-east-1:415071355886:table/termos,bkp-consent-table-dynamo,COMPLETED,DynamoDB,0.0,,arn:aws:kms:sa-east-1:415071355886:key/8e24ce04-b274-4a85-93d5-1854918cd289,,,,
datahubprod,sa-east-1,backup,arn:aws:backup:sa-east-1:415071355886:recovery-point:898037a3-3209-4f15-9550-2f21265fcb68,arn:aws:dynamodb:sa-east-1:415071355886:table/consentimento_pf,bkp-consent-table-dynamo,COMPLETED,DynamoDB,1.83,,arn:aws:kms:sa-east-1:415071355886:key/8e24ce04-b274-4a85-93d5-1854918cd289,,,,
datahubprod,sa-east-1,backup,arn:aws:backup:sa-east-1:415071355886:recovery-point:04460256-83cd-4ae7-91b1-7d17907fe8df,arn:aws:dynamodb:sa-east-1:415071355886:table/consentimento_pj,bkp-consent-table-dynamo,COMPLETED,DynamoDB,0.0,,arn:aws:kms:sa-east-1:415071355886:key/8e24ce04-b274-4a85-93d5-1854918cd289,,,,
datahubprod,sa-east-1,backup,arn:aws:backup:sa-east-1:415071355886:recovery-point:f07e8630-bd93-4e8f-a573-db7f9af5a9e6,arn:aws:dynamodb:sa-east-1:415071355886:table/termos,bkp-consent-table-dynamo,COMPLETED,DynamoDB,0.0,,arn:aws:kms:sa-east-1:415071355886:key/8e24ce04-b274-4a85-93d5-1854918cd289,,,,
datahubprod,sa-east-1,backup,arn:aws:backup:sa-east-1:415071355886:recovery-point:49df06a4-7d7f-471b-966a-b1fd63ada461,arn:aws:dynamodb:sa-east-1:415071355886:table/consentimento_pj,bkp-consent-table-dynamo,COMPLETED,DynamoDB,0.0,,arn:aws:kms:sa-east-1:415071355886:key/8e24ce04-b274-4a85-93d5-1854918cd289,,,,
datahubprod,sa-east-1,backup,arn:aws:backup:sa-east-1:415071355886:recovery-point:6ab7b297-ed65-4393-bab7-b50d283d9268,arn:aws:dynamodb:sa-east-1:415071355886:table/consentimento_pf,bkp-consent-table-dynamo,COMPLETED,DynamoDB,1.83,,arn:aws:kms:sa-east-1:415071355886:key/8e24ce04-b274-4a85-93d5-1854918cd289,,,,
datahubprod,sa-east-1,backup,arn:aws:backup:sa-east-1:415071355886:recovery-point:d9c4749d-39b1-4549-b1ea-3c75d6b8a019,arn:aws:dynamodb:sa-east-1:415071355886:table/termos,bkp-consent-table-dynamo,COMPLETED,DynamoDB,0.0,,arn:aws:kms:sa-east-1:415071355886:key/8e24ce04-b274-4a85-93d5-1854918cd289,,,,
datahubprod,sa-east-1,backup,arn:aws:backup:sa-east-1:415071355886:recovery-point:2b201cb2-4102-4927-a06b-f6c6ad6477ab,arn:aws:dynamodb:sa-east-1:415071355886:table/termos,bkp-consent-table-dynamo,COMPLETED,DynamoDB,0.0,,arn:aws:kms:sa-east-1:415071355886:key/8e24ce04-b274-4a85-93d5-1854918cd289,,,,
datahubprod,sa-east-1,backup,arn:aws:backup:sa-east-1:415071355886:recovery-point:e69d8b0b-31e0-49f8-ad46-f0046b0c3b01,arn:aws:dynamodb:sa-east-1:415071355886:table/consentimento_pf,bkp-consent-table-dynamo,COMPLETED,DynamoDB,1.83,,arn:aws:kms:sa-east-1:415071355886:key/8e24ce04-b274-4a85-93d5-1854918cd289,,,,
datahubprod,sa-east-1,backup,arn:aws:backup:sa-east-1:415071355886:recovery-point:b982672e-d406-4379-b373-3578899cdb64,arn:aws:dynamodb:sa-east-1:415071355886:table/consentimento_pj,bkp-consent-table-dynamo,COMPLETED,DynamoDB,0.0,,arn:aws:kms:sa-east-1:415071355886:key/8e24ce04-b274-4a85-93d5-1854918cd289,,,,
datahubprod,sa-east-1,backup,arn:aws:backup:sa-east-1:415071355886:recovery-point:4a4d913f-21cb-4e94-ab6a-b69afb4bb409,arn:aws:dynamodb:sa-east-1:415071355886:table/termos,bkp-consent-table-dynamo,COMPLETED,DynamoDB,0.0,,arn:aws:kms:sa-east-1:415071355886:key/8e24ce04-b274-4a85-93d5-1854918cd289,,,,
datahubprod,sa-east-1,backup,arn:aws:backup:sa-east-1:415071355886:recovery-point:15ae3428-83cd-4c01-94a0-ec2d51d6be52,arn:aws:dynamodb:sa-east-1:415071355886:table/consentimento_pf,bkp-consent-table-dynamo,COMPLETED,DynamoDB,1.83,,arn:aws:kms:sa-east-1:415071355886:key/8e24ce04-b274-4a85-93d5-1854918cd289,,,,
datahubprod,sa-east-1,backup,arn:aws:backup:sa-east-1:415071355886:recovery-point:b6d85f25-77f6-4e23-b7fb-8fc587503152,arn:aws:dynamodb:sa-east-1:415071355886:table/consentimento_pj,bkp-consent-table-dynamo,COMPLETED,DynamoDB,0.0,,arn:aws:kms:sa-east-1:415071355886:key/8e24ce04-b274-4a85-93d5-1854918cd289,,,,
datahubprod,sa-east-1,backup,arn:aws:backup:sa-east-1:415071355886:recovery-point:1dc8e8e0-8426-4be3-bb71-ffa37ef0833d,arn:aws:dynamodb:sa-east-1:415071355886:table/consentimento_pf,bkp-consent-table-dynamo,COMPLETED,DynamoDB,1.83,,arn:aws:kms:sa-east-1:415071355886:key/8e24ce04-b274-4a85-93d5-1854918cd289,,,,
datahubprod,sa-east-1,backup,arn:aws:backup:sa-east-1:415071355886:recovery-point:eb480467-4f02-473a-9ed0-7df6e4d8c7fd,arn:aws:dynamodb:sa-east-1:415071355886:table/termos,bkp-consent-table-dynamo,COMPLETED,DynamoDB,0.0,,arn:aws:kms:sa-east-1:415071355886:key/8e24ce04-b274-4a85-93d5-1854918cd289,,,,
datahubprod,sa-east-1,backup,arn:aws:backup:sa-east-1:415071355886:recovery-point:2298a083-888f-4db5-bc30-19f81f979f3f,arn:aws:dynamodb:sa-east-1:415071355886:table/consentimento_pj,bkp-consent-table-dynamo,COMPLETED,DynamoDB,0.0,,arn:aws:kms:sa-east-1:415071355886:key/8e24ce04-b274-4a85-93d5-1854918cd289,,,,
datahubprod,sa-east-1,backup,arn:aws:backup:sa-east-1:415071355886:recovery-point:a4d299e4-50b8-420c-b87f-aeeaf8478b75,arn:aws:dynamodb:sa-east-1:415071355886:table/consentimento_pf,bkp-consent-table-dynamo,COMPLETED,DynamoDB,1.83,,arn:aws:kms:sa-east-1:415071355886:key/8e24ce04-b274-4a85-93d5-1854918cd289,,,,
datahubprod,sa-east-1,backup,arn:aws:backup:sa-east-1:415071355886:recovery-point:7e26f0cd-2edb-44a6-a182-5fc98f0c0a4d,arn:aws:dynamodb:sa-east-1:415071355886:table/consentimento_pj,bkp-consent-table-dynamo,COMPLETED,DynamoDB,0.0,,arn:aws:kms:sa-east-1:415071355886:key/8e24ce04-b274-4a85-93d5-1854918cd289,,,,
datahubprod,sa-east-1,backup,arn:aws:backup:sa-east-1:415071355886:recovery-point:0883e882-5e0a-4762-bc0d-49e250d4549a,arn:aws:dynamodb:sa-east-1:415071355886:table/termos,bkp-consent-table-dynamo,COMPLETED,DynamoDB,0.0,,arn:aws:kms:sa-east-1:415071355886:key/8e24ce04-b274-4a85-93d5-1854918cd289,,,,
datahubprod,sa-east-1,backup,arn:aws:backup:sa-east-1:415071355886:recovery-point:c2002a4a-4dce-49df-a8bd-007a56a768f8,arn:aws:dynamodb:sa-east-1:415071355886:table/termos,bkp-consent-table-dynamo,COMPLETED,DynamoDB,0.0,,arn:aws:kms:sa-east-1:415071355886:key/8e24ce04-b274-4a85-93d5-1854918cd289,,,,
datahubprod,sa-east-1,backup,arn:aws:backup:sa-east-1:415071355886:recovery-point:2f5838a6-a4d5-466a-ae9a-94df67b9922d,arn:aws:dynamodb:sa-east-1:415071355886:table/consentimento_pf,bkp-consent-table-dynamo,COMPLETED,DynamoDB,1.83,,arn:aws:kms:sa-east-1:415071355886:key/8e24ce04-b274-4a85-93d5-1854918cd289,,,,
datahubprod,sa-east-1,backup,arn:aws:backup:sa-east-1:415071355886:recovery-point:40a311d7-88a7-415e-8443-14d3a8242fbf,arn:aws:dynamodb:sa-east-1:415071355886:table/consentimento_pj,bkp-consent-table-dynamo,COMPLETED,DynamoDB,0.0,,arn:aws:kms:sa-east-1:415071355886:key/8e24ce04-b274-4a85-93d5-1854918cd289,,,,
datahubprod,sa-east-1,backup,arn:aws:backup:sa-east-1:415071355886:recovery-point:eb72d811-ba30-4852-b12c-2ec40cd57431,arn:aws:dynamodb:sa-east-1:415071355886:table/consentimento_pf,bkp-consent-table-dynamo,COMPLETED,DynamoDB,1.83,,arn:aws:kms:sa-east-1:415071355886:key/8e24ce04-b274-4a85-93d5-1854918cd289,,,,
datahubprod,sa-east-1,backup,arn:aws:backup:sa-east-1:415071355886:recovery-point:2ae08533-6c08-4b0b-97b2-c57cf864df95,arn:aws:dynamodb:sa-east-1:415071355886:table/consentimento_pj,bkp-consent-table-dynamo,COMPLETED,DynamoDB,0.0,,arn:aws:kms:sa-east-1:415071355886:key/8e24ce04-b274-4a85-93d5-1854918cd289,,,,
datahubprod,sa-east-1,backup,arn:aws:backup:sa-east-1:415071355886:recovery-point:07f6d1b3-6096-40fe-8bf8-a1398f157fd6,arn:aws:dynamodb:sa-east-1:415071355886:table/termos,bkp-consent-table-dynamo,COMPLETED,DynamoDB,0.0,,arn:aws:kms:sa-east-1:415071355886:key/8e24ce04-b274-4a85-93d5-1854918cd289,,,,
datahubprod,sa-east-1,backup,arn:aws:backup:sa-east-1:415071355886:recovery-point:807a23ff-257b-4e8b-8f36-d8ce70f86497,arn:aws:dynamodb:sa-east-1:415071355886:table/termos,bkp-consent-table-dynamo,COMPLETED,DynamoDB,0.0,,arn:aws:kms:sa-east-1:415071355886:key/8e24ce04-b274-4a85-93d5-1854918cd289,,,,
datahubprod,sa-east-1,backup,arn:aws:backup:sa-east-1:415071355886:recovery-point:d529896c-ab6f-4517-8ec7-96b1a179ded8,arn:aws:dynamodb:sa-east-1:415071355886:table/consentimento_pj,bkp-consent-table-dynamo,COMPLETED,DynamoDB,0.0,,arn:aws:kms:sa-east-1:415071355886:key/8e24ce04-b274-4a85-93d5-1854918cd289,,,,
datahubprod,sa-east-1,backup,arn:aws:backup:sa-east-1:415071355886:recovery-point:85efa0e4-8b48-45d3-a2e6-34f1fe08e1d9,arn:aws:dynamodb:sa-east-1:415071355886:table/consentimento_pf,bkp-consent-table-dynamo,COMPLETED,DynamoDB,1.83,,arn:aws:kms:sa-east-1:415071355886:key/8e24ce04-b274-4a85-93d5-1854918cd289,,,,
datahubprod,sa-east-1,backup,arn:aws:backup:sa-east-1:415071355886:recovery-point:d70283fb-184a-45ef-84ac-072f2699cfcb,arn:aws:dynamodb:sa-east-1:415071355886:table/consentimento_pj,bkp-consent-table-dynamo,COMPLETED,DynamoDB,0.0,,arn:aws:kms:sa-east-1:415071355886:key/8e24ce04-b274-4a85-93d5-1854918cd289,,,,
datahubprod,sa-east-1,backup,arn:aws:backup:sa-east-1:415071355886:recovery-point:2740563c-2980-4e3e-b6f1-d6e235963ad7,arn:aws:dynamodb:sa-east-1:415071355886:table/consentimento_pf,bkp-consent-table-dynamo,COMPLETED,DynamoDB,1.83,,arn:aws:kms:sa-east-1:415071355886:key/8e24ce04-b274-4a85-93d5-1854918cd289,,,,
datahubprod,sa-east-1,backup,arn:aws:backup:sa-east-1:415071355886:recovery-point:1ac10d78-b157-4068-98b4-e9b87b3d409e,arn:aws:dynamodb:sa-east-1:415071355886:table/termos,bkp-consent-table-dynamo,COMPLETED,DynamoDB,0.0,,arn:aws:kms:sa-east-1:415071355886:key/8e24ce04-b274-4a85-93d5-1854918cd289,,,,
datahubprod,sa-east-1,backup,arn:aws:backup:sa-east-1:415071355886:recovery-point:5fc7b5d5-4a27-4e7c-b0a4-9ed15c70a333,arn:aws:dynamodb:sa-east-1:415071355886:table/consentimento_pf,bkp-consent-table-dynamo,COMPLETED,DynamoDB,1.83,,arn:aws:kms:sa-east-1:415071355886:key/8e24ce04-b274-4a85-93d5-1854918cd289,,,,
datahubprod,sa-east-1,backup,arn:aws:backup:sa-east-1:415071355886:recovery-point:90e4ee55-8789-407e-9820-d348f79b382a,arn:aws:dynamodb:sa-east-1:415071355886:table/termos,bkp-consent-table-dynamo,COMPLETED,DynamoDB,0.0,,arn:aws:kms:sa-east-1:415071355886:key/8e24ce04-b274-4a85-93d5-1854918cd289,,,,
datahubprod,sa-east-1,backup,arn:aws:backup:sa-east-1:415071355886:recovery-point:6e16a940-7d44-45b6-bd53-ac99de7efa13,arn:aws:dynamodb:sa-east-1:415071355886:table/consentimento_pj,bkp-consent-table-dynamo,COMPLETED,DynamoDB,0.0,,arn:aws:kms:sa-east-1:415071355886:key/8e24ce04-b274-4a85-93d5-1854918cd289,,,,
datahubprod,sa-east-1,backup,arn:aws:backup:sa-east-1:415071355886:recovery-point:f7584e1f-4a01-4d10-a291-eb11244bca91,arn:aws:dynamodb:sa-east-1:415071355886:table/consentimento_pj,bkp-consent-table-dynamo,COMPLETED,DynamoDB,0.0,,arn:aws:kms:sa-east-1:415071355886:key/8e24ce04-b274-4a85-93d5-1854918cd289,,,,
datahubprod,sa-east-1,backup,arn:aws:backup:sa-east-1:415071355886:recovery-point:25331353-ce2d-4668-af47-cbeb07f77f3e,arn:aws:dynamodb:sa-east-1:415071355886:table/termos,bkp-consent-table-dynamo,COMPLETED,DynamoDB,0.0,,arn:aws:kms:sa-east-1:415071355886:key/8e24ce04-b274-4a85-93d5-1854918cd289,,,,
datahubprod,sa-east-1,backup,arn:aws:backup:sa-east-1:415071355886:recovery-point:7a866961-4df9-43e3-9be8-179185bf462f,arn:aws:dynamodb:sa-east-1:415071355886:table/consentimento_pf,bkp-consent-table-dynamo,COMPLETED,DynamoDB,1.83,,arn:aws:kms:sa-east-1:415071355886:key/8e24ce04-b274-4a85-93d5-1854918cd289,,,,
datahubprod,sa-east-1,backup,arn:aws:backup:sa-east-1:415071355886:recovery-point:8162c32a-912f-4fdb-a4b5-3326528a5db5,arn:aws:dynamodb:sa-east-1:415071355886:table/consentimento_pf,bkp-consent-table-dynamo,COMPLETED,DynamoDB,1.83,,arn:aws:kms:sa-east-1:415071355886:key/8e24ce04-b274-4a85-93d5-1854918cd289,,,,
datahubprod,sa-east-1,backup,arn:aws:backup:sa-east-1:415071355886:recovery-point:b2b4cd0a-fcc8-4451-8d12-9d9193548a84,arn:aws:dynamodb:sa-east-1:415071355886:table/termos,bkp-consent-table-dynamo,COMPLETED,DynamoDB,0.0,,arn:aws:kms:sa-east-1:415071355886:key/8e24ce04-b274-4a85-93d5-1854918cd289,,,,
datahubprod,sa-east-1,backup,arn:aws:backup:sa-east-1:415071355886:recovery-point:eb716b11-d3ff-464b-8f21-8d2ee0a4ceea,arn:aws:dynamodb:sa-east-1:415071355886:table/consentimento_pj,bkp-consent-table-dynamo,COMPLETED,DynamoDB,0.0,,arn:aws:kms:sa-east-1:415071355886:key/8e24ce04-b274-4a85-93d5-1854918cd289,,,,
datahubprod,sa-east-1,backup,arn:aws:backup:sa-east-1:415071355886:recovery-point:c7f949a5-6184-4ac5-86cd-cde963baeb52,arn:aws:dynamodb:sa-east-1:415071355886:table/consentimento_pj,bkp-consent-table-dynamo,COMPLETED,DynamoDB,0.0,,arn:aws:kms:sa-east-1:415071355886:key/8e24ce04-b274-4a85-93d5-1854918cd289,,,,
datahubprod,sa-east-1,backup,arn:aws:backup:sa-east-1:415071355886:recovery-point:7a0e15bd-93b0-4b35-a779-b305d0def4d1,arn:aws:dynamodb:sa-east-1:415071355886:table/consentimento_pf,bkp-consent-table-dynamo,COMPLETED,DynamoDB,1.83,,arn:aws:kms:sa-east-1:415071355886:key/8e24ce04-b274-4a85-93d5-1854918cd289,,,,
datahubprod,sa-east-1,backup,arn:aws:backup:sa-east-1:415071355886:recovery-point:c3188cb8-144a-43a0-b7c2-58e3b5be113f,arn:aws:dynamodb:sa-east-1:415071355886:table/termos,bkp-consent-table-dynamo,COMPLETED,DynamoDB,0.0,,arn:aws:kms:sa-east-1:415071355886:key/8e24ce04-b274-4a85-93d5-1854918cd289,,,,
datahubprod,sa-east-1,backup,arn:aws:backup:sa-east-1:415071355886:recovery-point:9f5795b0-2df1-48b2-8eb9-e185c74ed504,arn:aws:dynamodb:sa-east-1:415071355886:table/termos,bkp-consent-table-dynamo,COMPLETED,DynamoDB,0.0,,arn:aws:kms:sa-east-1:415071355886:key/8e24ce04-b274-4a85-93d5-1854918cd289,,,,
datahubprod,sa-east-1,backup,arn:aws:backup:sa-east-1:415071355886:recovery-point:853704dd-7c50-4ad2-bf07-80b124ff9421,arn:aws:dynamodb:sa-east-1:415071355886:table/consentimento_pf,bkp-consent-table-dynamo,COMPLETED,DynamoDB,1.83,,arn:aws:kms:sa-east-1:415071355886:key/8e24ce04-b274-4a85-93d5-1854918cd289,,,,
datahubprod,sa-east-1,backup,arn:aws:backup:sa-east-1:415071355886:recovery-point:c43aee43-c4b9-4f4b-86dc-9b8f43801e14,arn:aws:dynamodb:sa-east-1:415071355886:table/consentimento_pj,bkp-consent-table-dynamo,COMPLETED,DynamoDB,0.0,,arn:aws:kms:sa-east-1:415071355886:key/8e24ce04-b274-4a85-93d5-1854918cd289,,,,
datahubprod,sa-east-1,backup,arn:aws:backup:sa-east-1:415071355886:recovery-point:3aa31669-8fc5-4286-9c4f-0091eecceac4,arn:aws:dynamodb:sa-east-1:415071355886:table/termos,bkp-consent-table-dynamo,COMPLETED,DynamoDB,0.0,,arn:aws:kms:sa-east-1:415071355886:key/8e24ce04-b274-4a85-93d5-1854918cd289,,,,
datahubprod,sa-east-1,backup,arn:aws:backup:sa-east-1:415071355886:recovery-point:6ad74793-90cb-4442-8430-be43b060238c,arn:aws:dynamodb:sa-east-1:415071355886:table/consentimento_pf,bkp-consent-table-dynamo,COMPLETED,DynamoDB,1.83,,arn:aws:kms:sa-east-1:415071355886:key/8e24ce04-b274-4a85-93d5-1854918cd289,,,,
datahubprod,sa-east-1,backup,arn:aws:backup:sa-east-1:415071355886:recovery-point:db5aa876-8b64-4329-a6c3-c48d2bf6dd14,arn:aws:dynamodb:sa-east-1:415071355886:table/consentimento_pj,bkp-consent-table-dynamo,COMPLETED,DynamoDB,0.0,,arn:aws:kms:sa-east-1:415071355886:key/8e24ce04-b274-4a85-93d5-1854918cd289,,,,
datahubprod,sa-east-1,backup,arn:aws:backup:sa-east-1:415071355886:recovery-point:9789d207-d450-4f37-89d7-fcaba158d686,arn:aws:dynamodb:sa-east-1:415071355886:table/consentimento_pj,bkp-consent-table-dynamo,COMPLETED,DynamoDB,0.0,,arn:aws:kms:sa-east-1:415071355886:key/8e24ce04-b274-4a85-93d5-1854918cd289,,,,
datahubprod,sa-east-1,backup,arn:aws:backup:sa-east-1:415071355886:recovery-point:7114da9f-d38f-4251-83d9-ad6abc965471,arn:aws:dynamodb:sa-east-1:415071355886:table/consentimento_pf,bkp-consent-table-dynamo,COMPLETED,DynamoDB,1.83,,arn:aws:kms:sa-east-1:415071355886:key/8e24ce04-b274-4a85-93d5-1854918cd289,,,,
datahubprod,sa-east-1,backup,arn:aws:backup:sa-east-1:415071355886:recovery-point:e787bb18-d1fe-4e96-bc6a-55509c392138,arn:aws:dynamodb:sa-east-1:415071355886:table/termos,bkp-consent-table-dynamo,COMPLETED,DynamoDB,0.0,,arn:aws:kms:sa-east-1:415071355886:key/8e24ce04-b274-4a85-93d5-1854918cd289,,,,
datahubprod,sa-east-1,backup,arn:aws:backup:sa-east-1:415071355886:recovery-point:2bf061ae-ebf4-4cf0-8966-6190364267b8,arn:aws:dynamodb:sa-east-1:415071355886:table/termos,bkp-consent-table-dynamo,COMPLETED,DynamoDB,0.0,,arn:aws:kms:sa-east-1:415071355886:key/8e24ce04-b274-4a85-93d5-1854918cd289,,,,
datahubprod,sa-east-1,backup,arn:aws:backup:sa-east-1:415071355886:recovery-point:62531a86-d611-49c6-a101-3c8f3d6343bf,arn:aws:dynamodb:sa-east-1:415071355886:table/consentimento_pf,bkp-consent-table-dynamo,COMPLETED,DynamoDB,1.83,,arn:aws:kms:sa-east-1:415071355886:key/8e24ce04-b274-4a85-93d5-1854918cd289,,,,
datahubprod,sa-east-1,backup,arn:aws:backup:sa-east-1:415071355886:recovery-point:e76bf8cb-7c5d-486e-95ad-637ecfd082d3,arn:aws:dynamodb:sa-east-1:415071355886:table/consentimento_pj,bkp-consent-table-dynamo,COMPLETED,DynamoDB,0.0,,arn:aws:kms:sa-east-1:415071355886:key/8e24ce04-b274-4a85-93d5-1854918cd289,,,,
datahubprod,sa-east-1,backup,arn:aws:backup:sa-east-1:415071355886:recovery-point:6a2fa8e7-bf5d-4fe2-9a57-239bb23c866e,arn:aws:dynamodb:sa-east-1:415071355886:table/consentimento_pj,bkp-consent-table-dynamo,COMPLETED,DynamoDB,0.0,,arn:aws:kms:sa-east-1:415071355886:key/8e24ce04-b274-4a85-93d5-1854918cd289,,,,
datahubprod,sa-east-1,backup,arn:aws:backup:sa-east-1:415071355886:recovery-point:0449da07-a0fd-419a-967c-25afaa6350da,arn:aws:dynamodb:sa-east-1:415071355886:table/termos,bkp-consent-table-dynamo,COMPLETED,DynamoDB,0.0,,arn:aws:kms:sa-east-1:415071355886:key/8e24ce04-b274-4a85-93d5-1854918cd289,,,,
datahubprod,sa-east-1,backup,arn:aws:backup:sa-east-1:415071355886:recovery-point:e275f681-edda-42ce-908f-0965f8ac67ac,arn:aws:dynamodb:sa-east-1:415071355886:table/consentimento_pf,bkp-consent-table-dynamo,COMPLETED,DynamoDB,1.83,,arn:aws:kms:sa-east-1:415071355886:key/8e24ce04-b274-4a85-93d5-1854918cd289,,,,
datahubprod,sa-east-1,backup,arn:aws:backup:sa-east-1:415071355886:recovery-point:9349a147-37e9-401e-8efb-2afae5d7bcf6,arn:aws:dynamodb:sa-east-1:415071355886:table/termos,bkp-consent-table-dynamo,COMPLETED,DynamoDB,0.0,,arn:aws:kms:sa-east-1:415071355886:key/8e24ce04-b274-4a85-93d5-1854918cd289,,,,
datahubprod,sa-east-1,backup,arn:aws:backup:sa-east-1:415071355886:recovery-point:85e62842-daa4-4d63-803f-f30c9f3a1270,arn:aws:dynamodb:sa-east-1:415071355886:table/consentimento_pj,bkp-consent-table-dynamo,COMPLETED,DynamoDB,0.0,,arn:aws:kms:sa-east-1:415071355886:key/8e24ce04-b274-4a85-93d5-1854918cd289,,,,
datahubprod,sa-east-1,backup,arn:aws:backup:sa-east-1:415071355886:recovery-point:a6b9b865-ea47-476c-b3cf-09bb9c165912,arn:aws:dynamodb:sa-east-1:415071355886:table/consentimento_pf,bkp-consent-table-dynamo,COMPLETED,DynamoDB,1.83,,arn:aws:kms:sa-east-1:415071355886:key/8e24ce04-b274-4a85-93d5-1854918cd289,,,,
datahubprod,sa-east-1,backup,arn:aws:backup:sa-east-1:415071355886:recovery-point:c276b05a-7419-4fb1-ae1e-cac471961df6,arn:aws:dynamodb:sa-east-1:415071355886:table/consentimento_pf,bkp-consent-table-dynamo,COMPLETED,DynamoDB,1.83,,arn:aws:kms:sa-east-1:415071355886:key/8e24ce04-b274-4a85-93d5-1854918cd289,,,,
datahubprod,sa-east-1,backup,arn:aws:backup:sa-east-1:415071355886:recovery-point:e8840f42-d215-4090-ad4f-eda1d97384e2,arn:aws:dynamodb:sa-east-1:415071355886:table/termos,bkp-consent-table-dynamo,COMPLETED,DynamoDB,0.0,,arn:aws:kms:sa-east-1:415071355886:key/8e24ce04-b274-4a85-93d5-1854918cd289,,,,
datahubprod,sa-east-1,backup,arn:aws:backup:sa-east-1:415071355886:recovery-point:247a717c-f469-427b-bf05-66bafc6e7870,arn:aws:dynamodb:sa-east-1:415071355886:table/consentimento_pj,bkp-consent-table-dynamo,COMPLETED,DynamoDB,0.0,,arn:aws:kms:sa-east-1:415071355886:key/8e24ce04-b274-4a85-93d5-1854918cd289,,,,
datahubprod,sa-east-1,backup,arn:aws:backup:sa-east-1:415071355886:recovery-point:70e87255-3e2d-466e-b6e9-3ae1c0c9d8c8,arn:aws:dynamodb:sa-east-1:415071355886:table/consentimento_pj,bkp-consent-table-dynamo,COMPLETED,DynamoDB,0.0,,arn:aws:kms:sa-east-1:415071355886:key/8e24ce04-b274-4a85-93d5-1854918cd289,,,,
datahubprod,sa-east-1,backup,arn:aws:backup:sa-east-1:415071355886:recovery-point:3fa192bd-9d38-44bf-a382-d8e41704371d,arn:aws:dynamodb:sa-east-1:415071355886:table/consentimento_pf,bkp-consent-table-dynamo,COMPLETED,DynamoDB,1.83,,arn:aws:kms:sa-east-1:415071355886:key/8e24ce04-b274-4a85-93d5-1854918cd289,,,,
datahubprod,sa-east-1,backup,arn:aws:backup:sa-east-1:415071355886:recovery-point:f785943d-d743-44d1-ab22-1e3eeea32c9b,arn:aws:dynamodb:sa-east-1:415071355886:table/termos,bkp-consent-table-dynamo,COMPLETED,DynamoDB,0.0,,arn:aws:kms:sa-east-1:415071355886:key/8e24ce04-b274-4a85-93d5-1854918cd289,,,,
datahubprod,sa-east-1,backup,arn:aws:backup:sa-east-1:415071355886:recovery-point:a087785b-e19d-45ba-b838-9e260207279d,arn:aws:dynamodb:sa-east-1:415071355886:table/consentimento_pf,bkp-consent-table-dynamo,COMPLETED,DynamoDB,1.83,,arn:aws:kms:sa-east-1:415071355886:key/8e24ce04-b274-4a85-93d5-1854918cd289,,,,
datahubprod,sa-east-1,backup,arn:aws:backup:sa-east-1:415071355886:recovery-point:75f03e9e-b8a4-4eb6-99ed-ebff058c148e,arn:aws:dynamodb:sa-east-1:415071355886:table/consentimento_pj,bkp-consent-table-dynamo,COMPLETED,DynamoDB,0.0,,arn:aws:kms:sa-east-1:415071355886:key/8e24ce04-b274-4a85-93d5-1854918cd289,,,,
datahubprod,sa-east-1,backup,arn:aws:backup:sa-east-1:415071355886:recovery-point:bbe69fdf-65e2-47fe-9d50-baea0e94e5c4,arn:aws:dynamodb:sa-east-1:415071355886:table/termos,bkp-consent-table-dynamo,COMPLETED,DynamoDB,0.0,,arn:aws:kms:sa-east-1:415071355886:key/8e24ce04-b274-4a85-93d5-1854918cd289,,,,
datahubprod,sa-east-1,backup,arn:aws:backup:sa-east-1:415071355886:recovery-point:9eeca52b-9932-429c-8cf8-0fb5556d2119,arn:aws:dynamodb:sa-east-1:415071355886:table/consentimento_pf,bkp-consent-table-dynamo,COMPLETED,DynamoDB,1.83,,arn:aws:kms:sa-east-1:415071355886:key/8e24ce04-b274-4a85-93d5-1854918cd289,,,,
datahubprod,sa-east-1,backup,arn:aws:backup:sa-east-1:415071355886:recovery-point:9c50a017-bf4b-4a70-90ef-756119cb50ca,arn:aws:dynamodb:sa-east-1:415071355886:table/consentimento_pj,bkp-consent-table-dynamo,COMPLETED,DynamoDB,0.0,,arn:aws:kms:sa-east-1:415071355886:key/8e24ce04-b274-4a85-93d5-1854918cd289,,,,
datahubprod,sa-east-1,backup,arn:aws:backup:sa-east-1:415071355886:recovery-point:49522ca3-c91e-484f-965f-8568eddd3351,arn:aws:dynamodb:sa-east-1:415071355886:table/termos,bkp-consent-table-dynamo,COMPLETED,DynamoDB,0.0,,arn:aws:kms:sa-east-1:415071355886:key/8e24ce04-b274-4a85-93d5-1854918cd289,,,,
datahubprod,sa-east-1,backup,arn:aws:backup:sa-east-1:415071355886:recovery-point:eb9c2643-18fb-4300-93ab-076a331fc95b,arn:aws:dynamodb:sa-east-1:415071355886:table/consentimento_pj,bkp-consent-table-dynamo,COMPLETED,DynamoDB,0.0,,arn:aws:kms:sa-east-1:415071355886:key/8e24ce04-b274-4a85-93d5-1854918cd289,,,,
datahubprod,sa-east-1,backup,arn:aws:backup:sa-east-1:415071355886:recovery-point:3b612254-a289-46b5-8c92-3e902dfdd93b,arn:aws:dynamodb:sa-east-1:415071355886:table/consentimento_pf,bkp-consent-table-dynamo,COMPLETED,DynamoDB,1.83,,arn:aws:kms:sa-east-1:415071355886:key/8e24ce04-b274-4a85-93d5-1854918cd289,,,,
datahubprod,sa-east-1,backup,arn:aws:backup:sa-east-1:415071355886:recovery-point:d0643879-fa38-43c4-bbeb-7682cf32d79c,arn:aws:dynamodb:sa-east-1:415071355886:table/termos,bkp-consent-table-dynamo,COMPLETED,DynamoDB,0.0,,arn:aws:kms:sa-east-1:415071355886:key/8e24ce04-b274-4a85-93d5-1854918cd289,,,,
datahubprod,sa-east-1,backup,arn:aws:backup:sa-east-1:415071355886:recovery-point:77a9686e-6100-439b-bfc2-9c74704bd8a1,arn:aws:dynamodb:sa-east-1:415071355886:table/consentimento_pj,bkp-consent-table-dynamo,COMPLETED,DynamoDB,0.0,,arn:aws:kms:sa-east-1:415071355886:key/8e24ce04-b274-4a85-93d5-1854918cd289,,,,
datahubprod,sa-east-1,backup,arn:aws:backup:sa-east-1:415071355886:recovery-point:21680464-1ee1-444a-b333-7e64a5c4b7de,arn:aws:dynamodb:sa-east-1:415071355886:table/consentimento_pf,bkp-consent-table-dynamo,COMPLETED,DynamoDB,1.83,,arn:aws:kms:sa-east-1:415071355886:key/8e24ce04-b274-4a85-93d5-1854918cd289,,,,
datahubprod,sa-east-1,backup,arn:aws:backup:sa-east-1:415071355886:recovery-point:30d3c02f-6719-4138-8219-875704740b75,arn:aws:dynamodb:sa-east-1:415071355886:table/termos,bkp-consent-table-dynamo,COMPLETED,DynamoDB,0.0,,arn:aws:kms:sa-east-1:415071355886:key/8e24ce04-b274-4a85-93d5-1854918cd289,,,,
datahubprod,sa-east-1,backup,arn:aws:backup:sa-east-1:415071355886:recovery-point:4c3a5644-5216-4c2d-88ac-095568a5c425,arn:aws:dynamodb:sa-east-1:415071355886:table/termos,bkp-consent-table-dynamo,COMPLETED,DynamoDB,0.0,,arn:aws:kms:sa-east-1:415071355886:key/8e24ce04-b274-4a85-93d5-1854918cd289,,,,
datahubprod,sa-east-1,backup,arn:aws:backup:sa-east-1:415071355886:recovery-point:1506c044-1407-452f-b517-7eca18638963,arn:aws:dynamodb:sa-east-1:415071355886:table/consentimento_pf,bkp-consent-table-dynamo,COMPLETED,DynamoDB,1.83,,arn:aws:kms:sa-east-1:415071355886:key/8e24ce04-b274-4a85-93d5-1854918cd289,,,,
datahubprod,sa-east-1,backup,arn:aws:backup:sa-east-1:415071355886:recovery-point:5d02d41f-c830-40ca-ba5f-86cd1ea2f185,arn:aws:dynamodb:sa-east-1:415071355886:table/consentimento_pj,bkp-consent-table-dynamo,COMPLETED,DynamoDB,0.0,,arn:aws:kms:sa-east-1:415071355886:key/8e24ce04-b274-4a85-93d5-1854918cd289,,,,
datahubprod,sa-east-1,backup,arn:aws:backup:sa-east-1:415071355886:recovery-point:7bbded13-86db-4f63-95a3-a504355a9d15,arn:aws:dynamodb:sa-east-1:415071355886:table/termos,bkp-consent-table-dynamo,COMPLETED,DynamoDB,0.0,,arn:aws:kms:sa-east-1:415071355886:key/8e24ce04-b274-4a85-93d5-1854918cd289,,,,
datahubprod,sa-east-1,backup,arn:aws:backup:sa-east-1:415071355886:recovery-point:2e2fa6bf-9b9d-4202-b405-0bc06fdfa40a,arn:aws:dynamodb:sa-east-1:415071355886:table/consentimento_pj,bkp-consent-table-dynamo,COMPLETED,DynamoDB,0.0,,arn:aws:kms:sa-east-1:415071355886:key/8e24ce04-b274-4a85-93d5-1854918cd289,,,,
datahubprod,sa-east-1,backup,arn:aws:backup:sa-east-1:415071355886:recovery-point:901b944e-c09a-457e-a0b7-67fcd6834cb1,arn:aws:dynamodb:sa-east-1:415071355886:table/consentimento_pf,bkp-consent-table-dynamo,COMPLETED,DynamoDB,1.83,,arn:aws:kms:sa-east-1:415071355886:key/8e24ce04-b274-4a85-93d5-1854918cd289,,,,
datahubprod,sa-east-1,backup,arn:aws:backup:sa-east-1:415071355886:recovery-point:8163db70-13a0-4bb3-bd85-4d843f719377,arn:aws:dynamodb:sa-east-1:415071355886:table/termos,bkp-consent-table-dynamo,COMPLETED,DynamoDB,0.0,,arn:aws:kms:sa-east-1:415071355886:key/8e24ce04-b274-4a85-93d5-1854918cd289,,,,
datahubprod,sa-east-1,backup,arn:aws:backup:sa-east-1:415071355886:recovery-point:c6d3b4cb-81d1-4793-8c87-6c23982bca4a,arn:aws:dynamodb:sa-east-1:415071355886:table/consentimento_pj,bkp-consent-table-dynamo,COMPLETED,DynamoDB,0.0,,arn:aws:kms:sa-east-1:415071355886:key/8e24ce04-b274-4a85-93d5-1854918cd289,,,,
datahubprod,sa-east-1,backup,arn:aws:backup:sa-east-1:415071355886:recovery-point:e0cbe36d-4702-416d-a430-5dcc05e747f5,arn:aws:dynamodb:sa-east-1:415071355886:table/consentimento_pf,bkp-consent-table-dynamo,COMPLETED,DynamoDB,1.83,,arn:aws:kms:sa-east-1:415071355886:key/8e24ce04-b274-4a85-93d5-1854918cd289,,,,
datahubprod,sa-east-1,backup,arn:aws:backup:sa-east-1:415071355886:recovery-point:d37cb976-ae1c-481a-9082-1e4766bb2d44,arn:aws:dynamodb:sa-east-1:415071355886:table/consentimento_pj,bkp-consent-table-dynamo,COMPLETED,DynamoDB,0.0,,arn:aws:kms:sa-east-1:415071355886:key/8e24ce04-b274-4a85-93d5-1854918cd289,,,,
datahubprod,sa-east-1,backup,arn:aws:backup:sa-east-1:415071355886:recovery-point:1e5687c8-91db-4f70-801d-27c6ceee73b8,arn:aws:dynamodb:sa-east-1:415071355886:table/consentimento_pf,bkp-consent-table-dynamo,COMPLETED,DynamoDB,1.83,,arn:aws:kms:sa-east-1:415071355886:key/8e24ce04-b274-4a85-93d5-1854918cd289,,,,
datahubprod,sa-east-1,backup,arn:aws:backup:sa-east-1:415071355886:recovery-point:b24bb2f8-f64a-4616-94df-5bf2f1172308,arn:aws:dynamodb:sa-east-1:415071355886:table/termos,bkp-consent-table-dynamo,COMPLETED,DynamoDB,0.0,,arn:aws:kms:sa-east-1:415071355886:key/8e24ce04-b274-4a85-93d5-1854918cd289,,,,
datahubprod,sa-east-1,backup,arn:aws:backup:sa-east-1:415071355886:recovery-point:2bbefec9-2bd6-4924-a653-adc8278e538c,arn:aws:dynamodb:sa-east-1:415071355886:table/termos,bkp-consent-table-dynamo,COMPLETED,DynamoDB,0.0,,arn:aws:kms:sa-east-1:415071355886:key/8e24ce04-b274-4a85-93d5-1854918cd289,,,,
datahubprod,sa-east-1,backup,arn:aws:backup:sa-east-1:415071355886:recovery-point:f833d14d-0cc2-4bfb-b66c-5a678aea8a6a,arn:aws:dynamodb:sa-east-1:415071355886:table/consentimento_pj,bkp-consent-table-dynamo,COMPLETED,DynamoDB,0.0,,arn:aws:kms:sa-east-1:415071355886:key/8e24ce04-b274-4a85-93d5-1854918cd289,,,,
datahubprod,sa-east-1,backup,arn:aws:backup:sa-east-1:415071355886:recovery-point:4ecd9da7-010f-4e8c-8557-bc62d8e84c30,arn:aws:dynamodb:sa-east-1:415071355886:table/consentimento_pf,bkp-consent-table-dynamo,COMPLETED,DynamoDB,1.83,,arn:aws:kms:sa-east-1:415071355886:key/8e24ce04-b274-4a85-93d5-1854918cd289,,,,
datahubprod,sa-east-1,backup,arn:aws:backup:sa-east-1:415071355886:recovery-point:ef4f6c80-8c3f-4b9a-b5f5-22f7eecd2e3d,arn:aws:dynamodb:sa-east-1:415071355886:table/consentimento_pj,bkp-consent-table-dynamo,COMPLETED,DynamoDB,0.0,,arn:aws:kms:sa-east-1:415071355886:key/8e24ce04-b274-4a85-93d5-1854918cd289,,,,
datahubprod,sa-east-1,backup,arn:aws:backup:sa-east-1:415071355886:recovery-point:b0401c9e-cc3f-4388-ba2a-13b708027b25,arn:aws:dynamodb:sa-east-1:415071355886:table/termos,bkp-consent-table-dynamo,COMPLETED,DynamoDB,0.0,,arn:aws:kms:sa-east-1:415071355886:key/8e24ce04-b274-4a85-93d5-1854918cd289,,,,
datahubprod,sa-east-1,backup,arn:aws:backup:sa-east-1:415071355886:recovery-point:f87b37cf-c7cb-4bf8-88e9-67107372fe7a,arn:aws:dynamodb:sa-east-1:415071355886:table/consentimento_pf,bkp-consent-table-dynamo,COMPLETED,DynamoDB,1.83,,arn:aws:kms:sa-east-1:415071355886:key/8e24ce04-b274-4a85-93d5-1854918cd289,,,,
datahubprod,sa-east-1,backup,arn:aws:backup:sa-east-1:415071355886:recovery-point:8fce01dc-21d8-4909-a683-c93bb0c7066a,arn:aws:dynamodb:sa-east-1:415071355886:table/consentimento_pf,bkp-consent-table-dynamo,COMPLETED,DynamoDB,1.83,,arn:aws:kms:sa-east-1:415071355886:key/8e24ce04-b274-4a85-93d5-1854918cd289,,,,
datahubprod,sa-east-1,backup,arn:aws:backup:sa-east-1:415071355886:recovery-point:47a62d11-7d75-45e5-a3f7-c71a486d5022,arn:aws:dynamodb:sa-east-1:415071355886:table/consentimento_pj,bkp-consent-table-dynamo,COMPLETED,DynamoDB,0.0,,arn:aws:kms:sa-east-1:415071355886:key/8e24ce04-b274-4a85-93d5-1854918cd289,,,,
datahubprod,sa-east-1,backup,arn:aws:backup:sa-east-1:415071355886:recovery-point:36b950be-db00-4260-ab3a-5076f3b2ceb2,arn:aws:dynamodb:sa-east-1:415071355886:table/termos,bkp-consent-table-dynamo,COMPLETED,DynamoDB,0.0,,arn:aws:kms:sa-east-1:415071355886:key/8e24ce04-b274-4a85-93d5-1854918cd289,,,,
datahubprod,sa-east-1,backup,arn:aws:backup:sa-east-1:415071355886:recovery-point:58ac6af4-33f6-4fd5-af3d-d10a74ae9fa5,arn:aws:dynamodb:sa-east-1:415071355886:table/consentimento_pf,bkp-consent-table-dynamo,COMPLETED,DynamoDB,1.83,,arn:aws:kms:sa-east-1:415071355886:key/8e24ce04-b274-4a85-93d5-1854918cd289,,,,
datahubprod,sa-east-1,backup,arn:aws:backup:sa-east-1:415071355886:recovery-point:2c9c10f2-ef7b-4e84-baf1-7a80e59ecb73,arn:aws:dynamodb:sa-east-1:415071355886:table/consentimento_pj,bkp-consent-table-dynamo,COMPLETED,DynamoDB,0.0,,arn:aws:kms:sa-east-1:415071355886:key/8e24ce04-b274-4a85-93d5-1854918cd289,,,,
datahubprod,sa-east-1,backup,arn:aws:backup:sa-east-1:415071355886:recovery-point:22034280-4016-4f71-bfab-57106ce89009,arn:aws:dynamodb:sa-east-1:415071355886:table/termos,bkp-consent-table-dynamo,COMPLETED,DynamoDB,0.0,,arn:aws:kms:sa-east-1:415071355886:key/8e24ce04-b274-4a85-93d5-1854918cd289,,,,
datahubprod,sa-east-1,backup,arn:aws:backup:sa-east-1:415071355886:recovery-point:241d91fb-23ba-4756-b7cd-981822bbdde7,arn:aws:dynamodb:sa-east-1:415071355886:table/termos,bkp-consent-table-dynamo,COMPLETED,DynamoDB,0.0,,arn:aws:kms:sa-east-1:415071355886:key/8e24ce04-b274-4a85-93d5-1854918cd289,,,,
datahubprod,sa-east-1,backup,arn:aws:backup:sa-east-1:415071355886:recovery-point:62f41723-e85a-4558-ab87-4873e21ca5ce,arn:aws:dynamodb:sa-east-1:415071355886:table/consentimento_pj,bkp-consent-table-dynamo,COMPLETED,DynamoDB,0.0,,arn:aws:kms:sa-east-1:415071355886:key/8e24ce04-b274-4a85-93d5-1854918cd289,,,,
datahubprod,sa-east-1,backup,arn:aws:backup:sa-east-1:415071355886:recovery-point:2a385957-0fc7-41ba-84ef-8ee34c5683f5,arn:aws:dynamodb:sa-east-1:415071355886:table/consentimento_pf,bkp-consent-table-dynamo,COMPLETED,DynamoDB,1.83,,arn:aws:kms:sa-east-1:415071355886:key/8e24ce04-b274-4a85-93d5-1854918cd289,,,,
datahubprod,sa-east-1,backup,arn:aws:backup:sa-east-1:415071355886:recovery-point:95f21561-ab44-443d-8aaa-c3c83a305c0b,arn:aws:dynamodb:sa-east-1:415071355886:table/termos,bkp-consent-table-dynamo,COMPLETED,DynamoDB,0.0,,arn:aws:kms:sa-east-1:415071355886:key/8e24ce04-b274-4a85-93d5-1854918cd289,,,,
datahubprod,sa-east-1,backup,arn:aws:backup:sa-east-1:415071355886:recovery-point:97eb78e2-5d00-479c-b8d1-0e24fd825009,arn:aws:dynamodb:sa-east-1:415071355886:table/consentimento_pf,bkp-consent-table-dynamo,COMPLETED,DynamoDB,1.83,,arn:aws:kms:sa-east-1:415071355886:key/8e24ce04-b274-4a85-93d5-1854918cd289,,,,
datahubprod,sa-east-1,backup,arn:aws:backup:sa-east-1:415071355886:recovery-point:334a6325-eeee-4842-b144-090c2d3bcd7b,arn:aws:dynamodb:sa-east-1:415071355886:table/consentimento_pj,bkp-consent-table-dynamo,COMPLETED,DynamoDB,0.0,,arn:aws:kms:sa-east-1:415071355886:key/8e24ce04-b274-4a85-93d5-1854918cd289,,,,
datahubprod,sa-east-1,backup,arn:aws:backup:sa-east-1:415071355886:recovery-point:6f865dac-9b9a-47d1-b92c-e6ace15d5cbe,arn:aws:dynamodb:sa-east-1:415071355886:table/termos,bkp-consent-table-dynamo,COMPLETED,DynamoDB,0.0,,arn:aws:kms:sa-east-1:415071355886:key/8e24ce04-b274-4a85-93d5-1854918cd289,,,,
datahubprod,sa-east-1,backup,arn:aws:backup:sa-east-1:415071355886:recovery-point:df6ce8f7-2270-429f-b947-6fe03706a0b0,arn:aws:dynamodb:sa-east-1:415071355886:table/consentimento_pf,bkp-consent-table-dynamo,COMPLETED,DynamoDB,1.83,,arn:aws:kms:sa-east-1:415071355886:key/8e24ce04-b274-4a85-93d5-1854918cd289,,,,
datahubprod,sa-east-1,backup,arn:aws:backup:sa-east-1:415071355886:recovery-point:0f5d887b-fb95-40e9-849b-d96fffca4514,arn:aws:dynamodb:sa-east-1:415071355886:table/consentimento_pj,bkp-consent-table-dynamo,COMPLETED,DynamoDB,0.0,,arn:aws:kms:sa-east-1:415071355886:key/8e24ce04-b274-4a85-93d5-1854918cd289,,,,
datahubprod,sa-east-1,backup,arn:aws:backup:sa-east-1:415071355886:recovery-point:85c691ee-e698-4884-b4d5-0c814ce5f0ad,arn:aws:dynamodb:sa-east-1:415071355886:table/consentimento_pf,bkp-consent-table-dynamo,COMPLETED,DynamoDB,1.83,,arn:aws:kms:sa-east-1:415071355886:key/8e24ce04-b274-4a85-93d5-1854918cd289,,,,
datahubprod,sa-east-1,backup,arn:aws:backup:sa-east-1:415071355886:recovery-point:0b8798e4-2e41-4c53-b2d1-cf4eb8ee4950,arn:aws:dynamodb:sa-east-1:415071355886:table/consentimento_pj,bkp-consent-table-dynamo,COMPLETED,DynamoDB,0.0,,arn:aws:kms:sa-east-1:415071355886:key/8e24ce04-b274-4a85-93d5-1854918cd289,,,,
datahubprod,sa-east-1,backup,arn:aws:backup:sa-east-1:415071355886:recovery-point:57f405dd-6596-4677-ae13-e8de2a17ecbd,arn:aws:dynamodb:sa-east-1:415071355886:table/termos,bkp-consent-table-dynamo,COMPLETED,DynamoDB,0.0,,arn:aws:kms:sa-east-1:415071355886:key/8e24ce04-b274-4a85-93d5-1854918cd289,,,,
datahubprod,sa-east-1,backup,arn:aws:backup:sa-east-1:415071355886:recovery-point:ee12ac37-6476-4085-9f0d-72c3165a952d,arn:aws:dynamodb:sa-east-1:415071355886:table/termos,bkp-consent-table-dynamo,COMPLETED,DynamoDB,0.0,,arn:aws:kms:sa-east-1:415071355886:key/8e24ce04-b274-4a85-93d5-1854918cd289,,,,
datahubprod,sa-east-1,backup,arn:aws:backup:sa-east-1:415071355886:recovery-point:ed8cf9a9-7202-4862-978e-1616f48ad895,arn:aws:dynamodb:sa-east-1:415071355886:table/consentimento_pf,bkp-consent-table-dynamo,COMPLETED,DynamoDB,1.83,,arn:aws:kms:sa-east-1:415071355886:key/8e24ce04-b274-4a85-93d5-1854918cd289,,,,
datahubprod,sa-east-1,backup,arn:aws:backup:sa-east-1:415071355886:recovery-point:3c3780bd-c45d-4b74-8ecb-f921abda2247,arn:aws:dynamodb:sa-east-1:415071355886:table/consentimento_pj,bkp-consent-table-dynamo,COMPLETED,DynamoDB,0.0,,arn:aws:kms:sa-east-1:415071355886:key/8e24ce04-b274-4a85-93d5-1854918cd289,,,,
datahubprod,sa-east-1,backup,arn:aws:backup:sa-east-1:415071355886:recovery-point:8dd6de3c-9dfd-48b7-ae90-10712db1fe9e,arn:aws:dynamodb:sa-east-1:415071355886:table/termos,bkp-consent-table-dynamo,COMPLETED,DynamoDB,0.0,,arn:aws:kms:sa-east-1:415071355886:key/8e24ce04-b274-4a85-93d5-1854918cd289,,,,
datahubprod,sa-east-1,backup,arn:aws:backup:sa-east-1:415071355886:recovery-point:db838ece-bb0d-48ad-8e55-6dd186d60b59,arn:aws:dynamodb:sa-east-1:415071355886:table/consentimento_pj,bkp-consent-table-dynamo,COMPLETED,DynamoDB,0.0,,arn:aws:kms:sa-east-1:415071355886:key/8e24ce04-b274-4a85-93d5-1854918cd289,,,,
datahubprod,sa-east-1,backup,arn:aws:backup:sa-east-1:415071355886:recovery-point:e7512e18-b844-47e4-a2a0-445fb87b8da5,arn:aws:dynamodb:sa-east-1:415071355886:table/consentimento_pf,bkp-consent-table-dynamo,COMPLETED,DynamoDB,1.83,,arn:aws:kms:sa-east-1:415071355886:key/8e24ce04-b274-4a85-93d5-1854918cd289,,,,
datahubprod,sa-east-1,backup,arn:aws:backup:sa-east-1:415071355886:recovery-point:326d22b3-0ebd-4f92-bcf3-deef65906e1d,arn:aws:dynamodb:sa-east-1:415071355886:table/consentimento_pf,bkp-consent-table-dynamo,COMPLETED,DynamoDB,1.83,,arn:aws:kms:sa-east-1:415071355886:key/8e24ce04-b274-4a85-93d5-1854918cd289,,,,
datahubprod,sa-east-1,backup,arn:aws:backup:sa-east-1:415071355886:recovery-point:9277b6fd-8b75-4519-8eef-76a0956d8966,arn:aws:dynamodb:sa-east-1:415071355886:table/consentimento_pj,bkp-consent-table-dynamo,COMPLETED,DynamoDB,0.0,,arn:aws:kms:sa-east-1:415071355886:key/8e24ce04-b274-4a85-93d5-1854918cd289,,,,
datahubprod,sa-east-1,backup,arn:aws:backup:sa-east-1:415071355886:recovery-point:d250e2d9-2d16-4053-9c73-7acd06e393b3,arn:aws:dynamodb:sa-east-1:415071355886:table/termos,bkp-consent-table-dynamo,COMPLETED,DynamoDB,0.0,,arn:aws:kms:sa-east-1:415071355886:key/8e24ce04-b274-4a85-93d5-1854918cd289,,,,
datahubprod,sa-east-1,backup,arn:aws:backup:sa-east-1:415071355886:recovery-point:32aa9984-08a3-46f0-b746-41e236693a9b,arn:aws:dynamodb:sa-east-1:415071355886:table/termos,bkp-consent-table-dynamo,COMPLETED,DynamoDB,0.0,,arn:aws:kms:sa-east-1:415071355886:key/8e24ce04-b274-4a85-93d5-1854918cd289,,,,
datahubprod,sa-east-1,backup,arn:aws:backup:sa-east-1:415071355886:recovery-point:de65ada9-ae56-4d6a-8a8f-2afe59889111,arn:aws:dynamodb:sa-east-1:415071355886:table/consentimento_pj,bkp-consent-table-dynamo,COMPLETED,DynamoDB,0.0,,arn:aws:kms:sa-east-1:415071355886:key/8e24ce04-b274-4a85-93d5-1854918cd289,,,,
datahubprod,sa-east-1,backup,arn:aws:backup:sa-east-1:415071355886:recovery-point:d2bf7760-42d8-4b5a-89eb-85c031c3a4ae,arn:aws:dynamodb:sa-east-1:415071355886:table/consentimento_pf,bkp-consent-table-dynamo,COMPLETED,DynamoDB,1.83,,arn:aws:kms:sa-east-1:415071355886:key/8e24ce04-b274-4a85-93d5-1854918cd289,,,,
datahubprod,sa-east-1,backup,arn:aws:backup:sa-east-1:415071355886:recovery-point:f79f2c1f-713c-4ce2-9c72-0c6c027751ec,arn:aws:dynamodb:sa-east-1:415071355886:table/consentimento_pj,bkp-consent-table-dynamo,COMPLETED,DynamoDB,0.0,,arn:aws:kms:sa-east-1:415071355886:key/8e24ce04-b274-4a85-93d5-1854918cd289,,,,
datahubprod,sa-east-1,backup,arn:aws:backup:sa-east-1:415071355886:recovery-point:39a8d520-9000-487a-b269-d41480436531,arn:aws:dynamodb:sa-east-1:415071355886:table/termos,bkp-consent-table-dynamo,COMPLETED,DynamoDB,0.0,,arn:aws:kms:sa-east-1:415071355886:key/8e24ce04-b274-4a85-93d5-1854918cd289,,,,
datahubprod,sa-east-1,backup,arn:aws:backup:sa-east-1:415071355886:recovery-point:a039f409-d2d6-4d39-8169-d2e2ec9ac8e0,arn:aws:dynamodb:sa-east-1:415071355886:table/consentimento_pf,bkp-consent-table-dynamo,COMPLETED,DynamoDB,1.83,,arn:aws:kms:sa-east-1:415071355886:key/8e24ce04-b274-4a85-93d5-1854918cd289,,,,
datahubprod,sa-east-1,backup,arn:aws:backup:sa-east-1:415071355886:recovery-point:e35ebda9-b674-4308-956f-fae6fca6c9e4,arn:aws:dynamodb:sa-east-1:415071355886:table/consentimento_pj,bkp-consent-table-dynamo,COMPLETED,DynamoDB,0.0,,arn:aws:kms:sa-east-1:415071355886:key/8e24ce04-b274-4a85-93d5-1854918cd289,,,,
datahubprod,sa-east-1,backup,arn:aws:backup:sa-east-1:415071355886:recovery-point:f5486237-940e-4820-bd8a-5c9649505800,arn:aws:dynamodb:sa-east-1:415071355886:table/termos,bkp-consent-table-dynamo,COMPLETED,DynamoDB,0.0,,arn:aws:kms:sa-east-1:415071355886:key/8e24ce04-b274-4a85-93d5-1854918cd289,,,,
datahubprod,sa-east-1,backup,arn:aws:backup:sa-east-1:415071355886:recovery-point:4ed3ff88-b7bb-4bef-9975-4072c6026986,arn:aws:dynamodb:sa-east-1:415071355886:table/consentimento_pf,bkp-consent-table-dynamo,COMPLETED,DynamoDB,1.83,,arn:aws:kms:sa-east-1:415071355886:key/8e24ce04-b274-4a85-93d5-1854918cd289,,,,
datahubprod,sa-east-1,backup,arn:aws:backup:sa-east-1:415071355886:recovery-point:5d452cb2-e17a-47c8-92f4-60a06a9b51de,arn:aws:dynamodb:sa-east-1:415071355886:table/consentimento_pj,bkp-consent-table-dynamo,COMPLETED,DynamoDB,0.0,,arn:aws:kms:sa-east-1:415071355886:key/8e24ce04-b274-4a85-93d5-1854918cd289,,,,
datahubprod,sa-east-1,backup,arn:aws:backup:sa-east-1:415071355886:recovery-point:63020939-d802-4f26-b92f-202765a08316,arn:aws:dynamodb:sa-east-1:415071355886:table/termos,bkp-consent-table-dynamo,COMPLETED,DynamoDB,0.0,,arn:aws:kms:sa-east-1:415071355886:key/8e24ce04-b274-4a85-93d5-1854918cd289,,,,
datahubprod,sa-east-1,backup,arn:aws:backup:sa-east-1:415071355886:recovery-point:35f9baa9-e97d-450f-99dc-25b5b3b8a705,arn:aws:dynamodb:sa-east-1:415071355886:table/consentimento_pf,bkp-consent-table-dynamo,COMPLETED,DynamoDB,1.83,,arn:aws:kms:sa-east-1:415071355886:key/8e24ce04-b274-4a85-93d5-1854918cd289,,,,
datahubprod,sa-east-1,backup,arn:aws:backup:sa-east-1:415071355886:recovery-point:3944513f-8e4d-42b0-ad27-74a609889d2e,arn:aws:dynamodb:sa-east-1:415071355886:table/consentimento_pf,bkp-consent-table-dynamo,COMPLETED,DynamoDB,1.83,,arn:aws:kms:sa-east-1:415071355886:key/8e24ce04-b274-4a85-93d5-1854918cd289,,,,
datahubprod,sa-east-1,backup,arn:aws:backup:sa-east-1:415071355886:recovery-point:0d9d940e-851e-430a-a95a-3e251cffd34d,arn:aws:dynamodb:sa-east-1:415071355886:table/termos,bkp-consent-table-dynamo,COMPLETED,DynamoDB,0.0,,arn:aws:kms:sa-east-1:415071355886:key/8e24ce04-b274-4a85-93d5-1854918cd289,,,,
datahubprod,sa-east-1,backup,arn:aws:backup:sa-east-1:415071355886:recovery-point:53c255b1-acbd-4985-825d-2ceb3d3b9c6e,arn:aws:dynamodb:sa-east-1:415071355886:table/consentimento_pj,bkp-consent-table-dynamo,COMPLETED,DynamoDB,0.0,,arn:aws:kms:sa-east-1:415071355886:key/8e24ce04-b274-4a85-93d5-1854918cd289,,,,
datahubprod,sa-east-1,backup,arn:aws:backup:sa-east-1:415071355886:recovery-point:4042bd92-0027-4b13-8255-afbae1bb446f,arn:aws:dynamodb:sa-east-1:415071355886:table/consentimento_pf,bkp-consent-table-dynamo,COMPLETED,DynamoDB,1.83,,arn:aws:kms:sa-east-1:415071355886:key/8e24ce04-b274-4a85-93d5-1854918cd289,,,,
datahubprod,sa-east-1,backup,arn:aws:backup:sa-east-1:415071355886:recovery-point:0aaf391d-b65d-4396-8113-6eb9c542053a,arn:aws:dynamodb:sa-east-1:415071355886:table/termos,bkp-consent-table-dynamo,COMPLETED,DynamoDB,0.0,,arn:aws:kms:sa-east-1:415071355886:key/8e24ce04-b274-4a85-93d5-1854918cd289,,,,
datahubprod,sa-east-1,backup,arn:aws:backup:sa-east-1:415071355886:recovery-point:cec4d252-3e71-4b1f-bc57-4f1f11b44b0f,arn:aws:dynamodb:sa-east-1:415071355886:table/consentimento_pj,bkp-consent-table-dynamo,COMPLETED,DynamoDB,0.0,,arn:aws:kms:sa-east-1:415071355886:key/8e24ce04-b274-4a85-93d5-1854918cd289,,,,
datahubprod,sa-east-1,backup,arn:aws:backup:sa-east-1:415071355886:recovery-point:7e3673cb-19fc-4bcf-a6b2-44085e82f95d,arn:aws:dynamodb:sa-east-1:415071355886:table/termos,bkp-consent-table-dynamo,COMPLETED,DynamoDB,0.0,,arn:aws:kms:sa-east-1:415071355886:key/8e24ce04-b274-4a85-93d5-1854918cd289,,,,
datahubprod,sa-east-1,backup,arn:aws:backup:sa-east-1:415071355886:recovery-point:897261bf-39f5-4f82-9348-8c26bd1c5d46,arn:aws:dynamodb:sa-east-1:415071355886:table/consentimento_pf,bkp-consent-table-dynamo,COMPLETED,DynamoDB,1.83,,arn:aws:kms:sa-east-1:415071355886:key/8e24ce04-b274-4a85-93d5-1854918cd289,,,,
datahubprod,sa-east-1,backup,arn:aws:backup:sa-east-1:415071355886:recovery-point:f83a1089-3303-44db-bae9-952b39c02c13,arn:aws:dynamodb:sa-east-1:415071355886:table/consentimento_pj,bkp-consent-table-dynamo,COMPLETED,DynamoDB,0.0,,arn:aws:kms:sa-east-1:415071355886:key/8e24ce04-b274-4a85-93d5-1854918cd289,,,,
datahubprod,sa-east-1,backup,arn:aws:backup:sa-east-1:415071355886:recovery-point:dec486d9-78ee-499c-9476-89f52b1f286e,arn:aws:dynamodb:sa-east-1:415071355886:table/termos,bkp-consent-table-dynamo,COMPLETED,DynamoDB,0.0,,arn:aws:kms:sa-east-1:415071355886:key/8e24ce04-b274-4a85-93d5-1854918cd289,,,,
datahubprod,sa-east-1,backup,arn:aws:backup:sa-east-1:415071355886:recovery-point:5fd714ab-f5da-43d6-9fb6-68088036dcfe,arn:aws:dynamodb:sa-east-1:415071355886:table/consentimento_pf,bkp-consent-table-dynamo,COMPLETED,DynamoDB,1.83,,arn:aws:kms:sa-east-1:415071355886:key/8e24ce04-b274-4a85-93d5-1854918cd289,,,,
datahubprod,sa-east-1,backup,arn:aws:backup:sa-east-1:415071355886:recovery-point:aff54d25-ffba-44d7-b66a-7c15e610e2f3,arn:aws:dynamodb:sa-east-1:415071355886:table/consentimento_pj,bkp-consent-table-dynamo,COMPLETED,DynamoDB,0.0,,arn:aws:kms:sa-east-1:415071355886:key/8e24ce04-b274-4a85-93d5-1854918cd289,,,,
datahubprod,sa-east-1,backup,arn:aws:backup:sa-east-1:415071355886:recovery-point:083d99e5-2118-4f59-ba22-a232450d0110,arn:aws:dynamodb:sa-east-1:415071355886:table/consentimento_pf,bkp-consent-table-dynamo,COMPLETED,DynamoDB,1.83,,arn:aws:kms:sa-east-1:415071355886:key/8e24ce04-b274-4a85-93d5-1854918cd289,,,,
datahubprod,sa-east-1,backup,arn:aws:backup:sa-east-1:415071355886:recovery-point:2f931a97-68c1-4649-b205-010d6d89aa58,arn:aws:dynamodb:sa-east-1:415071355886:table/consentimento_pj,bkp-consent-table-dynamo,COMPLETED,DynamoDB,0.0,,arn:aws:kms:sa-east-1:415071355886:key/8e24ce04-b274-4a85-93d5-1854918cd289,,,,
datahubprod,sa-east-1,backup,arn:aws:backup:sa-east-1:415071355886:recovery-point:ca3a8e21-1faa-4634-a6db-70a8b4edea29,arn:aws:dynamodb:sa-east-1:415071355886:table/termos,bkp-consent-table-dynamo,COMPLETED,DynamoDB,0.0,,arn:aws:kms:sa-east-1:415071355886:key/8e24ce04-b274-4a85-93d5-1854918cd289,,,,
datahubprod,sa-east-1,backup,arn:aws:backup:sa-east-1:415071355886:recovery-point:b938e8d5-cd7e-4651-933e-8744118961b9,arn:aws:dynamodb:sa-east-1:415071355886:table/consentimento_pj,bkp-consent-table-dynamo,COMPLETED,DynamoDB,0.0,,arn:aws:kms:sa-east-1:415071355886:key/8e24ce04-b274-4a85-93d5-1854918cd289,,,,
datahubprod,sa-east-1,backup,arn:aws:backup:sa-east-1:415071355886:recovery-point:17e67b88-9412-4efd-a813-1392f048cde3,arn:aws:dynamodb:sa-east-1:415071355886:table/termos,bkp-consent-table-dynamo,COMPLETED,DynamoDB,0.0,,arn:aws:kms:sa-east-1:415071355886:key/8e24ce04-b274-4a85-93d5-1854918cd289,,,,
datahubprod,sa-east-1,backup,arn:aws:backup:sa-east-1:415071355886:recovery-point:17ff3606-600f-4628-acd7-3e39a84ffee9,arn:aws:dynamodb:sa-east-1:415071355886:table/consentimento_pf,bkp-consent-table-dynamo,COMPLETED,DynamoDB,1.83,,arn:aws:kms:sa-east-1:415071355886:key/8e24ce04-b274-4a85-93d5-1854918cd289,,,,
datahubprod,sa-east-1,backup,arn:aws:backup:sa-east-1:415071355886:recovery-point:6b4740e4-4f71-48da-8e1e-5720c0688a5c,arn:aws:dynamodb:sa-east-1:415071355886:table/termos,bkp-consent-table-dynamo,COMPLETED,DynamoDB,0.0,,arn:aws:kms:sa-east-1:415071355886:key/8e24ce04-b274-4a85-93d5-1854918cd289,,,,
datahubprod,sa-east-1,backup,arn:aws:backup:sa-east-1:415071355886:recovery-point:aaca397d-b0b1-4b72-90bb-9c4297e8fa00,arn:aws:dynamodb:sa-east-1:415071355886:table/consentimento_pf,bkp-consent-table-dynamo,COMPLETED,DynamoDB,1.83,,arn:aws:kms:sa-east-1:415071355886:key/8e24ce04-b274-4a85-93d5-1854918cd289,,,,
datahubprod,sa-east-1,backup,arn:aws:backup:sa-east-1:415071355886:recovery-point:ae06ac04-c908-4578-9f7b-495364bffbe0,arn:aws:dynamodb:sa-east-1:415071355886:table/consentimento_pj,bkp-consent-table-dynamo,COMPLETED,DynamoDB,0.0,,arn:aws:kms:sa-east-1:415071355886:key/8e24ce04-b274-4a85-93d5-1854918cd289,,,,
datahubprod,sa-east-1,backup,arn:aws:backup:sa-east-1:415071355886:recovery-point:fa51ea34-2a45-4821-b5e4-5c19cafa733f,arn:aws:dynamodb:sa-east-1:415071355886:table/consentimento_pf,bkp-consent-table-dynamo,COMPLETED,DynamoDB,1.83,,arn:aws:kms:sa-east-1:415071355886:key/8e24ce04-b274-4a85-93d5-1854918cd289,,,,
datahubprod,sa-east-1,backup,arn:aws:backup:sa-east-1:415071355886:recovery-point:bccc6b93-2449-44af-b62f-a5fff396a01e,arn:aws:dynamodb:sa-east-1:415071355886:table/termos,bkp-consent-table-dynamo,COMPLETED,DynamoDB,0.0,,arn:aws:kms:sa-east-1:415071355886:key/8e24ce04-b274-4a85-93d5-1854918cd289,,,,
datahubprod,sa-east-1,backup,arn:aws:backup:sa-east-1:415071355886:recovery-point:098d8b1f-70ad-48e8-ba4f-ab40dd617dc0,arn:aws:dynamodb:sa-east-1:415071355886:table/consentimento_pj,bkp-consent-table-dynamo,COMPLETED,DynamoDB,0.0,,arn:aws:kms:sa-east-1:415071355886:key/8e24ce04-b274-4a85-93d5-1854918cd289,,,,
datahubprod,sa-east-1,backup,arn:aws:backup:sa-east-1:415071355886:recovery-point:cfacdce9-3682-412f-9333-fd72b3e4d9ef,arn:aws:dynamodb:sa-east-1:415071355886:table/termos,bkp-consent-table-dynamo,COMPLETED,DynamoDB,0.0,,arn:aws:kms:sa-east-1:415071355886:key/8e24ce04-b274-4a85-93d5-1854918cd289,,,,
datahubprod,sa-east-1,backup,arn:aws:backup:sa-east-1:415071355886:recovery-point:b8f7ef37-7ac6-4c82-9fbf-153d227452aa,arn:aws:dynamodb:sa-east-1:415071355886:table/consentimento_pj,bkp-consent-table-dynamo,COMPLETED,DynamoDB,0.0,,arn:aws:kms:sa-east-1:415071355886:key/8e24ce04-b274-4a85-93d5-1854918cd289,,,,
datahubprod,sa-east-1,backup,arn:aws:backup:sa-east-1:415071355886:recovery-point:3c167759-2cd3-415e-b01a-e5af5bc404b8,arn:aws:dynamodb:sa-east-1:415071355886:table/consentimento_pf,bkp-consent-table-dynamo,COMPLETED,DynamoDB,1.83,,arn:aws:kms:sa-east-1:415071355886:key/8e24ce04-b274-4a85-93d5-1854918cd289,,,,
datahubprod,sa-east-1,backup,arn:aws:backup:sa-east-1:415071355886:recovery-point:be976a60-8a26-4acb-bdb6-69df19280f4a,arn:aws:dynamodb:sa-east-1:415071355886:table/consentimento_pj,bkp-consent-table-dynamo,COMPLETED,DynamoDB,0.0,,arn:aws:kms:sa-east-1:415071355886:key/8e24ce04-b274-4a85-93d5-1854918cd289,,,,
datahubprod,sa-east-1,backup,arn:aws:backup:sa-east-1:415071355886:recovery-point:57ff17d6-ec8a-4864-abf4-e5c368cd37a5,arn:aws:dynamodb:sa-east-1:415071355886:table/termos,bkp-consent-table-dynamo,COMPLETED,DynamoDB,0.0,,arn:aws:kms:sa-east-1:415071355886:key/8e24ce04-b274-4a85-93d5-1854918cd289,,,,
datahubprod,sa-east-1,backup,arn:aws:backup:sa-east-1:415071355886:recovery-point:f7ac9e47-f32c-41a8-82ca-2334b3b159d2,arn:aws:dynamodb:sa-east-1:415071355886:table/consentimento_pf,bkp-consent-table-dynamo,COMPLETED,DynamoDB,1.83,,arn:aws:kms:sa-east-1:415071355886:key/8e24ce04-b274-4a85-93d5-1854918cd289,,,,
datahubprod,sa-east-1,backup,arn:aws:backup:sa-east-1:415071355886:recovery-point:2456f666-03ec-49d0-ba19-412d3586acfa,arn:aws:dynamodb:sa-east-1:415071355886:table/termos,bkp-consent-table-dynamo,COMPLETED,DynamoDB,0.0,,arn:aws:kms:sa-east-1:415071355886:key/8e24ce04-b274-4a85-93d5-1854918cd289,,,,
datahubprod,sa-east-1,backup,arn:aws:backup:sa-east-1:415071355886:recovery-point:423890d3-1ac8-4ed3-8124-349fcf2b2075,arn:aws:dynamodb:sa-east-1:415071355886:table/consentimento_pj,bkp-consent-table-dynamo,COMPLETED,DynamoDB,0.0,,arn:aws:kms:sa-east-1:415071355886:key/8e24ce04-b274-4a85-93d5-1854918cd289,,,,
datahubprod,sa-east-1,backup,arn:aws:backup:sa-east-1:415071355886:recovery-point:0dd915a5-15dd-405a-8172-a4a129b169fe,arn:aws:dynamodb:sa-east-1:415071355886:table/consentimento_pf,bkp-consent-table-dynamo,COMPLETED,DynamoDB,1.83,,arn:aws:kms:sa-east-1:415071355886:key/8e24ce04-b274-4a85-93d5-1854918cd289,,,,
datahubprod,sa-east-1,backup,arn:aws:backup:sa-east-1:415071355886:recovery-point:40656e2c-e4ca-495c-9e3e-355e827beab7,arn:aws:dynamodb:sa-east-1:415071355886:table/consentimento_pf,bkp-consent-table-dynamo,COMPLETED,DynamoDB,1.83,,arn:aws:kms:sa-east-1:415071355886:key/8e24ce04-b274-4a85-93d5-1854918cd289,,,,
datahubprod,sa-east-1,backup,arn:aws:backup:sa-east-1:415071355886:recovery-point:283f50e6-2979-4b65-828f-70e0165c1ad4,arn:aws:dynamodb:sa-east-1:415071355886:table/consentimento_pj,bkp-consent-table-dynamo,COMPLETED,DynamoDB,0.0,,arn:aws:kms:sa-east-1:415071355886:key/8e24ce04-b274-4a85-93d5-1854918cd289,,,,
datahubprod,sa-east-1,backup,arn:aws:backup:sa-east-1:415071355886:recovery-point:76d069e6-7939-429a-86bb-4ca7db0ff200,arn:aws:dynamodb:sa-east-1:415071355886:table/termos,bkp-consent-table-dynamo,COMPLETED,DynamoDB,0.0,,arn:aws:kms:sa-east-1:415071355886:key/8e24ce04-b274-4a85-93d5-1854918cd289,,,,
datahubprod,sa-east-1,backup,arn:aws:backup:sa-east-1:415071355886:recovery-point:0043b036-2d45-4914-8c5d-963d11034250,arn:aws:dynamodb:sa-east-1:415071355886:table/termos,bkp-consent-table-dynamo,COMPLETED,DynamoDB,0.0,,arn:aws:kms:sa-east-1:415071355886:key/8e24ce04-b274-4a85-93d5-1854918cd289,,,,
datahubprod,sa-east-1,backup,arn:aws:backup:sa-east-1:415071355886:recovery-point:ed386654-182d-4079-9c9b-ca12eb2c81da,arn:aws:dynamodb:sa-east-1:415071355886:table/consentimento_pj,bkp-consent-table-dynamo,COMPLETED,DynamoDB,0.0,,arn:aws:kms:sa-east-1:415071355886:key/8e24ce04-b274-4a85-93d5-1854918cd289,,,,
datahubprod,sa-east-1,backup,arn:aws:backup:sa-east-1:415071355886:recovery-point:ca8e137c-b696-433c-ada4-4cf9509532df,arn:aws:dynamodb:sa-east-1:415071355886:table/consentimento_pf,bkp-consent-table-dynamo,COMPLETED,DynamoDB,1.83,,arn:aws:kms:sa-east-1:415071355886:key/8e24ce04-b274-4a85-93d5-1854918cd289,,,,
datahubprod,sa-east-1,backup,arn:aws:backup:sa-east-1:415071355886:recovery-point:d2b14575-bf48-46f8-93f8-63e5ff782e1d,arn:aws:dynamodb:sa-east-1:415071355886:table/termos,bkp-consent-table-dynamo,COMPLETED,DynamoDB,0.0,,arn:aws:kms:sa-east-1:415071355886:key/8e24ce04-b274-4a85-93d5-1854918cd289,,,,
datahubprod,sa-east-1,backup,arn:aws:backup:sa-east-1:415071355886:recovery-point:7a40758f-30e1-457f-8d10-4c93600970f8,arn:aws:dynamodb:sa-east-1:415071355886:table/consentimento_pf,bkp-consent-table-dynamo,COMPLETED,DynamoDB,1.83,,arn:aws:kms:sa-east-1:415071355886:key/8e24ce04-b274-4a85-93d5-1854918cd289,,,,
datahubprod,sa-east-1,backup,arn:aws:backup:sa-east-1:415071355886:recovery-point:eea79d1b-2663-4078-b85f-bf0b260ee526,arn:aws:dynamodb:sa-east-1:415071355886:table/consentimento_pj,bkp-consent-table-dynamo,COMPLETED,DynamoDB,0.0,,arn:aws:kms:sa-east-1:415071355886:key/8e24ce04-b274-4a85-93d5-1854918cd289,,,,
datahubprod,sa-east-1,backup,arn:aws:backup:sa-east-1:415071355886:recovery-point:3d727288-a330-42dc-ba0c-4de99540e7b9,arn:aws:dynamodb:sa-east-1:415071355886:table/consentimento_pj,bkp-consent-table-dynamo,COMPLETED,DynamoDB,0.0,,arn:aws:kms:sa-east-1:415071355886:key/8e24ce04-b274-4a85-93d5-1854918cd289,,,,
datahubprod,sa-east-1,backup,arn:aws:backup:sa-east-1:415071355886:recovery-point:6268edb8-4ede-42f1-9b23-30eeb7a045f7,arn:aws:dynamodb:sa-east-1:415071355886:table/consentimento_pf,bkp-consent-table-dynamo,COMPLETED,DynamoDB,1.83,,arn:aws:kms:sa-east-1:415071355886:key/8e24ce04-b274-4a85-93d5-1854918cd289,,,,
datahubprod,sa-east-1,backup,arn:aws:backup:sa-east-1:415071355886:recovery-point:8dc319d6-5f27-4834-ba16-7e7a9d025c94,arn:aws:dynamodb:sa-east-1:415071355886:table/termos,bkp-consent-table-dynamo,COMPLETED,DynamoDB,0.0,,arn:aws:kms:sa-east-1:415071355886:key/8e24ce04-b274-4a85-93d5-1854918cd289,,,,
datahubprod,sa-east-1,backup,arn:aws:backup:sa-east-1:415071355886:recovery-point:3c6d2a6a-1205-4e20-a96d-f04a9368b688,arn:aws:dynamodb:sa-east-1:415071355886:table/consentimento_pj,bkp-consent-table-dynamo,COMPLETED,DynamoDB,0.0,,arn:aws:kms:sa-east-1:415071355886:key/8e24ce04-b274-4a85-93d5-1854918cd289,,,,
datahubprod,sa-east-1,backup,arn:aws:backup:sa-east-1:415071355886:recovery-point:a304d210-ac71-42fa-9901-6d83e5cc5418,arn:aws:dynamodb:sa-east-1:415071355886:table/consentimento_pf,bkp-consent-table-dynamo,COMPLETED,DynamoDB,1.83,,arn:aws:kms:sa-east-1:415071355886:key/8e24ce04-b274-4a85-93d5-1854918cd289,,,,
datahubprod,sa-east-1,backup,arn:aws:backup:sa-east-1:415071355886:recovery-point:2bcd4ab0-a5e2-448e-b54e-c7e0750a96a2,arn:aws:dynamodb:sa-east-1:415071355886:table/termos,bkp-consent-table-dynamo,COMPLETED,DynamoDB,0.0,,arn:aws:kms:sa-east-1:415071355886:key/8e24ce04-b274-4a85-93d5-1854918cd289,,,,
datahubprod,sa-east-1,backup,arn:aws:backup:sa-east-1:415071355886:recovery-point:63057968-22a2-4098-932e-6ec594d679f8,arn:aws:dynamodb:sa-east-1:415071355886:table/consentimento_pf,bkp-consent-table-dynamo,COMPLETED,DynamoDB,1.83,,arn:aws:kms:sa-east-1:415071355886:key/8e24ce04-b274-4a85-93d5-1854918cd289,,,,
datahubprod,sa-east-1,backup,arn:aws:backup:sa-east-1:415071355886:recovery-point:c96cd389-1776-4a4f-ba65-47a8dad1d9bf,arn:aws:dynamodb:sa-east-1:415071355886:table/consentimento_pj,bkp-consent-table-dynamo,COMPLETED,DynamoDB,0.0,,arn:aws:kms:sa-east-1:415071355886:key/8e24ce04-b274-4a85-93d5-1854918cd289,,,,
datahubprod,sa-east-1,backup,arn:aws:backup:sa-east-1:415071355886:recovery-point:ead57131-0c2e-40ba-82c3-0eaa7beeb13f,arn:aws:dynamodb:sa-east-1:415071355886:table/termos,bkp-consent-table-dynamo,COMPLETED,DynamoDB,0.0,,arn:aws:kms:sa-east-1:415071355886:key/8e24ce04-b274-4a85-93d5-1854918cd289,,,,
datahubprod,sa-east-1,backup,arn:aws:backup:sa-east-1:415071355886:recovery-point:073d97f3-63eb-4e95-8a51-c0e6c8b4f972,arn:aws:dynamodb:sa-east-1:415071355886:table/consentimento_pf,bkp-consent-table-dynamo,COMPLETED,DynamoDB,1.83,,arn:aws:kms:sa-east-1:415071355886:key/8e24ce04-b274-4a85-93d5-1854918cd289,,,,
datahubprod,sa-east-1,backup,arn:aws:backup:sa-east-1:415071355886:recovery-point:cc144790-6ff7-4284-9c47-149b444edb98,arn:aws:dynamodb:sa-east-1:415071355886:table/termos,bkp-consent-table-dynamo,COMPLETED,DynamoDB,0.0,,arn:aws:kms:sa-east-1:415071355886:key/8e24ce04-b274-4a85-93d5-1854918cd289,,,,
datahubprod,sa-east-1,backup,arn:aws:backup:sa-east-1:415071355886:recovery-point:aba4b161-1d39-4efd-886f-4230631eaf08,arn:aws:dynamodb:sa-east-1:415071355886:table/consentimento_pj,bkp-consent-table-dynamo,COMPLETED,DynamoDB,0.0,,arn:aws:kms:sa-east-1:415071355886:key/8e24ce04-b274-4a85-93d5-1854918cd289,,,,
datahubprod,sa-east-1,backup,arn:aws:backup:sa-east-1:415071355886:recovery-point:f24ceae4-9de4-431c-b78b-91764b6ca50d,arn:aws:dynamodb:sa-east-1:415071355886:table/consentimento_pf,bkp-consent-table-dynamo,COMPLETED,DynamoDB,1.83,,arn:aws:kms:sa-east-1:415071355886:key/8e24ce04-b274-4a85-93d5-1854918cd289,,,,
datahubprod,sa-east-1,backup,arn:aws:backup:sa-east-1:415071355886:recovery-point:b75d564f-ab33-4f22-bde0-4904d545bb9d,arn:aws:dynamodb:sa-east-1:415071355886:table/consentimento_pj,bkp-consent-table-dynamo,COMPLETED,DynamoDB,0.0,,arn:aws:kms:sa-east-1:415071355886:key/8e24ce04-b274-4a85-93d5-1854918cd289,,,,
datahubprod,sa-east-1,backup,arn:aws:backup:sa-east-1:415071355886:recovery-point:5459a641-9e44-4016-a0f0-11894873aef8,arn:aws:dynamodb:sa-east-1:415071355886:table/termos,bkp-consent-table-dynamo,COMPLETED,DynamoDB,0.0,,arn:aws:kms:sa-east-1:415071355886:key/8e24ce04-b274-4a85-93d5-1854918cd289,,,,
datahubprod,sa-east-1,backup,arn:aws:backup:sa-east-1:415071355886:recovery-point:ea3c2a5e-1880-42d2-9201-a254d3c9be09,arn:aws:dynamodb:sa-east-1:415071355886:table/consentimento_pj,bkp-consent-table-dynamo,COMPLETED,DynamoDB,0.0,,arn:aws:kms:sa-east-1:415071355886:key/8e24ce04-b274-4a85-93d5-1854918cd289,,,,
datahubprod,sa-east-1,backup,arn:aws:backup:sa-east-1:415071355886:recovery-point:88728254-3c08-43ab-8a4f-33426e4fcda0,arn:aws:dynamodb:sa-east-1:415071355886:table/termos,bkp-consent-table-dynamo,COMPLETED,DynamoDB,0.0,,arn:aws:kms:sa-east-1:415071355886:key/8e24ce04-b274-4a85-93d5-1854918cd289,,,,
datahubprod,sa-east-1,backup,arn:aws:backup:sa-east-1:415071355886:recovery-point:ce9b50fa-3b00-40cf-9383-8cc33242e710,arn:aws:dynamodb:sa-east-1:415071355886:table/consentimento_pf,bkp-consent-table-dynamo,COMPLETED,DynamoDB,1.83,,arn:aws:kms:sa-east-1:415071355886:key/8e24ce04-b274-4a85-93d5-1854918cd289,,,,
datahubprod,sa-east-1,backup,arn:aws:backup:sa-east-1:415071355886:recovery-point:6e99cd90-217d-4998-b19d-94f50552ffd3,arn:aws:dynamodb:sa-east-1:415071355886:table/termos,bkp-consent-table-dynamo,COMPLETED,DynamoDB,0.0,,arn:aws:kms:sa-east-1:415071355886:key/8e24ce04-b274-4a85-93d5-1854918cd289,,,,
datahubprod,sa-east-1,backup,arn:aws:backup:sa-east-1:415071355886:recovery-point:01636254-d577-4ec9-9fb2-6a9afdb896a0,arn:aws:dynamodb:sa-east-1:415071355886:table/consentimento_pj,bkp-consent-table-dynamo,COMPLETED,DynamoDB,0.0,,arn:aws:kms:sa-east-1:415071355886:key/8e24ce04-b274-4a85-93d5-1854918cd289,,,,
datahubprod,sa-east-1,backup,arn:aws:backup:sa-east-1:415071355886:recovery-point:62ef3ca8-421d-4bce-9a92-078c5ae4fff6,arn:aws:dynamodb:sa-east-1:415071355886:table/consentimento_pf,bkp-consent-table-dynamo,COMPLETED,DynamoDB,1.83,,arn:aws:kms:sa-east-1:415071355886:key/8e24ce04-b274-4a85-93d5-1854918cd289,,,,
datahubprod,sa-east-1,backup,arn:aws:backup:sa-east-1:415071355886:recovery-point:4c087ec0-cc38-4848-8061-6d60911e0550,arn:aws:dynamodb:sa-east-1:415071355886:table/consentimento_pf,bkp-consent-table-dynamo,COMPLETED,DynamoDB,1.83,,arn:aws:kms:sa-east-1:415071355886:key/8e24ce04-b274-4a85-93d5-1854918cd289,,,,
datahubprod,sa-east-1,backup,arn:aws:backup:sa-east-1:415071355886:recovery-point:25af2b6d-7b47-4701-a23f-b43f63576346,arn:aws:dynamodb:sa-east-1:415071355886:table/termos,bkp-consent-table-dynamo,COMPLETED,DynamoDB,0.0,,arn:aws:kms:sa-east-1:415071355886:key/8e24ce04-b274-4a85-93d5-1854918cd289,,,,
datahubprod,sa-east-1,backup,arn:aws:backup:sa-east-1:415071355886:recovery-point:5b71469b-7893-4dd4-aa0c-6c3a21fe8aba,arn:aws:dynamodb:sa-east-1:415071355886:table/consentimento_pj,bkp-consent-table-dynamo,COMPLETED,DynamoDB,0.0,,arn:aws:kms:sa-east-1:415071355886:key/8e24ce04-b274-4a85-93d5-1854918cd289,,,,
datahubprod,sa-east-1,backup,arn:aws:backup:sa-east-1:415071355886:recovery-point:c901b5b6-05c4-4924-a53e-ce97fdae4ffd,arn:aws:dynamodb:sa-east-1:415071355886:table/consentimento_pj,bkp-consent-table-dynamo,COMPLETED,DynamoDB,0.0,,arn:aws:kms:sa-east-1:415071355886:key/8e24ce04-b274-4a85-93d5-1854918cd289,,,,
datahubprod,sa-east-1,backup,arn:aws:backup:sa-east-1:415071355886:recovery-point:3ad06491-5d92-4f52-904f-a0c83ca4677a,arn:aws:dynamodb:sa-east-1:415071355886:table/termos,bkp-consent-table-dynamo,COMPLETED,DynamoDB,0.0,,arn:aws:kms:sa-east-1:415071355886:key/8e24ce04-b274-4a85-93d5-1854918cd289,,,,
datahubprod,sa-east-1,backup,arn:aws:backup:sa-east-1:415071355886:recovery-point:3bbb72ca-3580-438f-9c9f-8e99a3f67f38,arn:aws:dynamodb:sa-east-1:415071355886:table/consentimento_pf,bkp-consent-table-dynamo,COMPLETED,DynamoDB,1.83,,arn:aws:kms:sa-east-1:415071355886:key/8e24ce04-b274-4a85-93d5-1854918cd289,,,,
datahubprod,sa-east-1,backup,arn:aws:backup:sa-east-1:415071355886:recovery-point:0a39286d-f29b-439e-b293-a07caf9908b3,arn:aws:dynamodb:sa-east-1:415071355886:table/termos,bkp-consent-table-dynamo,COMPLETED,DynamoDB,0.0,,arn:aws:kms:sa-east-1:415071355886:key/8e24ce04-b274-4a85-93d5-1854918cd289,,,,
datahubprod,sa-east-1,backup,arn:aws:backup:sa-east-1:415071355886:recovery-point:b88ee6c4-2bf9-462f-991e-1dd267c0d32a,arn:aws:dynamodb:sa-east-1:415071355886:table/consentimento_pj,bkp-consent-table-dynamo,COMPLETED,DynamoDB,0.0,,arn:aws:kms:sa-east-1:415071355886:key/8e24ce04-b274-4a85-93d5-1854918cd289,,,,
datahubprod,sa-east-1,backup,arn:aws:backup:sa-east-1:415071355886:recovery-point:8424d980-aa72-497d-a470-bf70ab47ca0a,arn:aws:dynamodb:sa-east-1:415071355886:table/consentimento_pf,bkp-consent-table-dynamo,COMPLETED,DynamoDB,1.83,,arn:aws:kms:sa-east-1:415071355886:key/8e24ce04-b274-4a85-93d5-1854918cd289,,,,
datahubprod,sa-east-1,backup,arn:aws:backup:sa-east-1:415071355886:recovery-point:83f9e4c2-e0a2-4258-8a94-6165f9cb47ca,arn:aws:dynamodb:sa-east-1:415071355886:table/termos,bkp-consent-table-dynamo,COMPLETED,DynamoDB,0.0,,arn:aws:kms:sa-east-1:415071355886:key/8e24ce04-b274-4a85-93d5-1854918cd289,,,,
datahubprod,sa-east-1,backup,arn:aws:backup:sa-east-1:415071355886:recovery-point:49389449-4ae2-4525-94d8-2896a0878fa7,arn:aws:dynamodb:sa-east-1:415071355886:table/consentimento_pj,bkp-consent-table-dynamo,COMPLETED,DynamoDB,0.0,,arn:aws:kms:sa-east-1:415071355886:key/8e24ce04-b274-4a85-93d5-1854918cd289,,,,
datahubprod,sa-east-1,backup,arn:aws:backup:sa-east-1:415071355886:recovery-point:c7eb9aa6-2e27-4f08-b3e7-346b93145a9b,arn:aws:dynamodb:sa-east-1:415071355886:table/consentimento_pf,bkp-consent-table-dynamo,COMPLETED,DynamoDB,1.83,,arn:aws:kms:sa-east-1:415071355886:key/8e24ce04-b274-4a85-93d5-1854918cd289,,,,
datahubprod,sa-east-1,backup,arn:aws:backup:sa-east-1:415071355886:recovery-point:6f0f5e7c-85a5-45a8-9033-3464e2732c66,arn:aws:dynamodb:sa-east-1:415071355886:table/consentimento_pf,bkp-consent-table-dynamo,COMPLETED,DynamoDB,1.83,,arn:aws:kms:sa-east-1:415071355886:key/8e24ce04-b274-4a85-93d5-1854918cd289,,,,
datahubprod,sa-east-1,backup,arn:aws:backup:sa-east-1:415071355886:recovery-point:c6817193-55f7-4010-b4f5-9e0bb1d45764,arn:aws:dynamodb:sa-east-1:415071355886:table/termos,bkp-consent-table-dynamo,COMPLETED,DynamoDB,0.0,,arn:aws:kms:sa-east-1:415071355886:key/8e24ce04-b274-4a85-93d5-1854918cd289,,,,
datahubprod,sa-east-1,backup,arn:aws:backup:sa-east-1:415071355886:recovery-point:9b5251c8-e19c-4365-81fb-dfb29cbb0631,arn:aws:dynamodb:sa-east-1:415071355886:table/consentimento_pj,bkp-consent-table-dynamo,COMPLETED,DynamoDB,0.0,,arn:aws:kms:sa-east-1:415071355886:key/8e24ce04-b274-4a85-93d5-1854918cd289,,,,
datahubprod,sa-east-1,backup,arn:aws:backup:sa-east-1:415071355886:recovery-point:73871e25-6b53-4150-a27a-22b5e8ecb6ca,arn:aws:dynamodb:sa-east-1:415071355886:table/termos,bkp-consent-table-dynamo,COMPLETED,DynamoDB,0.0,,arn:aws:kms:sa-east-1:415071355886:key/8e24ce04-b274-4a85-93d5-1854918cd289,,,,
datahubprod,sa-east-1,backup,arn:aws:backup:sa-east-1:415071355886:recovery-point:16a546d0-81bc-4e45-9359-14c78db9fabb,arn:aws:dynamodb:sa-east-1:415071355886:table/consentimento_pf,bkp-consent-table-dynamo,COMPLETED,DynamoDB,1.83,,arn:aws:kms:sa-east-1:415071355886:key/8e24ce04-b274-4a85-93d5-1854918cd289,,,,
datahubprod,sa-east-1,backup,arn:aws:backup:sa-east-1:415071355886:recovery-point:78bad595-3f22-46db-9eec-eb1edad3daee,arn:aws:dynamodb:sa-east-1:415071355886:table/consentimento_pj,bkp-consent-table-dynamo,COMPLETED,DynamoDB,0.0,,arn:aws:kms:sa-east-1:415071355886:key/8e24ce04-b274-4a85-93d5-1854918cd289,,,,
datahubprod,sa-east-1,backup,arn:aws:backup:sa-east-1:415071355886:recovery-point:4aa38d9c-db2c-4835-93cc-120c54746da4,arn:aws:dynamodb:sa-east-1:415071355886:table/consentimento_pj,bkp-consent-table-dynamo,COMPLETED,DynamoDB,0.0,,arn:aws:kms:sa-east-1:415071355886:key/8e24ce04-b274-4a85-93d5-1854918cd289,,,,
datahubprod,sa-east-1,backup,arn:aws:backup:sa-east-1:415071355886:recovery-point:ad6b4683-7ea7-4ecb-9f7f-e00ca055e89e,arn:aws:dynamodb:sa-east-1:415071355886:table/termos,bkp-consent-table-dynamo,COMPLETED,DynamoDB,0.0,,arn:aws:kms:sa-east-1:415071355886:key/8e24ce04-b274-4a85-93d5-1854918cd289,,,,
datahubprod,sa-east-1,backup,arn:aws:backup:sa-east-1:415071355886:recovery-point:2d5ccf63-b0b5-4874-b106-d54c1e0acda8,arn:aws:dynamodb:sa-east-1:415071355886:table/consentimento_pf,bkp-consent-table-dynamo,COMPLETED,DynamoDB,1.83,,arn:aws:kms:sa-east-1:415071355886:key/8e24ce04-b274-4a85-93d5-1854918cd289,,,,
datahubprod,sa-east-1,backup,arn:aws:backup:sa-east-1:415071355886:recovery-point:99f30d2b-ad29-47bc-bd65-1c71a60b1dbf,arn:aws:dynamodb:sa-east-1:415071355886:table/consentimento_pf,bkp-consent-table-dynamo,COMPLETED,DynamoDB,1.83,,arn:aws:kms:sa-east-1:415071355886:key/8e24ce04-b274-4a85-93d5-1854918cd289,,,,
datahubprod,sa-east-1,backup,arn:aws:backup:sa-east-1:415071355886:recovery-point:06a53388-449f-4c56-b3d3-6db77a85c428,arn:aws:dynamodb:sa-east-1:415071355886:table/termos,bkp-consent-table-dynamo,COMPLETED,DynamoDB,0.0,,arn:aws:kms:sa-east-1:415071355886:key/8e24ce04-b274-4a85-93d5-1854918cd289,,,,
datahubprod,sa-east-1,backup,arn:aws:backup:sa-east-1:415071355886:recovery-point:621f26d0-7992-4f77-8960-5178a8a33c68,arn:aws:dynamodb:sa-east-1:415071355886:table/consentimento_pj,bkp-consent-table-dynamo,COMPLETED,DynamoDB,0.0,,arn:aws:kms:sa-east-1:415071355886:key/8e24ce04-b274-4a85-93d5-1854918cd289,,,,
datahubprod,sa-east-1,backup,arn:aws:backup:sa-east-1:415071355886:recovery-point:1c7be21b-7f95-4cfb-9b4a-35e6115fa110,arn:aws:dynamodb:sa-east-1:415071355886:table/consentimento_pf,bkp-consent-table-dynamo,COMPLETED,DynamoDB,1.83,,arn:aws:kms:sa-east-1:415071355886:key/8e24ce04-b274-4a85-93d5-1854918cd289,,,,
datahubprod,sa-east-1,backup,arn:aws:backup:sa-east-1:415071355886:recovery-point:3d88f2eb-ce96-4f61-b3a7-80546bc80711,arn:aws:dynamodb:sa-east-1:415071355886:table/termos,bkp-consent-table-dynamo,COMPLETED,DynamoDB,0.0,,arn:aws:kms:sa-east-1:415071355886:key/8e24ce04-b274-4a85-93d5-1854918cd289,,,,
datahubprod,sa-east-1,backup,arn:aws:backup:sa-east-1:415071355886:recovery-point:5f894bfd-e0b8-44b9-b954-b8721f1d49bb,arn:aws:dynamodb:sa-east-1:415071355886:table/consentimento_pj,bkp-consent-table-dynamo,COMPLETED,DynamoDB,0.0,,arn:aws:kms:sa-east-1:415071355886:key/8e24ce04-b274-4a85-93d5-1854918cd289,,,,
datahubprod,sa-east-1,backup,arn:aws:backup:sa-east-1:415071355886:recovery-point:c7b047b5-c5ef-4226-a8bc-47a0a8393f2f,arn:aws:dynamodb:sa-east-1:415071355886:table/consentimento_pj,bkp-consent-table-dynamo,COMPLETED,DynamoDB,0.0,,arn:aws:kms:sa-east-1:415071355886:key/8e24ce04-b274-4a85-93d5-1854918cd289,,,,
datahubprod,sa-east-1,backup,arn:aws:backup:sa-east-1:415071355886:recovery-point:b7c03411-2f6f-477d-8a20-084b17909f77,arn:aws:dynamodb:sa-east-1:415071355886:table/termos,bkp-consent-table-dynamo,COMPLETED,DynamoDB,0.0,,arn:aws:kms:sa-east-1:415071355886:key/8e24ce04-b274-4a85-93d5-1854918cd289,,,,
datahubprod,sa-east-1,backup,arn:aws:backup:sa-east-1:415071355886:recovery-point:2736ae90-d58f-437c-8c44-105af08332fe,arn:aws:dynamodb:sa-east-1:415071355886:table/consentimento_pf,bkp-consent-table-dynamo,COMPLETED,DynamoDB,1.83,,arn:aws:kms:sa-east-1:415071355886:key/8e24ce04-b274-4a85-93d5-1854918cd289,,,,
datahubprod,sa-east-1,backup,arn:aws:backup:sa-east-1:415071355886:recovery-point:be83fdd6-b151-4275-bb10-fbebe3272a0c,arn:aws:dynamodb:sa-east-1:415071355886:table/termos,bkp-consent-table-dynamo,COMPLETED,DynamoDB,0.0,,arn:aws:kms:sa-east-1:415071355886:key/8e24ce04-b274-4a85-93d5-1854918cd289,,,,
datahubprod,sa-east-1,backup,arn:aws:backup:sa-east-1:415071355886:recovery-point:20aedc72-b0a7-4cc9-81bd-8b3737b2c665,arn:aws:dynamodb:sa-east-1:415071355886:table/consentimento_pj,bkp-consent-table-dynamo,COMPLETED,DynamoDB,0.0,,arn:aws:kms:sa-east-1:415071355886:key/8e24ce04-b274-4a85-93d5-1854918cd289,,,,
datahubprod,sa-east-1,backup,arn:aws:backup:sa-east-1:415071355886:recovery-point:85ef94a7-8d48-4ef8-b56d-ceb6e4e8bcd1,arn:aws:dynamodb:sa-east-1:415071355886:table/consentimento_pf,bkp-consent-table-dynamo,COMPLETED,DynamoDB,1.83,,arn:aws:kms:sa-east-1:415071355886:key/8e24ce04-b274-4a85-93d5-1854918cd289,,,,
datahubprod,sa-east-1,backup,arn:aws:backup:sa-east-1:415071355886:recovery-point:dee9f09d-67b2-4d09-93c3-71a0be0c812b,arn:aws:dynamodb:sa-east-1:415071355886:table/consentimento_pf,bkp-consent-table-dynamo,COMPLETED,DynamoDB,1.83,,arn:aws:kms:sa-east-1:415071355886:key/8e24ce04-b274-4a85-93d5-1854918cd289,,,,
datahubprod,sa-east-1,backup,arn:aws:backup:sa-east-1:415071355886:recovery-point:d9b65e56-33ba-4092-b77e-a914bd94cd00,arn:aws:dynamodb:sa-east-1:415071355886:table/termos,bkp-consent-table-dynamo,COMPLETED,DynamoDB,0.0,,arn:aws:kms:sa-east-1:415071355886:key/8e24ce04-b274-4a85-93d5-1854918cd289,,,,
datahubprod,sa-east-1,backup,arn:aws:backup:sa-east-1:415071355886:recovery-point:5fc63875-5ec9-4b44-9ab4-d46d5ae8fb4e,arn:aws:dynamodb:sa-east-1:415071355886:table/consentimento_pj,bkp-consent-table-dynamo,COMPLETED,DynamoDB,0.0,,arn:aws:kms:sa-east-1:415071355886:key/8e24ce04-b274-4a85-93d5-1854918cd289,,,,
datahubprod,sa-east-1,backup,arn:aws:backup:sa-east-1:415071355886:recovery-point:1d1ac79b-73df-4578-a87e-98da04304d02,arn:aws:dynamodb:sa-east-1:415071355886:table/consentimento_pj,bkp-consent-table-dynamo,COMPLETED,DynamoDB,0.0,,arn:aws:kms:sa-east-1:415071355886:key/8e24ce04-b274-4a85-93d5-1854918cd289,,,,
datahubprod,sa-east-1,backup,arn:aws:backup:sa-east-1:415071355886:recovery-point:e0445310-ab36-463b-b81e-9b96ed7b2505,arn:aws:dynamodb:sa-east-1:415071355886:table/termos,bkp-consent-table-dynamo,COMPLETED,DynamoDB,0.0,,arn:aws:kms:sa-east-1:415071355886:key/8e24ce04-b274-4a85-93d5-1854918cd289,,,,
datahubprod,sa-east-1,backup,arn:aws:backup:sa-east-1:415071355886:recovery-point:42287ade-796a-47b3-b874-eff619a8b75f,arn:aws:dynamodb:sa-east-1:415071355886:table/consentimento_pf,bkp-consent-table-dynamo,COMPLETED,DynamoDB,1.83,,arn:aws:kms:sa-east-1:415071355886:key/8e24ce04-b274-4a85-93d5-1854918cd289,,,,
datahubprod,sa-east-1,backup,arn:aws:backup:sa-east-1:415071355886:recovery-point:02d8ff59-a880-4675-81bc-4776c6ec6b28,arn:aws:dynamodb:sa-east-1:415071355886:table/consentimento_pj,bkp-consent-table-dynamo,COMPLETED,DynamoDB,0.0,,arn:aws:kms:sa-east-1:415071355886:key/8e24ce04-b274-4a85-93d5-1854918cd289,,,,
datahubprod,sa-east-1,backup,arn:aws:backup:sa-east-1:415071355886:recovery-point:09cb67f6-7e81-4aad-9dc1-3a5344fa2bdb,arn:aws:dynamodb:sa-east-1:415071355886:table/consentimento_pf,bkp-consent-table-dynamo,COMPLETED,DynamoDB,1.83,,arn:aws:kms:sa-east-1:415071355886:key/8e24ce04-b274-4a85-93d5-1854918cd289,,,,
datahubprod,sa-east-1,backup,arn:aws:backup:sa-east-1:415071355886:recovery-point:f0023c32-aeb3-4290-a1f9-90468ab57d0d,arn:aws:dynamodb:sa-east-1:415071355886:table/termos,bkp-consent-table-dynamo,COMPLETED,DynamoDB,0.0,,arn:aws:kms:sa-east-1:415071355886:key/8e24ce04-b274-4a85-93d5-1854918cd289,,,,
datahubprod,sa-east-1,backup,arn:aws:backup:sa-east-1:415071355886:recovery-point:f57b8819-9036-4397-b215-4cddfa804cf6,arn:aws:dynamodb:sa-east-1:415071355886:table/consentimento_pj,bkp-consent-table-dynamo,COMPLETED,DynamoDB,0.0,,arn:aws:kms:sa-east-1:415071355886:key/8e24ce04-b274-4a85-93d5-1854918cd289,,,,
datahubprod,sa-east-1,backup,arn:aws:backup:sa-east-1:415071355886:recovery-point:8c976828-550f-4a8f-9038-06dbb368f8dc,arn:aws:dynamodb:sa-east-1:415071355886:table/consentimento_pf,bkp-consent-table-dynamo,COMPLETED,DynamoDB,1.83,,arn:aws:kms:sa-east-1:415071355886:key/8e24ce04-b274-4a85-93d5-1854918cd289,,,,
datahubprod,sa-east-1,backup,arn:aws:backup:sa-east-1:415071355886:recovery-point:cda0582d-e28e-411b-89a6-73116e2315f7,arn:aws:dynamodb:sa-east-1:415071355886:table/termos,bkp-consent-table-dynamo,COMPLETED,DynamoDB,0.0,,arn:aws:kms:sa-east-1:415071355886:key/8e24ce04-b274-4a85-93d5-1854918cd289,,,,
datahubprod,sa-east-1,backup,arn:aws:backup:sa-east-1:415071355886:recovery-point:5f870166-b0db-4fb1-ba04-a7fcfe8f62d7,arn:aws:dynamodb:sa-east-1:415071355886:table/termos,bkp-consent-table-dynamo,COMPLETED,DynamoDB,0.0,,arn:aws:kms:sa-east-1:415071355886:key/8e24ce04-b274-4a85-93d5-1854918cd289,,,,
datahubprod,sa-east-1,backup,arn:aws:backup:sa-east-1:415071355886:recovery-point:3c4b66da-cf8e-4b03-a722-9373c3cf3de9,arn:aws:dynamodb:sa-east-1:415071355886:table/consentimento_pf,bkp-consent-table-dynamo,COMPLETED,DynamoDB,1.83,,arn:aws:kms:sa-east-1:415071355886:key/8e24ce04-b274-4a85-93d5-1854918cd289,,,,
datahubprod,sa-east-1,backup,arn:aws:backup:sa-east-1:415071355886:recovery-point:feb53ac1-a83a-4b38-9e59-71b96886c1ea,arn:aws:dynamodb:sa-east-1:415071355886:table/consentimento_pj,bkp-consent-table-dynamo,COMPLETED,DynamoDB,0.0,,arn:aws:kms:sa-east-1:415071355886:key/8e24ce04-b274-4a85-93d5-1854918cd289,,,,
datahubprod,sa-east-1,backup,arn:aws:backup:sa-east-1:415071355886:recovery-point:4aaa0ab7-cf0b-4abc-9ac0-7f4884b95811,arn:aws:dynamodb:sa-east-1:415071355886:table/consentimento_pf,bkp-consent-table-dynamo,COMPLETED,DynamoDB,1.83,,arn:aws:kms:sa-east-1:415071355886:key/8e24ce04-b274-4a85-93d5-1854918cd289,,,,
datahubprod,sa-east-1,backup,arn:aws:backup:sa-east-1:415071355886:recovery-point:29d1d738-7cff-4071-ae46-6a4e105fdbb2,arn:aws:dynamodb:sa-east-1:415071355886:table/consentimento_pj,bkp-consent-table-dynamo,COMPLETED,DynamoDB,0.0,,arn:aws:kms:sa-east-1:415071355886:key/8e24ce04-b274-4a85-93d5-1854918cd289,,,,
datahubprod,sa-east-1,backup,arn:aws:backup:sa-east-1:415071355886:recovery-point:88ec1d6d-8158-4f4a-9190-9a76a90752a0,arn:aws:dynamodb:sa-east-1:415071355886:table/termos,bkp-consent-table-dynamo,COMPLETED,DynamoDB,0.0,,arn:aws:kms:sa-east-1:415071355886:key/8e24ce04-b274-4a85-93d5-1854918cd289,,,,
datahubprod,sa-east-1,backup,arn:aws:backup:sa-east-1:415071355886:recovery-point:422576d9-53e8-4e9a-b05a-35dafd47788f,arn:aws:dynamodb:sa-east-1:415071355886:table/consentimento_pj,bkp-consent-table-dynamo,COMPLETED,DynamoDB,0.0,,arn:aws:kms:sa-east-1:415071355886:key/8e24ce04-b274-4a85-93d5-1854918cd289,,,,
datahubprod,sa-east-1,backup,arn:aws:backup:sa-east-1:415071355886:recovery-point:9d30b9f8-4454-40d3-b2a3-864b332a8ab6,arn:aws:dynamodb:sa-east-1:415071355886:table/consentimento_pf,bkp-consent-table-dynamo,COMPLETED,DynamoDB,1.83,,arn:aws:kms:sa-east-1:415071355886:key/8e24ce04-b274-4a85-93d5-1854918cd289,,,,
datahubprod,sa-east-1,backup,arn:aws:backup:sa-east-1:415071355886:recovery-point:a8d52467-1316-4ba3-875a-1462e956a142,arn:aws:dynamodb:sa-east-1:415071355886:table/termos,bkp-consent-table-dynamo,COMPLETED,DynamoDB,0.0,,arn:aws:kms:sa-east-1:415071355886:key/8e24ce04-b274-4a85-93d5-1854918cd289,,,,
datahubprod,sa-east-1,backup,arn:aws:backup:sa-east-1:415071355886:recovery-point:ba65933f-3524-4708-89f9-390bb9f5f9fb,arn:aws:dynamodb:sa-east-1:415071355886:table/consentimento_pf,bkp-consent-table-dynamo,COMPLETED,DynamoDB,1.83,,arn:aws:kms:sa-east-1:415071355886:key/8e24ce04-b274-4a85-93d5-1854918cd289,,,,
datahubprod,sa-east-1,backup,arn:aws:backup:sa-east-1:415071355886:recovery-point:7abede63-aeee-4491-b13c-058e7d6b212f,arn:aws:dynamodb:sa-east-1:415071355886:table/termos,bkp-consent-table-dynamo,COMPLETED,DynamoDB,0.0,,arn:aws:kms:sa-east-1:415071355886:key/8e24ce04-b274-4a85-93d5-1854918cd289,,,,
datahubprod,sa-east-1,backup,arn:aws:backup:sa-east-1:415071355886:recovery-point:f256cde4-b87e-4043-96bf-85e672b66513,arn:aws:dynamodb:sa-east-1:415071355886:table/consentimento_pj,bkp-consent-table-dynamo,COMPLETED,DynamoDB,0.0,,arn:aws:kms:sa-east-1:415071355886:key/8e24ce04-b274-4a85-93d5-1854918cd289,,,,
datahubprod,sa-east-1,backup,arn:aws:backup:sa-east-1:415071355886:recovery-point:27db5b2b-a4a2-41b8-9d6a-4eb8e0011b03,arn:aws:dynamodb:sa-east-1:415071355886:table/termos,bkp-consent-table-dynamo,COMPLETED,DynamoDB,0.0,,arn:aws:kms:sa-east-1:415071355886:key/8e24ce04-b274-4a85-93d5-1854918cd289,,,,
datahubprod,sa-east-1,backup,arn:aws:backup:sa-east-1:415071355886:recovery-point:10671474-68b0-4d33-9882-57b45fa06434,arn:aws:dynamodb:sa-east-1:415071355886:table/consentimento_pj,bkp-consent-table-dynamo,COMPLETED,DynamoDB,0.0,,arn:aws:kms:sa-east-1:415071355886:key/8e24ce04-b274-4a85-93d5-1854918cd289,,,,
datahubprod,sa-east-1,backup,arn:aws:backup:sa-east-1:415071355886:recovery-point:7228fb20-37b3-4acd-b8bd-f6bc8588d21a,arn:aws:dynamodb:sa-east-1:415071355886:table/consentimento_pf,bkp-consent-table-dynamo,COMPLETED,DynamoDB,1.83,,arn:aws:kms:sa-east-1:415071355886:key/8e24ce04-b274-4a85-93d5-1854918cd289,,,,
datahubprod,sa-east-1,backup,arn:aws:backup:sa-east-1:415071355886:recovery-point:bf86f220-ff3f-4449-8ec3-daa194675ded,arn:aws:dynamodb:sa-east-1:415071355886:table/consentimento_pf,bkp-consent-table-dynamo,COMPLETED,DynamoDB,1.83,,arn:aws:kms:sa-east-1:415071355886:key/8e24ce04-b274-4a85-93d5-1854918cd289,,,,
datahubprod,sa-east-1,backup,arn:aws:backup:sa-east-1:415071355886:recovery-point:3b77afba-20ac-4722-976b-d958b8a54a86,arn:aws:dynamodb:sa-east-1:415071355886:table/consentimento_pj,bkp-consent-table-dynamo,COMPLETED,DynamoDB,0.0,,arn:aws:kms:sa-east-1:415071355886:key/8e24ce04-b274-4a85-93d5-1854918cd289,,,,
datahubprod,sa-east-1,backup,arn:aws:backup:sa-east-1:415071355886:recovery-point:f8ba6a95-04a4-41db-a5b9-10ca8100edf4,arn:aws:dynamodb:sa-east-1:415071355886:table/termos,bkp-consent-table-dynamo,COMPLETED,DynamoDB,0.0,,arn:aws:kms:sa-east-1:415071355886:key/8e24ce04-b274-4a85-93d5-1854918cd289,,,,
datahubprod,sa-east-1,backup,arn:aws:backup:sa-east-1:415071355886:recovery-point:77138750-c77d-4e70-9a83-727c1add8732,arn:aws:dynamodb:sa-east-1:415071355886:table/termos,bkp-consent-table-dynamo,COMPLETED,DynamoDB,0.0,,arn:aws:kms:sa-east-1:415071355886:key/8e24ce04-b274-4a85-93d5-1854918cd289,,,,
datahubprod,sa-east-1,backup,arn:aws:backup:sa-east-1:415071355886:recovery-point:2a657d35-6952-493b-a7c3-be585475ea2b,arn:aws:dynamodb:sa-east-1:415071355886:table/consentimento_pj,bkp-consent-table-dynamo,COMPLETED,DynamoDB,0.0,,arn:aws:kms:sa-east-1:415071355886:key/8e24ce04-b274-4a85-93d5-1854918cd289,,,,
datahubprod,sa-east-1,backup,arn:aws:backup:sa-east-1:415071355886:recovery-point:b7d9b40c-7d76-47ca-a9b8-f8ecd7f80fac,arn:aws:dynamodb:sa-east-1:415071355886:table/consentimento_pf,bkp-consent-table-dynamo,COMPLETED,DynamoDB,1.83,,arn:aws:kms:sa-east-1:415071355886:key/8e24ce04-b274-4a85-93d5-1854918cd289,,,,
datahubprod,sa-east-1,backup,arn:aws:backup:sa-east-1:415071355886:recovery-point:06f40407-1865-4b1b-ae68-9e49f5ddd44f,arn:aws:dynamodb:sa-east-1:415071355886:table/consentimento_pf,bkp-consent-table-dynamo,COMPLETED,DynamoDB,1.83,,arn:aws:kms:sa-east-1:415071355886:key/8e24ce04-b274-4a85-93d5-1854918cd289,,,,
datahubprod,sa-east-1,backup,arn:aws:backup:sa-east-1:415071355886:recovery-point:97099f0c-d7a6-4efe-8c0f-6646395a93f2,arn:aws:dynamodb:sa-east-1:415071355886:table/termos,bkp-consent-table-dynamo,COMPLETED,DynamoDB,0.0,,arn:aws:kms:sa-east-1:415071355886:key/8e24ce04-b274-4a85-93d5-1854918cd289,,,,
datahubprod,sa-east-1,backup,arn:aws:backup:sa-east-1:415071355886:recovery-point:6013108b-f50c-4aa0-885c-cb4554d078bb,arn:aws:dynamodb:sa-east-1:415071355886:table/consentimento_pj,bkp-consent-table-dynamo,COMPLETED,DynamoDB,0.0,,arn:aws:kms:sa-east-1:415071355886:key/8e24ce04-b274-4a85-93d5-1854918cd289,,,,
datahubprod,sa-east-1,backup,arn:aws:backup:sa-east-1:415071355886:recovery-point:783d6ebc-407b-47ab-8bb3-93b70a341b30,arn:aws:dynamodb:sa-east-1:415071355886:table/termos,bkp-consent-table-dynamo,COMPLETED,DynamoDB,0.0,,arn:aws:kms:sa-east-1:415071355886:key/8e24ce04-b274-4a85-93d5-1854918cd289,,,,
datahubprod,sa-east-1,backup,arn:aws:backup:sa-east-1:415071355886:recovery-point:5217830d-0e56-4b95-8ad6-4de0bd50c073,arn:aws:dynamodb:sa-east-1:415071355886:table/consentimento_pj,bkp-consent-table-dynamo,COMPLETED,DynamoDB,0.0,,arn:aws:kms:sa-east-1:415071355886:key/8e24ce04-b274-4a85-93d5-1854918cd289,,,,
datahubprod,sa-east-1,backup,arn:aws:backup:sa-east-1:415071355886:recovery-point:3b75fc8c-99a8-4085-b23c-8036ba585ed0,arn:aws:dynamodb:sa-east-1:415071355886:table/consentimento_pf,bkp-consent-table-dynamo,COMPLETED,DynamoDB,1.83,,arn:aws:kms:sa-east-1:415071355886:key/8e24ce04-b274-4a85-93d5-1854918cd289,,,,
datahubprod,sa-east-1,backup,arn:aws:backup:sa-east-1:415071355886:recovery-point:2a7457ea-e2b7-4a58-a2bc-dbc2003a0b71,arn:aws:dynamodb:sa-east-1:415071355886:table/consentimento_pf,bkp-consent-table-dynamo,COMPLETED,DynamoDB,1.83,,arn:aws:kms:sa-east-1:415071355886:key/8e24ce04-b274-4a85-93d5-1854918cd289,,,,
datahubprod,sa-east-1,backup,arn:aws:backup:sa-east-1:415071355886:recovery-point:824bffd5-df14-46af-a081-07ee49c668dd,arn:aws:dynamodb:sa-east-1:415071355886:table/termos,bkp-consent-table-dynamo,COMPLETED,DynamoDB,0.0,,arn:aws:kms:sa-east-1:415071355886:key/8e24ce04-b274-4a85-93d5-1854918cd289,,,,
datahubprod,sa-east-1,backup,arn:aws:backup:sa-east-1:415071355886:recovery-point:a9e4520b-e0a9-4505-a299-af647d177f70,arn:aws:dynamodb:sa-east-1:415071355886:table/consentimento_pj,bkp-consent-table-dynamo,COMPLETED,DynamoDB,0.0,,arn:aws:kms:sa-east-1:415071355886:key/8e24ce04-b274-4a85-93d5-1854918cd289,,,,
datahubprod,sa-east-1,backup,arn:aws:backup:sa-east-1:415071355886:recovery-point:668fd54b-39ec-48d5-9f6e-268104572fbb,arn:aws:dynamodb:sa-east-1:415071355886:table/consentimento_pj,bkp-consent-table-dynamo,COMPLETED,DynamoDB,0.0,,arn:aws:kms:sa-east-1:415071355886:key/8e24ce04-b274-4a85-93d5-1854918cd289,,,,
datahubprod,sa-east-1,backup,arn:aws:backup:sa-east-1:415071355886:recovery-point:baec41d3-1cef-447a-922f-23f780b7d382,arn:aws:dynamodb:sa-east-1:415071355886:table/termos,bkp-consent-table-dynamo,COMPLETED,DynamoDB,0.0,,arn:aws:kms:sa-east-1:415071355886:key/8e24ce04-b274-4a85-93d5-1854918cd289,,,,
datahubprod,sa-east-1,backup,arn:aws:backup:sa-east-1:415071355886:recovery-point:480d6d52-2636-4eb7-bd6f-bb1a67059105,arn:aws:dynamodb:sa-east-1:415071355886:table/consentimento_pf,bkp-consent-table-dynamo,COMPLETED,DynamoDB,1.83,,arn:aws:kms:sa-east-1:415071355886:key/8e24ce04-b274-4a85-93d5-1854918cd289,,,,
datahubprod,sa-east-1,backup,arn:aws:backup:sa-east-1:415071355886:recovery-point:9993486b-4044-4871-879a-2016acf429df,arn:aws:dynamodb:sa-east-1:415071355886:table/termos,bkp-consent-table-dynamo,COMPLETED,DynamoDB,0.0,,arn:aws:kms:sa-east-1:415071355886:key/8e24ce04-b274-4a85-93d5-1854918cd289,,,,
datahubprod,sa-east-1,backup,arn:aws:backup:sa-east-1:415071355886:recovery-point:fd15c711-e961-4e0e-9917-f2d8ac2f7330,arn:aws:dynamodb:sa-east-1:415071355886:table/consentimento_pj,bkp-consent-table-dynamo,COMPLETED,DynamoDB,0.0,,arn:aws:kms:sa-east-1:415071355886:key/8e24ce04-b274-4a85-93d5-1854918cd289,,,,
datahubprod,sa-east-1,backup,arn:aws:backup:sa-east-1:415071355886:recovery-point:6102e56f-b467-4aa6-80f8-ea4b13e18346,arn:aws:dynamodb:sa-east-1:415071355886:table/consentimento_pf,bkp-consent-table-dynamo,COMPLETED,DynamoDB,1.83,,arn:aws:kms:sa-east-1:415071355886:key/8e24ce04-b274-4a85-93d5-1854918cd289,,,,
datahubprod,sa-east-1,backup,arn:aws:backup:sa-east-1:415071355886:recovery-point:8e1e300a-cb19-43b9-804e-c513858a04c0,arn:aws:dynamodb:sa-east-1:415071355886:table/consentimento_pj,bkp-consent-table-dynamo,COMPLETED,DynamoDB,0.0,,arn:aws:kms:sa-east-1:415071355886:key/8e24ce04-b274-4a85-93d5-1854918cd289,,,,
datahubprod,sa-east-1,backup,arn:aws:backup:sa-east-1:415071355886:recovery-point:6ebb6930-d8c7-4895-bad3-993ad99d438b,arn:aws:dynamodb:sa-east-1:415071355886:table/consentimento_pf,bkp-consent-table-dynamo,COMPLETED,DynamoDB,1.83,,arn:aws:kms:sa-east-1:415071355886:key/8e24ce04-b274-4a85-93d5-1854918cd289,,,,
datahubprod,sa-east-1,backup,arn:aws:backup:sa-east-1:415071355886:recovery-point:11f379fd-5bcb-4473-8b10-beeb5fe841c7,arn:aws:dynamodb:sa-east-1:415071355886:table/termos,bkp-consent-table-dynamo,COMPLETED,DynamoDB,0.0,,arn:aws:kms:sa-east-1:415071355886:key/8e24ce04-b274-4a85-93d5-1854918cd289,,,,
datahubprod,sa-east-1,backup,arn:aws:backup:sa-east-1:415071355886:recovery-point:154c00de-f973-42a2-8be1-31e26b4243ca,arn:aws:dynamodb:sa-east-1:415071355886:table/consentimento_pj,bkp-consent-table-dynamo,COMPLETED,DynamoDB,0.0,,arn:aws:kms:sa-east-1:415071355886:key/8e24ce04-b274-4a85-93d5-1854918cd289,,,,
datahubprod,sa-east-1,backup,arn:aws:backup:sa-east-1:415071355886:recovery-point:1a9c926a-5a9e-4cd8-9c23-e502cda67cc9,arn:aws:dynamodb:sa-east-1:415071355886:table/termos,bkp-consent-table-dynamo,COMPLETED,DynamoDB,0.0,,arn:aws:kms:sa-east-1:415071355886:key/8e24ce04-b274-4a85-93d5-1854918cd289,,,,
datahubprod,sa-east-1,backup,arn:aws:backup:sa-east-1:415071355886:recovery-point:6d243a16-5ac2-42d9-9304-3a71499ccb9d,arn:aws:dynamodb:sa-east-1:415071355886:table/consentimento_pf,bkp-consent-table-dynamo,COMPLETED,DynamoDB,1.83,,arn:aws:kms:sa-east-1:415071355886:key/8e24ce04-b274-4a85-93d5-1854918cd289,,,,
datahubprod,sa-east-1,backup,arn:aws:backup:sa-east-1:415071355886:recovery-point:5da87eb8-880b-4b01-a798-3a5c080a76f1,arn:aws:dynamodb:sa-east-1:415071355886:table/consentimento_pf,bkp-consent-table-dynamo,COMPLETED,DynamoDB,1.83,,arn:aws:kms:sa-east-1:415071355886:key/8e24ce04-b274-4a85-93d5-1854918cd289,,,,
datahubprod,sa-east-1,backup,arn:aws:backup:sa-east-1:415071355886:recovery-point:5fc381bb-c92e-4645-8680-e5af4425ecd1,arn:aws:dynamodb:sa-east-1:415071355886:table/termos,bkp-consent-table-dynamo,COMPLETED,DynamoDB,0.0,,arn:aws:kms:sa-east-1:415071355886:key/8e24ce04-b274-4a85-93d5-1854918cd289,,,,
datahubprod,sa-east-1,backup,arn:aws:backup:sa-east-1:415071355886:recovery-point:a0fec2af-f75e-49ad-9923-b8234bbe7b36,arn:aws:dynamodb:sa-east-1:415071355886:table/consentimento_pj,bkp-consent-table-dynamo,COMPLETED,DynamoDB,0.0,,arn:aws:kms:sa-east-1:415071355886:key/8e24ce04-b274-4a85-93d5-1854918cd289,,,,
datahubprod,sa-east-1,backup,arn:aws:backup:sa-east-1:415071355886:recovery-point:2cac4563-b8ec-4434-b93f-dccb98866fd8,arn:aws:dynamodb:sa-east-1:415071355886:table/termos,bkp-consent-table-dynamo,COMPLETED,DynamoDB,0.0,,arn:aws:kms:sa-east-1:415071355886:key/8e24ce04-b274-4a85-93d5-1854918cd289,,,,
datahubprod,sa-east-1,backup,arn:aws:backup:sa-east-1:415071355886:recovery-point:0e92b168-bbbd-4897-b066-9473478cfc71,arn:aws:dynamodb:sa-east-1:415071355886:table/consentimento_pf,bkp-consent-table-dynamo,COMPLETED,DynamoDB,1.83,,arn:aws:kms:sa-east-1:415071355886:key/8e24ce04-b274-4a85-93d5-1854918cd289,,,,
datahubprod,sa-east-1,backup,arn:aws:backup:sa-east-1:415071355886:recovery-point:90570148-086b-4f85-82a6-ddb9abf6c08f,arn:aws:dynamodb:sa-east-1:415071355886:table/consentimento_pj,bkp-consent-table-dynamo,COMPLETED,DynamoDB,0.0,,arn:aws:kms:sa-east-1:415071355886:key/8e24ce04-b274-4a85-93d5-1854918cd289,,,,
datahubprod,sa-east-1,backup,arn:aws:backup:sa-east-1:415071355886:recovery-point:82fe3f55-632f-40db-8ca3-dc7398fb01de,arn:aws:dynamodb:sa-east-1:415071355886:table/consentimento_pj,bkp-consent-table-dynamo,COMPLETED,DynamoDB,0.0,,arn:aws:kms:sa-east-1:415071355886:key/8e24ce04-b274-4a85-93d5-1854918cd289,,,,
datahubprod,sa-east-1,backup,arn:aws:backup:sa-east-1:415071355886:recovery-point:3fccaa7b-4ccf-4a78-bc7c-c74d78c6e03b,arn:aws:dynamodb:sa-east-1:415071355886:table/consentimento_pf,bkp-consent-table-dynamo,COMPLETED,DynamoDB,1.83,,arn:aws:kms:sa-east-1:415071355886:key/8e24ce04-b274-4a85-93d5-1854918cd289,,,,
datahubprod,sa-east-1,backup,arn:aws:backup:sa-east-1:415071355886:recovery-point:b3c22793-ce4e-41a3-b6db-9872f6fa5426,arn:aws:dynamodb:sa-east-1:415071355886:table/termos,bkp-consent-table-dynamo,COMPLETED,DynamoDB,0.0,,arn:aws:kms:sa-east-1:415071355886:key/8e24ce04-b274-4a85-93d5-1854918cd289,,,,
datahubprod,sa-east-1,backup,arn:aws:backup:sa-east-1:415071355886:recovery-point:f49c2134-2521-4674-9a7c-9a6313e94848,arn:aws:dynamodb:sa-east-1:415071355886:table/termos,bkp-consent-table-dynamo,COMPLETED,DynamoDB,0.0,,arn:aws:kms:sa-east-1:415071355886:key/8e24ce04-b274-4a85-93d5-1854918cd289,,,,
datahubprod,sa-east-1,backup,arn:aws:backup:sa-east-1:415071355886:recovery-point:3de48954-4048-424b-9b0f-efcf2b4df212,arn:aws:dynamodb:sa-east-1:415071355886:table/consentimento_pf,bkp-consent-table-dynamo,COMPLETED,DynamoDB,1.83,,arn:aws:kms:sa-east-1:415071355886:key/8e24ce04-b274-4a85-93d5-1854918cd289,,,,
datahubprod,sa-east-1,backup,arn:aws:backup:sa-east-1:415071355886:recovery-point:11abd17f-0456-4ed8-a4da-cb510835d3ca,arn:aws:dynamodb:sa-east-1:415071355886:table/consentimento_pj,bkp-consent-table-dynamo,COMPLETED,DynamoDB,0.0,,arn:aws:kms:sa-east-1:415071355886:key/8e24ce04-b274-4a85-93d5-1854918cd289,,,,
datahubprod,sa-east-1,backup,arn:aws:backup:sa-east-1:415071355886:recovery-point:8aa44536-6925-4d97-aac0-38da8aba671b,arn:aws:dynamodb:sa-east-1:415071355886:table/consentimento_pj,bkp-consent-table-dynamo,COMPLETED,DynamoDB,0.0,,arn:aws:kms:sa-east-1:415071355886:key/8e24ce04-b274-4a85-93d5-1854918cd289,,,,
datahubprod,sa-east-1,backup,arn:aws:backup:sa-east-1:415071355886:recovery-point:223c0f48-d91e-4776-8582-299a5faa9dbd,arn:aws:dynamodb:sa-east-1:415071355886:table/consentimento_pf,bkp-consent-table-dynamo,COMPLETED,DynamoDB,1.83,,arn:aws:kms:sa-east-1:415071355886:key/8e24ce04-b274-4a85-93d5-1854918cd289,,,,
datahubprod,sa-east-1,backup,arn:aws:backup:sa-east-1:415071355886:recovery-point:c3ee6a28-818b-4732-86d5-6b1a6341f9a5,arn:aws:dynamodb:sa-east-1:415071355886:table/termos,bkp-consent-table-dynamo,COMPLETED,DynamoDB,0.0,,arn:aws:kms:sa-east-1:415071355886:key/8e24ce04-b274-4a85-93d5-1854918cd289,,,,
datahubprod,sa-east-1,backup,arn:aws:backup:sa-east-1:415071355886:recovery-point:0ddddb87-e883-4db3-9c28-c90ea12f27a9,arn:aws:dynamodb:sa-east-1:415071355886:table/termos,bkp-consent-table-dynamo,COMPLETED,DynamoDB,0.0,,arn:aws:kms:sa-east-1:415071355886:key/8e24ce04-b274-4a85-93d5-1854918cd289,,,,
datahubprod,sa-east-1,backup,arn:aws:backup:sa-east-1:415071355886:recovery-point:81a61873-651c-421b-a28f-3040885ede28,arn:aws:dynamodb:sa-east-1:415071355886:table/consentimento_pj,bkp-consent-table-dynamo,COMPLETED,DynamoDB,0.0,,arn:aws:kms:sa-east-1:415071355886:key/8e24ce04-b274-4a85-93d5-1854918cd289,,,,
datahubprod,sa-east-1,backup,arn:aws:backup:sa-east-1:415071355886:recovery-point:ed6b1253-592b-4d44-b0bb-655fd3bfd634,arn:aws:dynamodb:sa-east-1:415071355886:table/consentimento_pf,bkp-consent-table-dynamo,COMPLETED,DynamoDB,1.83,,arn:aws:kms:sa-east-1:415071355886:key/8e24ce04-b274-4a85-93d5-1854918cd289,,,,
datahubprod,sa-east-1,backup,arn:aws:backup:sa-east-1:415071355886:recovery-point:1d22044b-01c3-4629-8efd-ced82110f983,arn:aws:dynamodb:sa-east-1:415071355886:table/consentimento_pf,bkp-consent-table-dynamo,COMPLETED,DynamoDB,1.83,,arn:aws:kms:sa-east-1:415071355886:key/8e24ce04-b274-4a85-93d5-1854918cd289,,,,
datahubprod,sa-east-1,backup,arn:aws:backup:sa-east-1:415071355886:recovery-point:005f17ce-8d1c-4a01-96d6-99ac2bb3c583,arn:aws:dynamodb:sa-east-1:415071355886:table/consentimento_pj,bkp-consent-table-dynamo,COMPLETED,DynamoDB,0.0,,arn:aws:kms:sa-east-1:415071355886:key/8e24ce04-b274-4a85-93d5-1854918cd289,,,,
datahubprod,sa-east-1,backup,arn:aws:backup:sa-east-1:415071355886:recovery-point:241c47cc-e95b-4d4b-8a81-25ade0fef344,arn:aws:dynamodb:sa-east-1:415071355886:table/termos,bkp-consent-table-dynamo,COMPLETED,DynamoDB,0.0,,arn:aws:kms:sa-east-1:415071355886:key/8e24ce04-b274-4a85-93d5-1854918cd289,,,,
datahubprod,sa-east-1,backup,arn:aws:backup:sa-east-1:415071355886:recovery-point:58e05b7d-d888-4677-a36d-315c5f2b5dcc,arn:aws:dynamodb:sa-east-1:415071355886:table/consentimento_pj,bkp-consent-table-dynamo,COMPLETED,DynamoDB,0.0,,arn:aws:kms:sa-east-1:415071355886:key/8e24ce04-b274-4a85-93d5-1854918cd289,,,,
datahubprod,sa-east-1,backup,arn:aws:backup:sa-east-1:415071355886:recovery-point:7f4590b8-492f-4b1d-a88b-8a56034e606b,arn:aws:dynamodb:sa-east-1:415071355886:table/termos,bkp-consent-table-dynamo,COMPLETED,DynamoDB,0.0,,arn:aws:kms:sa-east-1:415071355886:key/8e24ce04-b274-4a85-93d5-1854918cd289,,,,
datahubprod,sa-east-1,backup,arn:aws:backup:sa-east-1:415071355886:recovery-point:0d7ab40b-5801-4286-bf0b-6b6c33731d2a,arn:aws:dynamodb:sa-east-1:415071355886:table/consentimento_pf,bkp-consent-table-dynamo,COMPLETED,DynamoDB,1.83,,arn:aws:kms:sa-east-1:415071355886:key/8e24ce04-b274-4a85-93d5-1854918cd289,,,,
datahubprod,sa-east-1,backup,arn:aws:backup:sa-east-1:415071355886:recovery-point:382eb48c-9bff-42cd-9339-1b7696f33174,arn:aws:dynamodb:sa-east-1:415071355886:table/termos,bkp-consent-table-dynamo,COMPLETED,DynamoDB,0.0,,arn:aws:kms:sa-east-1:415071355886:key/8e24ce04-b274-4a85-93d5-1854918cd289,,,,
datahubprod,sa-east-1,backup,arn:aws:backup:sa-east-1:415071355886:recovery-point:727f5a22-341d-48cd-8082-779af272977e,arn:aws:dynamodb:sa-east-1:415071355886:table/consentimento_pf,bkp-consent-table-dynamo,COMPLETED,DynamoDB,1.83,,arn:aws:kms:sa-east-1:415071355886:key/8e24ce04-b274-4a85-93d5-1854918cd289,,,,
datahubprod,sa-east-1,backup,arn:aws:backup:sa-east-1:415071355886:recovery-point:656e48d5-9b15-4a3b-b61f-7d6cbe3ac96c,arn:aws:dynamodb:sa-east-1:415071355886:table/consentimento_pj,bkp-consent-table-dynamo,COMPLETED,DynamoDB,0.0,,arn:aws:kms:sa-east-1:415071355886:key/8e24ce04-b274-4a85-93d5-1854918cd289,,,,
datahubprod,sa-east-1,backup,arn:aws:backup:sa-east-1:415071355886:recovery-point:d4db4a36-c980-4343-b218-ce534192714e,arn:aws:dynamodb:sa-east-1:415071355886:table/termos,bkp-consent-table-dynamo,COMPLETED,DynamoDB,0.0,,arn:aws:kms:sa-east-1:415071355886:key/8e24ce04-b274-4a85-93d5-1854918cd289,,,,
datahubprod,sa-east-1,backup,arn:aws:backup:sa-east-1:415071355886:recovery-point:ba5bc99d-44c4-4807-b7a8-a05b2a6ef5b4,arn:aws:dynamodb:sa-east-1:415071355886:table/consentimento_pf,bkp-consent-table-dynamo,COMPLETED,DynamoDB,1.83,,arn:aws:kms:sa-east-1:415071355886:key/8e24ce04-b274-4a85-93d5-1854918cd289,,,,
datahubprod,sa-east-1,backup,arn:aws:backup:sa-east-1:415071355886:recovery-point:019b1582-6f9d-4b52-bcbf-207345c85368,arn:aws:dynamodb:sa-east-1:415071355886:table/consentimento_pj,bkp-consent-table-dynamo,COMPLETED,DynamoDB,0.0,,arn:aws:kms:sa-east-1:415071355886:key/8e24ce04-b274-4a85-93d5-1854918cd289,,,,
datahubprod,sa-east-1,backup,arn:aws:backup:sa-east-1:415071355886:recovery-point:b010400b-fa8f-4b60-99dc-22f40bf05af1,arn:aws:dynamodb:sa-east-1:415071355886:table/termos,bkp-consent-table-dynamo,COMPLETED,DynamoDB,0.0,,arn:aws:kms:sa-east-1:415071355886:key/8e24ce04-b274-4a85-93d5-1854918cd289,,,,
datahubprod,sa-east-1,backup,arn:aws:backup:sa-east-1:415071355886:recovery-point:9929d514-1653-4ca3-9133-7eacb898c496,arn:aws:dynamodb:sa-east-1:415071355886:table/consentimento_pf,bkp-consent-table-dynamo,COMPLETED,DynamoDB,1.83,,arn:aws:kms:sa-east-1:415071355886:key/8e24ce04-b274-4a85-93d5-1854918cd289,,,,
datahubprod,sa-east-1,backup,arn:aws:backup:sa-east-1:415071355886:recovery-point:db383144-58c0-4a4c-acde-3786e1aff96d,arn:aws:dynamodb:sa-east-1:415071355886:table/consentimento_pj,bkp-consent-table-dynamo,COMPLETED,DynamoDB,0.0,,arn:aws:kms:sa-east-1:415071355886:key/8e24ce04-b274-4a85-93d5-1854918cd289,,,,
datahubprod,sa-east-1,backup,arn:aws:backup:sa-east-1:415071355886:recovery-point:56a0b572-7071-46a4-b6e4-038b9cb363e3,arn:aws:dynamodb:sa-east-1:415071355886:table/termos,bkp-consent-table-dynamo,COMPLETED,DynamoDB,0.0,,arn:aws:kms:sa-east-1:415071355886:key/8e24ce04-b274-4a85-93d5-1854918cd289,,,,
datahubprod,sa-east-1,backup,arn:aws:backup:sa-east-1:415071355886:recovery-point:000ded87-2707-448c-8b7e-a009954a1f7a,arn:aws:dynamodb:sa-east-1:415071355886:table/consentimento_pj,bkp-consent-table-dynamo,COMPLETED,DynamoDB,0.0,,arn:aws:kms:sa-east-1:415071355886:key/8e24ce04-b274-4a85-93d5-1854918cd289,,,,
datahubprod,sa-east-1,backup,arn:aws:backup:sa-east-1:415071355886:recovery-point:487cccaf-75d4-4e70-8a22-e3c4c10c4b7d,arn:aws:dynamodb:sa-east-1:415071355886:table/consentimento_pf,bkp-consent-table-dynamo,COMPLETED,DynamoDB,1.83,,arn:aws:kms:sa-east-1:415071355886:key/8e24ce04-b274-4a85-93d5-1854918cd289,,,,
datahubprod,sa-east-1,backup,arn:aws:backup:sa-east-1:415071355886:recovery-point:ddfc5028-9c8d-4e00-8405-93c10fe57912,arn:aws:dynamodb:sa-east-1:415071355886:table/consentimento_pj,bkp-consent-table-dynamo,COMPLETED,DynamoDB,0.0,,arn:aws:kms:sa-east-1:415071355886:key/8e24ce04-b274-4a85-93d5-1854918cd289,,,,
datahubprod,sa-east-1,backup,arn:aws:backup:sa-east-1:415071355886:recovery-point:274095a3-a54d-4524-b03c-fd541a253d03,arn:aws:dynamodb:sa-east-1:415071355886:table/termos,bkp-consent-table-dynamo,COMPLETED,DynamoDB,0.0,,arn:aws:kms:sa-east-1:415071355886:key/8e24ce04-b274-4a85-93d5-1854918cd289,,,,
datahubprod,sa-east-1,backup,arn:aws:backup:sa-east-1:415071355886:recovery-point:c3c0e2d4-2c14-4d63-ad0d-48dae25ddab0,arn:aws:dynamodb:sa-east-1:415071355886:table/consentimento_pf,bkp-consent-table-dynamo,COMPLETED,DynamoDB,1.83,,arn:aws:kms:sa-east-1:415071355886:key/8e24ce04-b274-4a85-93d5-1854918cd289,,,,
datahubprod,sa-east-1,backup,arn:aws:backup:sa-east-1:415071355886:recovery-point:f194802c-b071-4384-8137-4f898c401863,arn:aws:dynamodb:sa-east-1:415071355886:table/consentimento_pf,bkp-consent-table-dynamo,COMPLETED,DynamoDB,1.83,,arn:aws:kms:sa-east-1:415071355886:key/8e24ce04-b274-4a85-93d5-1854918cd289,,,,
datahubprod,sa-east-1,backup,arn:aws:backup:sa-east-1:415071355886:recovery-point:7a8cecaf-a10b-4186-baa1-e7d967642e80,arn:aws:dynamodb:sa-east-1:415071355886:table/consentimento_pj,bkp-consent-table-dynamo,COMPLETED,DynamoDB,0.0,,arn:aws:kms:sa-east-1:415071355886:key/8e24ce04-b274-4a85-93d5-1854918cd289,,,,
datahubprod,sa-east-1,backup,arn:aws:backup:sa-east-1:415071355886:recovery-point:466e6557-cd97-42cf-bf82-7eec76cb7ddd,arn:aws:dynamodb:sa-east-1:415071355886:table/termos,bkp-consent-table-dynamo,COMPLETED,DynamoDB,0.0,,arn:aws:kms:sa-east-1:415071355886:key/8e24ce04-b274-4a85-93d5-1854918cd289,,,,
datahubprod,sa-east-1,backup,arn:aws:backup:sa-east-1:415071355886:recovery-point:07baa724-969c-41ed-850b-e02dab20e560,arn:aws:dynamodb:sa-east-1:415071355886:table/consentimento_pj,bkp-consent-table-dynamo,COMPLETED,DynamoDB,0.0,,arn:aws:kms:sa-east-1:415071355886:key/8e24ce04-b274-4a85-93d5-1854918cd289,,,,
datahubprod,sa-east-1,backup,arn:aws:backup:sa-east-1:415071355886:recovery-point:273fe7fd-7c49-4a02-9839-de84f919cce0,arn:aws:dynamodb:sa-east-1:415071355886:table/termos,bkp-consent-table-dynamo,COMPLETED,DynamoDB,0.0,,arn:aws:kms:sa-east-1:415071355886:key/8e24ce04-b274-4a85-93d5-1854918cd289,,,,
datahubprod,sa-east-1,backup,arn:aws:backup:sa-east-1:415071355886:recovery-point:d3df5d51-a950-4176-9860-d10a9f840355,arn:aws:dynamodb:sa-east-1:415071355886:table/consentimento_pf,bkp-consent-table-dynamo,COMPLETED,DynamoDB,1.83,,arn:aws:kms:sa-east-1:415071355886:key/8e24ce04-b274-4a85-93d5-1854918cd289,,,,
datahubprod,sa-east-1,backup,arn:aws:backup:sa-east-1:415071355886:recovery-point:bfbe0990-75f6-467c-8483-6fb79bab3fcb,arn:aws:dynamodb:sa-east-1:415071355886:table/termos,bkp-consent-table-dynamo,COMPLETED,DynamoDB,0.0,,arn:aws:kms:sa-east-1:415071355886:key/8e24ce04-b274-4a85-93d5-1854918cd289,,,,
datahubprod,sa-east-1,backup,arn:aws:backup:sa-east-1:415071355886:recovery-point:3006aa11-a912-49ab-8ed9-f43856fd96cc,arn:aws:dynamodb:sa-east-1:415071355886:table/consentimento_pf,bkp-consent-table-dynamo,COMPLETED,DynamoDB,1.83,,arn:aws:kms:sa-east-1:415071355886:key/8e24ce04-b274-4a85-93d5-1854918cd289,,,,
datahubprod,sa-east-1,backup,arn:aws:backup:sa-east-1:415071355886:recovery-point:f14265de-6051-4ff4-9c51-6f1ef990fa77,arn:aws:dynamodb:sa-east-1:415071355886:table/consentimento_pj,bkp-consent-table-dynamo,COMPLETED,DynamoDB,0.0,,arn:aws:kms:sa-east-1:415071355886:key/8e24ce04-b274-4a85-93d5-1854918cd289,,,,
datahubprod,sa-east-1,backup,arn:aws:backup:sa-east-1:415071355886:recovery-point:31f9048b-0d28-4fd3-b11d-33ba7d932b59,arn:aws:dynamodb:sa-east-1:415071355886:table/consentimento_pf,bkp-consent-table-dynamo,COMPLETED,DynamoDB,1.83,,arn:aws:kms:sa-east-1:415071355886:key/8e24ce04-b274-4a85-93d5-1854918cd289,,,,
datahubprod,sa-east-1,backup,arn:aws:backup:sa-east-1:415071355886:recovery-point:5728a83b-197f-4e1c-a6a0-3e00da1b4d91,arn:aws:dynamodb:sa-east-1:415071355886:table/termos,bkp-consent-table-dynamo,COMPLETED,DynamoDB,0.0,,arn:aws:kms:sa-east-1:415071355886:key/8e24ce04-b274-4a85-93d5-1854918cd289,,,,
datahubprod,sa-east-1,backup,arn:aws:backup:sa-east-1:415071355886:recovery-point:63f9a991-706a-420f-80c6-d8ab1177f0f8,arn:aws:dynamodb:sa-east-1:415071355886:table/consentimento_pj,bkp-consent-table-dynamo,COMPLETED,DynamoDB,0.0,,arn:aws:kms:sa-east-1:415071355886:key/8e24ce04-b274-4a85-93d5-1854918cd289,,,,
datahubprod,sa-east-1,backup,arn:aws:backup:sa-east-1:415071355886:recovery-point:318aef0e-9050-4ca5-a43b-424731ad366a,arn:aws:dynamodb:sa-east-1:415071355886:table/consentimento_pf,bkp-consent-table-dynamo,COMPLETED,DynamoDB,1.83,,arn:aws:kms:sa-east-1:415071355886:key/8e24ce04-b274-4a85-93d5-1854918cd289,,,,
datahubprod,sa-east-1,backup,arn:aws:backup:sa-east-1:415071355886:recovery-point:e14982dd-2d39-49a0-8380-effbfbf4f947,arn:aws:dynamodb:sa-east-1:415071355886:table/consentimento_pj,bkp-consent-table-dynamo,COMPLETED,DynamoDB,0.0,,arn:aws:kms:sa-east-1:415071355886:key/8e24ce04-b274-4a85-93d5-1854918cd289,,,,
datahubprod,sa-east-1,backup,arn:aws:backup:sa-east-1:415071355886:recovery-point:6cb46c7c-53b0-4a23-99fd-b55f7f59d6c9,arn:aws:dynamodb:sa-east-1:415071355886:table/termos,bkp-consent-table-dynamo,COMPLETED,DynamoDB,0.0,,arn:aws:kms:sa-east-1:415071355886:key/8e24ce04-b274-4a85-93d5-1854918cd289,,,,
datahubprod,sa-east-1,backup,arn:aws:backup:sa-east-1:415071355886:recovery-point:3d97ab8e-f376-495f-8650-de86fb830841,arn:aws:dynamodb:sa-east-1:415071355886:table/consentimento_pf,bkp-consent-table-dynamo,COMPLETED,DynamoDB,1.83,,arn:aws:kms:sa-east-1:415071355886:key/8e24ce04-b274-4a85-93d5-1854918cd289,,,,
datahubprod,sa-east-1,backup,arn:aws:backup:sa-east-1:415071355886:recovery-point:5b50ddcf-7ab9-43fd-bbeb-e49012d4e0b4,arn:aws:dynamodb:sa-east-1:415071355886:table/consentimento_pj,bkp-consent-table-dynamo,COMPLETED,DynamoDB,0.0,,arn:aws:kms:sa-east-1:415071355886:key/8e24ce04-b274-4a85-93d5-1854918cd289,,,,
datahubprod,sa-east-1,backup,arn:aws:backup:sa-east-1:415071355886:recovery-point:8c2cf198-78f7-448b-8382-730e56ef8de2,arn:aws:dynamodb:sa-east-1:415071355886:table/termos,bkp-consent-table-dynamo,COMPLETED,DynamoDB,0.0,,arn:aws:kms:sa-east-1:415071355886:key/8e24ce04-b274-4a85-93d5-1854918cd289,,,,
datahubprod,sa-east-1,backup,arn:aws:backup:sa-east-1:415071355886:recovery-point:a870b51c-0275-430c-8d5b-85903a990fd9,arn:aws:dynamodb:sa-east-1:415071355886:table/consentimento_pj,bkp-consent-table-dynamo,COMPLETED,DynamoDB,0.0,,arn:aws:kms:sa-east-1:415071355886:key/8e24ce04-b274-4a85-93d5-1854918cd289,,,,
datahubprod,sa-east-1,backup,arn:aws:backup:sa-east-1:415071355886:recovery-point:10b8878c-aea7-45c1-b420-9a6bbe2e22e5,arn:aws:dynamodb:sa-east-1:415071355886:table/termos,bkp-consent-table-dynamo,COMPLETED,DynamoDB,0.0,,arn:aws:kms:sa-east-1:415071355886:key/8e24ce04-b274-4a85-93d5-1854918cd289,,,,
datahubprod,sa-east-1,backup,arn:aws:backup:sa-east-1:415071355886:recovery-point:72de3bd1-63a2-47ab-bf79-28f04b9fa783,arn:aws:dynamodb:sa-east-1:415071355886:table/consentimento_pf,bkp-consent-table-dynamo,COMPLETED,DynamoDB,1.83,,arn:aws:kms:sa-east-1:415071355886:key/8e24ce04-b274-4a85-93d5-1854918cd289,,,,
datahubprod,sa-east-1,backup,arn:aws:backup:sa-east-1:415071355886:recovery-point:3aa1ef53-1620-483e-b46b-88b83b3abf4d,arn:aws:dynamodb:sa-east-1:415071355886:table/termos,bkp-consent-table-dynamo,COMPLETED,DynamoDB,0.0,,arn:aws:kms:sa-east-1:415071355886:key/8e24ce04-b274-4a85-93d5-1854918cd289,,,,
datahubprod,sa-east-1,backup,arn:aws:backup:sa-east-1:415071355886:recovery-point:8eb5ab0d-36a2-49c6-b849-e4413b921262,arn:aws:dynamodb:sa-east-1:415071355886:table/consentimento_pj,bkp-consent-table-dynamo,COMPLETED,DynamoDB,0.0,,arn:aws:kms:sa-east-1:415071355886:key/8e24ce04-b274-4a85-93d5-1854918cd289,,,,
datahubprod,sa-east-1,backup,arn:aws:backup:sa-east-1:415071355886:recovery-point:78bae3b8-c634-46e7-b47f-0ce7e54a064d,arn:aws:dynamodb:sa-east-1:415071355886:table/consentimento_pf,bkp-consent-table-dynamo,COMPLETED,DynamoDB,1.83,,arn:aws:kms:sa-east-1:415071355886:key/8e24ce04-b274-4a85-93d5-1854918cd289,,,,
datahubprod,sa-east-1,backup,arn:aws:backup:sa-east-1:415071355886:recovery-point:43e45b69-1262-4063-978e-4ff26fa5f9d4,arn:aws:dynamodb:sa-east-1:415071355886:table/consentimento_pj,bkp-consent-table-dynamo,COMPLETED,DynamoDB,0.0,,arn:aws:kms:sa-east-1:415071355886:key/8e24ce04-b274-4a85-93d5-1854918cd289,,,,
datahubprod,sa-east-1,backup,arn:aws:backup:sa-east-1:415071355886:recovery-point:7a7d04a7-0766-418b-9c8f-ca299b231fe8,arn:aws:dynamodb:sa-east-1:415071355886:table/termos,bkp-consent-table-dynamo,COMPLETED,DynamoDB,0.0,,arn:aws:kms:sa-east-1:415071355886:key/8e24ce04-b274-4a85-93d5-1854918cd289,,,,
datahubprod,sa-east-1,backup,arn:aws:backup:sa-east-1:415071355886:recovery-point:6bcc1202-d008-4f92-a5bf-e9ec97e5c251,arn:aws:dynamodb:sa-east-1:415071355886:table/consentimento_pf,bkp-consent-table-dynamo,COMPLETED,DynamoDB,1.83,,arn:aws:kms:sa-east-1:415071355886:key/8e24ce04-b274-4a85-93d5-1854918cd289,,,,
datahubprod,sa-east-1,backup,arn:aws:backup:sa-east-1:415071355886:recovery-point:8f2e65c3-8773-41a7-aeb4-9061a83c662f,arn:aws:dynamodb:sa-east-1:415071355886:table/consentimento_pj,bkp-consent-table-dynamo,COMPLETED,DynamoDB,0.0,,arn:aws:kms:sa-east-1:415071355886:key/8e24ce04-b274-4a85-93d5-1854918cd289,,,,
datahubprod,sa-east-1,backup,arn:aws:backup:sa-east-1:415071355886:recovery-point:90c59938-d388-4732-8ac0-6e4240a5e447,arn:aws:dynamodb:sa-east-1:415071355886:table/consentimento_pf,bkp-consent-table-dynamo,COMPLETED,DynamoDB,1.83,,arn:aws:kms:sa-east-1:415071355886:key/8e24ce04-b274-4a85-93d5-1854918cd289,,,,
datahubprod,sa-east-1,backup,arn:aws:backup:sa-east-1:415071355886:recovery-point:eee13a7a-4c0e-4591-8dca-ea2b41a7d607,arn:aws:dynamodb:sa-east-1:415071355886:table/termos,bkp-consent-table-dynamo,COMPLETED,DynamoDB,0.0,,arn:aws:kms:sa-east-1:415071355886:key/8e24ce04-b274-4a85-93d5-1854918cd289,,,,
datahubprod,sa-east-1,backup,arn:aws:backup:sa-east-1:415071355886:recovery-point:9a3be489-857f-4b5c-a719-0e825f736521,arn:aws:dynamodb:sa-east-1:415071355886:table/termos,bkp-consent-table-dynamo,COMPLETED,DynamoDB,0.0,,arn:aws:kms:sa-east-1:415071355886:key/8e24ce04-b274-4a85-93d5-1854918cd289,,,,
datahubprod,sa-east-1,backup,arn:aws:backup:sa-east-1:415071355886:recovery-point:06546cbb-a138-433f-96d4-681eb7153dc7,arn:aws:dynamodb:sa-east-1:415071355886:table/consentimento_pf,bkp-consent-table-dynamo,COMPLETED,DynamoDB,1.83,,arn:aws:kms:sa-east-1:415071355886:key/8e24ce04-b274-4a85-93d5-1854918cd289,,,,
datahubprod,sa-east-1,backup,arn:aws:backup:sa-east-1:415071355886:recovery-point:bc18f063-151f-4a49-a09a-3e4f581f7820,arn:aws:dynamodb:sa-east-1:415071355886:table/consentimento_pj,bkp-consent-table-dynamo,COMPLETED,DynamoDB,0.0,,arn:aws:kms:sa-east-1:415071355886:key/8e24ce04-b274-4a85-93d5-1854918cd289,,,,
datahubprod,sa-east-1,backup,arn:aws:backup:sa-east-1:415071355886:recovery-point:464f6f21-2bb9-48d8-82d1-7e930116ece9,arn:aws:dynamodb:sa-east-1:415071355886:table/consentimento_pj,bkp-consent-table-dynamo,COMPLETED,DynamoDB,0.0,,arn:aws:kms:sa-east-1:415071355886:key/8e24ce04-b274-4a85-93d5-1854918cd289,,,,
datahubprod,sa-east-1,backup,arn:aws:backup:sa-east-1:415071355886:recovery-point:193cd611-4c4f-4820-a492-67e7f549abe8,arn:aws:dynamodb:sa-east-1:415071355886:table/consentimento_pf,bkp-consent-table-dynamo,COMPLETED,DynamoDB,1.83,,arn:aws:kms:sa-east-1:415071355886:key/8e24ce04-b274-4a85-93d5-1854918cd289,,,,
datahubprod,sa-east-1,backup,arn:aws:backup:sa-east-1:415071355886:recovery-point:6930c1a0-caa1-4ff4-9598-e3c6f1c443d4,arn:aws:dynamodb:sa-east-1:415071355886:table/termos,bkp-consent-table-dynamo,COMPLETED,DynamoDB,0.0,,arn:aws:kms:sa-east-1:415071355886:key/8e24ce04-b274-4a85-93d5-1854918cd289,,,,
datahubprod,sa-east-1,backup,arn:aws:backup:sa-east-1:415071355886:recovery-point:6b7e678a-9691-41f3-af39-ca951fbe7143,arn:aws:dynamodb:sa-east-1:415071355886:table/consentimento_pf,bkp-consent-table-dynamo,COMPLETED,DynamoDB,1.83,,arn:aws:kms:sa-east-1:415071355886:key/8e24ce04-b274-4a85-93d5-1854918cd289,,,,
datahubprod,sa-east-1,backup,arn:aws:backup:sa-east-1:415071355886:recovery-point:abf4844c-84a5-4e00-83ec-0765c93195fe,arn:aws:dynamodb:sa-east-1:415071355886:table/termos,bkp-consent-table-dynamo,COMPLETED,DynamoDB,0.0,,arn:aws:kms:sa-east-1:415071355886:key/8e24ce04-b274-4a85-93d5-1854918cd289,,,,
datahubprod,sa-east-1,backup,arn:aws:backup:sa-east-1:415071355886:recovery-point:5c19ed5c-5f87-4365-8ee6-723212cd91ab,arn:aws:dynamodb:sa-east-1:415071355886:table/consentimento_pj,bkp-consent-table-dynamo,COMPLETED,DynamoDB,0.0,,arn:aws:kms:sa-east-1:415071355886:key/8e24ce04-b274-4a85-93d5-1854918cd289,,,,
datahubprod,sa-east-1,backup,arn:aws:backup:sa-east-1:415071355886:recovery-point:2c30d1e4-39db-45f7-9f58-efc16aa2aae9,arn:aws:dynamodb:sa-east-1:415071355886:table/consentimento_pj,bkp-consent-table-dynamo,COMPLETED,DynamoDB,0.0,,arn:aws:kms:sa-east-1:415071355886:key/8e24ce04-b274-4a85-93d5-1854918cd289,,,,
datahubprod,sa-east-1,backup,arn:aws:backup:sa-east-1:415071355886:recovery-point:3da799c9-73f5-493f-9c11-165e76a0f977,arn:aws:dynamodb:sa-east-1:415071355886:table/termos,bkp-consent-table-dynamo,COMPLETED,DynamoDB,0.0,,arn:aws:kms:sa-east-1:415071355886:key/8e24ce04-b274-4a85-93d5-1854918cd289,,,,
datahubprod,sa-east-1,backup,arn:aws:backup:sa-east-1:415071355886:recovery-point:4c9e7e9c-a4c2-4f1f-b770-2e1465317999,arn:aws:dynamodb:sa-east-1:415071355886:table/consentimento_pf,bkp-consent-table-dynamo,COMPLETED,DynamoDB,1.83,,arn:aws:kms:sa-east-1:415071355886:key/8e24ce04-b274-4a85-93d5-1854918cd289,,,,
datahubprod,sa-east-1,backup,arn:aws:backup:sa-east-1:415071355886:recovery-point:b56eb369-9be3-46e1-99b0-537c3d63d7d2,arn:aws:dynamodb:sa-east-1:415071355886:table/termos,bkp-consent-table-dynamo,COMPLETED,DynamoDB,0.0,,arn:aws:kms:sa-east-1:415071355886:key/8e24ce04-b274-4a85-93d5-1854918cd289,,,,
datahubprod,sa-east-1,backup,arn:aws:backup:sa-east-1:415071355886:recovery-point:79ecd170-199e-42fa-9369-2b497afd92e6,arn:aws:dynamodb:sa-east-1:415071355886:table/consentimento_pj,bkp-consent-table-dynamo,COMPLETED,DynamoDB,0.0,,arn:aws:kms:sa-east-1:415071355886:key/8e24ce04-b274-4a85-93d5-1854918cd289,,,,
datahubprod,sa-east-1,backup,arn:aws:backup:sa-east-1:415071355886:recovery-point:1d2ff29c-974d-43fa-8d5f-4423fe76963d,arn:aws:dynamodb:sa-east-1:415071355886:table/consentimento_pf,bkp-consent-table-dynamo,COMPLETED,DynamoDB,1.83,,arn:aws:kms:sa-east-1:415071355886:key/8e24ce04-b274-4a85-93d5-1854918cd289,,,,
datahubprod,sa-east-1,backup,arn:aws:backup:sa-east-1:415071355886:recovery-point:abe0acd1-7109-489e-82d6-21daee73bf55,arn:aws:dynamodb:sa-east-1:415071355886:table/consentimento_pj,bkp-consent-table-dynamo,COMPLETED,DynamoDB,0.0,,arn:aws:kms:sa-east-1:415071355886:key/8e24ce04-b274-4a85-93d5-1854918cd289,,,,
datahubprod,sa-east-1,backup,arn:aws:backup:sa-east-1:415071355886:recovery-point:bceccf23-35e3-4451-8825-8cd04f7acc05,arn:aws:dynamodb:sa-east-1:415071355886:table/termos,bkp-consent-table-dynamo,COMPLETED,DynamoDB,0.0,,arn:aws:kms:sa-east-1:415071355886:key/8e24ce04-b274-4a85-93d5-1854918cd289,,,,
datahubprod,sa-east-1,backup,arn:aws:backup:sa-east-1:415071355886:recovery-point:482863dc-216b-49e2-a821-4d2c26c277d5,arn:aws:dynamodb:sa-east-1:415071355886:table/consentimento_pf,bkp-consent-table-dynamo,COMPLETED,DynamoDB,1.83,,arn:aws:kms:sa-east-1:415071355886:key/8e24ce04-b274-4a85-93d5-1854918cd289,,,,
datahubprod,sa-east-1,backup,arn:aws:backup:sa-east-1:415071355886:recovery-point:429ee542-9fe7-4135-8ff6-04a1ee21fc34,arn:aws:dynamodb:sa-east-1:415071355886:table/consentimento_pf,bkp-consent-table-dynamo,COMPLETED,DynamoDB,1.83,,arn:aws:kms:sa-east-1:415071355886:key/8e24ce04-b274-4a85-93d5-1854918cd289,,,,
datahubprod,sa-east-1,backup,arn:aws:backup:sa-east-1:415071355886:recovery-point:f3e98565-fa83-4148-98d6-2277f98ab28b,arn:aws:dynamodb:sa-east-1:415071355886:table/consentimento_pj,bkp-consent-table-dynamo,COMPLETED,DynamoDB,0.0,,arn:aws:kms:sa-east-1:415071355886:key/8e24ce04-b274-4a85-93d5-1854918cd289,,,,
datahubprod,sa-east-1,backup,arn:aws:backup:sa-east-1:415071355886:recovery-point:21573b25-9a0b-4c45-a230-aca54130ee0b,arn:aws:dynamodb:sa-east-1:415071355886:table/termos,bkp-consent-table-dynamo,COMPLETED,DynamoDB,0.0,,arn:aws:kms:sa-east-1:415071355886:key/8e24ce04-b274-4a85-93d5-1854918cd289,,,,
datahubprod,sa-east-1,backup,arn:aws:backup:sa-east-1:415071355886:recovery-point:a236ee9a-20e4-44df-b9a0-5afa0d40c839,arn:aws:dynamodb:sa-east-1:415071355886:table/termos,bkp-consent-table-dynamo,COMPLETED,DynamoDB,0.0,,arn:aws:kms:sa-east-1:415071355886:key/8e24ce04-b274-4a85-93d5-1854918cd289,,,,
datahubprod,sa-east-1,backup,arn:aws:backup:sa-east-1:415071355886:recovery-point:a08f5ac7-dea2-4143-996f-0c4123637d75,arn:aws:dynamodb:sa-east-1:415071355886:table/consentimento_pj,bkp-consent-table-dynamo,COMPLETED,DynamoDB,0.0,,arn:aws:kms:sa-east-1:415071355886:key/8e24ce04-b274-4a85-93d5-1854918cd289,,,,
datahubprod,sa-east-1,backup,arn:aws:backup:sa-east-1:415071355886:recovery-point:cc565438-35f1-4925-b02b-93cc44c120ed,arn:aws:dynamodb:sa-east-1:415071355886:table/consentimento_pf,bkp-consent-table-dynamo,COMPLETED,DynamoDB,1.83,,arn:aws:kms:sa-east-1:415071355886:key/8e24ce04-b274-4a85-93d5-1854918cd289,,,,
datahubprod,sa-east-1,backup,arn:aws:backup:sa-east-1:415071355886:recovery-point:84651fc4-aead-431b-94bf-8d36d475547a,arn:aws:dynamodb:sa-east-1:415071355886:table/consentimento_pf,bkp-consent-table-dynamo,COMPLETED,DynamoDB,1.83,,arn:aws:kms:sa-east-1:415071355886:key/8e24ce04-b274-4a85-93d5-1854918cd289,,,,
datahubprod,sa-east-1,backup,arn:aws:backup:sa-east-1:415071355886:recovery-point:94eb2dc4-35c0-4195-87a2-a85a1238c612,arn:aws:dynamodb:sa-east-1:415071355886:table/termos,bkp-consent-table-dynamo,COMPLETED,DynamoDB,0.0,,arn:aws:kms:sa-east-1:415071355886:key/8e24ce04-b274-4a85-93d5-1854918cd289,,,,
datahubprod,sa-east-1,backup,arn:aws:backup:sa-east-1:415071355886:recovery-point:005c6c4b-30f7-4420-94d9-32223e698d7b,arn:aws:dynamodb:sa-east-1:415071355886:table/consentimento_pj,bkp-consent-table-dynamo,COMPLETED,DynamoDB,0.0,,arn:aws:kms:sa-east-1:415071355886:key/8e24ce04-b274-4a85-93d5-1854918cd289,,,,
datahubprod,sa-east-1,backup,arn:aws:backup:sa-east-1:415071355886:recovery-point:44e8c241-31b8-4f75-b704-b8725f523af5,arn:aws:dynamodb:sa-east-1:415071355886:table/consentimento_pj,bkp-consent-table-dynamo,COMPLETED,DynamoDB,0.0,,arn:aws:kms:sa-east-1:415071355886:key/8e24ce04-b274-4a85-93d5-1854918cd289,,,,
datahubprod,sa-east-1,backup,arn:aws:backup:sa-east-1:415071355886:recovery-point:800404b5-5081-4cf5-8cb9-752f7e099d28,arn:aws:dynamodb:sa-east-1:415071355886:table/consentimento_pf,bkp-consent-table-dynamo,COMPLETED,DynamoDB,1.83,,arn:aws:kms:sa-east-1:415071355886:key/8e24ce04-b274-4a85-93d5-1854918cd289,,,,
datahubprod,sa-east-1,backup,arn:aws:backup:sa-east-1:415071355886:recovery-point:80cbccf0-0dda-4ab3-b0a8-36d5a43cd37c,arn:aws:dynamodb:sa-east-1:415071355886:table/termos,bkp-consent-table-dynamo,COMPLETED,DynamoDB,0.0,,arn:aws:kms:sa-east-1:415071355886:key/8e24ce04-b274-4a85-93d5-1854918cd289,,,,
datahubprod,sa-east-1,backup,arn:aws:backup:sa-east-1:415071355886:recovery-point:f3f95012-736a-44ec-8b98-933cc2f618c4,arn:aws:dynamodb:sa-east-1:415071355886:table/termos,bkp-consent-table-dynamo,COMPLETED,DynamoDB,0.0,,arn:aws:kms:sa-east-1:415071355886:key/8e24ce04-b274-4a85-93d5-1854918cd289,,,,
datahubprod,sa-east-1,backup,arn:aws:backup:sa-east-1:415071355886:recovery-point:f5abed47-7ddd-4b76-bd40-a8baca95d612,arn:aws:dynamodb:sa-east-1:415071355886:table/consentimento_pf,bkp-consent-table-dynamo,COMPLETED,DynamoDB,1.83,,arn:aws:kms:sa-east-1:415071355886:key/8e24ce04-b274-4a85-93d5-1854918cd289,,,,
datahubprod,sa-east-1,backup,arn:aws:backup:sa-east-1:415071355886:recovery-point:6330bdcd-43ca-4548-8de5-c3c97f56e178,arn:aws:dynamodb:sa-east-1:415071355886:table/consentimento_pj,bkp-consent-table-dynamo,COMPLETED,DynamoDB,0.0,,arn:aws:kms:sa-east-1:415071355886:key/8e24ce04-b274-4a85-93d5-1854918cd289,,,,
datahubprod,sa-east-1,backup,arn:aws:backup:sa-east-1:415071355886:recovery-point:17f37f8a-0f65-4965-82fc-2c7fe5f5e413,arn:aws:dynamodb:sa-east-1:415071355886:table/consentimento_pj,bkp-consent-table-dynamo,COMPLETED,DynamoDB,0.0,,arn:aws:kms:sa-east-1:415071355886:key/8e24ce04-b274-4a85-93d5-1854918cd289,,,,
datahubprod,sa-east-1,backup,arn:aws:backup:sa-east-1:415071355886:recovery-point:b5da8518-657c-469d-8be1-a711446a0261,arn:aws:dynamodb:sa-east-1:415071355886:table/consentimento_pf,bkp-consent-table-dynamo,COMPLETED,DynamoDB,1.83,,arn:aws:kms:sa-east-1:415071355886:key/8e24ce04-b274-4a85-93d5-1854918cd289,,,,
datahubprod,sa-east-1,backup,arn:aws:backup:sa-east-1:415071355886:recovery-point:9d15304e-2310-4ff6-9b6e-0ff96615e8f5,arn:aws:dynamodb:sa-east-1:415071355886:table/termos,bkp-consent-table-dynamo,COMPLETED,DynamoDB,0.0,,arn:aws:kms:sa-east-1:415071355886:key/8e24ce04-b274-4a85-93d5-1854918cd289,,,,
datahubprod,sa-east-1,backup,arn:aws:backup:sa-east-1:415071355886:recovery-point:db8ccb61-fde1-4b14-b0dd-e28c2f532658,arn:aws:dynamodb:sa-east-1:415071355886:table/consentimento_pf,bkp-consent-table-dynamo,COMPLETED,DynamoDB,1.83,,arn:aws:kms:sa-east-1:415071355886:key/8e24ce04-b274-4a85-93d5-1854918cd289,,,,
datahubprod,sa-east-1,backup,arn:aws:backup:sa-east-1:415071355886:recovery-point:c9dc6b51-469e-4938-8819-923bd8e2507c,arn:aws:dynamodb:sa-east-1:415071355886:table/consentimento_pj,bkp-consent-table-dynamo,COMPLETED,DynamoDB,0.0,,arn:aws:kms:sa-east-1:415071355886:key/8e24ce04-b274-4a85-93d5-1854918cd289,,,,
datahubprod,sa-east-1,backup,arn:aws:backup:sa-east-1:415071355886:recovery-point:8685a0c3-8c56-4e25-8360-5d0ac1168556,arn:aws:dynamodb:sa-east-1:415071355886:table/termos,bkp-consent-table-dynamo,COMPLETED,DynamoDB,0.0,,arn:aws:kms:sa-east-1:415071355886:key/8e24ce04-b274-4a85-93d5-1854918cd289,,,,
datahubprod,sa-east-1,backup,arn:aws:backup:sa-east-1:415071355886:recovery-point:f01683b2-0f12-43c2-8a24-a65b2e201659,arn:aws:dynamodb:sa-east-1:415071355886:table/consentimento_pj,bkp-consent-table-dynamo,COMPLETED,DynamoDB,0.0,,arn:aws:kms:sa-east-1:415071355886:key/8e24ce04-b274-4a85-93d5-1854918cd289,,,,
datahubprod,sa-east-1,backup,arn:aws:backup:sa-east-1:415071355886:recovery-point:a8e35ed6-3fc2-48be-ac98-ec9046d3bc26,arn:aws:dynamodb:sa-east-1:415071355886:table/termos,bkp-consent-table-dynamo,COMPLETED,DynamoDB,0.0,,arn:aws:kms:sa-east-1:415071355886:key/8e24ce04-b274-4a85-93d5-1854918cd289,,,,
