profile,region,tipo,resource_id,parent_id,name,status,engine,size_gb,encrypted,kms_key_id,start_time,description,snapshot_type,tags_name
ssrmprod,sa-east-1,ebs,snap-084ef3b28bb042340,vol-0b621c3a8c424c902,snap-084ef3b28bb042340,completed,,60,True,arn:aws:kms:sa-east-1:877001948254:key/5aff9933-4b81-42c7-b410-2161b12d63bc,2024-11-22T20:30:43.522000+00:00,bkp_BRASA1SSRMPAUD1,,
ssrmprod,sa-east-1,ebs,snap-02cde47122a75742f,vol-0b621c3a8c424c902,snap-02cde47122a75742f,completed,,60,True,arn:aws:kms:sa-east-1:877001948254:key/5aff9933-4b81-42c7-b410-2161b12d63bc,2024-11-22T20:29:39.538000+00:00,Created by CreateImage(i-0c91d8a0adf25d417) for ami-0d365008d5bdda6d4,,
ssrmprod,sa-east-1,ebs,snap-0f4616aaf3b0c0dbd,vol-053632b5cf44e5574,snap-0f4616aaf3b0c0dbd,completed,,30,True,arn:aws:kms:sa-east-1:877001948254:key/5aff9933-4b81-42c7-b410-2161b12d63bc,2024-07-26T14:20:24.775000+00:00,Created by CreateImage(i-04e6158c7202e2e83) for ami-0ef02d07252648f0e,,
ssrmprod,sa-east-1,ebs,snap-004d5eb078e723369,vol-053632b5cf44e5574,snap-004d5eb078e723369,completed,,30,True,arn:aws:kms:sa-east-1:877001948254:key/5aff9933-4b81-42c7-b410-2161b12d63bc,2024-07-26T14:21:33+00:00,BRASA1SSRMPAUD1-bkp,,
ssrmprod,sa-east-1,ebs,snap-0d63b254b28fd96fa,vol-07320114cc33f75e6,snap-0d63b254b28fd96fa,completed,,10,True,arn:aws:kms:sa-east-1:877001948254:key/5aff9933-4b81-42c7-b410-2161b12d63bc,2023-02-02T22:58:27.430000+00:00,Created by CreateImage(i-09ee64877d87075cc) for ami-09306aeb120237571,,
ssrmprod,sa-east-1,ebs,snap-0e5c0e8ef98b66e78,vol-07320114cc33f75e6,snap-0e5c0e8ef98b66e78,completed,,10,True,arn:aws:kms:sa-east-1:877001948254:key/5aff9933-4b81-42c7-b410-2161b12d63bc,2022-09-02T08:50:53.815000+00:00,Created by CreateImage(i-09ee64877d87075cc) for ami-0b3c4742dadd94326,,mongodb-nike-sales-uat-a
ssrmprod,sa-east-1,ebs,snap-0f71aa849714205fb,vol-0384c1be2f35d5c7c,snap-0f71aa849714205fb,completed,,40,True,arn:aws:kms:sa-east-1:877001948254:key/5aff9933-4b81-42c7-b410-2161b12d63bc,2022-09-02T07:54:44.349000+00:00,Created by CreateImage(i-019c43be077fab936) for ami-0cc397cc27be95ca6,,mongodb-nike-sales-uat-b
ssrmprod,sa-east-1,ebs,snap-07dcd12cfad2cd24d,vol-030c7efa0cdc80de6,snap-07dcd12cfad2cd24d,completed,,100,True,arn:aws:kms:sa-east-1:877001948254:key/5aff9933-4b81-42c7-b410-2161b12d63bc,2022-09-02T07:42:11.261000+00:00,Created by CreateImage(i-0db217cc4192a62c0) for ami-0eab0791305a908d8,,mongodb-nike-sales-prd-b-log-bkp
ssrmprod,sa-east-1,ebs,snap-0e9c294d9212aa03e,vol-036876bf1f05ed98e,snap-0e9c294d9212aa03e,completed,,40,True,arn:aws:kms:sa-east-1:877001948254:key/5aff9933-4b81-42c7-b410-2161b12d63bc,2022-09-02T06:53:10.934000+00:00,Created by CreateImage(i-0cf94cdbe4816e4bb) for ami-0f22c0ca9350c64a4,,
ssrmprod,sa-east-1,ebs,snap-0f78bc202ac345683,vol-07320114cc33f75e6,snap-0f78bc202ac345683,completed,,10,True,arn:aws:kms:sa-east-1:877001948254:key/5aff9933-4b81-42c7-b410-2161b12d63bc,2022-09-01T08:53:41.208000+00:00,Created by CreateImage(i-09ee64877d87075cc) for ami-03c080fb6f97f962d,,mongodb-nike-sales-uat-a
ssrmprod,sa-east-1,ebs,snap-00cc9c002623be0d8,vol-0384c1be2f35d5c7c,snap-00cc9c002623be0d8,completed,,40,True,arn:aws:kms:sa-east-1:877001948254:key/5aff9933-4b81-42c7-b410-2161b12d63bc,2022-09-01T08:12:53.432000+00:00,Created by CreateImage(i-019c43be077fab936) for ami-03d7d148052235595,,mongodb-nike-sales-uat-b
ssrmprod,sa-east-1,ebs,snap-0f5d9b316f9f1241e,vol-030c7efa0cdc80de6,snap-0f5d9b316f9f1241e,completed,,100,True,arn:aws:kms:sa-east-1:877001948254:key/5aff9933-4b81-42c7-b410-2161b12d63bc,2022-09-01T07:37:08.874000+00:00,Created by CreateImage(i-0db217cc4192a62c0) for ami-0974ea3c6de1ff321,,mongodb-nike-sales-prd-b-log-bkp
ssrmprod,sa-east-1,ebs,snap-04d50d94ef6991abd,vol-036876bf1f05ed98e,snap-04d50d94ef6991abd,completed,,40,True,arn:aws:kms:sa-east-1:877001948254:key/5aff9933-4b81-42c7-b410-2161b12d63bc,2022-09-01T06:52:27.512000+00:00,Created by CreateImage(i-0cf94cdbe4816e4bb) for ami-00df36cf1a6a61380,,
ssrmprod,sa-east-1,ebs,snap-0f591a0a472e55a5d,vol-07320114cc33f75e6,snap-0f591a0a472e55a5d,completed,,10,True,arn:aws:kms:sa-east-1:877001948254:key/5aff9933-4b81-42c7-b410-2161b12d63bc,2022-08-31T08:54:25.117000+00:00,Created by CreateImage(i-09ee64877d87075cc) for ami-0951d1908ba5a4d68,,mongodb-nike-sales-uat-a
ssrmprod,sa-east-1,ebs,snap-0cf21187c3f077968,vol-0384c1be2f35d5c7c,snap-0cf21187c3f077968,completed,,40,True,arn:aws:kms:sa-east-1:877001948254:key/5aff9933-4b81-42c7-b410-2161b12d63bc,2022-08-31T08:06:43.187000+00:00,Created by CreateImage(i-019c43be077fab936) for ami-084cce0ac3b18f664,,mongodb-nike-sales-uat-b
ssrmprod,sa-east-1,ebs,snap-049c0a6601a43b785,vol-030c7efa0cdc80de6,snap-049c0a6601a43b785,completed,,100,True,arn:aws:kms:sa-east-1:877001948254:key/5aff9933-4b81-42c7-b410-2161b12d63bc,2022-08-31T07:41:10.869000+00:00,Created by CreateImage(i-0db217cc4192a62c0) for ami-07c3c3c0d691f7aea,,mongodb-nike-sales-prd-b-log-bkp
ssrmprod,sa-east-1,ebs,snap-06b4bb0a3e880fa7a,vol-036876bf1f05ed98e,snap-06b4bb0a3e880fa7a,completed,,40,True,arn:aws:kms:sa-east-1:877001948254:key/5aff9933-4b81-42c7-b410-2161b12d63bc,2022-08-31T06:52:17.753000+00:00,Created by CreateImage(i-0cf94cdbe4816e4bb) for ami-0c8a09b93b8d8ac10,,
ssrmprod,sa-east-1,ebs,snap-076ffd98f6fded56d,vol-07320114cc33f75e6,snap-076ffd98f6fded56d,completed,,10,True,arn:aws:kms:sa-east-1:877001948254:key/5aff9933-4b81-42c7-b410-2161b12d63bc,2022-08-30T09:07:17.621000+00:00,Created by CreateImage(i-09ee64877d87075cc) for ami-018dc5a7b5baf3faa,,mongodb-nike-sales-uat-a
ssrmprod,sa-east-1,ebs,snap-0abbc4a613c5b55f7,vol-0384c1be2f35d5c7c,snap-0abbc4a613c5b55f7,completed,,40,True,arn:aws:kms:sa-east-1:877001948254:key/5aff9933-4b81-42c7-b410-2161b12d63bc,2022-08-30T08:09:45.859000+00:00,Created by CreateImage(i-019c43be077fab936) for ami-0ba42cffa5c164caa,,mongodb-nike-sales-uat-b
ssrmprod,sa-east-1,ebs,snap-030d3c5959b8fd036,vol-030c7efa0cdc80de6,snap-030d3c5959b8fd036,completed,,100,True,arn:aws:kms:sa-east-1:877001948254:key/5aff9933-4b81-42c7-b410-2161b12d63bc,2022-08-30T07:39:12.861000+00:00,Created by CreateImage(i-0db217cc4192a62c0) for ami-0660cebb88726c4e8,,mongodb-nike-sales-prd-b-log-bkp
ssrmprod,sa-east-1,ebs,snap-0b2cda5435e59b02c,vol-036876bf1f05ed98e,snap-0b2cda5435e59b02c,completed,,40,True,arn:aws:kms:sa-east-1:877001948254:key/5aff9933-4b81-42c7-b410-2161b12d63bc,2022-08-30T06:54:53.509000+00:00,Created by CreateImage(i-0cf94cdbe4816e4bb) for ami-0381e043ceb562956,,
ssrmprod,sa-east-1,ebs,snap-0430a5c7dcd82b9b7,vol-07320114cc33f75e6,snap-0430a5c7dcd82b9b7,completed,,10,True,arn:aws:kms:sa-east-1:877001948254:key/5aff9933-4b81-42c7-b410-2161b12d63bc,2022-08-29T08:53:42.281000+00:00,Created by CreateImage(i-09ee64877d87075cc) for ami-08a2aec4ad58c30c3,,mongodb-nike-sales-uat-a
ssrmprod,sa-east-1,ebs,snap-0dc868334ceae67f7,vol-0384c1be2f35d5c7c,snap-0dc868334ceae67f7,completed,,40,True,arn:aws:kms:sa-east-1:877001948254:key/5aff9933-4b81-42c7-b410-2161b12d63bc,2022-08-29T08:13:41.864000+00:00,Created by CreateImage(i-019c43be077fab936) for ami-078333e7cecea7357,,mongodb-nike-sales-uat-b
ssrmprod,sa-east-1,ebs,snap-0932d0646017e919a,vol-030c7efa0cdc80de6,snap-0932d0646017e919a,completed,,100,True,arn:aws:kms:sa-east-1:877001948254:key/5aff9933-4b81-42c7-b410-2161b12d63bc,2022-08-29T07:40:55.317000+00:00,Created by CreateImage(i-0db217cc4192a62c0) for ami-0ce1c0eee8ca650a9,,mongodb-nike-sales-prd-b-log-bkp
ssrmprod,sa-east-1,ebs,snap-0dfd1bab6aa75831a,vol-036876bf1f05ed98e,snap-0dfd1bab6aa75831a,completed,,40,True,arn:aws:kms:sa-east-1:877001948254:key/5aff9933-4b81-42c7-b410-2161b12d63bc,2022-08-29T06:54:17.879000+00:00,Created by CreateImage(i-0cf94cdbe4816e4bb) for ami-01e4d4e8b0e54baa6,,
ssrmprod,sa-east-1,ebs,snap-0d952c1ddb32fa53a,vol-07320114cc33f75e6,snap-0d952c1ddb32fa53a,completed,,10,True,arn:aws:kms:sa-east-1:877001948254:key/5aff9933-4b81-42c7-b410-2161b12d63bc,2022-08-28T08:55:49.301000+00:00,Created by CreateImage(i-09ee64877d87075cc) for ami-08d169f575d67ec66,,mongodb-nike-sales-uat-a
ssrmprod,sa-east-1,ebs,snap-05f2e7c18486970a3,vol-0384c1be2f35d5c7c,snap-05f2e7c18486970a3,completed,,40,True,arn:aws:kms:sa-east-1:877001948254:key/5aff9933-4b81-42c7-b410-2161b12d63bc,2022-08-28T07:52:25.975000+00:00,Created by CreateImage(i-019c43be077fab936) for ami-078827c9bd558ff35,,mongodb-nike-sales-uat-b
ssrmprod,sa-east-1,ebs,snap-0f3910b7e7900369f,vol-030c7efa0cdc80de6,snap-0f3910b7e7900369f,completed,,100,True,arn:aws:kms:sa-east-1:877001948254:key/5aff9933-4b81-42c7-b410-2161b12d63bc,2022-08-28T07:37:38.857000+00:00,Created by CreateImage(i-0db217cc4192a62c0) for ami-0c5de1b18e0630c55,,mongodb-nike-sales-prd-b-log-bkp
ssrmprod,sa-east-1,ebs,snap-0adabca4bb73bd5ae,vol-036876bf1f05ed98e,snap-0adabca4bb73bd5ae,completed,,40,True,arn:aws:kms:sa-east-1:877001948254:key/5aff9933-4b81-42c7-b410-2161b12d63bc,2022-08-28T06:52:56.461000+00:00,Created by CreateImage(i-0cf94cdbe4816e4bb) for ami-04f8136ceb198a022,,
ssrmprod,sa-east-1,ebs,snap-0adea43f2e97674b8,vol-07320114cc33f75e6,snap-0adea43f2e97674b8,completed,,10,True,arn:aws:kms:sa-east-1:877001948254:key/5aff9933-4b81-42c7-b410-2161b12d63bc,2022-08-27T08:55:27.736000+00:00,Created by CreateImage(i-09ee64877d87075cc) for ami-0c010584a4ea50891,,mongodb-nike-sales-uat-a
ssrmprod,sa-east-1,ebs,snap-052313f172d3653c5,vol-030c7efa0cdc80de6,snap-052313f172d3653c5,completed,,100,True,arn:aws:kms:sa-east-1:877001948254:key/5aff9933-4b81-42c7-b410-2161b12d63bc,2022-08-27T07:40:09.014000+00:00,Created by CreateImage(i-0db217cc4192a62c0) for ami-03611a2c14c2a4e2e,,mongodb-nike-sales-prd-b-log-bkp
ssrmprod,sa-east-1,ebs,snap-0632043799b1b0a25,vol-0384c1be2f35d5c7c,snap-0632043799b1b0a25,completed,,40,True,arn:aws:kms:sa-east-1:877001948254:key/5aff9933-4b81-42c7-b410-2161b12d63bc,2022-08-27T07:55:15.903000+00:00,Created by CreateImage(i-019c43be077fab936) for ami-012a346d466ac6f2e,,mongodb-nike-sales-uat-b
ssrmprod,sa-east-1,ebs,snap-0874d689ac46fbe2d,vol-036876bf1f05ed98e,snap-0874d689ac46fbe2d,completed,,40,True,arn:aws:kms:sa-east-1:877001948254:key/5aff9933-4b81-42c7-b410-2161b12d63bc,2022-08-27T06:55:50.699000+00:00,Created by CreateImage(i-0cf94cdbe4816e4bb) for ami-0bfcf62f73077810a,,
ssrmprod,sa-east-1,ebs,snap-0a808e3b809b49ef7,vol-07320114cc33f75e6,snap-0a808e3b809b49ef7,completed,,10,True,arn:aws:kms:sa-east-1:877001948254:key/5aff9933-4b81-42c7-b410-2161b12d63bc,2022-08-26T08:52:10.547000+00:00,Created by CreateImage(i-09ee64877d87075cc) for ami-0d05593859765b6e0,,mongodb-nike-sales-uat-a
ssrmprod,sa-east-1,ebs,snap-053d789e299a8fed5,vol-030c7efa0cdc80de6,snap-053d789e299a8fed5,completed,,100,True,arn:aws:kms:sa-east-1:877001948254:key/5aff9933-4b81-42c7-b410-2161b12d63bc,2022-08-26T07:42:20.415000+00:00,Created by CreateImage(i-0db217cc4192a62c0) for ami-05172bf85d1ee489f,,mongodb-nike-sales-prd-b-log-bkp
ssrmprod,sa-east-1,ebs,snap-01ce10092dbe7a7f9,vol-0384c1be2f35d5c7c,snap-01ce10092dbe7a7f9,completed,,40,True,arn:aws:kms:sa-east-1:877001948254:key/5aff9933-4b81-42c7-b410-2161b12d63bc,2022-08-26T07:53:29.101000+00:00,Created by CreateImage(i-019c43be077fab936) for ami-0caefe67552bc6c07,,mongodb-nike-sales-uat-b
ssrmprod,sa-east-1,ebs,snap-07da4959c0bba22ba,vol-036876bf1f05ed98e,snap-07da4959c0bba22ba,completed,,40,True,arn:aws:kms:sa-east-1:877001948254:key/5aff9933-4b81-42c7-b410-2161b12d63bc,2022-08-26T06:52:46.779000+00:00,Created by CreateImage(i-0cf94cdbe4816e4bb) for ami-05e24a99a9b5488a4,,
ssrmprod,sa-east-1,ebs,snap-0688532c911a20a38,vol-07320114cc33f75e6,snap-0688532c911a20a38,completed,,10,True,arn:aws:kms:sa-east-1:877001948254:key/5aff9933-4b81-42c7-b410-2161b12d63bc,2022-08-25T08:55:08.327000+00:00,Created by CreateImage(i-09ee64877d87075cc) for ami-038c3ccb30009fe62,,mongodb-nike-sales-uat-a
ssrmprod,sa-east-1,ebs,snap-09d20d2205a98aa8d,vol-0384c1be2f35d5c7c,snap-09d20d2205a98aa8d,completed,,40,True,arn:aws:kms:sa-east-1:877001948254:key/5aff9933-4b81-42c7-b410-2161b12d63bc,2022-08-25T07:53:49.140000+00:00,Created by CreateImage(i-019c43be077fab936) for ami-06d3d8146a48f468c,,mongodb-nike-sales-uat-b
ssrmprod,sa-east-1,ebs,snap-0742ff0820e8f2971,vol-030c7efa0cdc80de6,snap-0742ff0820e8f2971,completed,,100,True,arn:aws:kms:sa-east-1:877001948254:key/5aff9933-4b81-42c7-b410-2161b12d63bc,2022-08-25T07:38:58.983000+00:00,Created by CreateImage(i-0db217cc4192a62c0) for ami-0732864bf030fc5d1,,mongodb-nike-sales-prd-b-log-bkp
ssrmprod,sa-east-1,ebs,snap-0aeacfc1e88c570f1,vol-036876bf1f05ed98e,snap-0aeacfc1e88c570f1,completed,,40,True,arn:aws:kms:sa-east-1:877001948254:key/5aff9933-4b81-42c7-b410-2161b12d63bc,2022-08-25T06:54:21.470000+00:00,Created by CreateImage(i-0cf94cdbe4816e4bb) for ami-0221bc0ac415e12c6,,
ssrmprod,sa-east-1,ebs,snap-0ad1533de9310ad1a,vol-07320114cc33f75e6,snap-0ad1533de9310ad1a,completed,,10,True,arn:aws:kms:sa-east-1:877001948254:key/5aff9933-4b81-42c7-b410-2161b12d63bc,2022-08-24T08:51:25.224000+00:00,Created by CreateImage(i-09ee64877d87075cc) for ami-076a2c470fbb123d0,,mongodb-nike-sales-uat-a
ssrmprod,sa-east-1,ebs,snap-0e3b70b937f0f5559,vol-0384c1be2f35d5c7c,snap-0e3b70b937f0f5559,completed,,40,True,arn:aws:kms:sa-east-1:877001948254:key/5aff9933-4b81-42c7-b410-2161b12d63bc,2022-08-24T08:05:06.217000+00:00,Created by CreateImage(i-019c43be077fab936) for ami-0d8c696e33c6d7535,,mongodb-nike-sales-uat-b
ssrmprod,sa-east-1,ebs,snap-0a62c5c360125faae,vol-030c7efa0cdc80de6,snap-0a62c5c360125faae,completed,,100,True,arn:aws:kms:sa-east-1:877001948254:key/5aff9933-4b81-42c7-b410-2161b12d63bc,2022-08-24T07:43:25.100000+00:00,Created by CreateImage(i-0db217cc4192a62c0) for ami-06ac2ba504a0ff91e,,mongodb-nike-sales-prd-b-log-bkp
ssrmprod,sa-east-1,ebs,snap-061bab36afeb6537b,vol-07320114cc33f75e6,snap-061bab36afeb6537b,completed,,10,True,arn:aws:kms:sa-east-1:877001948254:key/5aff9933-4b81-42c7-b410-2161b12d63bc,2022-08-23T08:52:43.558000+00:00,Created by CreateImage(i-09ee64877d87075cc) for ami-07aee9b7e4c91d0f8,,mongodb-nike-sales-uat-a
ssrmprod,sa-east-1,ebs,snap-0e5c7f64bfdb84443,vol-0384c1be2f35d5c7c,snap-0e5c7f64bfdb84443,completed,,40,True,arn:aws:kms:sa-east-1:877001948254:key/5aff9933-4b81-42c7-b410-2161b12d63bc,2022-08-23T07:54:59.055000+00:00,Created by CreateImage(i-019c43be077fab936) for ami-01c2eb464c3d9553e,,mongodb-nike-sales-uat-b
ssrmprod,sa-east-1,ebs,snap-06f35d1850e024892,vol-030c7efa0cdc80de6,snap-06f35d1850e024892,completed,,100,True,arn:aws:kms:sa-east-1:877001948254:key/5aff9933-4b81-42c7-b410-2161b12d63bc,2022-08-23T07:35:57.468000+00:00,Created by CreateImage(i-0db217cc4192a62c0) for ami-097bbee050205bb06,,mongodb-nike-sales-prd-b-log-bkp
ssrmprod,sa-east-1,ebs,snap-0ced13af548386c68,vol-07320114cc33f75e6,snap-0ced13af548386c68,completed,,10,True,arn:aws:kms:sa-east-1:877001948254:key/5aff9933-4b81-42c7-b410-2161b12d63bc,2022-08-22T08:52:43.089000+00:00,Created by CreateImage(i-09ee64877d87075cc) for ami-036e0bd57d8b1c62c,,mongodb-nike-sales-uat-a
ssrmprod,sa-east-1,ebs,snap-0eef07a9886021e55,vol-030c7efa0cdc80de6,snap-0eef07a9886021e55,completed,,100,True,arn:aws:kms:sa-east-1:877001948254:key/5aff9933-4b81-42c7-b410-2161b12d63bc,2022-08-22T07:41:44.636000+00:00,Created by CreateImage(i-0db217cc4192a62c0) for ami-0d5a6bbae5e398f08,,mongodb-nike-sales-prd-b-log-bkp
ssrmprod,sa-east-1,ebs,snap-0b491bf7c90ece691,vol-0384c1be2f35d5c7c,snap-0b491bf7c90ece691,completed,,40,True,arn:aws:kms:sa-east-1:877001948254:key/5aff9933-4b81-42c7-b410-2161b12d63bc,2022-08-22T07:55:31.853000+00:00,Created by CreateImage(i-019c43be077fab936) for ami-0d5ad316ee2d54908,,mongodb-nike-sales-uat-b
ssrmprod,sa-east-1,ebs,snap-0cd77b41a719c19cd,vol-07320114cc33f75e6,snap-0cd77b41a719c19cd,completed,,10,True,arn:aws:kms:sa-east-1:877001948254:key/5aff9933-4b81-42c7-b410-2161b12d63bc,2022-08-21T08:51:04.466000+00:00,Created by CreateImage(i-09ee64877d87075cc) for ami-0fa138d27d5251a83,,mongodb-nike-sales-uat-a
ssrmprod,sa-east-1,ebs,snap-0ff3a37a38f3de424,vol-0384c1be2f35d5c7c,snap-0ff3a37a38f3de424,completed,,40,True,arn:aws:kms:sa-east-1:877001948254:key/5aff9933-4b81-42c7-b410-2161b12d63bc,2022-08-21T07:52:04.243000+00:00,Created by CreateImage(i-019c43be077fab936) for ami-0ad6aaca00f4e3408,,mongodb-nike-sales-uat-b
ssrmprod,sa-east-1,ebs,snap-0238868723184456f,vol-030c7efa0cdc80de6,snap-0238868723184456f,completed,,100,True,arn:aws:kms:sa-east-1:877001948254:key/5aff9933-4b81-42c7-b410-2161b12d63bc,2022-08-21T07:39:38.286000+00:00,Created by CreateImage(i-0db217cc4192a62c0) for ami-0de78b276a1dc70c6,,mongodb-nike-sales-prd-b-log-bkp
ssrmprod,sa-east-1,ebs,snap-0bc9a8eae83df140a,vol-07320114cc33f75e6,snap-0bc9a8eae83df140a,completed,,10,True,arn:aws:kms:sa-east-1:877001948254:key/5aff9933-4b81-42c7-b410-2161b12d63bc,2022-08-20T08:50:21.300000+00:00,Created by CreateImage(i-09ee64877d87075cc) for ami-0567baa82b2e374dd,,mongodb-nike-sales-uat-a
ssrmprod,sa-east-1,ebs,snap-0b047f727bd590a87,vol-0384c1be2f35d5c7c,snap-0b047f727bd590a87,completed,,40,True,arn:aws:kms:sa-east-1:877001948254:key/5aff9933-4b81-42c7-b410-2161b12d63bc,2022-08-20T08:14:08.607000+00:00,Created by CreateImage(i-019c43be077fab936) for ami-0c8bbd9074102af2d,,mongodb-nike-sales-uat-b
ssrmprod,sa-east-1,ebs,snap-0497648e6d093ca9f,vol-030c7efa0cdc80de6,snap-0497648e6d093ca9f,completed,,100,True,arn:aws:kms:sa-east-1:877001948254:key/5aff9933-4b81-42c7-b410-2161b12d63bc,2022-08-20T07:42:32.340000+00:00,Created by CreateImage(i-0db217cc4192a62c0) for ami-086cd896fc6cfca5d,,mongodb-nike-sales-prd-b-log-bkp
ssrmprod,sa-east-1,ebs,snap-0aa7f9176565f78de,vol-07320114cc33f75e6,snap-0aa7f9176565f78de,completed,,10,True,arn:aws:kms:sa-east-1:877001948254:key/5aff9933-4b81-42c7-b410-2161b12d63bc,2022-08-19T08:54:34.145000+00:00,Created by CreateImage(i-09ee64877d87075cc) for ami-03d15eb7c21e05f42,,mongodb-nike-sales-uat-a
ssrmprod,sa-east-1,ebs,snap-0ce596a35964e77fa,vol-0384c1be2f35d5c7c,snap-0ce596a35964e77fa,completed,,40,True,arn:aws:kms:sa-east-1:877001948254:key/5aff9933-4b81-42c7-b410-2161b12d63bc,2022-08-19T07:51:41.569000+00:00,Created by CreateImage(i-019c43be077fab936) for ami-0a977725c37916276,,mongodb-nike-sales-uat-b
ssrmprod,sa-east-1,ebs,snap-0e3fa8a70b5946e0a,vol-030c7efa0cdc80de6,snap-0e3fa8a70b5946e0a,completed,,100,True,arn:aws:kms:sa-east-1:877001948254:key/5aff9933-4b81-42c7-b410-2161b12d63bc,2022-08-19T07:38:23.738000+00:00,Created by CreateImage(i-0db217cc4192a62c0) for ami-0b3656f9f34131906,,mongodb-nike-sales-prd-b-log-bkp
ssrmprod,sa-east-1,ebs,snap-0907abc46826edee6,vol-07320114cc33f75e6,snap-0907abc46826edee6,completed,,10,True,arn:aws:kms:sa-east-1:877001948254:key/5aff9933-4b81-42c7-b410-2161b12d63bc,2022-08-18T08:55:16.335000+00:00,Created by CreateImage(i-09ee64877d87075cc) for ami-07f82c4743e4ae975,,mongodb-nike-sales-uat-a
ssrmprod,sa-east-1,ebs,snap-0447f230322f0a4b2,vol-030c7efa0cdc80de6,snap-0447f230322f0a4b2,completed,,100,True,arn:aws:kms:sa-east-1:877001948254:key/5aff9933-4b81-42c7-b410-2161b12d63bc,2022-08-18T07:39:52.007000+00:00,Created by CreateImage(i-0db217cc4192a62c0) for ami-059f69e06c6751dd9,,mongodb-nike-sales-prd-b-log-bkp
ssrmprod,sa-east-1,ebs,snap-0902c407d960d7320,vol-0384c1be2f35d5c7c,snap-0902c407d960d7320,completed,,40,True,arn:aws:kms:sa-east-1:877001948254:key/5aff9933-4b81-42c7-b410-2161b12d63bc,2022-08-18T07:53:21.194000+00:00,Created by CreateImage(i-019c43be077fab936) for ami-069f89c107c6c28bd,,mongodb-nike-sales-uat-b
ssrmprod,sa-east-1,ebs,snap-0d9d82189e9d32291,vol-07320114cc33f75e6,snap-0d9d82189e9d32291,completed,,10,True,arn:aws:kms:sa-east-1:877001948254:key/5aff9933-4b81-42c7-b410-2161b12d63bc,2022-08-17T08:53:50.441000+00:00,Created by CreateImage(i-09ee64877d87075cc) for ami-0df564e5cccf201f1,,mongodb-nike-sales-uat-a
ssrmprod,sa-east-1,ebs,snap-01d93d4546c212e3c,vol-0384c1be2f35d5c7c,snap-01d93d4546c212e3c,completed,,40,True,arn:aws:kms:sa-east-1:877001948254:key/5aff9933-4b81-42c7-b410-2161b12d63bc,2022-08-17T08:12:02.475000+00:00,Created by CreateImage(i-019c43be077fab936) for ami-02efbc493668f14a5,,mongodb-nike-sales-uat-b
ssrmprod,sa-east-1,ebs,snap-06a16415c51a4cc28,vol-030c7efa0cdc80de6,snap-06a16415c51a4cc28,completed,,100,True,arn:aws:kms:sa-east-1:877001948254:key/5aff9933-4b81-42c7-b410-2161b12d63bc,2022-08-17T07:41:21.029000+00:00,Created by CreateImage(i-0db217cc4192a62c0) for ami-0f21e1f1bd45384bf,,mongodb-nike-sales-prd-b-log-bkp
ssrmprod,sa-east-1,ebs,snap-0dffbbe1b2fba413e,vol-07320114cc33f75e6,snap-0dffbbe1b2fba413e,completed,,10,True,arn:aws:kms:sa-east-1:877001948254:key/5aff9933-4b81-42c7-b410-2161b12d63bc,2022-08-16T09:06:42.443000+00:00,Created by CreateImage(i-09ee64877d87075cc) for ami-0ee7d389eb4910abf,,mongodb-nike-sales-uat-a
ssrmprod,sa-east-1,ebs,snap-09245d551443b17cd,vol-0384c1be2f35d5c7c,snap-09245d551443b17cd,completed,,40,True,arn:aws:kms:sa-east-1:877001948254:key/5aff9933-4b81-42c7-b410-2161b12d63bc,2022-08-16T07:54:39.685000+00:00,Created by CreateImage(i-019c43be077fab936) for ami-06e3bc6029bb438a2,,mongodb-nike-sales-uat-b
ssrmprod,sa-east-1,ebs,snap-0c66fa0eb31cfc81c,vol-030c7efa0cdc80de6,snap-0c66fa0eb31cfc81c,completed,,100,True,arn:aws:kms:sa-east-1:877001948254:key/5aff9933-4b81-42c7-b410-2161b12d63bc,2022-08-16T07:37:47.954000+00:00,Created by CreateImage(i-0db217cc4192a62c0) for ami-030f72f7d70008e10,,mongodb-nike-sales-prd-b-log-bkp
ssrmprod,sa-east-1,ebs,snap-0cf1ccffcf7b0fab4,vol-07320114cc33f75e6,snap-0cf1ccffcf7b0fab4,completed,,10,True,arn:aws:kms:sa-east-1:877001948254:key/5aff9933-4b81-42c7-b410-2161b12d63bc,2022-08-15T08:50:02.411000+00:00,Created by CreateImage(i-09ee64877d87075cc) for ami-0c1682f6bfe17590c,,mongodb-nike-sales-uat-a
ssrmprod,sa-east-1,ebs,snap-09bc4c7cb33c3c817,vol-030c7efa0cdc80de6,snap-09bc4c7cb33c3c817,completed,,100,True,arn:aws:kms:sa-east-1:877001948254:key/5aff9933-4b81-42c7-b410-2161b12d63bc,2022-08-15T07:40:48.969000+00:00,Created by CreateImage(i-0db217cc4192a62c0) for ami-0448946d57fe7f914,,mongodb-nike-sales-prd-b-log-bkp
ssrmprod,sa-east-1,ebs,snap-011ebbc35603f2a91,vol-0384c1be2f35d5c7c,snap-011ebbc35603f2a91,completed,,40,True,arn:aws:kms:sa-east-1:877001948254:key/5aff9933-4b81-42c7-b410-2161b12d63bc,2022-08-15T07:54:20.279000+00:00,Created by CreateImage(i-019c43be077fab936) for ami-0926ab81ad6b6d6bc,,mongodb-nike-sales-uat-b
ssrmprod,sa-east-1,ebs,snap-09707c01c2c121076,vol-07320114cc33f75e6,snap-09707c01c2c121076,completed,,10,True,arn:aws:kms:sa-east-1:877001948254:key/5aff9933-4b81-42c7-b410-2161b12d63bc,2022-08-14T09:11:50.383000+00:00,Created by CreateImage(i-09ee64877d87075cc) for ami-09f4768dea9a13bad,,mongodb-nike-sales-uat-a
ssrmprod,sa-east-1,ebs,snap-0bd9af936c41b8427,vol-0384c1be2f35d5c7c,snap-0bd9af936c41b8427,completed,,40,True,arn:aws:kms:sa-east-1:877001948254:key/5aff9933-4b81-42c7-b410-2161b12d63bc,2022-08-14T07:55:00.314000+00:00,Created by CreateImage(i-019c43be077fab936) for ami-061f97ff6f283d391,,mongodb-nike-sales-uat-b
ssrmprod,sa-east-1,ebs,snap-0571ca62c325a959a,vol-030c7efa0cdc80de6,snap-0571ca62c325a959a,completed,,100,True,arn:aws:kms:sa-east-1:877001948254:key/5aff9933-4b81-42c7-b410-2161b12d63bc,2022-08-14T07:38:40.523000+00:00,Created by CreateImage(i-0db217cc4192a62c0) for ami-0c8b6f64b60eef736,,mongodb-nike-sales-prd-b-log-bkp
ssrmprod,sa-east-1,ebs,snap-0f04fcf1e05f29b87,vol-07320114cc33f75e6,snap-0f04fcf1e05f29b87,completed,,10,True,arn:aws:kms:sa-east-1:877001948254:key/5aff9933-4b81-42c7-b410-2161b12d63bc,2022-08-13T08:55:28.540000+00:00,Created by CreateImage(i-09ee64877d87075cc) for ami-04a46d07a4a324383,,mongodb-nike-sales-uat-a
ssrmprod,sa-east-1,ebs,snap-059e2f8b50726d255,vol-0384c1be2f35d5c7c,snap-059e2f8b50726d255,completed,,40,True,arn:aws:kms:sa-east-1:877001948254:key/5aff9933-4b81-42c7-b410-2161b12d63bc,2022-08-13T08:06:04.556000+00:00,Created by CreateImage(i-019c43be077fab936) for ami-0e26dd65a512031c3,,mongodb-nike-sales-uat-b
ssrmprod,sa-east-1,ebs,snap-0ef781cd410332519,vol-030c7efa0cdc80de6,snap-0ef781cd410332519,completed,,100,True,arn:aws:kms:sa-east-1:877001948254:key/5aff9933-4b81-42c7-b410-2161b12d63bc,2022-08-13T07:39:11.986000+00:00,Created by CreateImage(i-0db217cc4192a62c0) for ami-03780be8c1ff68553,,mongodb-nike-sales-prd-b-log-bkp
ssrmprod,sa-east-1,ebs,snap-0077df22d0a39cd0b,vol-07320114cc33f75e6,snap-0077df22d0a39cd0b,completed,,10,True,arn:aws:kms:sa-east-1:877001948254:key/5aff9933-4b81-42c7-b410-2161b12d63bc,2022-08-12T08:50:26.677000+00:00,Created by CreateImage(i-09ee64877d87075cc) for ami-0adc705c740164b0f,,mongodb-nike-sales-uat-a
ssrmprod,sa-east-1,ebs,snap-01733f1043eac8072,vol-0384c1be2f35d5c7c,snap-01733f1043eac8072,completed,,40,True,arn:aws:kms:sa-east-1:877001948254:key/5aff9933-4b81-42c7-b410-2161b12d63bc,2022-08-12T07:53:40.415000+00:00,Created by CreateImage(i-019c43be077fab936) for ami-0cc6126608f2ed557,,mongodb-nike-sales-uat-b
ssrmprod,sa-east-1,ebs,snap-0e75dafcf8d480bfb,vol-030c7efa0cdc80de6,snap-0e75dafcf8d480bfb,completed,,100,True,arn:aws:kms:sa-east-1:877001948254:key/5aff9933-4b81-42c7-b410-2161b12d63bc,2022-08-12T07:38:31.290000+00:00,Created by CreateImage(i-0db217cc4192a62c0) for ami-0d3552e97119796bf,,mongodb-nike-sales-prd-b-log-bkp
ssrmprod,sa-east-1,ebs,snap-0ba91493d89af555d,vol-07320114cc33f75e6,snap-0ba91493d89af555d,completed,,10,True,arn:aws:kms:sa-east-1:877001948254:key/5aff9933-4b81-42c7-b410-2161b12d63bc,2022-08-11T08:54:14.086000+00:00,Created by CreateImage(i-09ee64877d87075cc) for ami-099e4953a379f06e4,,mongodb-nike-sales-uat-a
ssrmprod,sa-east-1,ebs,snap-0d988582ffc2a1e50,vol-030c7efa0cdc80de6,snap-0d988582ffc2a1e50,completed,,100,True,arn:aws:kms:sa-east-1:877001948254:key/5aff9933-4b81-42c7-b410-2161b12d63bc,2022-08-11T07:39:53.737000+00:00,Created by CreateImage(i-0db217cc4192a62c0) for ami-006fdc4cf16b2f557,,mongodb-nike-sales-prd-b-log-bkp
ssrmprod,sa-east-1,ebs,snap-0a935b8a74a94f385,vol-0384c1be2f35d5c7c,snap-0a935b8a74a94f385,completed,,40,True,arn:aws:kms:sa-east-1:877001948254:key/5aff9933-4b81-42c7-b410-2161b12d63bc,2022-08-11T07:52:50.739000+00:00,Created by CreateImage(i-019c43be077fab936) for ami-0fb8bc3f0e89a6d0c,,mongodb-nike-sales-uat-b
ssrmprod,sa-east-1,ebs,snap-0358614b48bae131c,vol-07320114cc33f75e6,snap-0358614b48bae131c,completed,,10,True,arn:aws:kms:sa-east-1:877001948254:key/5aff9933-4b81-42c7-b410-2161b12d63bc,2022-08-10T08:54:41.432000+00:00,Created by CreateImage(i-09ee64877d87075cc) for ami-046faabbaf7a01d6b,,mongodb-nike-sales-uat-a
ssrmprod,sa-east-1,ebs,snap-0e3b34dca4246e614,vol-0384c1be2f35d5c7c,snap-0e3b34dca4246e614,completed,,40,True,arn:aws:kms:sa-east-1:877001948254:key/5aff9933-4b81-42c7-b410-2161b12d63bc,2022-08-10T07:54:57.436000+00:00,Created by CreateImage(i-019c43be077fab936) for ami-02d8cdabb54ff70f8,,mongodb-nike-sales-uat-b
ssrmprod,sa-east-1,ebs,snap-0548a8a226535d03f,vol-030c7efa0cdc80de6,snap-0548a8a226535d03f,completed,,100,True,arn:aws:kms:sa-east-1:877001948254:key/5aff9933-4b81-42c7-b410-2161b12d63bc,2022-08-10T07:41:18.160000+00:00,Created by CreateImage(i-0db217cc4192a62c0) for ami-0b171f349aa7b50ff,,mongodb-nike-sales-prd-b-log-bkp
ssrmprod,sa-east-1,ebs,snap-0284bd0b1c4f3b705,vol-07320114cc33f75e6,snap-0284bd0b1c4f3b705,completed,,10,True,arn:aws:kms:sa-east-1:877001948254:key/5aff9933-4b81-42c7-b410-2161b12d63bc,2022-08-09T08:52:05.476000+00:00,Created by CreateImage(i-09ee64877d87075cc) for ami-0f300714a90bcfd52,,mongodb-nike-sales-uat-a
ssrmprod,sa-east-1,ebs,snap-089ba6451e6b81bb8,vol-030c7efa0cdc80de6,snap-089ba6451e6b81bb8,completed,,100,True,arn:aws:kms:sa-east-1:877001948254:key/5aff9933-4b81-42c7-b410-2161b12d63bc,2022-08-09T07:41:11.962000+00:00,Created by CreateImage(i-0db217cc4192a62c0) for ami-0a2371b083f5a3ccd,,mongodb-nike-sales-prd-b-log-bkp
ssrmprod,sa-east-1,ebs,snap-014b4f42624002c39,vol-0384c1be2f35d5c7c,snap-014b4f42624002c39,completed,,40,True,arn:aws:kms:sa-east-1:877001948254:key/5aff9933-4b81-42c7-b410-2161b12d63bc,2022-08-09T08:07:35.554000+00:00,Created by CreateImage(i-019c43be077fab936) for ami-0f1de4cf15289e9fd,,mongodb-nike-sales-uat-b
ssrmprod,sa-east-1,ebs,snap-056d0bcad382dda9e,vol-07320114cc33f75e6,snap-056d0bcad382dda9e,completed,,10,True,arn:aws:kms:sa-east-1:877001948254:key/5aff9933-4b81-42c7-b410-2161b12d63bc,2022-08-08T08:50:28.387000+00:00,Created by CreateImage(i-09ee64877d87075cc) for ami-0e1ec7fb71b892e8b,,mongodb-nike-sales-uat-a
ssrmprod,sa-east-1,ebs,snap-0f5f3e52bae36a56c,vol-0384c1be2f35d5c7c,snap-0f5f3e52bae36a56c,completed,,40,True,arn:aws:kms:sa-east-1:877001948254:key/5aff9933-4b81-42c7-b410-2161b12d63bc,2022-08-08T07:54:10.464000+00:00,Created by CreateImage(i-019c43be077fab936) for ami-0157dc75ade498ea3,,mongodb-nike-sales-uat-b
ssrmprod,sa-east-1,ebs,snap-00c3417356cfeb736,vol-030c7efa0cdc80de6,snap-00c3417356cfeb736,completed,,100,True,arn:aws:kms:sa-east-1:877001948254:key/5aff9933-4b81-42c7-b410-2161b12d63bc,2022-08-08T07:40:22.035000+00:00,Created by CreateImage(i-0db217cc4192a62c0) for ami-0e828432ecafc4ace,,mongodb-nike-sales-prd-b-log-bkp
ssrmprod,sa-east-1,ebs,snap-0e9dc7b6eecf65b93,vol-07320114cc33f75e6,snap-0e9dc7b6eecf65b93,completed,,10,True,arn:aws:kms:sa-east-1:877001948254:key/5aff9933-4b81-42c7-b410-2161b12d63bc,2022-08-07T08:53:25.260000+00:00,Created by CreateImage(i-09ee64877d87075cc) for ami-0e090f85025ab72a8,,mongodb-nike-sales-uat-a
ssrmprod,sa-east-1,ebs,snap-0208457bc4f7b5555,vol-0384c1be2f35d5c7c,snap-0208457bc4f7b5555,completed,,40,True,arn:aws:kms:sa-east-1:877001948254:key/5aff9933-4b81-42c7-b410-2161b12d63bc,2022-08-07T08:06:36.174000+00:00,Created by CreateImage(i-019c43be077fab936) for ami-0c5c7ebf8b9bccda9,,mongodb-nike-sales-uat-b
ssrmprod,sa-east-1,ebs,snap-08af1b53b6405620c,vol-030c7efa0cdc80de6,snap-08af1b53b6405620c,completed,,100,True,arn:aws:kms:sa-east-1:877001948254:key/5aff9933-4b81-42c7-b410-2161b12d63bc,2022-08-07T07:39:21.984000+00:00,Created by CreateImage(i-0db217cc4192a62c0) for ami-078778c3c611bbcc2,,mongodb-nike-sales-prd-b-log-bkp
ssrmprod,sa-east-1,ebs,snap-05ede3432ea5abd2b,vol-07320114cc33f75e6,snap-05ede3432ea5abd2b,completed,,10,True,arn:aws:kms:sa-east-1:877001948254:key/5aff9933-4b81-42c7-b410-2161b12d63bc,2022-08-06T08:53:19.207000+00:00,Created by CreateImage(i-09ee64877d87075cc) for ami-0b0fa637d06bb2c25,,mongodb-nike-sales-uat-a
ssrmprod,sa-east-1,ebs,snap-097b2279a28e3925b,vol-0384c1be2f35d5c7c,snap-097b2279a28e3925b,completed,,40,True,arn:aws:kms:sa-east-1:877001948254:key/5aff9933-4b81-42c7-b410-2161b12d63bc,2022-08-06T08:11:10.046000+00:00,Created by CreateImage(i-019c43be077fab936) for ami-0f4e447bd85f31402,,mongodb-nike-sales-uat-b
ssrmprod,sa-east-1,ebs,snap-0cce172788b6ccebd,vol-030c7efa0cdc80de6,snap-0cce172788b6ccebd,completed,,100,True,arn:aws:kms:sa-east-1:877001948254:key/5aff9933-4b81-42c7-b410-2161b12d63bc,2022-08-06T07:39:42.865000+00:00,Created by CreateImage(i-0db217cc4192a62c0) for ami-0de15e4cb2db3888b,,mongodb-nike-sales-prd-b-log-bkp
ssrmprod,sa-east-1,ebs,snap-075b0aef904b7eb48,vol-07320114cc33f75e6,snap-075b0aef904b7eb48,completed,,10,True,arn:aws:kms:sa-east-1:877001948254:key/5aff9933-4b81-42c7-b410-2161b12d63bc,2022-08-05T09:12:29.967000+00:00,Created by CreateImage(i-09ee64877d87075cc) for ami-08680d04f3e2e9e17,,mongodb-nike-sales-uat-a
ssrmprod,sa-east-1,ebs,snap-00641bebd664757b4,vol-030c7efa0cdc80de6,snap-00641bebd664757b4,completed,,100,True,arn:aws:kms:sa-east-1:877001948254:key/5aff9933-4b81-42c7-b410-2161b12d63bc,2022-08-05T07:43:42.090000+00:00,Created by CreateImage(i-0db217cc4192a62c0) for ami-034d91459d761ceae,,mongodb-nike-sales-prd-b-log-bkp
ssrmprod,sa-east-1,ebs,snap-0c4c9628dcaf1131b,vol-0384c1be2f35d5c7c,snap-0c4c9628dcaf1131b,completed,,40,True,arn:aws:kms:sa-east-1:877001948254:key/5aff9933-4b81-42c7-b410-2161b12d63bc,2022-08-05T07:52:27.910000+00:00,Created by CreateImage(i-019c43be077fab936) for ami-08a01d84a4cb09eda,,mongodb-nike-sales-uat-b
ssrmprod,sa-east-1,ebs,snap-0eb19be4bddf79e5d,vol-07320114cc33f75e6,snap-0eb19be4bddf79e5d,completed,,10,True,arn:aws:kms:sa-east-1:877001948254:key/5aff9933-4b81-42c7-b410-2161b12d63bc,2022-08-04T08:54:09.721000+00:00,Created by CreateImage(i-09ee64877d87075cc) for ami-0413bfe462f9714ba,,mongodb-nike-sales-uat-a
ssrmprod,sa-east-1,ebs,snap-084303d07b1c5b846,vol-0384c1be2f35d5c7c,snap-084303d07b1c5b846,completed,,40,True,arn:aws:kms:sa-east-1:877001948254:key/5aff9933-4b81-42c7-b410-2161b12d63bc,2022-08-04T07:53:28.212000+00:00,Created by CreateImage(i-019c43be077fab936) for ami-0f06e36609c2e5468,,mongodb-nike-sales-uat-b
ssrmprod,sa-east-1,ebs,snap-023aa14f38d9adcf5,vol-030c7efa0cdc80de6,snap-023aa14f38d9adcf5,completed,,100,True,arn:aws:kms:sa-east-1:877001948254:key/5aff9933-4b81-42c7-b410-2161b12d63bc,2022-08-04T07:36:12.107000+00:00,Created by CreateImage(i-0db217cc4192a62c0) for ami-07934046f0920861f,,mongodb-nike-sales-prd-b-log-bkp
ssrmprod,sa-east-1,ebs,snap-071c1694c2599b5c5,vol-07320114cc33f75e6,snap-071c1694c2599b5c5,completed,,10,True,arn:aws:kms:sa-east-1:877001948254:key/5aff9933-4b81-42c7-b410-2161b12d63bc,2022-08-03T08:50:20.433000+00:00,Created by CreateImage(i-09ee64877d87075cc) for ami-0a5e41bb230bcf594,,mongodb-nike-sales-uat-a
ssrmprod,sa-east-1,ebs,snap-04ee9d1f5f23ae9ae,vol-0384c1be2f35d5c7c,snap-04ee9d1f5f23ae9ae,completed,,40,True,arn:aws:kms:sa-east-1:877001948254:key/5aff9933-4b81-42c7-b410-2161b12d63bc,2022-08-03T08:07:28.633000+00:00,Created by CreateImage(i-019c43be077fab936) for ami-0589663270d60ed7b,,mongodb-nike-sales-uat-b
ssrmprod,sa-east-1,ebs,snap-04880d1673782847a,vol-030c7efa0cdc80de6,snap-04880d1673782847a,completed,,100,True,arn:aws:kms:sa-east-1:877001948254:key/5aff9933-4b81-42c7-b410-2161b12d63bc,2022-08-03T07:45:29.073000+00:00,Created by CreateImage(i-0db217cc4192a62c0) for ami-0b600403582abe9a3,,mongodb-nike-sales-prd-b-log-bkp
ssrmprod,sa-east-1,ebs,snap-06190595e2f0ff5fc,vol-07320114cc33f75e6,snap-06190595e2f0ff5fc,completed,,10,True,arn:aws:kms:sa-east-1:877001948254:key/5aff9933-4b81-42c7-b410-2161b12d63bc,2022-08-02T09:06:56.887000+00:00,Created by CreateImage(i-09ee64877d87075cc) for ami-0c837bebbe16139b4,,mongodb-nike-sales-uat-a
ssrmprod,sa-east-1,ebs,snap-0fd4476dee25c1e81,vol-0384c1be2f35d5c7c,snap-0fd4476dee25c1e81,completed,,40,True,arn:aws:kms:sa-east-1:877001948254:key/5aff9933-4b81-42c7-b410-2161b12d63bc,2022-08-02T07:54:20.202000+00:00,Created by CreateImage(i-019c43be077fab936) for ami-07883caa676a445f1,,mongodb-nike-sales-uat-b
ssrmprod,sa-east-1,ebs,snap-0263af497f8d64bdf,vol-030c7efa0cdc80de6,snap-0263af497f8d64bdf,completed,,100,True,arn:aws:kms:sa-east-1:877001948254:key/5aff9933-4b81-42c7-b410-2161b12d63bc,2022-08-02T07:41:06.093000+00:00,Created by CreateImage(i-0db217cc4192a62c0) for ami-0cab9b527f1755bdc,,mongodb-nike-sales-prd-b-log-bkp
ssrmprod,sa-east-1,ebs,snap-0ea3ce37aaf3d222a,vol-07320114cc33f75e6,snap-0ea3ce37aaf3d222a,completed,,10,True,arn:aws:kms:sa-east-1:877001948254:key/5aff9933-4b81-42c7-b410-2161b12d63bc,2022-08-01T09:05:21.449000+00:00,Created by CreateImage(i-09ee64877d87075cc) for ami-0e8422a68fc765a48,,mongodb-nike-sales-uat-a
ssrmprod,sa-east-1,ebs,snap-0bdf3372e1e1f907a,vol-030c7efa0cdc80de6,snap-0bdf3372e1e1f907a,completed,,100,True,arn:aws:kms:sa-east-1:877001948254:key/5aff9933-4b81-42c7-b410-2161b12d63bc,2022-08-01T07:41:38.608000+00:00,Created by CreateImage(i-0db217cc4192a62c0) for ami-022506583efba34be,,mongodb-nike-sales-prd-b-log-bkp
ssrmprod,sa-east-1,ebs,snap-0916d1ea977ea670f,vol-0384c1be2f35d5c7c,snap-0916d1ea977ea670f,completed,,40,True,arn:aws:kms:sa-east-1:877001948254:key/5aff9933-4b81-42c7-b410-2161b12d63bc,2022-08-01T07:54:26.765000+00:00,Created by CreateImage(i-019c43be077fab936) for ami-0dd664b7556d607bd,,mongodb-nike-sales-uat-b
ssrmprod,sa-east-1,ebs,snap-0251ca38c510c7319,vol-07320114cc33f75e6,snap-0251ca38c510c7319,completed,,10,True,arn:aws:kms:sa-east-1:877001948254:key/5aff9933-4b81-42c7-b410-2161b12d63bc,2022-07-31T08:52:18.455000+00:00,Created by CreateImage(i-09ee64877d87075cc) for ami-0194ce6f6a7b59b33,,mongodb-nike-sales-uat-a
ssrmprod,sa-east-1,ebs,snap-09e816ad1ba9c2d19,vol-0384c1be2f35d5c7c,snap-09e816ad1ba9c2d19,completed,,40,True,arn:aws:kms:sa-east-1:877001948254:key/5aff9933-4b81-42c7-b410-2161b12d63bc,2022-07-31T07:51:51.094000+00:00,Created by CreateImage(i-019c43be077fab936) for ami-020d64730ee4e24cf,,mongodb-nike-sales-uat-b
ssrmprod,sa-east-1,ebs,snap-085d667263b9ec6d0,vol-030c7efa0cdc80de6,snap-085d667263b9ec6d0,completed,,100,True,arn:aws:kms:sa-east-1:877001948254:key/5aff9933-4b81-42c7-b410-2161b12d63bc,2022-07-31T07:43:41.289000+00:00,Created by CreateImage(i-0db217cc4192a62c0) for ami-060e4c9d56630b0f1,,mongodb-nike-sales-prd-b-log-bkp
ssrmprod,sa-east-1,ebs,snap-07151974f367a0195,vol-07320114cc33f75e6,snap-07151974f367a0195,completed,,10,True,arn:aws:kms:sa-east-1:877001948254:key/5aff9933-4b81-42c7-b410-2161b12d63bc,2022-07-30T09:07:43.656000+00:00,Created by CreateImage(i-09ee64877d87075cc) for ami-00c2abe3c2ec4ae2d,,mongodb-nike-sales-uat-a
ssrmprod,sa-east-1,ebs,snap-0a437d4f533026fec,vol-0384c1be2f35d5c7c,snap-0a437d4f533026fec,completed,,40,True,arn:aws:kms:sa-east-1:877001948254:key/5aff9933-4b81-42c7-b410-2161b12d63bc,2022-07-30T07:51:21.723000+00:00,Created by CreateImage(i-019c43be077fab936) for ami-07561c9cdc8cfb7ed,,mongodb-nike-sales-uat-b
ssrmprod,sa-east-1,ebs,snap-042ac433d1b5445b7,vol-030c7efa0cdc80de6,snap-042ac433d1b5445b7,completed,,100,True,arn:aws:kms:sa-east-1:877001948254:key/5aff9933-4b81-42c7-b410-2161b12d63bc,2022-07-30T07:39:45.789000+00:00,Created by CreateImage(i-0db217cc4192a62c0) for ami-016edc1fd3deee5f9,,mongodb-nike-sales-prd-b-log-bkp
ssrmprod,sa-east-1,ebs,snap-0f682ad0ff574b734,vol-07320114cc33f75e6,snap-0f682ad0ff574b734,completed,,10,True,arn:aws:kms:sa-east-1:877001948254:key/5aff9933-4b81-42c7-b410-2161b12d63bc,2022-07-29T08:51:39.108000+00:00,Created by CreateImage(i-09ee64877d87075cc) for ami-0455db40bad2aa212,,mongodb-nike-sales-uat-a
ssrmprod,sa-east-1,ebs,snap-0b092a0f026c37a25,vol-0384c1be2f35d5c7c,snap-0b092a0f026c37a25,completed,,40,True,arn:aws:kms:sa-east-1:877001948254:key/5aff9933-4b81-42c7-b410-2161b12d63bc,2022-07-29T08:06:00.430000+00:00,Created by CreateImage(i-019c43be077fab936) for ami-0cfcb15ff2305ef74,,mongodb-nike-sales-uat-b
ssrmprod,sa-east-1,ebs,snap-0d0d52e8830d6eb3e,vol-030c7efa0cdc80de6,snap-0d0d52e8830d6eb3e,completed,,100,True,arn:aws:kms:sa-east-1:877001948254:key/5aff9933-4b81-42c7-b410-2161b12d63bc,2022-07-29T07:40:48.830000+00:00,Created by CreateImage(i-0db217cc4192a62c0) for ami-0f4a97ae25ccc3434,,mongodb-nike-sales-prd-b-log-bkp
ssrmprod,sa-east-1,ebs,snap-0e7cb0363af95aeb6,vol-07320114cc33f75e6,snap-0e7cb0363af95aeb6,completed,,10,True,arn:aws:kms:sa-east-1:877001948254:key/5aff9933-4b81-42c7-b410-2161b12d63bc,2022-07-28T08:51:53.277000+00:00,Created by CreateImage(i-09ee64877d87075cc) for ami-047854c5d4c55a774,,mongodb-nike-sales-uat-a
ssrmprod,sa-east-1,ebs,snap-08e8a58cca1da5a39,vol-0384c1be2f35d5c7c,snap-08e8a58cca1da5a39,completed,,40,True,arn:aws:kms:sa-east-1:877001948254:key/5aff9933-4b81-42c7-b410-2161b12d63bc,2022-07-28T08:10:38.877000+00:00,Created by CreateImage(i-019c43be077fab936) for ami-0d7445d6e5e45ce5c,,mongodb-nike-sales-uat-b
ssrmprod,sa-east-1,ebs,snap-052a7bb5eb73a6048,vol-030c7efa0cdc80de6,snap-052a7bb5eb73a6048,completed,,100,True,arn:aws:kms:sa-east-1:877001948254:key/5aff9933-4b81-42c7-b410-2161b12d63bc,2022-07-28T07:38:48.969000+00:00,Created by CreateImage(i-0db217cc4192a62c0) for ami-07d98010296bcd12b,,mongodb-nike-sales-prd-b-log-bkp
ssrmprod,sa-east-1,ebs,snap-080074484e324fa8f,vol-07320114cc33f75e6,snap-080074484e324fa8f,completed,,10,True,arn:aws:kms:sa-east-1:877001948254:key/5aff9933-4b81-42c7-b410-2161b12d63bc,2022-07-27T08:54:58.564000+00:00,Created by CreateImage(i-09ee64877d87075cc) for ami-066d87af14afc3c66,,mongodb-nike-sales-uat-a
ssrmprod,sa-east-1,ebs,snap-08d21e57fb1c5be6c,vol-0384c1be2f35d5c7c,snap-08d21e57fb1c5be6c,completed,,40,True,arn:aws:kms:sa-east-1:877001948254:key/5aff9933-4b81-42c7-b410-2161b12d63bc,2022-07-27T07:51:51.028000+00:00,Created by CreateImage(i-019c43be077fab936) for ami-04981c63f09af5409,,mongodb-nike-sales-uat-b
ssrmprod,sa-east-1,ebs,snap-0e5631b12ce028ef7,vol-030c7efa0cdc80de6,snap-0e5631b12ce028ef7,completed,,100,True,arn:aws:kms:sa-east-1:877001948254:key/5aff9933-4b81-42c7-b410-2161b12d63bc,2022-07-27T07:42:17.009000+00:00,Created by CreateImage(i-0db217cc4192a62c0) for ami-08ccd0cd4d4708b21,,mongodb-nike-sales-prd-b-log-bkp
ssrmprod,sa-east-1,ebs,snap-004f3f31fec6ec1e6,vol-07320114cc33f75e6,snap-004f3f31fec6ec1e6,completed,,10,True,arn:aws:kms:sa-east-1:877001948254:key/5aff9933-4b81-42c7-b410-2161b12d63bc,2022-07-26T09:14:14.581000+00:00,Created by CreateImage(i-09ee64877d87075cc) for ami-0c83f5ef8aff681e5,,mongodb-nike-sales-uat-a
ssrmprod,sa-east-1,ebs,snap-0a0b5822d4e62e319,vol-030c7efa0cdc80de6,snap-0a0b5822d4e62e319,completed,,100,True,arn:aws:kms:sa-east-1:877001948254:key/5aff9933-4b81-42c7-b410-2161b12d63bc,2022-07-26T07:36:06.487000+00:00,Created by CreateImage(i-0db217cc4192a62c0) for ami-09810399f38b867cd,,mongodb-nike-sales-prd-b-log-bkp
ssrmprod,sa-east-1,ebs,snap-0bf1f7824424c0701,vol-0384c1be2f35d5c7c,snap-0bf1f7824424c0701,completed,,40,True,arn:aws:kms:sa-east-1:877001948254:key/5aff9933-4b81-42c7-b410-2161b12d63bc,2022-07-26T07:54:27.391000+00:00,Created by CreateImage(i-019c43be077fab936) for ami-00c826d83acfd088a,,mongodb-nike-sales-uat-b
ssrmprod,sa-east-1,ebs,snap-099f2eb03dfd80631,vol-07320114cc33f75e6,snap-099f2eb03dfd80631,completed,,10,True,arn:aws:kms:sa-east-1:877001948254:key/5aff9933-4b81-42c7-b410-2161b12d63bc,2022-07-25T08:51:55.336000+00:00,Created by CreateImage(i-09ee64877d87075cc) for ami-00c0ff38be205b606,,mongodb-nike-sales-uat-a
ssrmprod,sa-east-1,ebs,snap-039d907e85b337bf6,vol-0384c1be2f35d5c7c,snap-039d907e85b337bf6,completed,,40,True,arn:aws:kms:sa-east-1:877001948254:key/5aff9933-4b81-42c7-b410-2161b12d63bc,2022-07-25T08:05:37.947000+00:00,Created by CreateImage(i-019c43be077fab936) for ami-0a939c4bcb2d94e22,,mongodb-nike-sales-uat-b
ssrmprod,sa-east-1,ebs,snap-09325ee2cefe4ce70,vol-030c7efa0cdc80de6,snap-09325ee2cefe4ce70,completed,,100,True,arn:aws:kms:sa-east-1:877001948254:key/5aff9933-4b81-42c7-b410-2161b12d63bc,2022-07-25T07:42:31.003000+00:00,Created by CreateImage(i-0db217cc4192a62c0) for ami-09d28e79451c3767c,,mongodb-nike-sales-prd-b-log-bkp
ssrmprod,sa-east-1,ebs,snap-072f5adb805dc5bf3,vol-07320114cc33f75e6,snap-072f5adb805dc5bf3,completed,,10,True,arn:aws:kms:sa-east-1:877001948254:key/5aff9933-4b81-42c7-b410-2161b12d63bc,2022-07-24T08:54:46.267000+00:00,Created by CreateImage(i-09ee64877d87075cc) for ami-0bbf5fcde4b90f541,,mongodb-nike-sales-uat-a
ssrmprod,sa-east-1,ebs,snap-0e1ab2c2c1b64580c,vol-0384c1be2f35d5c7c,snap-0e1ab2c2c1b64580c,completed,,40,True,arn:aws:kms:sa-east-1:877001948254:key/5aff9933-4b81-42c7-b410-2161b12d63bc,2022-07-24T08:07:45.454000+00:00,Created by CreateImage(i-019c43be077fab936) for ami-01236081f82286c04,,mongodb-nike-sales-uat-b
ssrmprod,sa-east-1,ebs,snap-090cda7387413a3aa,vol-030c7efa0cdc80de6,snap-090cda7387413a3aa,completed,,100,True,arn:aws:kms:sa-east-1:877001948254:key/5aff9933-4b81-42c7-b410-2161b12d63bc,2022-07-24T07:39:26.704000+00:00,Created by CreateImage(i-0db217cc4192a62c0) for ami-0c3c4f949d6287273,,mongodb-nike-sales-prd-b-log-bkp
ssrmprod,sa-east-1,ebs,snap-0f25ce439b4ad1e31,vol-07320114cc33f75e6,snap-0f25ce439b4ad1e31,completed,,10,True,arn:aws:kms:sa-east-1:877001948254:key/5aff9933-4b81-42c7-b410-2161b12d63bc,2022-07-23T09:11:16.629000+00:00,Created by CreateImage(i-09ee64877d87075cc) for ami-020b34e24d3dd03ef,,mongodb-nike-sales-uat-a
ssrmprod,sa-east-1,ebs,snap-0e2a9a062ee3f3d93,vol-0384c1be2f35d5c7c,snap-0e2a9a062ee3f3d93,completed,,40,True,arn:aws:kms:sa-east-1:877001948254:key/5aff9933-4b81-42c7-b410-2161b12d63bc,2022-07-23T08:06:45.310000+00:00,Created by CreateImage(i-019c43be077fab936) for ami-0ffb88b84e4eea675,,mongodb-nike-sales-uat-b
ssrmprod,sa-east-1,ebs,snap-06f07cfa47861a83e,vol-030c7efa0cdc80de6,snap-06f07cfa47861a83e,completed,,100,True,arn:aws:kms:sa-east-1:877001948254:key/5aff9933-4b81-42c7-b410-2161b12d63bc,2022-07-23T07:40:41.375000+00:00,Created by CreateImage(i-0db217cc4192a62c0) for ami-0430421ef667bdd4e,,mongodb-nike-sales-prd-b-log-bkp
ssrmprod,sa-east-1,ebs,snap-0a0848bf85cb50f95,vol-07320114cc33f75e6,snap-0a0848bf85cb50f95,completed,,10,True,arn:aws:kms:sa-east-1:877001948254:key/5aff9933-4b81-42c7-b410-2161b12d63bc,2022-07-22T09:05:21.628000+00:00,Created by CreateImage(i-09ee64877d87075cc) for ami-0c0bd9f103c4584a6,,mongodb-nike-sales-uat-a
ssrmprod,sa-east-1,ebs,snap-0bb147e6182e9ee4d,vol-0384c1be2f35d5c7c,snap-0bb147e6182e9ee4d,completed,,40,True,arn:aws:kms:sa-east-1:877001948254:key/5aff9933-4b81-42c7-b410-2161b12d63bc,2022-07-22T07:55:17.219000+00:00,Created by CreateImage(i-019c43be077fab936) for ami-042c2e3c38161fa51,,mongodb-nike-sales-uat-b
ssrmprod,sa-east-1,ebs,snap-0b7a3b79a77a1d594,vol-030c7efa0cdc80de6,snap-0b7a3b79a77a1d594,completed,,100,True,arn:aws:kms:sa-east-1:877001948254:key/5aff9933-4b81-42c7-b410-2161b12d63bc,2022-07-22T07:43:17.165000+00:00,Created by CreateImage(i-0db217cc4192a62c0) for ami-071f8c7f169e38f62,,mongodb-nike-sales-prd-b-log-bkp
ssrmprod,sa-east-1,ebs,snap-0e1e12ab0ce2a6fc7,vol-07320114cc33f75e6,snap-0e1e12ab0ce2a6fc7,completed,,10,True,arn:aws:kms:sa-east-1:877001948254:key/5aff9933-4b81-42c7-b410-2161b12d63bc,2022-07-21T08:50:18.554000+00:00,Created by CreateImage(i-09ee64877d87075cc) for ami-0dfdfb87a72f71461,,mongodb-nike-sales-uat-a
ssrmprod,sa-east-1,ebs,snap-0bba2d286b9437a43,vol-0384c1be2f35d5c7c,snap-0bba2d286b9437a43,completed,,40,True,arn:aws:kms:sa-east-1:877001948254:key/5aff9933-4b81-42c7-b410-2161b12d63bc,2022-07-21T08:11:12.850000+00:00,Created by CreateImage(i-019c43be077fab936) for ami-017f8046d62de4736,,mongodb-nike-sales-uat-b
ssrmprod,sa-east-1,ebs,snap-089464b6699407861,vol-030c7efa0cdc80de6,snap-089464b6699407861,completed,,100,True,arn:aws:kms:sa-east-1:877001948254:key/5aff9933-4b81-42c7-b410-2161b12d63bc,2022-07-21T07:39:08.198000+00:00,Created by CreateImage(i-0db217cc4192a62c0) for ami-06316f7d9ac63e6b3,,mongodb-nike-sales-prd-b-log-bkp
ssrmprod,sa-east-1,ebs,snap-0cfcb04955dcbd4e1,vol-07320114cc33f75e6,snap-0cfcb04955dcbd4e1,completed,,10,True,arn:aws:kms:sa-east-1:877001948254:key/5aff9933-4b81-42c7-b410-2161b12d63bc,2022-07-20T08:52:08.431000+00:00,Created by CreateImage(i-09ee64877d87075cc) for ami-014a3cb605a4463fb,,mongodb-nike-sales-uat-a
ssrmprod,sa-east-1,ebs,snap-0833f387b20d4e2db,vol-030c7efa0cdc80de6,snap-0833f387b20d4e2db,completed,,100,True,arn:aws:kms:sa-east-1:877001948254:key/5aff9933-4b81-42c7-b410-2161b12d63bc,2022-07-20T07:38:21.912000+00:00,Created by CreateImage(i-0db217cc4192a62c0) for ami-0d2e2006ae12186af,,mongodb-nike-sales-prd-b-log-bkp
ssrmprod,sa-east-1,ebs,snap-0a68226d4ab514a43,vol-0384c1be2f35d5c7c,snap-0a68226d4ab514a43,completed,,40,True,arn:aws:kms:sa-east-1:877001948254:key/5aff9933-4b81-42c7-b410-2161b12d63bc,2022-07-20T07:51:44.021000+00:00,Created by CreateImage(i-019c43be077fab936) for ami-068dea63610ee1790,,mongodb-nike-sales-uat-b
ssrmprod,sa-east-1,ebs,snap-06b59f45860e3f70f,vol-07320114cc33f75e6,snap-06b59f45860e3f70f,completed,,10,True,arn:aws:kms:sa-east-1:877001948254:key/5aff9933-4b81-42c7-b410-2161b12d63bc,2022-07-19T08:50:57.556000+00:00,Created by CreateImage(i-09ee64877d87075cc) for ami-09e9a036519098a54,,mongodb-nike-sales-uat-a
ssrmprod,sa-east-1,ebs,snap-0557200ddd96336c8,vol-0384c1be2f35d5c7c,snap-0557200ddd96336c8,completed,,40,True,arn:aws:kms:sa-east-1:877001948254:key/5aff9933-4b81-42c7-b410-2161b12d63bc,2022-07-19T07:53:24.104000+00:00,Created by CreateImage(i-019c43be077fab936) for ami-0bb6a93284efbb9f8,,mongodb-nike-sales-uat-b
ssrmprod,sa-east-1,ebs,snap-014ad089eba796dc0,vol-030c7efa0cdc80de6,snap-014ad089eba796dc0,completed,,100,True,arn:aws:kms:sa-east-1:877001948254:key/5aff9933-4b81-42c7-b410-2161b12d63bc,2022-07-19T07:38:55.050000+00:00,Created by CreateImage(i-0db217cc4192a62c0) for ami-09dfcceb8bdf39dbf,,mongodb-nike-sales-prd-b-log-bkp
ssrmprod,sa-east-1,ebs,snap-0646ad4aeed06120c,vol-07320114cc33f75e6,snap-0646ad4aeed06120c,completed,,10,True,arn:aws:kms:sa-east-1:877001948254:key/5aff9933-4b81-42c7-b410-2161b12d63bc,2022-07-18T08:51:32.406000+00:00,Created by CreateImage(i-09ee64877d87075cc) for ami-02ef3ba97555ffb3e,,mongodb-nike-sales-uat-a
ssrmprod,sa-east-1,ebs,snap-02149950838545dfe,vol-0384c1be2f35d5c7c,snap-02149950838545dfe,completed,,40,True,arn:aws:kms:sa-east-1:877001948254:key/5aff9933-4b81-42c7-b410-2161b12d63bc,2022-07-18T08:11:13.650000+00:00,Created by CreateImage(i-019c43be077fab936) for ami-07195b74d07270a34,,mongodb-nike-sales-uat-b
ssrmprod,sa-east-1,ebs,snap-0931c7f37000f23c7,vol-030c7efa0cdc80de6,snap-0931c7f37000f23c7,completed,,100,True,arn:aws:kms:sa-east-1:877001948254:key/5aff9933-4b81-42c7-b410-2161b12d63bc,2022-07-18T07:39:41.910000+00:00,Created by CreateImage(i-0db217cc4192a62c0) for ami-025fd86c5031989d5,,mongodb-nike-sales-prd-b-log-bkp
ssrmprod,sa-east-1,ebs,snap-0eacd74d1e15ba592,vol-07320114cc33f75e6,snap-0eacd74d1e15ba592,completed,,10,True,arn:aws:kms:sa-east-1:877001948254:key/5aff9933-4b81-42c7-b410-2161b12d63bc,2022-07-17T08:54:10.264000+00:00,Created by CreateImage(i-09ee64877d87075cc) for ami-0dbf449ed7ed89478,,mongodb-nike-sales-uat-a
ssrmprod,sa-east-1,ebs,snap-030d36a39775f34a7,vol-0384c1be2f35d5c7c,snap-030d36a39775f34a7,completed,,40,True,arn:aws:kms:sa-east-1:877001948254:key/5aff9933-4b81-42c7-b410-2161b12d63bc,2022-07-17T07:52:14.042000+00:00,Created by CreateImage(i-019c43be077fab936) for ami-03fb97443328b3dd8,,mongodb-nike-sales-uat-b
ssrmprod,sa-east-1,ebs,snap-0fcf25fb0f17106d7,vol-030c7efa0cdc80de6,snap-0fcf25fb0f17106d7,completed,,100,True,arn:aws:kms:sa-east-1:877001948254:key/5aff9933-4b81-42c7-b410-2161b12d63bc,2022-07-17T07:39:55.106000+00:00,Created by CreateImage(i-0db217cc4192a62c0) for ami-072cb6839da3d2451,,mongodb-nike-sales-prd-b-log-bkp
ssrmprod,sa-east-1,ebs,snap-01da4d14435875171,vol-07320114cc33f75e6,snap-01da4d14435875171,completed,,10,True,arn:aws:kms:sa-east-1:877001948254:key/5aff9933-4b81-42c7-b410-2161b12d63bc,2022-07-16T08:50:09.330000+00:00,Created by CreateImage(i-09ee64877d87075cc) for ami-003f4ea6a46fd2581,,mongodb-nike-sales-uat-a
ssrmprod,sa-east-1,ebs,snap-03afa0abd4a72c0d0,vol-0384c1be2f35d5c7c,snap-03afa0abd4a72c0d0,completed,,40,True,arn:aws:kms:sa-east-1:877001948254:key/5aff9933-4b81-42c7-b410-2161b12d63bc,2022-07-16T07:52:40.087000+00:00,Created by CreateImage(i-019c43be077fab936) for ami-08ddc9c4baf70bca0,,mongodb-nike-sales-uat-b
ssrmprod,sa-east-1,ebs,snap-0403a0c747465f37d,vol-030c7efa0cdc80de6,snap-0403a0c747465f37d,completed,,100,True,arn:aws:kms:sa-east-1:877001948254:key/5aff9933-4b81-42c7-b410-2161b12d63bc,2022-07-16T07:44:54.252000+00:00,Created by CreateImage(i-0db217cc4192a62c0) for ami-072763dcca9997cc5,,mongodb-nike-sales-prd-b-log-bkp
ssrmprod,sa-east-1,ebs,snap-0cfde065ec2361f63,vol-07320114cc33f75e6,snap-0cfde065ec2361f63,completed,,10,True,arn:aws:kms:sa-east-1:877001948254:key/5aff9933-4b81-42c7-b410-2161b12d63bc,2022-07-15T09:11:57.901000+00:00,Created by CreateImage(i-09ee64877d87075cc) for ami-07c31bab6d88ca6fb,,mongodb-nike-sales-uat-a
ssrmprod,sa-east-1,ebs,snap-09258368218729131,vol-0384c1be2f35d5c7c,snap-09258368218729131,completed,,40,True,arn:aws:kms:sa-east-1:877001948254:key/5aff9933-4b81-42c7-b410-2161b12d63bc,2022-07-15T08:10:26.317000+00:00,Created by CreateImage(i-019c43be077fab936) for ami-0ce417ba96f3daf00,,mongodb-nike-sales-uat-b
ssrmprod,sa-east-1,ebs,snap-0b8772895f3c0e27d,vol-030c7efa0cdc80de6,snap-0b8772895f3c0e27d,completed,,100,True,arn:aws:kms:sa-east-1:877001948254:key/5aff9933-4b81-42c7-b410-2161b12d63bc,2022-07-15T07:43:51.045000+00:00,Created by CreateImage(i-0db217cc4192a62c0) for ami-02e6ee8bf395201aa,,mongodb-nike-sales-prd-b-log-bkp
ssrmprod,sa-east-1,ebs,snap-084ed04e2841c0e23,vol-07320114cc33f75e6,snap-084ed04e2841c0e23,completed,,10,True,arn:aws:kms:sa-east-1:877001948254:key/5aff9933-4b81-42c7-b410-2161b12d63bc,2022-07-14T08:52:51.453000+00:00,Created by CreateImage(i-09ee64877d87075cc) for ami-0be0769b7893c77e0,,mongodb-nike-sales-uat-a
ssrmprod,sa-east-1,ebs,snap-0a67259dd843f3b5a,vol-030c7efa0cdc80de6,snap-0a67259dd843f3b5a,completed,,100,True,arn:aws:kms:sa-east-1:877001948254:key/5aff9933-4b81-42c7-b410-2161b12d63bc,2022-07-14T07:41:11.922000+00:00,Created by CreateImage(i-0db217cc4192a62c0) for ami-0805dfafb2a87c152,,mongodb-nike-sales-prd-b-log-bkp
ssrmprod,sa-east-1,ebs,snap-0a146e497256d6066,vol-0384c1be2f35d5c7c,snap-0a146e497256d6066,completed,,40,True,arn:aws:kms:sa-east-1:877001948254:key/5aff9933-4b81-42c7-b410-2161b12d63bc,2022-07-14T07:54:40.927000+00:00,Created by CreateImage(i-019c43be077fab936) for ami-02aeab20c1d1a4abf,,mongodb-nike-sales-uat-b
ssrmprod,sa-east-1,ebs,snap-05446b2751ecd7402,vol-07320114cc33f75e6,snap-05446b2751ecd7402,completed,,10,True,arn:aws:kms:sa-east-1:877001948254:key/5aff9933-4b81-42c7-b410-2161b12d63bc,2022-07-13T08:53:38.788000+00:00,Created by CreateImage(i-09ee64877d87075cc) for ami-04e76ddadc7c04d02,,mongodb-nike-sales-uat-a
ssrmprod,sa-east-1,ebs,snap-0f372a54a622b70b4,vol-0384c1be2f35d5c7c,snap-0f372a54a622b70b4,completed,,40,True,arn:aws:kms:sa-east-1:877001948254:key/5aff9933-4b81-42c7-b410-2161b12d63bc,2022-07-13T08:08:57.860000+00:00,Created by CreateImage(i-019c43be077fab936) for ami-0aa4442ccddcf54ec,,mongodb-nike-sales-uat-b
ssrmprod,sa-east-1,ebs,snap-09e70d07abeec63f4,vol-030c7efa0cdc80de6,snap-09e70d07abeec63f4,completed,,100,True,arn:aws:kms:sa-east-1:877001948254:key/5aff9933-4b81-42c7-b410-2161b12d63bc,2022-07-13T07:37:34.903000+00:00,Created by CreateImage(i-0db217cc4192a62c0) for ami-0a9c837e5e14a8a2f,,mongodb-nike-sales-prd-b-log-bkp
ssrmprod,sa-east-1,ebs,snap-0580355140bbb4c91,vol-07320114cc33f75e6,snap-0580355140bbb4c91,completed,,10,True,arn:aws:kms:sa-east-1:877001948254:key/5aff9933-4b81-42c7-b410-2161b12d63bc,2022-07-12T08:53:58.730000+00:00,Created by CreateImage(i-09ee64877d87075cc) for ami-04d002a09c38d50b4,,mongodb-nike-sales-uat-a
ssrmprod,sa-east-1,ebs,snap-0d3b39a22c5b29d45,vol-0384c1be2f35d5c7c,snap-0d3b39a22c5b29d45,completed,,40,True,arn:aws:kms:sa-east-1:877001948254:key/5aff9933-4b81-42c7-b410-2161b12d63bc,2022-07-12T08:08:23.587000+00:00,Created by CreateImage(i-019c43be077fab936) for ami-026ebb40fa8765411,,mongodb-nike-sales-uat-b
ssrmprod,sa-east-1,ebs,snap-062adf8d6e5514463,vol-030c7efa0cdc80de6,snap-062adf8d6e5514463,completed,,100,True,arn:aws:kms:sa-east-1:877001948254:key/5aff9933-4b81-42c7-b410-2161b12d63bc,2022-07-12T07:42:49.556000+00:00,Created by CreateImage(i-0db217cc4192a62c0) for ami-00dda67f0fb9616be,,mongodb-nike-sales-prd-b-log-bkp
ssrmprod,sa-east-1,ebs,snap-02336ed145cd12a44,vol-07320114cc33f75e6,snap-02336ed145cd12a44,completed,,10,True,arn:aws:kms:sa-east-1:877001948254:key/5aff9933-4b81-42c7-b410-2161b12d63bc,2022-07-11T08:51:14.619000+00:00,Created by CreateImage(i-09ee64877d87075cc) for ami-0127860b0346f9f6d,,mongodb-nike-sales-uat-a
ssrmprod,sa-east-1,ebs,snap-0f2a1ea683baff65e,vol-0384c1be2f35d5c7c,snap-0f2a1ea683baff65e,completed,,40,True,arn:aws:kms:sa-east-1:877001948254:key/5aff9933-4b81-42c7-b410-2161b12d63bc,2022-07-11T07:54:24.287000+00:00,Created by CreateImage(i-019c43be077fab936) for ami-0e4e0990eb8d5c215,,mongodb-nike-sales-uat-b
ssrmprod,sa-east-1,ebs,snap-0aedc6ec59a6a2fb2,vol-030c7efa0cdc80de6,snap-0aedc6ec59a6a2fb2,completed,,100,True,arn:aws:kms:sa-east-1:877001948254:key/5aff9933-4b81-42c7-b410-2161b12d63bc,2022-07-11T07:42:00.430000+00:00,Created by CreateImage(i-0db217cc4192a62c0) for ami-0719e86b141dc38a0,,mongodb-nike-sales-prd-b-log-bkp
ssrmprod,sa-east-1,ebs,snap-0df6e7bc40e675951,vol-07320114cc33f75e6,snap-0df6e7bc40e675951,completed,,10,True,arn:aws:kms:sa-east-1:877001948254:key/5aff9933-4b81-42c7-b410-2161b12d63bc,2022-07-10T09:12:46.304000+00:00,Created by CreateImage(i-09ee64877d87075cc) for ami-0d451b1f2d81aeccf,,mongodb-nike-sales-uat-a
ssrmprod,sa-east-1,ebs,snap-0d4f3ea2eca2b9b23,vol-030c7efa0cdc80de6,snap-0d4f3ea2eca2b9b23,completed,,100,True,arn:aws:kms:sa-east-1:877001948254:key/5aff9933-4b81-42c7-b410-2161b12d63bc,2022-07-10T07:37:20.973000+00:00,Created by CreateImage(i-0db217cc4192a62c0) for ami-03f54ca303aa9e3a0,,mongodb-nike-sales-prd-b-log-bkp
ssrmprod,sa-east-1,ebs,snap-0d0456a47f2e00688,vol-0384c1be2f35d5c7c,snap-0d0456a47f2e00688,completed,,40,True,arn:aws:kms:sa-east-1:877001948254:key/5aff9933-4b81-42c7-b410-2161b12d63bc,2022-07-10T08:10:30.478000+00:00,Created by CreateImage(i-019c43be077fab936) for ami-0370b5b91f71e7a67,,mongodb-nike-sales-uat-b
ssrmprod,sa-east-1,ebs,snap-0f40f329d7d14f797,vol-07320114cc33f75e6,snap-0f40f329d7d14f797,completed,,10,True,arn:aws:kms:sa-east-1:877001948254:key/5aff9933-4b81-42c7-b410-2161b12d63bc,2022-07-09T08:54:46.209000+00:00,Created by CreateImage(i-09ee64877d87075cc) for ami-094a3ef2878e5385b,,mongodb-nike-sales-uat-a
ssrmprod,sa-east-1,ebs,snap-0e1adce7117a20044,vol-0384c1be2f35d5c7c,snap-0e1adce7117a20044,completed,,40,True,arn:aws:kms:sa-east-1:877001948254:key/5aff9933-4b81-42c7-b410-2161b12d63bc,2022-07-09T07:53:59.026000+00:00,Created by CreateImage(i-019c43be077fab936) for ami-011d61e5f509d18ef,,mongodb-nike-sales-uat-b
ssrmprod,sa-east-1,ebs,snap-0354723f5bfb9a735,vol-030c7efa0cdc80de6,snap-0354723f5bfb9a735,completed,,100,True,arn:aws:kms:sa-east-1:877001948254:key/5aff9933-4b81-42c7-b410-2161b12d63bc,2022-07-09T07:35:56.910000+00:00,Created by CreateImage(i-0db217cc4192a62c0) for ami-088602019db32fa01,,mongodb-nike-sales-prd-b-log-bkp
ssrmprod,sa-east-1,ebs,snap-0f1399fc4cd962501,vol-07320114cc33f75e6,snap-0f1399fc4cd962501,completed,,10,True,arn:aws:kms:sa-east-1:877001948254:key/5aff9933-4b81-42c7-b410-2161b12d63bc,2022-07-08T08:51:13.812000+00:00,Created by CreateImage(i-09ee64877d87075cc) for ami-05f7093b193010552,,mongodb-nike-sales-uat-a
ssrmprod,sa-east-1,ebs,snap-0bafad0ae78eaffd0,vol-0384c1be2f35d5c7c,snap-0bafad0ae78eaffd0,completed,,40,True,arn:aws:kms:sa-east-1:877001948254:key/5aff9933-4b81-42c7-b410-2161b12d63bc,2022-07-08T07:55:43.742000+00:00,Created by CreateImage(i-019c43be077fab936) for ami-07b6007f7feb47e06,,mongodb-nike-sales-uat-b
ssrmprod,sa-east-1,ebs,snap-0457c406bb2e310ac,vol-030c7efa0cdc80de6,snap-0457c406bb2e310ac,completed,,100,True,arn:aws:kms:sa-east-1:877001948254:key/5aff9933-4b81-42c7-b410-2161b12d63bc,2022-07-08T07:42:17.912000+00:00,Created by CreateImage(i-0db217cc4192a62c0) for ami-089fe162172c01d48,,mongodb-nike-sales-prd-b-log-bkp
ssrmprod,sa-east-1,ebs,snap-0cd91e37a2c6bd19d,vol-07320114cc33f75e6,snap-0cd91e37a2c6bd19d,completed,,10,True,arn:aws:kms:sa-east-1:877001948254:key/5aff9933-4b81-42c7-b410-2161b12d63bc,2022-07-07T09:11:48.365000+00:00,Created by CreateImage(i-09ee64877d87075cc) for ami-04a53a4eecbe66d39,,mongodb-nike-sales-uat-a
ssrmprod,sa-east-1,ebs,snap-02a0d8c1ea4e87887,vol-0384c1be2f35d5c7c,snap-02a0d8c1ea4e87887,completed,,40,True,arn:aws:kms:sa-east-1:877001948254:key/5aff9933-4b81-42c7-b410-2161b12d63bc,2022-07-07T08:11:49.506000+00:00,Created by CreateImage(i-019c43be077fab936) for ami-091a3ba2e2f44abd3,,mongodb-nike-sales-uat-b
ssrmprod,sa-east-1,ebs,snap-0daf0ffd23f2ddf84,vol-030c7efa0cdc80de6,snap-0daf0ffd23f2ddf84,completed,,100,True,arn:aws:kms:sa-east-1:877001948254:key/5aff9933-4b81-42c7-b410-2161b12d63bc,2022-07-07T07:38:30.129000+00:00,Created by CreateImage(i-0db217cc4192a62c0) for ami-0f5a1341b46c2efd6,,mongodb-nike-sales-prd-b-log-bkp
ssrmprod,sa-east-1,ebs,snap-024dbb31521ee972e,vol-07320114cc33f75e6,snap-024dbb31521ee972e,completed,,10,True,arn:aws:kms:sa-east-1:877001948254:key/5aff9933-4b81-42c7-b410-2161b12d63bc,2022-07-06T08:51:04.203000+00:00,Created by CreateImage(i-09ee64877d87075cc) for ami-08b3f02e8dbf3dd17,,mongodb-nike-sales-uat-a
ssrmprod,sa-east-1,ebs,snap-0dfbdbbd3b5d77dcd,vol-0384c1be2f35d5c7c,snap-0dfbdbbd3b5d77dcd,completed,,40,True,arn:aws:kms:sa-east-1:877001948254:key/5aff9933-4b81-42c7-b410-2161b12d63bc,2022-07-06T07:55:09.098000+00:00,Created by CreateImage(i-019c43be077fab936) for ami-0a6fdcd2d1cc0bad5,,mongodb-nike-sales-uat-b
ssrmprod,sa-east-1,ebs,snap-063fc078b0fba6042,vol-030c7efa0cdc80de6,snap-063fc078b0fba6042,completed,,100,True,arn:aws:kms:sa-east-1:877001948254:key/5aff9933-4b81-42c7-b410-2161b12d63bc,2022-07-06T07:36:55.270000+00:00,Created by CreateImage(i-0db217cc4192a62c0) for ami-0537c3dfd25046112,,mongodb-nike-sales-prd-b-log-bkp
ssrmprod,sa-east-1,ebs,snap-08c5c54940a239143,vol-07320114cc33f75e6,snap-08c5c54940a239143,completed,,10,True,arn:aws:kms:sa-east-1:877001948254:key/5aff9933-4b81-42c7-b410-2161b12d63bc,2022-07-05T08:53:33.206000+00:00,Created by CreateImage(i-09ee64877d87075cc) for ami-0e99c93cb0e15d290,,mongodb-nike-sales-uat-a
ssrmprod,sa-east-1,ebs,snap-0b6f42f2655d647b7,vol-0384c1be2f35d5c7c,snap-0b6f42f2655d647b7,completed,,40,True,arn:aws:kms:sa-east-1:877001948254:key/5aff9933-4b81-42c7-b410-2161b12d63bc,2022-07-05T08:07:18.254000+00:00,Created by CreateImage(i-019c43be077fab936) for ami-005569035ff4bbfa9,,mongodb-nike-sales-uat-b
ssrmprod,sa-east-1,ebs,snap-0deb3dcb8a23a21c5,vol-030c7efa0cdc80de6,snap-0deb3dcb8a23a21c5,completed,,100,True,arn:aws:kms:sa-east-1:877001948254:key/5aff9933-4b81-42c7-b410-2161b12d63bc,2022-07-05T07:36:23.283000+00:00,Created by CreateImage(i-0db217cc4192a62c0) for ami-0ba1dd75c277a0ddf,,mongodb-nike-sales-prd-b-log-bkp
ssrmprod,sa-east-1,ebs,snap-07d60eb81aba7f5cd,vol-07320114cc33f75e6,snap-07d60eb81aba7f5cd,completed,,10,True,arn:aws:kms:sa-east-1:877001948254:key/5aff9933-4b81-42c7-b410-2161b12d63bc,2021-04-26T18:20:44.757000+00:00,Created by CreateImage(i-09ee64877d87075cc) for ami-01b4f7eeb40aa1dfc,,
ssrmprod,sa-east-1,ebs,snap-05e4caeda5387d41d,vol-07cab1b6753f226c1,snap-05e4caeda5387d41d,completed,,200,True,arn:aws:kms:sa-east-1:877001948254:key/5aff9933-4b81-42c7-b410-2161b12d63bc,2023-08-22T21:01:07.158000+00:00,Created by CreateImage(i-0db217cc4192a62c0) for ami-0d1ccbaa1e01b6051,,
ssrmprod,sa-east-1,ebs,snap-061a2015f74feb47b,vol-04650cc3c1210ae85,snap-061a2015f74feb47b,completed,,60,True,arn:aws:kms:sa-east-1:877001948254:key/5aff9933-4b81-42c7-b410-2161b12d63bc,2023-08-22T21:01:07.158000+00:00,Created by CreateImage(i-0db217cc4192a62c0) for ami-0d1ccbaa1e01b6051,,
ssrmprod,sa-east-1,ebs,snap-0d0cb815fb841f507,vol-0249c491f88845810,snap-0d0cb815fb841f507,completed,,250,True,arn:aws:kms:sa-east-1:877001948254:key/5aff9933-4b81-42c7-b410-2161b12d63bc,2023-02-02T22:58:27.430000+00:00,Created by CreateImage(i-09ee64877d87075cc) for ami-09306aeb120237571,,
ssrmprod,sa-east-1,ebs,snap-0a2b1aa1605ec0ad9,vol-0249c491f88845810,snap-0a2b1aa1605ec0ad9,completed,,150,True,arn:aws:kms:sa-east-1:877001948254:key/5aff9933-4b81-42c7-b410-2161b12d63bc,2022-09-02T08:50:53.815000+00:00,Created by CreateImage(i-09ee64877d87075cc) for ami-0b3c4742dadd94326,,mongodb-nike-sales-uat-a
ssrmprod,sa-east-1,ebs,snap-028d1457d804166cb,vol-0ff861cc38a009407,snap-028d1457d804166cb,completed,,200,True,arn:aws:kms:sa-east-1:877001948254:key/5aff9933-4b81-42c7-b410-2161b12d63bc,2022-09-02T07:54:44.349000+00:00,Created by CreateImage(i-019c43be077fab936) for ami-0cc397cc27be95ca6,,mongodb-nike-sales-uat-b
ssrmprod,sa-east-1,ebs,snap-098d94abb8f946df2,vol-0ac7f33abe80b4c96,snap-098d94abb8f946df2,completed,,40,True,arn:aws:kms:sa-east-1:877001948254:key/5aff9933-4b81-42c7-b410-2161b12d63bc,2022-09-02T07:47:30.925000+00:00,Created by CreateImage(i-042673892af195f71) for ami-05ef47fc6a5a0fe77,,mongodb-nike-sales-uat-arbiter
ssrmprod,sa-east-1,ebs,snap-0efe222936e7981e4,vol-056567675c1496fb0,snap-0efe222936e7981e4,completed,,300,True,arn:aws:kms:sa-east-1:877001948254:key/5aff9933-4b81-42c7-b410-2161b12d63bc,2022-09-02T07:37:51.932000+00:00,Created by CreateImage(i-01307af2232e38d00) for ami-02f65e3613754d33f,,mongodb-nike-sales-prd-a
ssrmprod,sa-east-1,ebs,snap-0fa265e4968f17614,vol-04ecedad6fdf59fb1,snap-0fa265e4968f17614,completed,,8,True,arn:aws:kms:sa-east-1:877001948254:key/5aff9933-4b81-42c7-b410-2161b12d63bc,2022-09-02T07:37:51.932000+00:00,Created by CreateImage(i-01307af2232e38d00) for ami-02f65e3613754d33f,,mongodb-nike-sales-prd-a
ssrmprod,sa-east-1,ebs,snap-04b32362a7834bfe8,vol-0249c491f88845810,snap-04b32362a7834bfe8,completed,,150,True,arn:aws:kms:sa-east-1:877001948254:key/5aff9933-4b81-42c7-b410-2161b12d63bc,2022-09-01T08:53:41.208000+00:00,Created by CreateImage(i-09ee64877d87075cc) for ami-03c080fb6f97f962d,,mongodb-nike-sales-uat-a
ssrmprod,sa-east-1,ebs,snap-06db05a09741c5e60,vol-0ff861cc38a009407,snap-06db05a09741c5e60,completed,,200,True,arn:aws:kms:sa-east-1:877001948254:key/5aff9933-4b81-42c7-b410-2161b12d63bc,2022-09-01T08:12:53.432000+00:00,Created by CreateImage(i-019c43be077fab936) for ami-03d7d148052235595,,mongodb-nike-sales-uat-b
ssrmprod,sa-east-1,ebs,snap-098aee90da620f2b7,vol-056567675c1496fb0,snap-098aee90da620f2b7,completed,,300,True,arn:aws:kms:sa-east-1:877001948254:key/5aff9933-4b81-42c7-b410-2161b12d63bc,2022-09-01T07:40:23.927000+00:00,Created by CreateImage(i-01307af2232e38d00) for ami-0841de4a144158c3c,,mongodb-nike-sales-prd-a
ssrmprod,sa-east-1,ebs,snap-0600b77312d5c836b,vol-04ecedad6fdf59fb1,snap-0600b77312d5c836b,completed,,8,True,arn:aws:kms:sa-east-1:877001948254:key/5aff9933-4b81-42c7-b410-2161b12d63bc,2022-09-01T07:40:23.927000+00:00,Created by CreateImage(i-01307af2232e38d00) for ami-0841de4a144158c3c,,mongodb-nike-sales-prd-a
ssrmprod,sa-east-1,ebs,snap-0ebd4a1c6766c324e,vol-0ac7f33abe80b4c96,snap-0ebd4a1c6766c324e,completed,,40,True,arn:aws:kms:sa-east-1:877001948254:key/5aff9933-4b81-42c7-b410-2161b12d63bc,2022-09-01T07:45:07.690000+00:00,Created by CreateImage(i-042673892af195f71) for ami-08a7188095efecb1a,,mongodb-nike-sales-uat-arbiter
ssrmprod,sa-east-1,ebs,snap-05062295824fd3a58,vol-0249c491f88845810,snap-05062295824fd3a58,completed,,150,True,arn:aws:kms:sa-east-1:877001948254:key/5aff9933-4b81-42c7-b410-2161b12d63bc,2022-08-31T08:54:25.117000+00:00,Created by CreateImage(i-09ee64877d87075cc) for ami-0951d1908ba5a4d68,,mongodb-nike-sales-uat-a
ssrmprod,sa-east-1,ebs,snap-06281ddf37319c0a3,vol-0ff861cc38a009407,snap-06281ddf37319c0a3,completed,,200,True,arn:aws:kms:sa-east-1:877001948254:key/5aff9933-4b81-42c7-b410-2161b12d63bc,2022-08-31T08:06:43.187000+00:00,Created by CreateImage(i-019c43be077fab936) for ami-084cce0ac3b18f664,,mongodb-nike-sales-uat-b
ssrmprod,sa-east-1,ebs,snap-0e39ffa3a761d6718,vol-0ac7f33abe80b4c96,snap-0e39ffa3a761d6718,completed,,40,True,arn:aws:kms:sa-east-1:877001948254:key/5aff9933-4b81-42c7-b410-2161b12d63bc,2022-08-31T07:48:45.729000+00:00,Created by CreateImage(i-042673892af195f71) for ami-062f95ed02b9ad073,,mongodb-nike-sales-uat-arbiter
ssrmprod,sa-east-1,ebs,snap-036b3b5133ba34220,vol-04ecedad6fdf59fb1,snap-036b3b5133ba34220,completed,,8,True,arn:aws:kms:sa-east-1:877001948254:key/5aff9933-4b81-42c7-b410-2161b12d63bc,2022-08-31T07:37:29.856000+00:00,Created by CreateImage(i-01307af2232e38d00) for ami-0ac801289069ac15d,,mongodb-nike-sales-prd-a
ssrmprod,sa-east-1,ebs,snap-09cdeb1f7757ec320,vol-056567675c1496fb0,snap-09cdeb1f7757ec320,completed,,300,True,arn:aws:kms:sa-east-1:877001948254:key/5aff9933-4b81-42c7-b410-2161b12d63bc,2022-08-31T07:37:29.856000+00:00,Created by CreateImage(i-01307af2232e38d00) for ami-0ac801289069ac15d,,mongodb-nike-sales-prd-a
ssrmprod,sa-east-1,ebs,snap-05d7f00cbc9fea103,vol-0249c491f88845810,snap-05d7f00cbc9fea103,completed,,150,True,arn:aws:kms:sa-east-1:877001948254:key/5aff9933-4b81-42c7-b410-2161b12d63bc,2022-08-30T09:07:17.621000+00:00,Created by CreateImage(i-09ee64877d87075cc) for ami-018dc5a7b5baf3faa,,mongodb-nike-sales-uat-a
ssrmprod,sa-east-1,ebs,snap-031b7fcb2fb23d708,vol-0ff861cc38a009407,snap-031b7fcb2fb23d708,completed,,200,True,arn:aws:kms:sa-east-1:877001948254:key/5aff9933-4b81-42c7-b410-2161b12d63bc,2022-08-30T08:09:45.859000+00:00,Created by CreateImage(i-019c43be077fab936) for ami-0ba42cffa5c164caa,,mongodb-nike-sales-uat-b
ssrmprod,sa-east-1,ebs,snap-050c254011fedd7b7,vol-04ecedad6fdf59fb1,snap-050c254011fedd7b7,completed,,8,True,arn:aws:kms:sa-east-1:877001948254:key/5aff9933-4b81-42c7-b410-2161b12d63bc,2022-08-30T07:42:54.730000+00:00,Created by CreateImage(i-01307af2232e38d00) for ami-044064043a2ff4f21,,mongodb-nike-sales-prd-a
ssrmprod,sa-east-1,ebs,snap-0faabf1542e18bb56,vol-056567675c1496fb0,snap-0faabf1542e18bb56,completed,,300,True,arn:aws:kms:sa-east-1:877001948254:key/5aff9933-4b81-42c7-b410-2161b12d63bc,2022-08-30T07:42:54.730000+00:00,Created by CreateImage(i-01307af2232e38d00) for ami-044064043a2ff4f21,,mongodb-nike-sales-prd-a
ssrmprod,sa-east-1,ebs,snap-09a65fa851fe9490e,vol-0ac7f33abe80b4c96,snap-09a65fa851fe9490e,completed,,40,True,arn:aws:kms:sa-east-1:877001948254:key/5aff9933-4b81-42c7-b410-2161b12d63bc,2022-08-30T07:45:35.690000+00:00,Created by CreateImage(i-042673892af195f71) for ami-04460e2d4c7544c8a,,mongodb-nike-sales-uat-arbiter
ssrmprod,sa-east-1,ebs,snap-046f75e5ec833bde0,vol-0249c491f88845810,snap-046f75e5ec833bde0,completed,,150,True,arn:aws:kms:sa-east-1:877001948254:key/5aff9933-4b81-42c7-b410-2161b12d63bc,2022-08-29T08:53:42.281000+00:00,Created by CreateImage(i-09ee64877d87075cc) for ami-08a2aec4ad58c30c3,,mongodb-nike-sales-uat-a
ssrmprod,sa-east-1,ebs,snap-0e1ccccbfd574ff45,vol-0ff861cc38a009407,snap-0e1ccccbfd574ff45,completed,,200,True,arn:aws:kms:sa-east-1:877001948254:key/5aff9933-4b81-42c7-b410-2161b12d63bc,2022-08-29T08:13:41.864000+00:00,Created by CreateImage(i-019c43be077fab936) for ami-078333e7cecea7357,,mongodb-nike-sales-uat-b
ssrmprod,sa-east-1,ebs,snap-0ad0bf42ab10688ed,vol-056567675c1496fb0,snap-0ad0bf42ab10688ed,completed,,300,True,arn:aws:kms:sa-east-1:877001948254:key/5aff9933-4b81-42c7-b410-2161b12d63bc,2022-08-29T07:38:49.659000+00:00,Created by CreateImage(i-01307af2232e38d00) for ami-09a02b2e1905a8302,,mongodb-nike-sales-prd-a
ssrmprod,sa-east-1,ebs,snap-08710ca0d93a4b32f,vol-04ecedad6fdf59fb1,snap-08710ca0d93a4b32f,completed,,8,True,arn:aws:kms:sa-east-1:877001948254:key/5aff9933-4b81-42c7-b410-2161b12d63bc,2022-08-29T07:38:49.659000+00:00,Created by CreateImage(i-01307af2232e38d00) for ami-09a02b2e1905a8302,,mongodb-nike-sales-prd-a
ssrmprod,sa-east-1,ebs,snap-0075e772d4c01ff98,vol-0ac7f33abe80b4c96,snap-0075e772d4c01ff98,completed,,40,True,arn:aws:kms:sa-east-1:877001948254:key/5aff9933-4b81-42c7-b410-2161b12d63bc,2022-08-29T07:43:44.487000+00:00,Created by CreateImage(i-042673892af195f71) for ami-0c947d315891be87f,,mongodb-nike-sales-uat-arbiter
ssrmprod,sa-east-1,ebs,snap-0ca086378581939c6,vol-0249c491f88845810,snap-0ca086378581939c6,completed,,150,True,arn:aws:kms:sa-east-1:877001948254:key/5aff9933-4b81-42c7-b410-2161b12d63bc,2022-08-28T08:55:49.301000+00:00,Created by CreateImage(i-09ee64877d87075cc) for ami-08d169f575d67ec66,,mongodb-nike-sales-uat-a
ssrmprod,sa-east-1,ebs,snap-01217574cb52b9d03,vol-0ac7f33abe80b4c96,snap-01217574cb52b9d03,completed,,40,True,arn:aws:kms:sa-east-1:877001948254:key/5aff9933-4b81-42c7-b410-2161b12d63bc,2022-08-28T07:46:56.677000+00:00,Created by CreateImage(i-042673892af195f71) for ami-0ac85a6e3bb914d09,,mongodb-nike-sales-uat-arbiter
ssrmprod,sa-east-1,ebs,snap-01fe93b6a933c38b1,vol-0ff861cc38a009407,snap-01fe93b6a933c38b1,completed,,200,True,arn:aws:kms:sa-east-1:877001948254:key/5aff9933-4b81-42c7-b410-2161b12d63bc,2022-08-28T07:52:25.975000+00:00,Created by CreateImage(i-019c43be077fab936) for ami-078827c9bd558ff35,,mongodb-nike-sales-uat-b
ssrmprod,sa-east-1,ebs,snap-0ac5761548c01dd60,vol-056567675c1496fb0,snap-0ac5761548c01dd60,completed,,300,True,arn:aws:kms:sa-east-1:877001948254:key/5aff9933-4b81-42c7-b410-2161b12d63bc,2022-08-28T07:41:17.707000+00:00,Created by CreateImage(i-01307af2232e38d00) for ami-0bc22b72c347d0e56,,mongodb-nike-sales-prd-a
ssrmprod,sa-east-1,ebs,snap-09aef99fbd9296365,vol-04ecedad6fdf59fb1,snap-09aef99fbd9296365,completed,,8,True,arn:aws:kms:sa-east-1:877001948254:key/5aff9933-4b81-42c7-b410-2161b12d63bc,2022-08-28T07:41:17.707000+00:00,Created by CreateImage(i-01307af2232e38d00) for ami-0bc22b72c347d0e56,,mongodb-nike-sales-prd-a
ssrmprod,sa-east-1,ebs,snap-01445c6768fa61cc4,vol-0249c491f88845810,snap-01445c6768fa61cc4,completed,,150,True,arn:aws:kms:sa-east-1:877001948254:key/5aff9933-4b81-42c7-b410-2161b12d63bc,2022-08-27T08:55:27.736000+00:00,Created by CreateImage(i-09ee64877d87075cc) for ami-0c010584a4ea50891,,mongodb-nike-sales-uat-a
ssrmprod,sa-east-1,ebs,snap-0be226008be74aa44,vol-0ff861cc38a009407,snap-0be226008be74aa44,completed,,200,True,arn:aws:kms:sa-east-1:877001948254:key/5aff9933-4b81-42c7-b410-2161b12d63bc,2022-08-27T07:55:15.903000+00:00,Created by CreateImage(i-019c43be077fab936) for ami-012a346d466ac6f2e,,mongodb-nike-sales-uat-b
ssrmprod,sa-east-1,ebs,snap-06b76c220c16db43f,vol-0ac7f33abe80b4c96,snap-06b76c220c16db43f,completed,,40,True,arn:aws:kms:sa-east-1:877001948254:key/5aff9933-4b81-42c7-b410-2161b12d63bc,2022-08-27T07:47:52.836000+00:00,Created by CreateImage(i-042673892af195f71) for ami-0fbb02c83f58c6efa,,mongodb-nike-sales-uat-arbiter
ssrmprod,sa-east-1,ebs,snap-0022675d8db8a7e0b,vol-056567675c1496fb0,snap-0022675d8db8a7e0b,completed,,300,True,arn:aws:kms:sa-east-1:877001948254:key/5aff9933-4b81-42c7-b410-2161b12d63bc,2022-08-27T07:43:24.221000+00:00,Created by CreateImage(i-01307af2232e38d00) for ami-014a2269fd5d55096,,mongodb-nike-sales-prd-a
ssrmprod,sa-east-1,ebs,snap-062af97f6eb98ac41,vol-04ecedad6fdf59fb1,snap-062af97f6eb98ac41,completed,,8,True,arn:aws:kms:sa-east-1:877001948254:key/5aff9933-4b81-42c7-b410-2161b12d63bc,2022-08-27T07:43:24.221000+00:00,Created by CreateImage(i-01307af2232e38d00) for ami-014a2269fd5d55096,,mongodb-nike-sales-prd-a
ssrmprod,sa-east-1,ebs,snap-07ab2c6e3eb55e2c1,vol-0249c491f88845810,snap-07ab2c6e3eb55e2c1,completed,,150,True,arn:aws:kms:sa-east-1:877001948254:key/5aff9933-4b81-42c7-b410-2161b12d63bc,2022-08-26T08:52:10.547000+00:00,Created by CreateImage(i-09ee64877d87075cc) for ami-0d05593859765b6e0,,mongodb-nike-sales-uat-a
ssrmprod,sa-east-1,ebs,snap-0fbbdd4868182d199,vol-056567675c1496fb0,snap-0fbbdd4868182d199,completed,,300,True,arn:aws:kms:sa-east-1:877001948254:key/5aff9933-4b81-42c7-b410-2161b12d63bc,2022-08-26T07:42:42.886000+00:00,Created by CreateImage(i-01307af2232e38d00) for ami-0b22b76dde5eb4b14,,mongodb-nike-sales-prd-a
ssrmprod,sa-east-1,ebs,snap-030c7842d26b8e531,vol-0ac7f33abe80b4c96,snap-030c7842d26b8e531,completed,,40,True,arn:aws:kms:sa-east-1:877001948254:key/5aff9933-4b81-42c7-b410-2161b12d63bc,2022-08-26T07:48:25.306000+00:00,Created by CreateImage(i-042673892af195f71) for ami-05b21b5d4814b862e,,mongodb-nike-sales-uat-arbiter
ssrmprod,sa-east-1,ebs,snap-08ecd57a356909a6b,vol-0ff861cc38a009407,snap-08ecd57a356909a6b,completed,,200,True,arn:aws:kms:sa-east-1:877001948254:key/5aff9933-4b81-42c7-b410-2161b12d63bc,2022-08-26T07:53:29.101000+00:00,Created by CreateImage(i-019c43be077fab936) for ami-0caefe67552bc6c07,,mongodb-nike-sales-uat-b
ssrmprod,sa-east-1,ebs,snap-0caf13e7b6b4f4034,vol-04ecedad6fdf59fb1,snap-0caf13e7b6b4f4034,completed,,8,True,arn:aws:kms:sa-east-1:877001948254:key/5aff9933-4b81-42c7-b410-2161b12d63bc,2022-08-26T07:42:42.886000+00:00,Created by CreateImage(i-01307af2232e38d00) for ami-0b22b76dde5eb4b14,,mongodb-nike-sales-prd-a
ssrmprod,sa-east-1,ebs,snap-03d15c72c1d29f930,vol-0249c491f88845810,snap-03d15c72c1d29f930,completed,,150,True,arn:aws:kms:sa-east-1:877001948254:key/5aff9933-4b81-42c7-b410-2161b12d63bc,2022-08-25T08:55:08.327000+00:00,Created by CreateImage(i-09ee64877d87075cc) for ami-038c3ccb30009fe62,,mongodb-nike-sales-uat-a
ssrmprod,sa-east-1,ebs,snap-01c8aa1623ea679f9,vol-04ecedad6fdf59fb1,snap-01c8aa1623ea679f9,completed,,8,True,arn:aws:kms:sa-east-1:877001948254:key/5aff9933-4b81-42c7-b410-2161b12d63bc,2022-08-25T07:41:17.856000+00:00,Created by CreateImage(i-01307af2232e38d00) for ami-0f6aa06c6139ad51e,,mongodb-nike-sales-prd-a
ssrmprod,sa-east-1,ebs,snap-04fa4ef4008ac351d,vol-0ff861cc38a009407,snap-04fa4ef4008ac351d,completed,,200,True,arn:aws:kms:sa-east-1:877001948254:key/5aff9933-4b81-42c7-b410-2161b12d63bc,2022-08-25T07:53:49.140000+00:00,Created by CreateImage(i-019c43be077fab936) for ami-06d3d8146a48f468c,,mongodb-nike-sales-uat-b
ssrmprod,sa-east-1,ebs,snap-0db9a86ecbdacc010,vol-056567675c1496fb0,snap-0db9a86ecbdacc010,completed,,300,True,arn:aws:kms:sa-east-1:877001948254:key/5aff9933-4b81-42c7-b410-2161b12d63bc,2022-08-25T07:41:17.856000+00:00,Created by CreateImage(i-01307af2232e38d00) for ami-0f6aa06c6139ad51e,,mongodb-nike-sales-prd-a
ssrmprod,sa-east-1,ebs,snap-0bb78b2bd1453f841,vol-0ac7f33abe80b4c96,snap-0bb78b2bd1453f841,completed,,40,True,arn:aws:kms:sa-east-1:877001948254:key/5aff9933-4b81-42c7-b410-2161b12d63bc,2022-08-25T07:47:30.825000+00:00,Created by CreateImage(i-042673892af195f71) for ami-0a0bc7c7f2513a6c4,,mongodb-nike-sales-uat-arbiter
ssrmprod,sa-east-1,ebs,snap-03e0f9b7b701d6688,vol-0249c491f88845810,snap-03e0f9b7b701d6688,completed,,150,True,arn:aws:kms:sa-east-1:877001948254:key/5aff9933-4b81-42c7-b410-2161b12d63bc,2022-08-24T08:51:25.224000+00:00,Created by CreateImage(i-09ee64877d87075cc) for ami-076a2c470fbb123d0,,mongodb-nike-sales-uat-a
ssrmprod,sa-east-1,ebs,snap-077959974ecc21dc8,vol-0ff861cc38a009407,snap-077959974ecc21dc8,completed,,200,True,arn:aws:kms:sa-east-1:877001948254:key/5aff9933-4b81-42c7-b410-2161b12d63bc,2022-08-24T08:05:06.217000+00:00,Created by CreateImage(i-019c43be077fab936) for ami-0d8c696e33c6d7535,,mongodb-nike-sales-uat-b
ssrmprod,sa-east-1,ebs,snap-04eb77be9dc7b8629,vol-04ecedad6fdf59fb1,snap-04eb77be9dc7b8629,completed,,8,True,arn:aws:kms:sa-east-1:877001948254:key/5aff9933-4b81-42c7-b410-2161b12d63bc,2022-08-24T07:44:51.893000+00:00,Created by CreateImage(i-01307af2232e38d00) for ami-03878fa2f3bbfcdb6,,mongodb-nike-sales-prd-a
ssrmprod,sa-east-1,ebs,snap-062946bb2d4423b8c,vol-056567675c1496fb0,snap-062946bb2d4423b8c,completed,,300,True,arn:aws:kms:sa-east-1:877001948254:key/5aff9933-4b81-42c7-b410-2161b12d63bc,2022-08-24T07:44:51.893000+00:00,Created by CreateImage(i-01307af2232e38d00) for ami-03878fa2f3bbfcdb6,,mongodb-nike-sales-prd-a
ssrmprod,sa-east-1,ebs,snap-0bde2ab63bbdbc9ed,vol-0ac7f33abe80b4c96,snap-0bde2ab63bbdbc9ed,completed,,40,True,arn:aws:kms:sa-east-1:877001948254:key/5aff9933-4b81-42c7-b410-2161b12d63bc,2022-08-24T07:51:06.833000+00:00,Created by CreateImage(i-042673892af195f71) for ami-041c03a71a3466ae1,,mongodb-nike-sales-uat-arbiter
ssrmprod,sa-east-1,ebs,snap-07db41698a0bc4766,vol-0249c491f88845810,snap-07db41698a0bc4766,completed,,150,True,arn:aws:kms:sa-east-1:877001948254:key/5aff9933-4b81-42c7-b410-2161b12d63bc,2022-08-23T08:52:43.558000+00:00,Created by CreateImage(i-09ee64877d87075cc) for ami-07aee9b7e4c91d0f8,,mongodb-nike-sales-uat-a
ssrmprod,sa-east-1,ebs,snap-0c8e917be85690836,vol-056567675c1496fb0,snap-0c8e917be85690836,completed,,300,True,arn:aws:kms:sa-east-1:877001948254:key/5aff9933-4b81-42c7-b410-2161b12d63bc,2022-08-23T07:42:36.852000+00:00,Created by CreateImage(i-01307af2232e38d00) for ami-04e5d55bc724aa637,,mongodb-nike-sales-prd-a
ssrmprod,sa-east-1,ebs,snap-00861793a879d5f1d,vol-0ff861cc38a009407,snap-00861793a879d5f1d,completed,,200,True,arn:aws:kms:sa-east-1:877001948254:key/5aff9933-4b81-42c7-b410-2161b12d63bc,2022-08-23T07:54:59.055000+00:00,Created by CreateImage(i-019c43be077fab936) for ami-01c2eb464c3d9553e,,mongodb-nike-sales-uat-b
ssrmprod,sa-east-1,ebs,snap-013d9ec9038adbfad,vol-0ac7f33abe80b4c96,snap-013d9ec9038adbfad,completed,,40,True,arn:aws:kms:sa-east-1:877001948254:key/5aff9933-4b81-42c7-b410-2161b12d63bc,2022-08-23T07:51:24.902000+00:00,Created by CreateImage(i-042673892af195f71) for ami-0785fdd6959d112e5,,mongodb-nike-sales-uat-arbiter
ssrmprod,sa-east-1,ebs,snap-06d47ef65511bfbdf,vol-04ecedad6fdf59fb1,snap-06d47ef65511bfbdf,completed,,8,True,arn:aws:kms:sa-east-1:877001948254:key/5aff9933-4b81-42c7-b410-2161b12d63bc,2022-08-23T07:42:36.852000+00:00,Created by CreateImage(i-01307af2232e38d00) for ami-04e5d55bc724aa637,,mongodb-nike-sales-prd-a
ssrmprod,sa-east-1,ebs,snap-0a58a8b2a1085b952,vol-0249c491f88845810,snap-0a58a8b2a1085b952,completed,,150,True,arn:aws:kms:sa-east-1:877001948254:key/5aff9933-4b81-42c7-b410-2161b12d63bc,2022-08-22T08:52:43.089000+00:00,Created by CreateImage(i-09ee64877d87075cc) for ami-036e0bd57d8b1c62c,,mongodb-nike-sales-uat-a
ssrmprod,sa-east-1,ebs,snap-05d583724c31bc64e,vol-056567675c1496fb0,snap-05d583724c31bc64e,completed,,300,True,arn:aws:kms:sa-east-1:877001948254:key/5aff9933-4b81-42c7-b410-2161b12d63bc,2022-08-22T07:40:13.528000+00:00,Created by CreateImage(i-01307af2232e38d00) for ami-0a063e80bf4fcc3cf,,mongodb-nike-sales-prd-a
ssrmprod,sa-east-1,ebs,snap-004da0cbba4427baa,vol-0ff861cc38a009407,snap-004da0cbba4427baa,completed,,200,True,arn:aws:kms:sa-east-1:877001948254:key/5aff9933-4b81-42c7-b410-2161b12d63bc,2022-08-22T07:55:31.853000+00:00,Created by CreateImage(i-019c43be077fab936) for ami-0d5ad316ee2d54908,,mongodb-nike-sales-uat-b
ssrmprod,sa-east-1,ebs,snap-0aaafa0d8ac7bfb9d,vol-0ac7f33abe80b4c96,snap-0aaafa0d8ac7bfb9d,completed,,40,True,arn:aws:kms:sa-east-1:877001948254:key/5aff9933-4b81-42c7-b410-2161b12d63bc,2022-08-22T07:45:38.617000+00:00,Created by CreateImage(i-042673892af195f71) for ami-0924acd2cd0cac711,,mongodb-nike-sales-uat-arbiter
ssrmprod,sa-east-1,ebs,snap-0308852414c8ce1ec,vol-04ecedad6fdf59fb1,snap-0308852414c8ce1ec,completed,,8,True,arn:aws:kms:sa-east-1:877001948254:key/5aff9933-4b81-42c7-b410-2161b12d63bc,2022-08-22T07:40:13.528000+00:00,Created by CreateImage(i-01307af2232e38d00) for ami-0a063e80bf4fcc3cf,,mongodb-nike-sales-prd-a
ssrmprod,sa-east-1,ebs,snap-0741002700feefe03,vol-0249c491f88845810,snap-0741002700feefe03,completed,,150,True,arn:aws:kms:sa-east-1:877001948254:key/5aff9933-4b81-42c7-b410-2161b12d63bc,2022-08-21T08:51:04.466000+00:00,Created by CreateImage(i-09ee64877d87075cc) for ami-0fa138d27d5251a83,,mongodb-nike-sales-uat-a
ssrmprod,sa-east-1,ebs,snap-0f26f58c3078d42b1,vol-04ecedad6fdf59fb1,snap-0f26f58c3078d42b1,completed,,8,True,arn:aws:kms:sa-east-1:877001948254:key/5aff9933-4b81-42c7-b410-2161b12d63bc,2022-08-21T07:38:42.944000+00:00,Created by CreateImage(i-01307af2232e38d00) for ami-0dd9dbf6c4f70d38f,,mongodb-nike-sales-prd-a
ssrmprod,sa-east-1,ebs,snap-0eb0a7af9b2e09dc2,vol-0ac7f33abe80b4c96,snap-0eb0a7af9b2e09dc2,completed,,40,True,arn:aws:kms:sa-east-1:877001948254:key/5aff9933-4b81-42c7-b410-2161b12d63bc,2022-08-21T07:48:06.080000+00:00,Created by CreateImage(i-042673892af195f71) for ami-0e96e2c63c32ce66a,,mongodb-nike-sales-uat-arbiter
ssrmprod,sa-east-1,ebs,snap-03c18f586f245d951,vol-0ff861cc38a009407,snap-03c18f586f245d951,completed,,200,True,arn:aws:kms:sa-east-1:877001948254:key/5aff9933-4b81-42c7-b410-2161b12d63bc,2022-08-21T07:52:04.243000+00:00,Created by CreateImage(i-019c43be077fab936) for ami-0ad6aaca00f4e3408,,mongodb-nike-sales-uat-b
ssrmprod,sa-east-1,ebs,snap-043addc03fdaa0d4c,vol-056567675c1496fb0,snap-043addc03fdaa0d4c,completed,,300,True,arn:aws:kms:sa-east-1:877001948254:key/5aff9933-4b81-42c7-b410-2161b12d63bc,2022-08-21T07:38:42.944000+00:00,Created by CreateImage(i-01307af2232e38d00) for ami-0dd9dbf6c4f70d38f,,mongodb-nike-sales-prd-a
ssrmprod,sa-east-1,ebs,snap-0bccafe4eafe91a92,vol-0249c491f88845810,snap-0bccafe4eafe91a92,completed,,150,True,arn:aws:kms:sa-east-1:877001948254:key/5aff9933-4b81-42c7-b410-2161b12d63bc,2022-08-20T08:50:21.300000+00:00,Created by CreateImage(i-09ee64877d87075cc) for ami-0567baa82b2e374dd,,mongodb-nike-sales-uat-a
ssrmprod,sa-east-1,ebs,snap-00e97cacba65f6324,vol-0ff861cc38a009407,snap-00e97cacba65f6324,completed,,200,True,arn:aws:kms:sa-east-1:877001948254:key/5aff9933-4b81-42c7-b410-2161b12d63bc,2022-08-20T08:14:08.607000+00:00,Created by CreateImage(i-019c43be077fab936) for ami-0c8bbd9074102af2d,,mongodb-nike-sales-uat-b
ssrmprod,sa-east-1,ebs,snap-047c3e4b238b98b15,vol-056567675c1496fb0,snap-047c3e4b238b98b15,completed,,300,True,arn:aws:kms:sa-east-1:877001948254:key/5aff9933-4b81-42c7-b410-2161b12d63bc,2022-08-20T07:36:55.798000+00:00,Created by CreateImage(i-01307af2232e38d00) for ami-03326dc8fcd9c2515,,mongodb-nike-sales-prd-a
ssrmprod,sa-east-1,ebs,snap-0b680968e90154c4a,vol-0ac7f33abe80b4c96,snap-0b680968e90154c4a,completed,,40,True,arn:aws:kms:sa-east-1:877001948254:key/5aff9933-4b81-42c7-b410-2161b12d63bc,2022-08-20T07:49:23.271000+00:00,Created by CreateImage(i-042673892af195f71) for ami-0f85fd7063705829b,,mongodb-nike-sales-uat-arbiter
ssrmprod,sa-east-1,ebs,snap-03b75ac7d223deb44,vol-04ecedad6fdf59fb1,snap-03b75ac7d223deb44,completed,,8,True,arn:aws:kms:sa-east-1:877001948254:key/5aff9933-4b81-42c7-b410-2161b12d63bc,2022-08-20T07:36:55.798000+00:00,Created by CreateImage(i-01307af2232e38d00) for ami-03326dc8fcd9c2515,,mongodb-nike-sales-prd-a
ssrmprod,sa-east-1,ebs,snap-066fd125b13dc1cdf,vol-0249c491f88845810,snap-066fd125b13dc1cdf,completed,,150,True,arn:aws:kms:sa-east-1:877001948254:key/5aff9933-4b81-42c7-b410-2161b12d63bc,2022-08-19T08:54:34.145000+00:00,Created by CreateImage(i-09ee64877d87075cc) for ami-03d15eb7c21e05f42,,mongodb-nike-sales-uat-a
ssrmprod,sa-east-1,ebs,snap-0004fa5484d68dc41,vol-0ac7f33abe80b4c96,snap-0004fa5484d68dc41,completed,,40,True,arn:aws:kms:sa-east-1:877001948254:key/5aff9933-4b81-42c7-b410-2161b12d63bc,2022-08-19T07:47:43.911000+00:00,Created by CreateImage(i-042673892af195f71) for ami-0bec2c9e7bf507ff7,,mongodb-nike-sales-uat-arbiter
ssrmprod,sa-east-1,ebs,snap-0f31be0b9ddd96fa5,vol-0ff861cc38a009407,snap-0f31be0b9ddd96fa5,completed,,200,True,arn:aws:kms:sa-east-1:877001948254:key/5aff9933-4b81-42c7-b410-2161b12d63bc,2022-08-19T07:51:41.569000+00:00,Created by CreateImage(i-019c43be077fab936) for ami-0a977725c37916276,,mongodb-nike-sales-uat-b
ssrmprod,sa-east-1,ebs,snap-0690586f83cfcf607,vol-056567675c1496fb0,snap-0690586f83cfcf607,completed,,300,True,arn:aws:kms:sa-east-1:877001948254:key/5aff9933-4b81-42c7-b410-2161b12d63bc,2022-08-19T07:38:25.582000+00:00,Created by CreateImage(i-01307af2232e38d00) for ami-0c74b9c76668e784e,,mongodb-nike-sales-prd-a
ssrmprod,sa-east-1,ebs,snap-05d29856eeae3fbb7,vol-04ecedad6fdf59fb1,snap-05d29856eeae3fbb7,completed,,8,True,arn:aws:kms:sa-east-1:877001948254:key/5aff9933-4b81-42c7-b410-2161b12d63bc,2022-08-19T07:38:25.582000+00:00,Created by CreateImage(i-01307af2232e38d00) for ami-0c74b9c76668e784e,,mongodb-nike-sales-prd-a
ssrmprod,sa-east-1,ebs,snap-0d7e61d33c4ee40a6,vol-0249c491f88845810,snap-0d7e61d33c4ee40a6,completed,,150,True,arn:aws:kms:sa-east-1:877001948254:key/5aff9933-4b81-42c7-b410-2161b12d63bc,2022-08-18T08:55:16.335000+00:00,Created by CreateImage(i-09ee64877d87075cc) for ami-07f82c4743e4ae975,,mongodb-nike-sales-uat-a
ssrmprod,sa-east-1,ebs,snap-068ad2e5908cea9d8,vol-0ac7f33abe80b4c96,snap-068ad2e5908cea9d8,completed,,40,True,arn:aws:kms:sa-east-1:877001948254:key/5aff9933-4b81-42c7-b410-2161b12d63bc,2022-08-18T07:44:11.871000+00:00,Created by CreateImage(i-042673892af195f71) for ami-03f041442ce17d45c,,mongodb-nike-sales-uat-arbiter
ssrmprod,sa-east-1,ebs,snap-018d30f7ecd1f23ba,vol-04ecedad6fdf59fb1,snap-018d30f7ecd1f23ba,completed,,8,True,arn:aws:kms:sa-east-1:877001948254:key/5aff9933-4b81-42c7-b410-2161b12d63bc,2022-08-18T07:42:04.998000+00:00,Created by CreateImage(i-01307af2232e38d00) for ami-0a2872d984f9aa8f9,,mongodb-nike-sales-prd-a
ssrmprod,sa-east-1,ebs,snap-0cbc93a3d383f3d5b,vol-0ff861cc38a009407,snap-0cbc93a3d383f3d5b,completed,,200,True,arn:aws:kms:sa-east-1:877001948254:key/5aff9933-4b81-42c7-b410-2161b12d63bc,2022-08-18T07:53:21.194000+00:00,Created by CreateImage(i-019c43be077fab936) for ami-069f89c107c6c28bd,,mongodb-nike-sales-uat-b
ssrmprod,sa-east-1,ebs,snap-0cae1fa5a7936fea7,vol-056567675c1496fb0,snap-0cae1fa5a7936fea7,completed,,300,True,arn:aws:kms:sa-east-1:877001948254:key/5aff9933-4b81-42c7-b410-2161b12d63bc,2022-08-18T07:42:04.998000+00:00,Created by CreateImage(i-01307af2232e38d00) for ami-0a2872d984f9aa8f9,,mongodb-nike-sales-prd-a
ssrmprod,sa-east-1,ebs,snap-0a992529983837b26,vol-0249c491f88845810,snap-0a992529983837b26,completed,,150,True,arn:aws:kms:sa-east-1:877001948254:key/5aff9933-4b81-42c7-b410-2161b12d63bc,2022-08-17T08:53:50.441000+00:00,Created by CreateImage(i-09ee64877d87075cc) for ami-0df564e5cccf201f1,,mongodb-nike-sales-uat-a
ssrmprod,sa-east-1,ebs,snap-0e0ce56ff97b130fd,vol-0ff861cc38a009407,snap-0e0ce56ff97b130fd,completed,,200,True,arn:aws:kms:sa-east-1:877001948254:key/5aff9933-4b81-42c7-b410-2161b12d63bc,2022-08-17T08:12:02.475000+00:00,Created by CreateImage(i-019c43be077fab936) for ami-02efbc493668f14a5,,mongodb-nike-sales-uat-b
ssrmprod,sa-east-1,ebs,snap-031df60f42476de9d,vol-0ac7f33abe80b4c96,snap-031df60f42476de9d,completed,,40,True,arn:aws:kms:sa-east-1:877001948254:key/5aff9933-4b81-42c7-b410-2161b12d63bc,2022-08-17T07:48:14.777000+00:00,Created by CreateImage(i-042673892af195f71) for ami-00649f9c5bb138eae,,mongodb-nike-sales-uat-arbiter
ssrmprod,sa-east-1,ebs,snap-03b70f845706829ee,vol-056567675c1496fb0,snap-03b70f845706829ee,completed,,300,True,arn:aws:kms:sa-east-1:877001948254:key/5aff9933-4b81-42c7-b410-2161b12d63bc,2022-08-17T07:45:02.160000+00:00,Created by CreateImage(i-01307af2232e38d00) for ami-017d50a8473214ef7,,mongodb-nike-sales-prd-a
ssrmprod,sa-east-1,ebs,snap-0b4087c37b09bd417,vol-04ecedad6fdf59fb1,snap-0b4087c37b09bd417,completed,,8,True,arn:aws:kms:sa-east-1:877001948254:key/5aff9933-4b81-42c7-b410-2161b12d63bc,2022-08-17T07:45:02.160000+00:00,Created by CreateImage(i-01307af2232e38d00) for ami-017d50a8473214ef7,,mongodb-nike-sales-prd-a
ssrmprod,sa-east-1,ebs,snap-029ca2fb737204e3d,vol-0249c491f88845810,snap-029ca2fb737204e3d,completed,,150,True,arn:aws:kms:sa-east-1:877001948254:key/5aff9933-4b81-42c7-b410-2161b12d63bc,2022-08-16T09:06:42.443000+00:00,Created by CreateImage(i-09ee64877d87075cc) for ami-0ee7d389eb4910abf,,mongodb-nike-sales-uat-a
ssrmprod,sa-east-1,ebs,snap-008c67dcb0e0e03d7,vol-0ff861cc38a009407,snap-008c67dcb0e0e03d7,completed,,200,True,arn:aws:kms:sa-east-1:877001948254:key/5aff9933-4b81-42c7-b410-2161b12d63bc,2022-08-16T07:54:39.685000+00:00,Created by CreateImage(i-019c43be077fab936) for ami-06e3bc6029bb438a2,,mongodb-nike-sales-uat-b
ssrmprod,sa-east-1,ebs,snap-040749498cd99a48f,vol-056567675c1496fb0,snap-040749498cd99a48f,completed,,300,True,arn:aws:kms:sa-east-1:877001948254:key/5aff9933-4b81-42c7-b410-2161b12d63bc,2022-08-16T07:40:32.506000+00:00,Created by CreateImage(i-01307af2232e38d00) for ami-0e4f38f987b52c23e,,mongodb-nike-sales-prd-a
ssrmprod,sa-east-1,ebs,snap-0f8e5653734b71f05,vol-04ecedad6fdf59fb1,snap-0f8e5653734b71f05,completed,,8,True,arn:aws:kms:sa-east-1:877001948254:key/5aff9933-4b81-42c7-b410-2161b12d63bc,2022-08-16T07:40:32.506000+00:00,Created by CreateImage(i-01307af2232e38d00) for ami-0e4f38f987b52c23e,,mongodb-nike-sales-prd-a
ssrmprod,sa-east-1,ebs,snap-0d23bb6284a3d6284,vol-0ac7f33abe80b4c96,snap-0d23bb6284a3d6284,completed,,40,True,arn:aws:kms:sa-east-1:877001948254:key/5aff9933-4b81-42c7-b410-2161b12d63bc,2022-08-16T07:50:08.554000+00:00,Created by CreateImage(i-042673892af195f71) for ami-0b6c4242d0d86a73a,,mongodb-nike-sales-uat-arbiter
ssrmprod,sa-east-1,ebs,snap-0c5763c9c0eb53438,vol-0249c491f88845810,snap-0c5763c9c0eb53438,completed,,150,True,arn:aws:kms:sa-east-1:877001948254:key/5aff9933-4b81-42c7-b410-2161b12d63bc,2022-08-15T08:50:02.411000+00:00,Created by CreateImage(i-09ee64877d87075cc) for ami-0c1682f6bfe17590c,,mongodb-nike-sales-uat-a
ssrmprod,sa-east-1,ebs,snap-05a4c3c7825d9bde2,vol-0ff861cc38a009407,snap-05a4c3c7825d9bde2,completed,,200,True,arn:aws:kms:sa-east-1:877001948254:key/5aff9933-4b81-42c7-b410-2161b12d63bc,2022-08-15T07:54:20.279000+00:00,Created by CreateImage(i-019c43be077fab936) for ami-0926ab81ad6b6d6bc,,mongodb-nike-sales-uat-b
ssrmprod,sa-east-1,ebs,snap-06cec1715a26529c9,vol-0ac7f33abe80b4c96,snap-06cec1715a26529c9,completed,,40,True,arn:aws:kms:sa-east-1:877001948254:key/5aff9933-4b81-42c7-b410-2161b12d63bc,2022-08-15T07:45:28.978000+00:00,Created by CreateImage(i-042673892af195f71) for ami-0782ecefa94793c45,,mongodb-nike-sales-uat-arbiter
ssrmprod,sa-east-1,ebs,snap-0d2c9fd364b3e1622,vol-04ecedad6fdf59fb1,snap-0d2c9fd364b3e1622,completed,,8,True,arn:aws:kms:sa-east-1:877001948254:key/5aff9933-4b81-42c7-b410-2161b12d63bc,2022-08-15T07:37:05.807000+00:00,Created by CreateImage(i-01307af2232e38d00) for ami-0423f0399ea6da567,,mongodb-nike-sales-prd-a
ssrmprod,sa-east-1,ebs,snap-0ce21bc939f916592,vol-056567675c1496fb0,snap-0ce21bc939f916592,completed,,300,True,arn:aws:kms:sa-east-1:877001948254:key/5aff9933-4b81-42c7-b410-2161b12d63bc,2022-08-15T07:37:05.807000+00:00,Created by CreateImage(i-01307af2232e38d00) for ami-0423f0399ea6da567,,mongodb-nike-sales-prd-a
ssrmprod,sa-east-1,ebs,snap-0d302b3c061f9f1cd,vol-0249c491f88845810,snap-0d302b3c061f9f1cd,completed,,150,True,arn:aws:kms:sa-east-1:877001948254:key/5aff9933-4b81-42c7-b410-2161b12d63bc,2022-08-14T09:11:50.383000+00:00,Created by CreateImage(i-09ee64877d87075cc) for ami-09f4768dea9a13bad,,mongodb-nike-sales-uat-a
ssrmprod,sa-east-1,ebs,snap-04f3d1c4355c801c2,vol-0ff861cc38a009407,snap-04f3d1c4355c801c2,completed,,200,True,arn:aws:kms:sa-east-1:877001948254:key/5aff9933-4b81-42c7-b410-2161b12d63bc,2022-08-14T07:55:00.314000+00:00,Created by CreateImage(i-019c43be077fab936) for ami-061f97ff6f283d391,,mongodb-nike-sales-uat-b
ssrmprod,sa-east-1,ebs,snap-039e9d8af63496dd2,vol-0ac7f33abe80b4c96,snap-039e9d8af63496dd2,completed,,40,True,arn:aws:kms:sa-east-1:877001948254:key/5aff9933-4b81-42c7-b410-2161b12d63bc,2022-08-14T07:47:37.829000+00:00,Created by CreateImage(i-042673892af195f71) for ami-04a43f831d2268300,,mongodb-nike-sales-uat-arbiter
ssrmprod,sa-east-1,ebs,snap-097e6a6c72437dba4,vol-056567675c1496fb0,snap-097e6a6c72437dba4,completed,,300,True,arn:aws:kms:sa-east-1:877001948254:key/5aff9933-4b81-42c7-b410-2161b12d63bc,2022-08-14T07:37:30.808000+00:00,Created by CreateImage(i-01307af2232e38d00) for ami-0d6bac45ab88e4bb1,,mongodb-nike-sales-prd-a
ssrmprod,sa-east-1,ebs,snap-0ff8d56beee71c104,vol-04ecedad6fdf59fb1,snap-0ff8d56beee71c104,completed,,8,True,arn:aws:kms:sa-east-1:877001948254:key/5aff9933-4b81-42c7-b410-2161b12d63bc,2022-08-14T07:37:30.808000+00:00,Created by CreateImage(i-01307af2232e38d00) for ami-0d6bac45ab88e4bb1,,mongodb-nike-sales-prd-a
ssrmprod,sa-east-1,ebs,snap-05f7a70fa6a1dee9e,vol-0249c491f88845810,snap-05f7a70fa6a1dee9e,completed,,150,True,arn:aws:kms:sa-east-1:877001948254:key/5aff9933-4b81-42c7-b410-2161b12d63bc,2022-08-13T08:55:28.540000+00:00,Created by CreateImage(i-09ee64877d87075cc) for ami-04a46d07a4a324383,,mongodb-nike-sales-uat-a
ssrmprod,sa-east-1,ebs,snap-0254cad461760f914,vol-0ac7f33abe80b4c96,snap-0254cad461760f914,completed,,40,True,arn:aws:kms:sa-east-1:877001948254:key/5aff9933-4b81-42c7-b410-2161b12d63bc,2022-08-13T07:44:25.740000+00:00,Created by CreateImage(i-042673892af195f71) for ami-01eb2c682ce2ffc65,,mongodb-nike-sales-uat-arbiter
ssrmprod,sa-east-1,ebs,snap-0bd1b5a20fbb90a32,vol-04ecedad6fdf59fb1,snap-0bd1b5a20fbb90a32,completed,,8,True,arn:aws:kms:sa-east-1:877001948254:key/5aff9933-4b81-42c7-b410-2161b12d63bc,2022-08-13T07:42:45.792000+00:00,Created by CreateImage(i-01307af2232e38d00) for ami-0f8e0e2e3a2f15172,,mongodb-nike-sales-prd-a
ssrmprod,sa-east-1,ebs,snap-08e745689bc5166ef,vol-0ff861cc38a009407,snap-08e745689bc5166ef,completed,,200,True,arn:aws:kms:sa-east-1:877001948254:key/5aff9933-4b81-42c7-b410-2161b12d63bc,2022-08-13T08:06:04.556000+00:00,Created by CreateImage(i-019c43be077fab936) for ami-0e26dd65a512031c3,,mongodb-nike-sales-uat-b
ssrmprod,sa-east-1,ebs,snap-0a7e70c6140ccf8e8,vol-056567675c1496fb0,snap-0a7e70c6140ccf8e8,completed,,300,True,arn:aws:kms:sa-east-1:877001948254:key/5aff9933-4b81-42c7-b410-2161b12d63bc,2022-08-13T07:42:45.792000+00:00,Created by CreateImage(i-01307af2232e38d00) for ami-0f8e0e2e3a2f15172,,mongodb-nike-sales-prd-a
ssrmprod,sa-east-1,ebs,snap-0af3a1bfe8264a420,vol-0249c491f88845810,snap-0af3a1bfe8264a420,completed,,150,True,arn:aws:kms:sa-east-1:877001948254:key/5aff9933-4b81-42c7-b410-2161b12d63bc,2022-08-12T08:50:26.677000+00:00,Created by CreateImage(i-09ee64877d87075cc) for ami-0adc705c740164b0f,,mongodb-nike-sales-uat-a
ssrmprod,sa-east-1,ebs,snap-05b2617c79ecabde9,vol-0ff861cc38a009407,snap-05b2617c79ecabde9,completed,,200,True,arn:aws:kms:sa-east-1:877001948254:key/5aff9933-4b81-42c7-b410-2161b12d63bc,2022-08-12T07:53:40.415000+00:00,Created by CreateImage(i-019c43be077fab936) for ami-0cc6126608f2ed557,,mongodb-nike-sales-uat-b
ssrmprod,sa-east-1,ebs,snap-0a5fe5771786cdbc4,vol-0ac7f33abe80b4c96,snap-0a5fe5771786cdbc4,completed,,40,True,arn:aws:kms:sa-east-1:877001948254:key/5aff9933-4b81-42c7-b410-2161b12d63bc,2022-08-12T07:47:31.388000+00:00,Created by CreateImage(i-042673892af195f71) for ami-060ceaeb580579fe3,,mongodb-nike-sales-uat-arbiter
ssrmprod,sa-east-1,ebs,snap-02800405a57ac2981,vol-056567675c1496fb0,snap-02800405a57ac2981,completed,,300,True,arn:aws:kms:sa-east-1:877001948254:key/5aff9933-4b81-42c7-b410-2161b12d63bc,2022-08-12T07:38:41.190000+00:00,Created by CreateImage(i-01307af2232e38d00) for ami-081d9e15fd2a02312,,mongodb-nike-sales-prd-a
ssrmprod,sa-east-1,ebs,snap-078fb17c4204fb4ae,vol-04ecedad6fdf59fb1,snap-078fb17c4204fb4ae,completed,,8,True,arn:aws:kms:sa-east-1:877001948254:key/5aff9933-4b81-42c7-b410-2161b12d63bc,2022-08-12T07:38:41.190000+00:00,Created by CreateImage(i-01307af2232e38d00) for ami-081d9e15fd2a02312,,mongodb-nike-sales-prd-a
ssrmprod,sa-east-1,ebs,snap-073c72675b10fd568,vol-0249c491f88845810,snap-073c72675b10fd568,completed,,150,True,arn:aws:kms:sa-east-1:877001948254:key/5aff9933-4b81-42c7-b410-2161b12d63bc,2022-08-11T08:54:14.086000+00:00,Created by CreateImage(i-09ee64877d87075cc) for ami-099e4953a379f06e4,,mongodb-nike-sales-uat-a
ssrmprod,sa-east-1,ebs,snap-09fa3b9b9535dc132,vol-0ac7f33abe80b4c96,snap-09fa3b9b9535dc132,completed,,40,True,arn:aws:kms:sa-east-1:877001948254:key/5aff9933-4b81-42c7-b410-2161b12d63bc,2022-08-11T07:46:40.412000+00:00,Created by CreateImage(i-042673892af195f71) for ami-0ad86ca618cfc259e,,mongodb-nike-sales-uat-arbiter
ssrmprod,sa-east-1,ebs,snap-0db0efef43a29c29b,vol-0ff861cc38a009407,snap-0db0efef43a29c29b,completed,,200,True,arn:aws:kms:sa-east-1:877001948254:key/5aff9933-4b81-42c7-b410-2161b12d63bc,2022-08-11T07:52:50.739000+00:00,Created by CreateImage(i-019c43be077fab936) for ami-0fb8bc3f0e89a6d0c,,mongodb-nike-sales-uat-b
ssrmprod,sa-east-1,ebs,snap-09304ae48ef637882,vol-056567675c1496fb0,snap-09304ae48ef637882,completed,,300,True,arn:aws:kms:sa-east-1:877001948254:key/5aff9933-4b81-42c7-b410-2161b12d63bc,2022-08-11T07:40:59.732000+00:00,Created by CreateImage(i-01307af2232e38d00) for ami-05e1ce5b19d7d9988,,mongodb-nike-sales-prd-a
ssrmprod,sa-east-1,ebs,snap-0a39a941a5995af30,vol-04ecedad6fdf59fb1,snap-0a39a941a5995af30,completed,,8,True,arn:aws:kms:sa-east-1:877001948254:key/5aff9933-4b81-42c7-b410-2161b12d63bc,2022-08-11T07:40:59.732000+00:00,Created by CreateImage(i-01307af2232e38d00) for ami-05e1ce5b19d7d9988,,mongodb-nike-sales-prd-a
ssrmprod,sa-east-1,ebs,snap-0976da1cf1a8680e0,vol-0249c491f88845810,snap-0976da1cf1a8680e0,completed,,150,True,arn:aws:kms:sa-east-1:877001948254:key/5aff9933-4b81-42c7-b410-2161b12d63bc,2022-08-10T08:54:41.432000+00:00,Created by CreateImage(i-09ee64877d87075cc) for ami-046faabbaf7a01d6b,,mongodb-nike-sales-uat-a
ssrmprod,sa-east-1,ebs,snap-01878c049518529a3,vol-0ff861cc38a009407,snap-01878c049518529a3,completed,,200,True,arn:aws:kms:sa-east-1:877001948254:key/5aff9933-4b81-42c7-b410-2161b12d63bc,2022-08-10T07:54:57.436000+00:00,Created by CreateImage(i-019c43be077fab936) for ami-02d8cdabb54ff70f8,,mongodb-nike-sales-uat-b
ssrmprod,sa-east-1,ebs,snap-0f0020eeda34262cb,vol-0ac7f33abe80b4c96,snap-0f0020eeda34262cb,completed,,40,True,arn:aws:kms:sa-east-1:877001948254:key/5aff9933-4b81-42c7-b410-2161b12d63bc,2022-08-10T07:47:39.044000+00:00,Created by CreateImage(i-042673892af195f71) for ami-0f97fd39ff62ca382,,mongodb-nike-sales-uat-arbiter
ssrmprod,sa-east-1,ebs,snap-0fdb08bc27ccead3d,vol-056567675c1496fb0,snap-0fdb08bc27ccead3d,completed,,300,True,arn:aws:kms:sa-east-1:877001948254:key/5aff9933-4b81-42c7-b410-2161b12d63bc,2022-08-10T07:42:38.898000+00:00,Created by CreateImage(i-01307af2232e38d00) for ami-00baeae2f5146f8b2,,mongodb-nike-sales-prd-a
ssrmprod,sa-east-1,ebs,snap-0a9b4690989fb775d,vol-04ecedad6fdf59fb1,snap-0a9b4690989fb775d,completed,,8,True,arn:aws:kms:sa-east-1:877001948254:key/5aff9933-4b81-42c7-b410-2161b12d63bc,2022-08-10T07:42:38.898000+00:00,Created by CreateImage(i-01307af2232e38d00) for ami-00baeae2f5146f8b2,,mongodb-nike-sales-prd-a
ssrmprod,sa-east-1,ebs,snap-09ea09ecf3c937b7b,vol-0249c491f88845810,snap-09ea09ecf3c937b7b,completed,,150,True,arn:aws:kms:sa-east-1:877001948254:key/5aff9933-4b81-42c7-b410-2161b12d63bc,2022-08-09T08:52:05.476000+00:00,Created by CreateImage(i-09ee64877d87075cc) for ami-0f300714a90bcfd52,,mongodb-nike-sales-uat-a
ssrmprod,sa-east-1,ebs,snap-07b9cdd5008ff280e,vol-0ff861cc38a009407,snap-07b9cdd5008ff280e,completed,,200,True,arn:aws:kms:sa-east-1:877001948254:key/5aff9933-4b81-42c7-b410-2161b12d63bc,2022-08-09T08:07:35.554000+00:00,Created by CreateImage(i-019c43be077fab936) for ami-0f1de4cf15289e9fd,,mongodb-nike-sales-uat-b
ssrmprod,sa-east-1,ebs,snap-0c986180e713341a6,vol-04ecedad6fdf59fb1,snap-0c986180e713341a6,completed,,8,True,arn:aws:kms:sa-east-1:877001948254:key/5aff9933-4b81-42c7-b410-2161b12d63bc,2022-08-09T07:41:03.680000+00:00,Created by CreateImage(i-01307af2232e38d00) for ami-099840d6a452a5370,,mongodb-nike-sales-prd-a
ssrmprod,sa-east-1,ebs,snap-0e75f8302f97b9d9a,vol-056567675c1496fb0,snap-0e75f8302f97b9d9a,completed,,300,True,arn:aws:kms:sa-east-1:877001948254:key/5aff9933-4b81-42c7-b410-2161b12d63bc,2022-08-09T07:41:03.680000+00:00,Created by CreateImage(i-01307af2232e38d00) for ami-099840d6a452a5370,,mongodb-nike-sales-prd-a
ssrmprod,sa-east-1,ebs,snap-0e2fc33234fbf4ebe,vol-0ac7f33abe80b4c96,snap-0e2fc33234fbf4ebe,completed,,40,True,arn:aws:kms:sa-east-1:877001948254:key/5aff9933-4b81-42c7-b410-2161b12d63bc,2022-08-09T07:49:19.634000+00:00,Created by CreateImage(i-042673892af195f71) for ami-001457e67c383b161,,mongodb-nike-sales-uat-arbiter
ssrmprod,sa-east-1,ebs,snap-0044fd7a77f236c0d,vol-0249c491f88845810,snap-0044fd7a77f236c0d,completed,,150,True,arn:aws:kms:sa-east-1:877001948254:key/5aff9933-4b81-42c7-b410-2161b12d63bc,2022-08-08T08:50:28.387000+00:00,Created by CreateImage(i-09ee64877d87075cc) for ami-0e1ec7fb71b892e8b,,mongodb-nike-sales-uat-a
ssrmprod,sa-east-1,ebs,snap-0c1b79e844bdfe5c6,vol-0ff861cc38a009407,snap-0c1b79e844bdfe5c6,completed,,200,True,arn:aws:kms:sa-east-1:877001948254:key/5aff9933-4b81-42c7-b410-2161b12d63bc,2022-08-08T07:54:10.464000+00:00,Created by CreateImage(i-019c43be077fab936) for ami-0157dc75ade498ea3,,mongodb-nike-sales-uat-b
ssrmprod,sa-east-1,ebs,snap-0b756e7fed57760d1,vol-056567675c1496fb0,snap-0b756e7fed57760d1,completed,,300,True,arn:aws:kms:sa-east-1:877001948254:key/5aff9933-4b81-42c7-b410-2161b12d63bc,2022-08-08T07:39:43.307000+00:00,Created by CreateImage(i-01307af2232e38d00) for ami-07467555867b98a11,,mongodb-nike-sales-prd-a
ssrmprod,sa-east-1,ebs,snap-02d54b016da83ecf5,vol-0ac7f33abe80b4c96,snap-02d54b016da83ecf5,completed,,40,True,arn:aws:kms:sa-east-1:877001948254:key/5aff9933-4b81-42c7-b410-2161b12d63bc,2022-08-08T07:50:06.830000+00:00,Created by CreateImage(i-042673892af195f71) for ami-0df534b8f8781d3e5,,mongodb-nike-sales-uat-arbiter
ssrmprod,sa-east-1,ebs,snap-031ef8f70cf0f8264,vol-04ecedad6fdf59fb1,snap-031ef8f70cf0f8264,completed,,8,True,arn:aws:kms:sa-east-1:877001948254:key/5aff9933-4b81-42c7-b410-2161b12d63bc,2022-08-08T07:39:43.307000+00:00,Created by CreateImage(i-01307af2232e38d00) for ami-07467555867b98a11,,mongodb-nike-sales-prd-a
ssrmprod,sa-east-1,ebs,snap-0766d30d99d3ed61c,vol-0249c491f88845810,snap-0766d30d99d3ed61c,completed,,150,True,arn:aws:kms:sa-east-1:877001948254:key/5aff9933-4b81-42c7-b410-2161b12d63bc,2022-08-07T08:53:25.260000+00:00,Created by CreateImage(i-09ee64877d87075cc) for ami-0e090f85025ab72a8,,mongodb-nike-sales-uat-a
ssrmprod,sa-east-1,ebs,snap-0ae7ff13e01f2473f,vol-0ff861cc38a009407,snap-0ae7ff13e01f2473f,completed,,200,True,arn:aws:kms:sa-east-1:877001948254:key/5aff9933-4b81-42c7-b410-2161b12d63bc,2022-08-07T08:06:36.174000+00:00,Created by CreateImage(i-019c43be077fab936) for ami-0c5c7ebf8b9bccda9,,mongodb-nike-sales-uat-b
ssrmprod,sa-east-1,ebs,snap-065d914e285058629,vol-0ac7f33abe80b4c96,snap-065d914e285058629,completed,,40,True,arn:aws:kms:sa-east-1:877001948254:key/5aff9933-4b81-42c7-b410-2161b12d63bc,2022-08-07T07:43:46.761000+00:00,Created by CreateImage(i-042673892af195f71) for ami-0d20dee2100fd0422,,mongodb-nike-sales-uat-arbiter
ssrmprod,sa-east-1,ebs,snap-02dca984766c6aeef,vol-056567675c1496fb0,snap-02dca984766c6aeef,completed,,300,True,arn:aws:kms:sa-east-1:877001948254:key/5aff9933-4b81-42c7-b410-2161b12d63bc,2022-08-07T07:38:08.970000+00:00,Created by CreateImage(i-01307af2232e38d00) for ami-0be2903045373539b,,mongodb-nike-sales-prd-a
ssrmprod,sa-east-1,ebs,snap-05c1a0e1749cc1e86,vol-04ecedad6fdf59fb1,snap-05c1a0e1749cc1e86,completed,,8,True,arn:aws:kms:sa-east-1:877001948254:key/5aff9933-4b81-42c7-b410-2161b12d63bc,2022-08-07T07:38:08.970000+00:00,Created by CreateImage(i-01307af2232e38d00) for ami-0be2903045373539b,,mongodb-nike-sales-prd-a
ssrmprod,sa-east-1,ebs,snap-09b31c7adf5bad5dd,vol-0ff861cc38a009407,snap-09b31c7adf5bad5dd,completed,,200,True,arn:aws:kms:sa-east-1:877001948254:key/5aff9933-4b81-42c7-b410-2161b12d63bc,2022-08-06T08:11:10.046000+00:00,Created by CreateImage(i-019c43be077fab936) for ami-0f4e447bd85f31402,,mongodb-nike-sales-uat-b
ssrmprod,sa-east-1,ebs,snap-0b00a2ee4437bec62,vol-0249c491f88845810,snap-0b00a2ee4437bec62,completed,,150,True,arn:aws:kms:sa-east-1:877001948254:key/5aff9933-4b81-42c7-b410-2161b12d63bc,2022-08-06T08:53:19.207000+00:00,Created by CreateImage(i-09ee64877d87075cc) for ami-0b0fa637d06bb2c25,,mongodb-nike-sales-uat-a
ssrmprod,sa-east-1,ebs,snap-055b524910649ac3c,vol-0ac7f33abe80b4c96,snap-055b524910649ac3c,completed,,40,True,arn:aws:kms:sa-east-1:877001948254:key/5aff9933-4b81-42c7-b410-2161b12d63bc,2022-08-06T07:45:45.893000+00:00,Created by CreateImage(i-042673892af195f71) for ami-05e267bd05e3338cb,,mongodb-nike-sales-uat-arbiter
ssrmprod,sa-east-1,ebs,snap-00b8174735dc028c8,vol-056567675c1496fb0,snap-00b8174735dc028c8,completed,,300,True,arn:aws:kms:sa-east-1:877001948254:key/5aff9933-4b81-42c7-b410-2161b12d63bc,2022-08-06T07:39:02.055000+00:00,Created by CreateImage(i-01307af2232e38d00) for ami-0dd965caa2bcb001f,,mongodb-nike-sales-prd-a
ssrmprod,sa-east-1,ebs,snap-06258ba9059808a8e,vol-04ecedad6fdf59fb1,snap-06258ba9059808a8e,completed,,8,True,arn:aws:kms:sa-east-1:877001948254:key/5aff9933-4b81-42c7-b410-2161b12d63bc,2022-08-06T07:39:02.055000+00:00,Created by CreateImage(i-01307af2232e38d00) for ami-0dd965caa2bcb001f,,mongodb-nike-sales-prd-a
ssrmprod,sa-east-1,ebs,snap-0abb40fe734f4d93d,vol-0249c491f88845810,snap-0abb40fe734f4d93d,completed,,150,True,arn:aws:kms:sa-east-1:877001948254:key/5aff9933-4b81-42c7-b410-2161b12d63bc,2022-08-05T09:12:29.967000+00:00,Created by CreateImage(i-09ee64877d87075cc) for ami-08680d04f3e2e9e17,,mongodb-nike-sales-uat-a
ssrmprod,sa-east-1,ebs,snap-00af41cd2cc3f190f,vol-0ff861cc38a009407,snap-00af41cd2cc3f190f,completed,,200,True,arn:aws:kms:sa-east-1:877001948254:key/5aff9933-4b81-42c7-b410-2161b12d63bc,2022-08-05T07:52:27.910000+00:00,Created by CreateImage(i-019c43be077fab936) for ami-08a01d84a4cb09eda,,mongodb-nike-sales-uat-b
ssrmprod,sa-east-1,ebs,snap-00cdbf35bbb0fcec4,vol-04ecedad6fdf59fb1,snap-00cdbf35bbb0fcec4,completed,,8,True,arn:aws:kms:sa-east-1:877001948254:key/5aff9933-4b81-42c7-b410-2161b12d63bc,2022-08-05T07:42:17.666000+00:00,Created by CreateImage(i-01307af2232e38d00) for ami-0980da110b5b7c720,,mongodb-nike-sales-prd-a
ssrmprod,sa-east-1,ebs,snap-005f923cf9f8d5c2d,vol-056567675c1496fb0,snap-005f923cf9f8d5c2d,completed,,300,True,arn:aws:kms:sa-east-1:877001948254:key/5aff9933-4b81-42c7-b410-2161b12d63bc,2022-08-05T07:42:17.666000+00:00,Created by CreateImage(i-01307af2232e38d00) for ami-0980da110b5b7c720,,mongodb-nike-sales-prd-a
ssrmprod,sa-east-1,ebs,snap-0e2d274f892972548,vol-0ac7f33abe80b4c96,snap-0e2d274f892972548,completed,,40,True,arn:aws:kms:sa-east-1:877001948254:key/5aff9933-4b81-42c7-b410-2161b12d63bc,2022-08-05T07:44:06.957000+00:00,Created by CreateImage(i-042673892af195f71) for ami-0fda4b29a1a8e85a9,,mongodb-nike-sales-uat-arbiter
ssrmprod,sa-east-1,ebs,snap-0e6a9d9e36cff7316,vol-0249c491f88845810,snap-0e6a9d9e36cff7316,completed,,150,True,arn:aws:kms:sa-east-1:877001948254:key/5aff9933-4b81-42c7-b410-2161b12d63bc,2022-08-04T08:54:09.721000+00:00,Created by CreateImage(i-09ee64877d87075cc) for ami-0413bfe462f9714ba,,mongodb-nike-sales-uat-a
ssrmprod,sa-east-1,ebs,snap-0aa89f29b2cdae5ef,vol-0ac7f33abe80b4c96,snap-0aa89f29b2cdae5ef,completed,,40,True,arn:aws:kms:sa-east-1:877001948254:key/5aff9933-4b81-42c7-b410-2161b12d63bc,2022-08-04T07:50:22.051000+00:00,Created by CreateImage(i-042673892af195f71) for ami-021ad7d94794b1358,,mongodb-nike-sales-uat-arbiter
ssrmprod,sa-east-1,ebs,snap-055826259f4b04a81,vol-056567675c1496fb0,snap-055826259f4b04a81,completed,,300,True,arn:aws:kms:sa-east-1:877001948254:key/5aff9933-4b81-42c7-b410-2161b12d63bc,2022-08-04T07:38:44.146000+00:00,Created by CreateImage(i-01307af2232e38d00) for ami-0a654563bbc0f6344,,mongodb-nike-sales-prd-a
ssrmprod,sa-east-1,ebs,snap-03d1286cae2e59729,vol-04ecedad6fdf59fb1,snap-03d1286cae2e59729,completed,,8,True,arn:aws:kms:sa-east-1:877001948254:key/5aff9933-4b81-42c7-b410-2161b12d63bc,2022-08-04T07:38:44.146000+00:00,Created by CreateImage(i-01307af2232e38d00) for ami-0a654563bbc0f6344,,mongodb-nike-sales-prd-a
ssrmprod,sa-east-1,ebs,snap-07bc3f8d5a86f35b2,vol-0ff861cc38a009407,snap-07bc3f8d5a86f35b2,completed,,200,True,arn:aws:kms:sa-east-1:877001948254:key/5aff9933-4b81-42c7-b410-2161b12d63bc,2022-08-04T07:53:28.212000+00:00,Created by CreateImage(i-019c43be077fab936) for ami-0f06e36609c2e5468,,mongodb-nike-sales-uat-b
ssrmprod,sa-east-1,ebs,snap-0d9fcffa74b0736d0,vol-0249c491f88845810,snap-0d9fcffa74b0736d0,completed,,150,True,arn:aws:kms:sa-east-1:877001948254:key/5aff9933-4b81-42c7-b410-2161b12d63bc,2022-08-03T08:50:20.433000+00:00,Created by CreateImage(i-09ee64877d87075cc) for ami-0a5e41bb230bcf594,,mongodb-nike-sales-uat-a
ssrmprod,sa-east-1,ebs,snap-02b922af9474a1394,vol-0ac7f33abe80b4c96,snap-02b922af9474a1394,completed,,40,True,arn:aws:kms:sa-east-1:877001948254:key/5aff9933-4b81-42c7-b410-2161b12d63bc,2022-08-03T07:49:36.766000+00:00,Created by CreateImage(i-042673892af195f71) for ami-00bb4c27d86fd864a,,mongodb-nike-sales-uat-arbiter
ssrmprod,sa-east-1,ebs,snap-0c67f5075d07b1ae5,vol-056567675c1496fb0,snap-0c67f5075d07b1ae5,completed,,300,True,arn:aws:kms:sa-east-1:877001948254:key/5aff9933-4b81-42c7-b410-2161b12d63bc,2022-08-03T07:37:33.843000+00:00,Created by CreateImage(i-01307af2232e38d00) for ami-074d51cafdcfda5fe,,mongodb-nike-sales-prd-a
ssrmprod,sa-east-1,ebs,snap-0f83703b24c428c85,vol-0ff861cc38a009407,snap-0f83703b24c428c85,completed,,200,True,arn:aws:kms:sa-east-1:877001948254:key/5aff9933-4b81-42c7-b410-2161b12d63bc,2022-08-03T08:07:28.633000+00:00,Created by CreateImage(i-019c43be077fab936) for ami-0589663270d60ed7b,,mongodb-nike-sales-uat-b
ssrmprod,sa-east-1,ebs,snap-029327268eee52c2a,vol-04ecedad6fdf59fb1,snap-029327268eee52c2a,completed,,8,True,arn:aws:kms:sa-east-1:877001948254:key/5aff9933-4b81-42c7-b410-2161b12d63bc,2022-08-03T07:37:33.843000+00:00,Created by CreateImage(i-01307af2232e38d00) for ami-074d51cafdcfda5fe,,mongodb-nike-sales-prd-a
ssrmprod,sa-east-1,ebs,snap-048a58f3847114a67,vol-0249c491f88845810,snap-048a58f3847114a67,completed,,150,True,arn:aws:kms:sa-east-1:877001948254:key/5aff9933-4b81-42c7-b410-2161b12d63bc,2022-08-02T09:06:56.887000+00:00,Created by CreateImage(i-09ee64877d87075cc) for ami-0c837bebbe16139b4,,mongodb-nike-sales-uat-a
ssrmprod,sa-east-1,ebs,snap-017822b1a2c41acd2,vol-04ecedad6fdf59fb1,snap-017822b1a2c41acd2,completed,,8,True,arn:aws:kms:sa-east-1:877001948254:key/5aff9933-4b81-42c7-b410-2161b12d63bc,2022-08-02T07:40:06.320000+00:00,Created by CreateImage(i-01307af2232e38d00) for ami-03f64442e66090515,,mongodb-nike-sales-prd-a
ssrmprod,sa-east-1,ebs,snap-01f41cdbf36991ac5,vol-0ac7f33abe80b4c96,snap-01f41cdbf36991ac5,completed,,40,True,arn:aws:kms:sa-east-1:877001948254:key/5aff9933-4b81-42c7-b410-2161b12d63bc,2022-08-02T07:46:02.308000+00:00,Created by CreateImage(i-042673892af195f71) for ami-0392de886ab2320f8,,mongodb-nike-sales-uat-arbiter
ssrmprod,sa-east-1,ebs,snap-06308696a5ea133d9,vol-0ff861cc38a009407,snap-06308696a5ea133d9,completed,,200,True,arn:aws:kms:sa-east-1:877001948254:key/5aff9933-4b81-42c7-b410-2161b12d63bc,2022-08-02T07:54:20.202000+00:00,Created by CreateImage(i-019c43be077fab936) for ami-07883caa676a445f1,,mongodb-nike-sales-uat-b
ssrmprod,sa-east-1,ebs,snap-0ff13f2be658904e7,vol-056567675c1496fb0,snap-0ff13f2be658904e7,completed,,300,True,arn:aws:kms:sa-east-1:877001948254:key/5aff9933-4b81-42c7-b410-2161b12d63bc,2022-08-02T07:40:06.320000+00:00,Created by CreateImage(i-01307af2232e38d00) for ami-03f64442e66090515,,mongodb-nike-sales-prd-a
ssrmprod,sa-east-1,ebs,snap-0fff011baa1cf6a4a,vol-0249c491f88845810,snap-0fff011baa1cf6a4a,completed,,150,True,arn:aws:kms:sa-east-1:877001948254:key/5aff9933-4b81-42c7-b410-2161b12d63bc,2022-08-01T09:05:21.449000+00:00,Created by CreateImage(i-09ee64877d87075cc) for ami-0e8422a68fc765a48,,mongodb-nike-sales-uat-a
ssrmprod,sa-east-1,ebs,snap-05ab946beef44f985,vol-056567675c1496fb0,snap-05ab946beef44f985,completed,,300,True,arn:aws:kms:sa-east-1:877001948254:key/5aff9933-4b81-42c7-b410-2161b12d63bc,2022-08-01T07:37:04.742000+00:00,Created by CreateImage(i-01307af2232e38d00) for ami-08736586017085a56,,mongodb-nike-sales-prd-a
ssrmprod,sa-east-1,ebs,snap-0c0a92d7cb0670fa7,vol-04ecedad6fdf59fb1,snap-0c0a92d7cb0670fa7,completed,,8,True,arn:aws:kms:sa-east-1:877001948254:key/5aff9933-4b81-42c7-b410-2161b12d63bc,2022-08-01T07:37:04.742000+00:00,Created by CreateImage(i-01307af2232e38d00) for ami-08736586017085a56,,mongodb-nike-sales-prd-a
ssrmprod,sa-east-1,ebs,snap-029ccde713f20fd96,vol-0ff861cc38a009407,snap-029ccde713f20fd96,completed,,200,True,arn:aws:kms:sa-east-1:877001948254:key/5aff9933-4b81-42c7-b410-2161b12d63bc,2022-08-01T07:54:26.765000+00:00,Created by CreateImage(i-019c43be077fab936) for ami-0dd664b7556d607bd,,mongodb-nike-sales-uat-b
ssrmprod,sa-east-1,ebs,snap-0356e4d42483a6abd,vol-0ac7f33abe80b4c96,snap-0356e4d42483a6abd,completed,,40,True,arn:aws:kms:sa-east-1:877001948254:key/5aff9933-4b81-42c7-b410-2161b12d63bc,2022-08-01T07:48:21.491000+00:00,Created by CreateImage(i-042673892af195f71) for ami-08b5740042483676d,,mongodb-nike-sales-uat-arbiter
ssrmprod,sa-east-1,ebs,snap-0e93c044c2a236f32,vol-0249c491f88845810,snap-0e93c044c2a236f32,completed,,150,True,arn:aws:kms:sa-east-1:877001948254:key/5aff9933-4b81-42c7-b410-2161b12d63bc,2022-07-31T08:52:18.455000+00:00,Created by CreateImage(i-09ee64877d87075cc) for ami-0194ce6f6a7b59b33,,mongodb-nike-sales-uat-a
ssrmprod,sa-east-1,ebs,snap-061bbc13eedcc6421,vol-0ac7f33abe80b4c96,snap-061bbc13eedcc6421,completed,,40,True,arn:aws:kms:sa-east-1:877001948254:key/5aff9933-4b81-42c7-b410-2161b12d63bc,2022-07-31T07:45:43.915000+00:00,Created by CreateImage(i-042673892af195f71) for ami-03798341f5d75d911,,mongodb-nike-sales-uat-arbiter
ssrmprod,sa-east-1,ebs,snap-033eb818b9c584c01,vol-04ecedad6fdf59fb1,snap-033eb818b9c584c01,completed,,8,True,arn:aws:kms:sa-east-1:877001948254:key/5aff9933-4b81-42c7-b410-2161b12d63bc,2022-07-31T07:41:33.896000+00:00,Created by CreateImage(i-01307af2232e38d00) for ami-01f3a66129e758c3c,,mongodb-nike-sales-prd-a
ssrmprod,sa-east-1,ebs,snap-0c020233df39f2fe4,vol-056567675c1496fb0,snap-0c020233df39f2fe4,completed,,300,True,arn:aws:kms:sa-east-1:877001948254:key/5aff9933-4b81-42c7-b410-2161b12d63bc,2022-07-31T07:41:33.896000+00:00,Created by CreateImage(i-01307af2232e38d00) for ami-01f3a66129e758c3c,,mongodb-nike-sales-prd-a
ssrmprod,sa-east-1,ebs,snap-08dccc6a70ecc4ef5,vol-0ff861cc38a009407,snap-08dccc6a70ecc4ef5,completed,,200,True,arn:aws:kms:sa-east-1:877001948254:key/5aff9933-4b81-42c7-b410-2161b12d63bc,2022-07-31T07:51:51.094000+00:00,Created by CreateImage(i-019c43be077fab936) for ami-020d64730ee4e24cf,,mongodb-nike-sales-uat-b
ssrmprod,sa-east-1,ebs,snap-0defee07aee6f6fdf,vol-0249c491f88845810,snap-0defee07aee6f6fdf,completed,,150,True,arn:aws:kms:sa-east-1:877001948254:key/5aff9933-4b81-42c7-b410-2161b12d63bc,2022-07-30T09:07:43.656000+00:00,Created by CreateImage(i-09ee64877d87075cc) for ami-00c2abe3c2ec4ae2d,,mongodb-nike-sales-uat-a
ssrmprod,sa-east-1,ebs,snap-049ba15c27b121588,vol-0ff861cc38a009407,snap-049ba15c27b121588,completed,,200,True,arn:aws:kms:sa-east-1:877001948254:key/5aff9933-4b81-42c7-b410-2161b12d63bc,2022-07-30T07:51:21.723000+00:00,Created by CreateImage(i-019c43be077fab936) for ami-07561c9cdc8cfb7ed,,mongodb-nike-sales-uat-b
ssrmprod,sa-east-1,ebs,snap-0689ae186557cab6c,vol-0ac7f33abe80b4c96,snap-0689ae186557cab6c,completed,,40,True,arn:aws:kms:sa-east-1:877001948254:key/5aff9933-4b81-42c7-b410-2161b12d63bc,2022-07-30T07:48:18.658000+00:00,Created by CreateImage(i-042673892af195f71) for ami-00d2e6f388b94105b,,mongodb-nike-sales-uat-arbiter
ssrmprod,sa-east-1,ebs,snap-075de5dba27f767e6,vol-04ecedad6fdf59fb1,snap-075de5dba27f767e6,completed,,8,True,arn:aws:kms:sa-east-1:877001948254:key/5aff9933-4b81-42c7-b410-2161b12d63bc,2022-07-30T07:43:13.863000+00:00,Created by CreateImage(i-01307af2232e38d00) for ami-0442fd438a0d36ff4,,mongodb-nike-sales-prd-a
ssrmprod,sa-east-1,ebs,snap-0aa28364badf5a44d,vol-056567675c1496fb0,snap-0aa28364badf5a44d,completed,,300,True,arn:aws:kms:sa-east-1:877001948254:key/5aff9933-4b81-42c7-b410-2161b12d63bc,2022-07-30T07:43:13.863000+00:00,Created by CreateImage(i-01307af2232e38d00) for ami-0442fd438a0d36ff4,,mongodb-nike-sales-prd-a
ssrmprod,sa-east-1,ebs,snap-0c874af127400bfaf,vol-0249c491f88845810,snap-0c874af127400bfaf,completed,,150,True,arn:aws:kms:sa-east-1:877001948254:key/5aff9933-4b81-42c7-b410-2161b12d63bc,2022-07-29T08:51:39.108000+00:00,Created by CreateImage(i-09ee64877d87075cc) for ami-0455db40bad2aa212,,mongodb-nike-sales-uat-a
ssrmprod,sa-east-1,ebs,snap-0c044950c96a83f87,vol-0ff861cc38a009407,snap-0c044950c96a83f87,completed,,200,True,arn:aws:kms:sa-east-1:877001948254:key/5aff9933-4b81-42c7-b410-2161b12d63bc,2022-07-29T08:06:00.430000+00:00,Created by CreateImage(i-019c43be077fab936) for ami-0cfcb15ff2305ef74,,mongodb-nike-sales-uat-b
ssrmprod,sa-east-1,ebs,snap-0e6a00ec0c4c96522,vol-0ac7f33abe80b4c96,snap-0e6a00ec0c4c96522,completed,,40,True,arn:aws:kms:sa-east-1:877001948254:key/5aff9933-4b81-42c7-b410-2161b12d63bc,2022-07-29T07:48:57.750000+00:00,Created by CreateImage(i-042673892af195f71) for ami-05a706ec41bfa5955,,mongodb-nike-sales-uat-arbiter
ssrmprod,sa-east-1,ebs,snap-0e393c771d60dd933,vol-056567675c1496fb0,snap-0e393c771d60dd933,completed,,300,True,arn:aws:kms:sa-east-1:877001948254:key/5aff9933-4b81-42c7-b410-2161b12d63bc,2022-07-29T07:39:18.614000+00:00,Created by CreateImage(i-01307af2232e38d00) for ami-00dd7d9aad554463b,,mongodb-nike-sales-prd-a
ssrmprod,sa-east-1,ebs,snap-0c0fe0a83f4db6cbe,vol-04ecedad6fdf59fb1,snap-0c0fe0a83f4db6cbe,completed,,8,True,arn:aws:kms:sa-east-1:877001948254:key/5aff9933-4b81-42c7-b410-2161b12d63bc,2022-07-29T07:39:18.614000+00:00,Created by CreateImage(i-01307af2232e38d00) for ami-00dd7d9aad554463b,,mongodb-nike-sales-prd-a
ssrmprod,sa-east-1,ebs,snap-0680d90239ccac426,vol-0249c491f88845810,snap-0680d90239ccac426,completed,,150,True,arn:aws:kms:sa-east-1:877001948254:key/5aff9933-4b81-42c7-b410-2161b12d63bc,2022-07-28T08:51:53.277000+00:00,Created by CreateImage(i-09ee64877d87075cc) for ami-047854c5d4c55a774,,mongodb-nike-sales-uat-a
ssrmprod,sa-east-1,ebs,snap-0a8663948ee0b16b8,vol-0ff861cc38a009407,snap-0a8663948ee0b16b8,completed,,200,True,arn:aws:kms:sa-east-1:877001948254:key/5aff9933-4b81-42c7-b410-2161b12d63bc,2022-07-28T08:10:38.877000+00:00,Created by CreateImage(i-019c43be077fab936) for ami-0d7445d6e5e45ce5c,,mongodb-nike-sales-uat-b
ssrmprod,sa-east-1,ebs,snap-05aca354495a5f97b,vol-056567675c1496fb0,snap-05aca354495a5f97b,completed,,300,True,arn:aws:kms:sa-east-1:877001948254:key/5aff9933-4b81-42c7-b410-2161b12d63bc,2022-07-28T07:41:15.781000+00:00,Created by CreateImage(i-01307af2232e38d00) for ami-06d948096902faa40,,mongodb-nike-sales-prd-a
ssrmprod,sa-east-1,ebs,snap-05ab4e6e141040eb3,vol-0ac7f33abe80b4c96,snap-05ab4e6e141040eb3,completed,,40,True,arn:aws:kms:sa-east-1:877001948254:key/5aff9933-4b81-42c7-b410-2161b12d63bc,2022-07-28T07:50:07.971000+00:00,Created by CreateImage(i-042673892af195f71) for ami-0fee1dcb61e45ccfd,,mongodb-nike-sales-uat-arbiter
ssrmprod,sa-east-1,ebs,snap-01d836e6644ca041d,vol-04ecedad6fdf59fb1,snap-01d836e6644ca041d,completed,,8,True,arn:aws:kms:sa-east-1:877001948254:key/5aff9933-4b81-42c7-b410-2161b12d63bc,2022-07-28T07:41:15.781000+00:00,Created by CreateImage(i-01307af2232e38d00) for ami-06d948096902faa40,,mongodb-nike-sales-prd-a
ssrmprod,sa-east-1,ebs,snap-08e3d53ddea7467c0,vol-0249c491f88845810,snap-08e3d53ddea7467c0,completed,,150,True,arn:aws:kms:sa-east-1:877001948254:key/5aff9933-4b81-42c7-b410-2161b12d63bc,2022-07-27T08:54:58.564000+00:00,Created by CreateImage(i-09ee64877d87075cc) for ami-066d87af14afc3c66,,mongodb-nike-sales-uat-a
ssrmprod,sa-east-1,ebs,snap-076ad292b849784e7,vol-04ecedad6fdf59fb1,snap-076ad292b849784e7,completed,,8,True,arn:aws:kms:sa-east-1:877001948254:key/5aff9933-4b81-42c7-b410-2161b12d63bc,2022-07-27T07:41:21.977000+00:00,Created by CreateImage(i-01307af2232e38d00) for ami-07a6bfaef70a9bf7e,,mongodb-nike-sales-prd-a
ssrmprod,sa-east-1,ebs,snap-0d6dcc18d857a7db3,vol-056567675c1496fb0,snap-0d6dcc18d857a7db3,completed,,300,True,arn:aws:kms:sa-east-1:877001948254:key/5aff9933-4b81-42c7-b410-2161b12d63bc,2022-07-27T07:41:21.977000+00:00,Created by CreateImage(i-01307af2232e38d00) for ami-07a6bfaef70a9bf7e,,mongodb-nike-sales-prd-a
ssrmprod,sa-east-1,ebs,snap-03a1cd496dadc35c8,vol-0ac7f33abe80b4c96,snap-03a1cd496dadc35c8,completed,,40,True,arn:aws:kms:sa-east-1:877001948254:key/5aff9933-4b81-42c7-b410-2161b12d63bc,2022-07-27T07:47:43.851000+00:00,Created by CreateImage(i-042673892af195f71) for ami-02248c1447cf022a0,,mongodb-nike-sales-uat-arbiter
ssrmprod,sa-east-1,ebs,snap-0538732ad179f88f7,vol-0ff861cc38a009407,snap-0538732ad179f88f7,completed,,200,True,arn:aws:kms:sa-east-1:877001948254:key/5aff9933-4b81-42c7-b410-2161b12d63bc,2022-07-27T07:51:51.028000+00:00,Created by CreateImage(i-019c43be077fab936) for ami-04981c63f09af5409,,mongodb-nike-sales-uat-b
ssrmprod,sa-east-1,ebs,snap-0390caa5d4ad8d158,vol-0249c491f88845810,snap-0390caa5d4ad8d158,completed,,150,True,arn:aws:kms:sa-east-1:877001948254:key/5aff9933-4b81-42c7-b410-2161b12d63bc,2022-07-26T09:14:14.581000+00:00,Created by CreateImage(i-09ee64877d87075cc) for ami-0c83f5ef8aff681e5,,mongodb-nike-sales-uat-a
ssrmprod,sa-east-1,ebs,snap-096ba78b2bb9ad40d,vol-0ff861cc38a009407,snap-096ba78b2bb9ad40d,completed,,200,True,arn:aws:kms:sa-east-1:877001948254:key/5aff9933-4b81-42c7-b410-2161b12d63bc,2022-07-26T07:54:27.391000+00:00,Created by CreateImage(i-019c43be077fab936) for ami-00c826d83acfd088a,,mongodb-nike-sales-uat-b
ssrmprod,sa-east-1,ebs,snap-05355079b65359210,vol-056567675c1496fb0,snap-05355079b65359210,completed,,300,True,arn:aws:kms:sa-east-1:877001948254:key/5aff9933-4b81-42c7-b410-2161b12d63bc,2022-07-26T07:37:31.395000+00:00,Created by CreateImage(i-01307af2232e38d00) for ami-047eecb69b95bfd1b,,mongodb-nike-sales-prd-a
ssrmprod,sa-east-1,ebs,snap-06ebe40be94f964b3,vol-04ecedad6fdf59fb1,snap-06ebe40be94f964b3,completed,,8,True,arn:aws:kms:sa-east-1:877001948254:key/5aff9933-4b81-42c7-b410-2161b12d63bc,2022-07-26T07:37:31.395000+00:00,Created by CreateImage(i-01307af2232e38d00) for ami-047eecb69b95bfd1b,,mongodb-nike-sales-prd-a
ssrmprod,sa-east-1,ebs,snap-0426f7f0bd7c3dd0e,vol-0ac7f33abe80b4c96,snap-0426f7f0bd7c3dd0e,completed,,40,True,arn:aws:kms:sa-east-1:877001948254:key/5aff9933-4b81-42c7-b410-2161b12d63bc,2022-07-26T07:46:01.372000+00:00,Created by CreateImage(i-042673892af195f71) for ami-09027e459059a85fb,,mongodb-nike-sales-uat-arbiter
ssrmprod,sa-east-1,ebs,snap-04a37cb2d6afd1b76,vol-0249c491f88845810,snap-04a37cb2d6afd1b76,completed,,150,True,arn:aws:kms:sa-east-1:877001948254:key/5aff9933-4b81-42c7-b410-2161b12d63bc,2022-07-25T08:51:55.336000+00:00,Created by CreateImage(i-09ee64877d87075cc) for ami-00c0ff38be205b606,,mongodb-nike-sales-uat-a
ssrmprod,sa-east-1,ebs,snap-09b07b500594d222b,vol-0ff861cc38a009407,snap-09b07b500594d222b,completed,,200,True,arn:aws:kms:sa-east-1:877001948254:key/5aff9933-4b81-42c7-b410-2161b12d63bc,2022-07-25T08:05:37.947000+00:00,Created by CreateImage(i-019c43be077fab936) for ami-0a939c4bcb2d94e22,,mongodb-nike-sales-uat-b
ssrmprod,sa-east-1,ebs,snap-086a67a52da593bd0,vol-0ac7f33abe80b4c96,snap-086a67a52da593bd0,completed,,40,True,arn:aws:kms:sa-east-1:877001948254:key/5aff9933-4b81-42c7-b410-2161b12d63bc,2022-07-25T07:45:46.852000+00:00,Created by CreateImage(i-042673892af195f71) for ami-0a937a3b6f47ce274,,mongodb-nike-sales-uat-arbiter
ssrmprod,sa-east-1,ebs,snap-0d189d31f2eed1aa5,vol-056567675c1496fb0,snap-0d189d31f2eed1aa5,completed,,300,True,arn:aws:kms:sa-east-1:877001948254:key/5aff9933-4b81-42c7-b410-2161b12d63bc,2022-07-25T07:43:19.848000+00:00,Created by CreateImage(i-01307af2232e38d00) for ami-02ee759f2d4027b02,,mongodb-nike-sales-prd-a
ssrmprod,sa-east-1,ebs,snap-0eaa0601a025a57ba,vol-04ecedad6fdf59fb1,snap-0eaa0601a025a57ba,completed,,8,True,arn:aws:kms:sa-east-1:877001948254:key/5aff9933-4b81-42c7-b410-2161b12d63bc,2022-07-25T07:43:19.848000+00:00,Created by CreateImage(i-01307af2232e38d00) for ami-02ee759f2d4027b02,,mongodb-nike-sales-prd-a
ssrmprod,sa-east-1,ebs,snap-0c76d2752de9a81a3,vol-0249c491f88845810,snap-0c76d2752de9a81a3,completed,,150,True,arn:aws:kms:sa-east-1:877001948254:key/5aff9933-4b81-42c7-b410-2161b12d63bc,2022-07-24T08:54:46.267000+00:00,Created by CreateImage(i-09ee64877d87075cc) for ami-0bbf5fcde4b90f541,,mongodb-nike-sales-uat-a
ssrmprod,sa-east-1,ebs,snap-0fe7a091e081c2d12,vol-0ff861cc38a009407,snap-0fe7a091e081c2d12,completed,,200,True,arn:aws:kms:sa-east-1:877001948254:key/5aff9933-4b81-42c7-b410-2161b12d63bc,2022-07-24T08:07:45.454000+00:00,Created by CreateImage(i-019c43be077fab936) for ami-01236081f82286c04,,mongodb-nike-sales-uat-b
ssrmprod,sa-east-1,ebs,snap-0373a389dbcdde019,vol-0ac7f33abe80b4c96,snap-0373a389dbcdde019,completed,,40,True,arn:aws:kms:sa-east-1:877001948254:key/5aff9933-4b81-42c7-b410-2161b12d63bc,2022-07-24T07:50:55.724000+00:00,Created by CreateImage(i-042673892af195f71) for ami-0c7fc41b2d91bcb3b,,mongodb-nike-sales-uat-arbiter
ssrmprod,sa-east-1,ebs,snap-0c12f1e20edff8610,vol-04ecedad6fdf59fb1,snap-0c12f1e20edff8610,completed,,8,True,arn:aws:kms:sa-east-1:877001948254:key/5aff9933-4b81-42c7-b410-2161b12d63bc,2022-07-24T07:39:44.483000+00:00,Created by CreateImage(i-01307af2232e38d00) for ami-048e8a6acd4c9e86f,,mongodb-nike-sales-prd-a
ssrmprod,sa-east-1,ebs,snap-08bd240af9b0b8efa,vol-056567675c1496fb0,snap-08bd240af9b0b8efa,completed,,300,True,arn:aws:kms:sa-east-1:877001948254:key/5aff9933-4b81-42c7-b410-2161b12d63bc,2022-07-24T07:39:44.483000+00:00,Created by CreateImage(i-01307af2232e38d00) for ami-048e8a6acd4c9e86f,,mongodb-nike-sales-prd-a
ssrmprod,sa-east-1,ebs,snap-05144d5216cbd239a,vol-0249c491f88845810,snap-05144d5216cbd239a,completed,,150,True,arn:aws:kms:sa-east-1:877001948254:key/5aff9933-4b81-42c7-b410-2161b12d63bc,2022-07-23T09:11:16.629000+00:00,Created by CreateImage(i-09ee64877d87075cc) for ami-020b34e24d3dd03ef,,mongodb-nike-sales-uat-a
ssrmprod,sa-east-1,ebs,snap-08c78870bf4e056ec,vol-0ff861cc38a009407,snap-08c78870bf4e056ec,completed,,200,True,arn:aws:kms:sa-east-1:877001948254:key/5aff9933-4b81-42c7-b410-2161b12d63bc,2022-07-23T08:06:45.310000+00:00,Created by CreateImage(i-019c43be077fab936) for ami-0ffb88b84e4eea675,,mongodb-nike-sales-uat-b
ssrmprod,sa-east-1,ebs,snap-0627a3b179bdfbe67,vol-0ac7f33abe80b4c96,snap-0627a3b179bdfbe67,completed,,40,True,arn:aws:kms:sa-east-1:877001948254:key/5aff9933-4b81-42c7-b410-2161b12d63bc,2022-07-23T07:46:50.787000+00:00,Created by CreateImage(i-042673892af195f71) for ami-0a1f917a9b5653554,,mongodb-nike-sales-uat-arbiter
ssrmprod,sa-east-1,ebs,snap-0cbe427a336dfd13c,vol-056567675c1496fb0,snap-0cbe427a336dfd13c,completed,,300,True,arn:aws:kms:sa-east-1:877001948254:key/5aff9933-4b81-42c7-b410-2161b12d63bc,2022-07-23T07:38:05.732000+00:00,Created by CreateImage(i-01307af2232e38d00) for ami-002235488061a6757,,mongodb-nike-sales-prd-a
ssrmprod,sa-east-1,ebs,snap-0feb74d5232ec632b,vol-04ecedad6fdf59fb1,snap-0feb74d5232ec632b,completed,,8,True,arn:aws:kms:sa-east-1:877001948254:key/5aff9933-4b81-42c7-b410-2161b12d63bc,2022-07-23T07:38:05.732000+00:00,Created by CreateImage(i-01307af2232e38d00) for ami-002235488061a6757,,mongodb-nike-sales-prd-a
ssrmprod,sa-east-1,ebs,snap-0ae1f91f6a0d4a9de,vol-0249c491f88845810,snap-0ae1f91f6a0d4a9de,completed,,150,True,arn:aws:kms:sa-east-1:877001948254:key/5aff9933-4b81-42c7-b410-2161b12d63bc,2022-07-22T09:05:21.628000+00:00,Created by CreateImage(i-09ee64877d87075cc) for ami-0c0bd9f103c4584a6,,mongodb-nike-sales-uat-a
ssrmprod,sa-east-1,ebs,snap-0e73ed74377b3b013,vol-0ac7f33abe80b4c96,snap-0e73ed74377b3b013,completed,,40,True,arn:aws:kms:sa-east-1:877001948254:key/5aff9933-4b81-42c7-b410-2161b12d63bc,2022-07-22T07:50:13.863000+00:00,Created by CreateImage(i-042673892af195f71) for ami-02fe478a0a7893764,,mongodb-nike-sales-uat-arbiter
ssrmprod,sa-east-1,ebs,snap-0d50b0d18d3170ede,vol-04ecedad6fdf59fb1,snap-0d50b0d18d3170ede,completed,,8,True,arn:aws:kms:sa-east-1:877001948254:key/5aff9933-4b81-42c7-b410-2161b12d63bc,2022-07-22T07:41:44.038000+00:00,Created by CreateImage(i-01307af2232e38d00) for ami-0a2f1b4abec26737c,,mongodb-nike-sales-prd-a
ssrmprod,sa-east-1,ebs,snap-0ae78f68a3b70b018,vol-0ff861cc38a009407,snap-0ae78f68a3b70b018,completed,,200,True,arn:aws:kms:sa-east-1:877001948254:key/5aff9933-4b81-42c7-b410-2161b12d63bc,2022-07-22T07:55:17.219000+00:00,Created by CreateImage(i-019c43be077fab936) for ami-042c2e3c38161fa51,,mongodb-nike-sales-uat-b
ssrmprod,sa-east-1,ebs,snap-004f7474517b78ef2,vol-056567675c1496fb0,snap-004f7474517b78ef2,completed,,300,True,arn:aws:kms:sa-east-1:877001948254:key/5aff9933-4b81-42c7-b410-2161b12d63bc,2022-07-22T07:41:44.038000+00:00,Created by CreateImage(i-01307af2232e38d00) for ami-0a2f1b4abec26737c,,mongodb-nike-sales-prd-a
ssrmprod,sa-east-1,ebs,snap-0fa31c2ec2b58396c,vol-0249c491f88845810,snap-0fa31c2ec2b58396c,completed,,150,True,arn:aws:kms:sa-east-1:877001948254:key/5aff9933-4b81-42c7-b410-2161b12d63bc,2022-07-21T08:50:18.554000+00:00,Created by CreateImage(i-09ee64877d87075cc) for ami-0dfdfb87a72f71461,,mongodb-nike-sales-uat-a
ssrmprod,sa-east-1,ebs,snap-0a239b9a037de6698,vol-0ff861cc38a009407,snap-0a239b9a037de6698,completed,,200,True,arn:aws:kms:sa-east-1:877001948254:key/5aff9933-4b81-42c7-b410-2161b12d63bc,2022-07-21T08:11:12.850000+00:00,Created by CreateImage(i-019c43be077fab936) for ami-017f8046d62de4736,,mongodb-nike-sales-uat-b
ssrmprod,sa-east-1,ebs,snap-001f43259199aca74,vol-04ecedad6fdf59fb1,snap-001f43259199aca74,completed,,8,True,arn:aws:kms:sa-east-1:877001948254:key/5aff9933-4b81-42c7-b410-2161b12d63bc,2022-07-21T07:44:38.792000+00:00,Created by CreateImage(i-01307af2232e38d00) for ami-01c92e37aadc92f38,,mongodb-nike-sales-prd-a
ssrmprod,sa-east-1,ebs,snap-04e93bb55cd8201cd,vol-056567675c1496fb0,snap-04e93bb55cd8201cd,completed,,300,True,arn:aws:kms:sa-east-1:877001948254:key/5aff9933-4b81-42c7-b410-2161b12d63bc,2022-07-21T07:44:38.792000+00:00,Created by CreateImage(i-01307af2232e38d00) for ami-01c92e37aadc92f38,,mongodb-nike-sales-prd-a
ssrmprod,sa-east-1,ebs,snap-03a7226f8cb7ca427,vol-0ac7f33abe80b4c96,snap-03a7226f8cb7ca427,completed,,40,True,arn:aws:kms:sa-east-1:877001948254:key/5aff9933-4b81-42c7-b410-2161b12d63bc,2022-07-21T07:45:18.009000+00:00,Created by CreateImage(i-042673892af195f71) for ami-0e49990a4525c3cc0,,mongodb-nike-sales-uat-arbiter
ssrmprod,sa-east-1,ebs,snap-0e04b33d3c63b9d79,vol-0249c491f88845810,snap-0e04b33d3c63b9d79,completed,,150,True,arn:aws:kms:sa-east-1:877001948254:key/5aff9933-4b81-42c7-b410-2161b12d63bc,2022-07-20T08:52:08.431000+00:00,Created by CreateImage(i-09ee64877d87075cc) for ami-014a3cb605a4463fb,,mongodb-nike-sales-uat-a
ssrmprod,sa-east-1,ebs,snap-01a0c13db5a1bc537,vol-056567675c1496fb0,snap-01a0c13db5a1bc537,completed,,300,True,arn:aws:kms:sa-east-1:877001948254:key/5aff9933-4b81-42c7-b410-2161b12d63bc,2022-07-20T07:39:02.941000+00:00,Created by CreateImage(i-01307af2232e38d00) for ami-034198a3c43303ab1,,mongodb-nike-sales-prd-a
ssrmprod,sa-east-1,ebs,snap-0746cff625f9e9be3,vol-0ff861cc38a009407,snap-0746cff625f9e9be3,completed,,200,True,arn:aws:kms:sa-east-1:877001948254:key/5aff9933-4b81-42c7-b410-2161b12d63bc,2022-07-20T07:51:44.021000+00:00,Created by CreateImage(i-019c43be077fab936) for ami-068dea63610ee1790,,mongodb-nike-sales-uat-b
ssrmprod,sa-east-1,ebs,snap-0f50172db8ea33a2d,vol-0ac7f33abe80b4c96,snap-0f50172db8ea33a2d,completed,,40,True,arn:aws:kms:sa-east-1:877001948254:key/5aff9933-4b81-42c7-b410-2161b12d63bc,2022-07-20T07:45:44.905000+00:00,Created by CreateImage(i-042673892af195f71) for ami-0c579e8aed673bb5b,,mongodb-nike-sales-uat-arbiter
ssrmprod,sa-east-1,ebs,snap-0221aa2728a27aa4c,vol-04ecedad6fdf59fb1,snap-0221aa2728a27aa4c,completed,,8,True,arn:aws:kms:sa-east-1:877001948254:key/5aff9933-4b81-42c7-b410-2161b12d63bc,2022-07-20T07:39:02.941000+00:00,Created by CreateImage(i-01307af2232e38d00) for ami-034198a3c43303ab1,,mongodb-nike-sales-prd-a
ssrmprod,sa-east-1,ebs,snap-0f31a057c1822d77c,vol-0249c491f88845810,snap-0f31a057c1822d77c,completed,,150,True,arn:aws:kms:sa-east-1:877001948254:key/5aff9933-4b81-42c7-b410-2161b12d63bc,2022-07-19T08:50:57.556000+00:00,Created by CreateImage(i-09ee64877d87075cc) for ami-09e9a036519098a54,,mongodb-nike-sales-uat-a
ssrmprod,sa-east-1,ebs,snap-043db85cc7e094f26,vol-04ecedad6fdf59fb1,snap-043db85cc7e094f26,completed,,8,True,arn:aws:kms:sa-east-1:877001948254:key/5aff9933-4b81-42c7-b410-2161b12d63bc,2022-07-19T07:43:52.604000+00:00,Created by CreateImage(i-01307af2232e38d00) for ami-06cf2ab8402c55d01,,mongodb-nike-sales-prd-a
ssrmprod,sa-east-1,ebs,snap-0122ed4a501e1022b,vol-0ac7f33abe80b4c96,snap-0122ed4a501e1022b,completed,,40,True,arn:aws:kms:sa-east-1:877001948254:key/5aff9933-4b81-42c7-b410-2161b12d63bc,2022-07-19T07:48:00.073000+00:00,Created by CreateImage(i-042673892af195f71) for ami-0a69c26d6aa2335b6,,mongodb-nike-sales-uat-arbiter
ssrmprod,sa-east-1,ebs,snap-027ada8af82ea5b4f,vol-056567675c1496fb0,snap-027ada8af82ea5b4f,completed,,300,True,arn:aws:kms:sa-east-1:877001948254:key/5aff9933-4b81-42c7-b410-2161b12d63bc,2022-07-19T07:43:52.604000+00:00,Created by CreateImage(i-01307af2232e38d00) for ami-06cf2ab8402c55d01,,mongodb-nike-sales-prd-a
ssrmprod,sa-east-1,ebs,snap-04e9cc9f2eead8c2f,vol-0ff861cc38a009407,snap-04e9cc9f2eead8c2f,completed,,200,True,arn:aws:kms:sa-east-1:877001948254:key/5aff9933-4b81-42c7-b410-2161b12d63bc,2022-07-19T07:53:24.104000+00:00,Created by CreateImage(i-019c43be077fab936) for ami-0bb6a93284efbb9f8,,mongodb-nike-sales-uat-b
ssrmprod,sa-east-1,ebs,snap-00487473f31bbc20a,vol-0249c491f88845810,snap-00487473f31bbc20a,completed,,150,True,arn:aws:kms:sa-east-1:877001948254:key/5aff9933-4b81-42c7-b410-2161b12d63bc,2022-07-18T08:51:32.406000+00:00,Created by CreateImage(i-09ee64877d87075cc) for ami-02ef3ba97555ffb3e,,mongodb-nike-sales-uat-a
ssrmprod,sa-east-1,ebs,snap-0aaad9e9529007f71,vol-0ff861cc38a009407,snap-0aaad9e9529007f71,completed,,200,True,arn:aws:kms:sa-east-1:877001948254:key/5aff9933-4b81-42c7-b410-2161b12d63bc,2022-07-18T08:11:13.650000+00:00,Created by CreateImage(i-019c43be077fab936) for ami-07195b74d07270a34,,mongodb-nike-sales-uat-b
ssrmprod,sa-east-1,ebs,snap-0523718f544c9dcc7,vol-0ac7f33abe80b4c96,snap-0523718f544c9dcc7,completed,,40,True,arn:aws:kms:sa-east-1:877001948254:key/5aff9933-4b81-42c7-b410-2161b12d63bc,2022-07-18T07:46:00.146000+00:00,Created by CreateImage(i-042673892af195f71) for ami-07794a2930bd2ead1,,mongodb-nike-sales-uat-arbiter
ssrmprod,sa-east-1,ebs,snap-027bee618376f86cb,vol-04ecedad6fdf59fb1,snap-027bee618376f86cb,completed,,8,True,arn:aws:kms:sa-east-1:877001948254:key/5aff9933-4b81-42c7-b410-2161b12d63bc,2022-07-18T07:39:17.950000+00:00,Created by CreateImage(i-01307af2232e38d00) for ami-09b2790708e0e6824,,mongodb-nike-sales-prd-a
ssrmprod,sa-east-1,ebs,snap-01d1acb40d42834c8,vol-056567675c1496fb0,snap-01d1acb40d42834c8,completed,,300,True,arn:aws:kms:sa-east-1:877001948254:key/5aff9933-4b81-42c7-b410-2161b12d63bc,2022-07-18T07:39:17.950000+00:00,Created by CreateImage(i-01307af2232e38d00) for ami-09b2790708e0e6824,,mongodb-nike-sales-prd-a
ssrmprod,sa-east-1,ebs,snap-0dd4b3e40e31f9f9b,vol-0249c491f88845810,snap-0dd4b3e40e31f9f9b,completed,,150,True,arn:aws:kms:sa-east-1:877001948254:key/5aff9933-4b81-42c7-b410-2161b12d63bc,2022-07-17T08:54:10.264000+00:00,Created by CreateImage(i-09ee64877d87075cc) for ami-0dbf449ed7ed89478,,mongodb-nike-sales-uat-a
ssrmprod,sa-east-1,ebs,snap-07e5472ca5a1757e9,vol-0ac7f33abe80b4c96,snap-07e5472ca5a1757e9,completed,,40,True,arn:aws:kms:sa-east-1:877001948254:key/5aff9933-4b81-42c7-b410-2161b12d63bc,2022-07-17T07:45:49.201000+00:00,Created by CreateImage(i-042673892af195f71) for ami-087214f09a7eb9447,,mongodb-nike-sales-uat-arbiter
ssrmprod,sa-east-1,ebs,snap-09369b5639e61446f,vol-0ff861cc38a009407,snap-09369b5639e61446f,completed,,200,True,arn:aws:kms:sa-east-1:877001948254:key/5aff9933-4b81-42c7-b410-2161b12d63bc,2022-07-17T07:52:14.042000+00:00,Created by CreateImage(i-019c43be077fab936) for ami-03fb97443328b3dd8,,mongodb-nike-sales-uat-b
ssrmprod,sa-east-1,ebs,snap-0e56b7ca2d5ecf169,vol-04ecedad6fdf59fb1,snap-0e56b7ca2d5ecf169,completed,,8,True,arn:aws:kms:sa-east-1:877001948254:key/5aff9933-4b81-42c7-b410-2161b12d63bc,2022-07-17T07:36:44.875000+00:00,Created by CreateImage(i-01307af2232e38d00) for ami-0b64515dd819a1666,,mongodb-nike-sales-prd-a
ssrmprod,sa-east-1,ebs,snap-03a67a12743f9ea5a,vol-056567675c1496fb0,snap-03a67a12743f9ea5a,completed,,300,True,arn:aws:kms:sa-east-1:877001948254:key/5aff9933-4b81-42c7-b410-2161b12d63bc,2022-07-17T07:36:44.875000+00:00,Created by CreateImage(i-01307af2232e38d00) for ami-0b64515dd819a1666,,mongodb-nike-sales-prd-a
ssrmprod,sa-east-1,ebs,snap-00429d3fa52633c75,vol-0249c491f88845810,snap-00429d3fa52633c75,completed,,150,True,arn:aws:kms:sa-east-1:877001948254:key/5aff9933-4b81-42c7-b410-2161b12d63bc,2022-07-16T08:50:09.330000+00:00,Created by CreateImage(i-09ee64877d87075cc) for ami-003f4ea6a46fd2581,,mongodb-nike-sales-uat-a
ssrmprod,sa-east-1,ebs,snap-0f52832cc490e2854,vol-0ff861cc38a009407,snap-0f52832cc490e2854,completed,,200,True,arn:aws:kms:sa-east-1:877001948254:key/5aff9933-4b81-42c7-b410-2161b12d63bc,2022-07-16T07:52:40.087000+00:00,Created by CreateImage(i-019c43be077fab936) for ami-08ddc9c4baf70bca0,,mongodb-nike-sales-uat-b
ssrmprod,sa-east-1,ebs,snap-0731d4229fc6a5272,vol-0ac7f33abe80b4c96,snap-0731d4229fc6a5272,completed,,40,True,arn:aws:kms:sa-east-1:877001948254:key/5aff9933-4b81-42c7-b410-2161b12d63bc,2022-07-16T07:46:29.645000+00:00,Created by CreateImage(i-042673892af195f71) for ami-0c46b36fd8476930d,,mongodb-nike-sales-uat-arbiter
ssrmprod,sa-east-1,ebs,snap-0ebb9e2966b1c5d27,vol-056567675c1496fb0,snap-0ebb9e2966b1c5d27,completed,,300,True,arn:aws:kms:sa-east-1:877001948254:key/5aff9933-4b81-42c7-b410-2161b12d63bc,2022-07-16T07:38:16.773000+00:00,Created by CreateImage(i-01307af2232e38d00) for ami-0358c0795ed7437b4,,mongodb-nike-sales-prd-a
ssrmprod,sa-east-1,ebs,snap-0bfa61398cd89587b,vol-04ecedad6fdf59fb1,snap-0bfa61398cd89587b,completed,,8,True,arn:aws:kms:sa-east-1:877001948254:key/5aff9933-4b81-42c7-b410-2161b12d63bc,2022-07-16T07:38:16.773000+00:00,Created by CreateImage(i-01307af2232e38d00) for ami-0358c0795ed7437b4,,mongodb-nike-sales-prd-a
ssrmprod,sa-east-1,ebs,snap-0a36592f3c4d47140,vol-0249c491f88845810,snap-0a36592f3c4d47140,completed,,150,True,arn:aws:kms:sa-east-1:877001948254:key/5aff9933-4b81-42c7-b410-2161b12d63bc,2022-07-15T09:11:57.901000+00:00,Created by CreateImage(i-09ee64877d87075cc) for ami-07c31bab6d88ca6fb,,mongodb-nike-sales-uat-a
ssrmprod,sa-east-1,ebs,snap-0fd571efdd622b9eb,vol-0ff861cc38a009407,snap-0fd571efdd622b9eb,completed,,200,True,arn:aws:kms:sa-east-1:877001948254:key/5aff9933-4b81-42c7-b410-2161b12d63bc,2022-07-15T08:10:26.317000+00:00,Created by CreateImage(i-019c43be077fab936) for ami-0ce417ba96f3daf00,,mongodb-nike-sales-uat-b
ssrmprod,sa-east-1,ebs,snap-09c7b1d8e1f44c97e,vol-04ecedad6fdf59fb1,snap-09c7b1d8e1f44c97e,completed,,8,True,arn:aws:kms:sa-east-1:877001948254:key/5aff9933-4b81-42c7-b410-2161b12d63bc,2022-07-15T07:37:34.775000+00:00,Created by CreateImage(i-01307af2232e38d00) for ami-02ae8bf16c88889d8,,mongodb-nike-sales-prd-a
ssrmprod,sa-east-1,ebs,snap-00ef5266796c3635d,vol-0ac7f33abe80b4c96,snap-00ef5266796c3635d,completed,,40,True,arn:aws:kms:sa-east-1:877001948254:key/5aff9933-4b81-42c7-b410-2161b12d63bc,2022-07-15T07:44:41.614000+00:00,Created by CreateImage(i-042673892af195f71) for ami-0a79cbe5d0163db8d,,mongodb-nike-sales-uat-arbiter
ssrmprod,sa-east-1,ebs,snap-0fdb2d9fba39fc403,vol-056567675c1496fb0,snap-0fdb2d9fba39fc403,completed,,300,True,arn:aws:kms:sa-east-1:877001948254:key/5aff9933-4b81-42c7-b410-2161b12d63bc,2022-07-15T07:37:34.775000+00:00,Created by CreateImage(i-01307af2232e38d00) for ami-02ae8bf16c88889d8,,mongodb-nike-sales-prd-a
ssrmprod,sa-east-1,ebs,snap-0b76d6f8a631ddbbe,vol-0249c491f88845810,snap-0b76d6f8a631ddbbe,completed,,150,True,arn:aws:kms:sa-east-1:877001948254:key/5aff9933-4b81-42c7-b410-2161b12d63bc,2022-07-14T08:52:51.453000+00:00,Created by CreateImage(i-09ee64877d87075cc) for ami-0be0769b7893c77e0,,mongodb-nike-sales-uat-a
ssrmprod,sa-east-1,ebs,snap-0c6f732e2ce9b7d7e,vol-0ff861cc38a009407,snap-0c6f732e2ce9b7d7e,completed,,200,True,arn:aws:kms:sa-east-1:877001948254:key/5aff9933-4b81-42c7-b410-2161b12d63bc,2022-07-14T07:54:40.927000+00:00,Created by CreateImage(i-019c43be077fab936) for ami-02aeab20c1d1a4abf,,mongodb-nike-sales-uat-b
ssrmprod,sa-east-1,ebs,snap-0522ba4d1e19b564a,vol-0ac7f33abe80b4c96,snap-0522ba4d1e19b564a,completed,,40,True,arn:aws:kms:sa-east-1:877001948254:key/5aff9933-4b81-42c7-b410-2161b12d63bc,2022-07-14T07:44:58.750000+00:00,Created by CreateImage(i-042673892af195f71) for ami-0cecd12d0b7559bd5,,mongodb-nike-sales-uat-arbiter
ssrmprod,sa-east-1,ebs,snap-061e61e2cf7a814ce,vol-056567675c1496fb0,snap-061e61e2cf7a814ce,completed,,300,True,arn:aws:kms:sa-east-1:877001948254:key/5aff9933-4b81-42c7-b410-2161b12d63bc,2022-07-14T07:37:03.643000+00:00,Created by CreateImage(i-01307af2232e38d00) for ami-0c37298f15362fab6,,mongodb-nike-sales-prd-a
ssrmprod,sa-east-1,ebs,snap-02410cb45d2cb3fdb,vol-04ecedad6fdf59fb1,snap-02410cb45d2cb3fdb,completed,,8,True,arn:aws:kms:sa-east-1:877001948254:key/5aff9933-4b81-42c7-b410-2161b12d63bc,2022-07-14T07:37:03.643000+00:00,Created by CreateImage(i-01307af2232e38d00) for ami-0c37298f15362fab6,,mongodb-nike-sales-prd-a
ssrmprod,sa-east-1,ebs,snap-0d067218cff9f86e7,vol-0249c491f88845810,snap-0d067218cff9f86e7,completed,,150,True,arn:aws:kms:sa-east-1:877001948254:key/5aff9933-4b81-42c7-b410-2161b12d63bc,2022-07-13T08:53:38.788000+00:00,Created by CreateImage(i-09ee64877d87075cc) for ami-04e76ddadc7c04d02,,mongodb-nike-sales-uat-a
ssrmprod,sa-east-1,ebs,snap-03e77f5d13e95a65d,vol-04ecedad6fdf59fb1,snap-03e77f5d13e95a65d,completed,,8,True,arn:aws:kms:sa-east-1:877001948254:key/5aff9933-4b81-42c7-b410-2161b12d63bc,2022-07-13T07:40:32.004000+00:00,Created by CreateImage(i-01307af2232e38d00) for ami-0a111e41296519e56,,mongodb-nike-sales-prd-a
ssrmprod,sa-east-1,ebs,snap-09df63478bd722254,vol-0ac7f33abe80b4c96,snap-09df63478bd722254,completed,,40,True,arn:aws:kms:sa-east-1:877001948254:key/5aff9933-4b81-42c7-b410-2161b12d63bc,2022-07-13T07:44:59.876000+00:00,Created by CreateImage(i-042673892af195f71) for ami-02e6e45bc2ca5d69a,,mongodb-nike-sales-uat-arbiter
ssrmprod,sa-east-1,ebs,snap-07ab31bf87369fbd2,vol-0ff861cc38a009407,snap-07ab31bf87369fbd2,completed,,200,True,arn:aws:kms:sa-east-1:877001948254:key/5aff9933-4b81-42c7-b410-2161b12d63bc,2022-07-13T08:08:57.860000+00:00,Created by CreateImage(i-019c43be077fab936) for ami-0aa4442ccddcf54ec,,mongodb-nike-sales-uat-b
ssrmprod,sa-east-1,ebs,snap-026f8ab08145e77a5,vol-056567675c1496fb0,snap-026f8ab08145e77a5,completed,,300,True,arn:aws:kms:sa-east-1:877001948254:key/5aff9933-4b81-42c7-b410-2161b12d63bc,2022-07-13T07:40:32.004000+00:00,Created by CreateImage(i-01307af2232e38d00) for ami-0a111e41296519e56,,mongodb-nike-sales-prd-a
ssrmprod,sa-east-1,ebs,snap-002a45555a4a44637,vol-0249c491f88845810,snap-002a45555a4a44637,completed,,150,True,arn:aws:kms:sa-east-1:877001948254:key/5aff9933-4b81-42c7-b410-2161b12d63bc,2022-07-12T08:53:58.730000+00:00,Created by CreateImage(i-09ee64877d87075cc) for ami-04d002a09c38d50b4,,mongodb-nike-sales-uat-a
ssrmprod,sa-east-1,ebs,snap-0c6ff73f0e15bb150,vol-0ac7f33abe80b4c96,snap-0c6ff73f0e15bb150,completed,,40,True,arn:aws:kms:sa-east-1:877001948254:key/5aff9933-4b81-42c7-b410-2161b12d63bc,2022-07-12T07:52:16.145000+00:00,Created by CreateImage(i-042673892af195f71) for ami-031e84281e2607f70,,mongodb-nike-sales-uat-arbiter
ssrmprod,sa-east-1,ebs,snap-08552bc668538071b,vol-0ff861cc38a009407,snap-08552bc668538071b,completed,,200,True,arn:aws:kms:sa-east-1:877001948254:key/5aff9933-4b81-42c7-b410-2161b12d63bc,2022-07-12T08:08:23.587000+00:00,Created by CreateImage(i-019c43be077fab936) for ami-026ebb40fa8765411,,mongodb-nike-sales-uat-b
ssrmprod,sa-east-1,ebs,snap-02d035a7129feec08,vol-056567675c1496fb0,snap-02d035a7129feec08,completed,,300,True,arn:aws:kms:sa-east-1:877001948254:key/5aff9933-4b81-42c7-b410-2161b12d63bc,2022-07-12T07:42:25.422000+00:00,Created by CreateImage(i-01307af2232e38d00) for ami-04e24b0521ac7dd63,,mongodb-nike-sales-prd-a
ssrmprod,sa-east-1,ebs,snap-06fc940d372a9dc7c,vol-04ecedad6fdf59fb1,snap-06fc940d372a9dc7c,completed,,8,True,arn:aws:kms:sa-east-1:877001948254:key/5aff9933-4b81-42c7-b410-2161b12d63bc,2022-07-12T07:42:25.422000+00:00,Created by CreateImage(i-01307af2232e38d00) for ami-04e24b0521ac7dd63,,mongodb-nike-sales-prd-a
ssrmprod,sa-east-1,ebs,snap-0bb107e9ef18e4f63,vol-0249c491f88845810,snap-0bb107e9ef18e4f63,completed,,150,True,arn:aws:kms:sa-east-1:877001948254:key/5aff9933-4b81-42c7-b410-2161b12d63bc,2022-07-11T08:51:14.619000+00:00,Created by CreateImage(i-09ee64877d87075cc) for ami-0127860b0346f9f6d,,mongodb-nike-sales-uat-a
ssrmprod,sa-east-1,ebs,snap-0356ebaa395b328c7,vol-0ac7f33abe80b4c96,snap-0356ebaa395b328c7,completed,,40,True,arn:aws:kms:sa-east-1:877001948254:key/5aff9933-4b81-42c7-b410-2161b12d63bc,2022-07-11T07:50:19.004000+00:00,Created by CreateImage(i-042673892af195f71) for ami-0fa78efdaa345da6e,,mongodb-nike-sales-uat-arbiter
ssrmprod,sa-east-1,ebs,snap-09d52ec1bcdb2fcf6,vol-04ecedad6fdf59fb1,snap-09d52ec1bcdb2fcf6,completed,,8,True,arn:aws:kms:sa-east-1:877001948254:key/5aff9933-4b81-42c7-b410-2161b12d63bc,2022-07-11T07:43:46.012000+00:00,Created by CreateImage(i-01307af2232e38d00) for ami-0bbcef03dfbf7301e,,mongodb-nike-sales-prd-a
ssrmprod,sa-east-1,ebs,snap-027fce7d64ed5b9ea,vol-056567675c1496fb0,snap-027fce7d64ed5b9ea,completed,,300,True,arn:aws:kms:sa-east-1:877001948254:key/5aff9933-4b81-42c7-b410-2161b12d63bc,2022-07-11T07:43:46.012000+00:00,Created by CreateImage(i-01307af2232e38d00) for ami-0bbcef03dfbf7301e,,mongodb-nike-sales-prd-a
ssrmprod,sa-east-1,ebs,snap-0aa320bb955cba5e7,vol-0ff861cc38a009407,snap-0aa320bb955cba5e7,completed,,200,True,arn:aws:kms:sa-east-1:877001948254:key/5aff9933-4b81-42c7-b410-2161b12d63bc,2022-07-11T07:54:24.287000+00:00,Created by CreateImage(i-019c43be077fab936) for ami-0e4e0990eb8d5c215,,mongodb-nike-sales-uat-b
ssrmprod,sa-east-1,ebs,snap-01746f5cc1d666e97,vol-0249c491f88845810,snap-01746f5cc1d666e97,completed,,150,True,arn:aws:kms:sa-east-1:877001948254:key/5aff9933-4b81-42c7-b410-2161b12d63bc,2022-07-10T09:12:46.304000+00:00,Created by CreateImage(i-09ee64877d87075cc) for ami-0d451b1f2d81aeccf,,mongodb-nike-sales-uat-a
ssrmprod,sa-east-1,ebs,snap-06c72cc0150bc6245,vol-0ff861cc38a009407,snap-06c72cc0150bc6245,completed,,200,True,arn:aws:kms:sa-east-1:877001948254:key/5aff9933-4b81-42c7-b410-2161b12d63bc,2022-07-10T08:10:30.478000+00:00,Created by CreateImage(i-019c43be077fab936) for ami-0370b5b91f71e7a67,,mongodb-nike-sales-uat-b
ssrmprod,sa-east-1,ebs,snap-07ffcbeae75cd3cae,vol-056567675c1496fb0,snap-07ffcbeae75cd3cae,completed,,300,True,arn:aws:kms:sa-east-1:877001948254:key/5aff9933-4b81-42c7-b410-2161b12d63bc,2022-07-10T07:42:48.691000+00:00,Created by CreateImage(i-01307af2232e38d00) for ami-01140577dc4a408dc,,mongodb-nike-sales-prd-a
ssrmprod,sa-east-1,ebs,snap-0f2d557230cb3d8d4,vol-04ecedad6fdf59fb1,snap-0f2d557230cb3d8d4,completed,,8,True,arn:aws:kms:sa-east-1:877001948254:key/5aff9933-4b81-42c7-b410-2161b12d63bc,2022-07-10T07:42:48.691000+00:00,Created by CreateImage(i-01307af2232e38d00) for ami-01140577dc4a408dc,,mongodb-nike-sales-prd-a
ssrmprod,sa-east-1,ebs,snap-06a5a4a2606d2142b,vol-0ac7f33abe80b4c96,snap-06a5a4a2606d2142b,completed,,40,True,arn:aws:kms:sa-east-1:877001948254:key/5aff9933-4b81-42c7-b410-2161b12d63bc,2022-07-10T07:45:38.644000+00:00,Created by CreateImage(i-042673892af195f71) for ami-0c5150e99da8f165f,,mongodb-nike-sales-uat-arbiter
ssrmprod,sa-east-1,ebs,snap-08b4c625cdf81e78d,vol-0249c491f88845810,snap-08b4c625cdf81e78d,completed,,150,True,arn:aws:kms:sa-east-1:877001948254:key/5aff9933-4b81-42c7-b410-2161b12d63bc,2022-07-09T08:54:46.209000+00:00,Created by CreateImage(i-09ee64877d87075cc) for ami-094a3ef2878e5385b,,mongodb-nike-sales-uat-a
ssrmprod,sa-east-1,ebs,snap-0e1af5eb087ae0bc9,vol-0ff861cc38a009407,snap-0e1af5eb087ae0bc9,completed,,200,True,arn:aws:kms:sa-east-1:877001948254:key/5aff9933-4b81-42c7-b410-2161b12d63bc,2022-07-09T07:53:59.026000+00:00,Created by CreateImage(i-019c43be077fab936) for ami-011d61e5f509d18ef,,mongodb-nike-sales-uat-b
ssrmprod,sa-east-1,ebs,snap-050c991dddfcec564,vol-056567675c1496fb0,snap-050c991dddfcec564,completed,,300,True,arn:aws:kms:sa-east-1:877001948254:key/5aff9933-4b81-42c7-b410-2161b12d63bc,2022-07-09T07:37:45.584000+00:00,Created by CreateImage(i-01307af2232e38d00) for ami-07810fc723407776a,,mongodb-nike-sales-prd-a
ssrmprod,sa-east-1,ebs,snap-0d6e4e87fb89803a7,vol-0ac7f33abe80b4c96,snap-0d6e4e87fb89803a7,completed,,40,True,arn:aws:kms:sa-east-1:877001948254:key/5aff9933-4b81-42c7-b410-2161b12d63bc,2022-07-09T07:44:51.673000+00:00,Created by CreateImage(i-042673892af195f71) for ami-05d3e53dbaf9f60bc,,mongodb-nike-sales-uat-arbiter
ssrmprod,sa-east-1,ebs,snap-06062576b5e157a91,vol-04ecedad6fdf59fb1,snap-06062576b5e157a91,completed,,8,True,arn:aws:kms:sa-east-1:877001948254:key/5aff9933-4b81-42c7-b410-2161b12d63bc,2022-07-09T07:37:45.584000+00:00,Created by CreateImage(i-01307af2232e38d00) for ami-07810fc723407776a,,mongodb-nike-sales-prd-a
ssrmprod,sa-east-1,ebs,snap-02401b36ae8990c0b,vol-0249c491f88845810,snap-02401b36ae8990c0b,completed,,150,True,arn:aws:kms:sa-east-1:877001948254:key/5aff9933-4b81-42c7-b410-2161b12d63bc,2022-07-08T08:51:13.812000+00:00,Created by CreateImage(i-09ee64877d87075cc) for ami-05f7093b193010552,,mongodb-nike-sales-uat-a
ssrmprod,sa-east-1,ebs,snap-0d089421476de81b7,vol-04ecedad6fdf59fb1,snap-0d089421476de81b7,completed,,8,True,arn:aws:kms:sa-east-1:877001948254:key/5aff9933-4b81-42c7-b410-2161b12d63bc,2022-07-08T07:45:24.750000+00:00,Created by CreateImage(i-01307af2232e38d00) for ami-06be0f247814a29ca,,mongodb-nike-sales-prd-a
ssrmprod,sa-east-1,ebs,snap-0672d244a9bd7d1e8,vol-0ff861cc38a009407,snap-0672d244a9bd7d1e8,completed,,200,True,arn:aws:kms:sa-east-1:877001948254:key/5aff9933-4b81-42c7-b410-2161b12d63bc,2022-07-08T07:55:43.742000+00:00,Created by CreateImage(i-019c43be077fab936) for ami-07b6007f7feb47e06,,mongodb-nike-sales-uat-b
ssrmprod,sa-east-1,ebs,snap-01f8d7047269fe54f,vol-0ac7f33abe80b4c96,snap-01f8d7047269fe54f,completed,,40,True,arn:aws:kms:sa-east-1:877001948254:key/5aff9933-4b81-42c7-b410-2161b12d63bc,2022-07-08T07:45:40.830000+00:00,Created by CreateImage(i-042673892af195f71) for ami-0a8be57a962ac0d51,,mongodb-nike-sales-uat-arbiter
ssrmprod,sa-east-1,ebs,snap-056717a42ea8c10cc,vol-056567675c1496fb0,snap-056717a42ea8c10cc,completed,,300,True,arn:aws:kms:sa-east-1:877001948254:key/5aff9933-4b81-42c7-b410-2161b12d63bc,2022-07-08T07:45:24.750000+00:00,Created by CreateImage(i-01307af2232e38d00) for ami-06be0f247814a29ca,,mongodb-nike-sales-prd-a
ssrmprod,sa-east-1,ebs,snap-09aa5f0027f3f4792,vol-0249c491f88845810,snap-09aa5f0027f3f4792,completed,,150,True,arn:aws:kms:sa-east-1:877001948254:key/5aff9933-4b81-42c7-b410-2161b12d63bc,2022-07-07T09:11:48.365000+00:00,Created by CreateImage(i-09ee64877d87075cc) for ami-04a53a4eecbe66d39,,mongodb-nike-sales-uat-a
ssrmprod,sa-east-1,ebs,snap-03be97383843bcb9b,vol-04ecedad6fdf59fb1,snap-03be97383843bcb9b,completed,,8,True,arn:aws:kms:sa-east-1:877001948254:key/5aff9933-4b81-42c7-b410-2161b12d63bc,2022-07-07T07:38:08.715000+00:00,Created by CreateImage(i-01307af2232e38d00) for ami-05b254c5db5d7ff7e,,mongodb-nike-sales-prd-a
ssrmprod,sa-east-1,ebs,snap-0c42c985b89e41aee,vol-0ff861cc38a009407,snap-0c42c985b89e41aee,completed,,200,True,arn:aws:kms:sa-east-1:877001948254:key/5aff9933-4b81-42c7-b410-2161b12d63bc,2022-07-07T08:11:49.506000+00:00,Created by CreateImage(i-019c43be077fab936) for ami-091a3ba2e2f44abd3,,mongodb-nike-sales-uat-b
ssrmprod,sa-east-1,ebs,snap-0b74fae09c372b314,vol-0ac7f33abe80b4c96,snap-0b74fae09c372b314,completed,,40,True,arn:aws:kms:sa-east-1:877001948254:key/5aff9933-4b81-42c7-b410-2161b12d63bc,2022-07-07T07:49:55.682000+00:00,Created by CreateImage(i-042673892af195f71) for ami-0960e817bddfb2f82,,mongodb-nike-sales-uat-arbiter
ssrmprod,sa-east-1,ebs,snap-0afb3671084aa86f2,vol-056567675c1496fb0,snap-0afb3671084aa86f2,completed,,300,True,arn:aws:kms:sa-east-1:877001948254:key/5aff9933-4b81-42c7-b410-2161b12d63bc,2022-07-07T07:38:08.715000+00:00,Created by CreateImage(i-01307af2232e38d00) for ami-05b254c5db5d7ff7e,,mongodb-nike-sales-prd-a
ssrmprod,sa-east-1,ebs,snap-061f31de60beb4ca3,vol-0249c491f88845810,snap-061f31de60beb4ca3,completed,,150,True,arn:aws:kms:sa-east-1:877001948254:key/5aff9933-4b81-42c7-b410-2161b12d63bc,2022-07-06T08:51:04.203000+00:00,Created by CreateImage(i-09ee64877d87075cc) for ami-08b3f02e8dbf3dd17,,mongodb-nike-sales-uat-a
ssrmprod,sa-east-1,ebs,snap-08f23a8119e325437,vol-0ff861cc38a009407,snap-08f23a8119e325437,completed,,200,True,arn:aws:kms:sa-east-1:877001948254:key/5aff9933-4b81-42c7-b410-2161b12d63bc,2022-07-06T07:55:09.098000+00:00,Created by CreateImage(i-019c43be077fab936) for ami-0a6fdcd2d1cc0bad5,,mongodb-nike-sales-uat-b
ssrmprod,sa-east-1,ebs,snap-0d2169a95d0faa3e0,vol-0ac7f33abe80b4c96,snap-0d2169a95d0faa3e0,completed,,40,True,arn:aws:kms:sa-east-1:877001948254:key/5aff9933-4b81-42c7-b410-2161b12d63bc,2022-07-06T07:45:08.074000+00:00,Created by CreateImage(i-042673892af195f71) for ami-07a620e230342efe7,,mongodb-nike-sales-uat-arbiter
ssrmprod,sa-east-1,ebs,snap-026ce9fdbbe9e175f,vol-04ecedad6fdf59fb1,snap-026ce9fdbbe9e175f,completed,,8,True,arn:aws:kms:sa-east-1:877001948254:key/5aff9933-4b81-42c7-b410-2161b12d63bc,2022-07-06T07:40:17.177000+00:00,Created by CreateImage(i-01307af2232e38d00) for ami-05a82354421359d43,,mongodb-nike-sales-prd-a
ssrmprod,sa-east-1,ebs,snap-0e8d0cc643cdb104a,vol-056567675c1496fb0,snap-0e8d0cc643cdb104a,completed,,300,True,arn:aws:kms:sa-east-1:877001948254:key/5aff9933-4b81-42c7-b410-2161b12d63bc,2022-07-06T07:40:17.177000+00:00,Created by CreateImage(i-01307af2232e38d00) for ami-05a82354421359d43,,mongodb-nike-sales-prd-a
ssrmprod,sa-east-1,ebs,snap-066c47887a3745ec3,vol-0249c491f88845810,snap-066c47887a3745ec3,completed,,150,True,arn:aws:kms:sa-east-1:877001948254:key/5aff9933-4b81-42c7-b410-2161b12d63bc,2022-07-05T08:53:33.206000+00:00,Created by CreateImage(i-09ee64877d87075cc) for ami-0e99c93cb0e15d290,,mongodb-nike-sales-uat-a
ssrmprod,sa-east-1,ebs,snap-050278d015794a1f4,vol-0ff861cc38a009407,snap-050278d015794a1f4,completed,,200,True,arn:aws:kms:sa-east-1:877001948254:key/5aff9933-4b81-42c7-b410-2161b12d63bc,2022-07-05T08:07:18.254000+00:00,Created by CreateImage(i-019c43be077fab936) for ami-005569035ff4bbfa9,,mongodb-nike-sales-uat-b
ssrmprod,sa-east-1,ebs,snap-0f867744575e7a710,vol-056567675c1496fb0,snap-0f867744575e7a710,completed,,300,True,arn:aws:kms:sa-east-1:877001948254:key/5aff9933-4b81-42c7-b410-2161b12d63bc,2022-07-05T07:37:23.296000+00:00,Created by CreateImage(i-01307af2232e38d00) for ami-05d64063c28f42091,,mongodb-nike-sales-prd-a
ssrmprod,sa-east-1,ebs,snap-088ca60a19f176eef,vol-04ecedad6fdf59fb1,snap-088ca60a19f176eef,completed,,8,True,arn:aws:kms:sa-east-1:877001948254:key/5aff9933-4b81-42c7-b410-2161b12d63bc,2022-07-05T07:37:23.296000+00:00,Created by CreateImage(i-01307af2232e38d00) for ami-05d64063c28f42091,,mongodb-nike-sales-prd-a
ssrmprod,sa-east-1,ebs,snap-080a4a4721565d6e2,vol-0ac7f33abe80b4c96,snap-080a4a4721565d6e2,completed,,40,True,arn:aws:kms:sa-east-1:877001948254:key/5aff9933-4b81-42c7-b410-2161b12d63bc,2022-07-05T07:45:49.155000+00:00,Created by CreateImage(i-042673892af195f71) for ami-0d94d2c3c1b3d534b,,mongodb-nike-sales-uat-arbiter
ssrmprod,sa-east-1,ebs,snap-07c5c336b75a26b82,vol-0a5cb64d1ef58d94f,snap-07c5c336b75a26b82,completed,,16,True,arn:aws:kms:sa-east-1:877001948254:key/5aff9933-4b81-42c7-b410-2161b12d63bc,2023-08-22T21:01:07.158000+00:00,Created by CreateImage(i-0db217cc4192a62c0) for ami-0d1ccbaa1e01b6051,,
ssrmprod,sa-east-1,ebs,snap-07a5be7a0f7d35165,vol-0f75bd16df49e84b6,snap-07a5be7a0f7d35165,completed,,700,True,arn:aws:kms:sa-east-1:877001948254:key/5aff9933-4b81-42c7-b410-2161b12d63bc,2023-08-22T21:01:07.158000+00:00,Created by CreateImage(i-0db217cc4192a62c0) for ami-0d1ccbaa1e01b6051,,
ssrmprod,sa-east-1,ebs,snap-01d1c550b8e70107e,vol-02fc6bfbef5ef3fd7,snap-01d1c550b8e70107e,completed,,20,True,arn:aws:kms:sa-east-1:877001948254:key/5aff9933-4b81-42c7-b410-2161b12d63bc,2023-02-02T22:58:27.430000+00:00,Created by CreateImage(i-09ee64877d87075cc) for ami-09306aeb120237571,,
ssrmprod,sa-east-1,ebs,snap-0d0e0d3053e584fdd,vol-016a45017ba45cda0,snap-0d0e0d3053e584fdd,completed,,40,True,arn:aws:kms:sa-east-1:877001948254:key/5aff9933-4b81-42c7-b410-2161b12d63bc,2023-02-02T22:58:27.430000+00:00,Created by CreateImage(i-09ee64877d87075cc) for ami-09306aeb120237571,,
ssrmprod,sa-east-1,ebs,snap-0dd0f0ee4fc39656d,vol-016a45017ba45cda0,snap-0dd0f0ee4fc39656d,completed,,40,True,arn:aws:kms:sa-east-1:877001948254:key/5aff9933-4b81-42c7-b410-2161b12d63bc,2022-09-02T08:50:53.815000+00:00,Created by CreateImage(i-09ee64877d87075cc) for ami-0b3c4742dadd94326,,mongodb-nike-sales-uat-a
ssrmprod,sa-east-1,ebs,snap-099ece308b2cdf89c,vol-02fc6bfbef5ef3fd7,snap-099ece308b2cdf89c,completed,,20,True,arn:aws:kms:sa-east-1:877001948254:key/5aff9933-4b81-42c7-b410-2161b12d63bc,2022-09-02T08:50:53.815000+00:00,Created by CreateImage(i-09ee64877d87075cc) for ami-0b3c4742dadd94326,,
ssrmprod,sa-east-1,ebs,snap-0f4970a7ae84f58a7,vol-0e9a84e06198fb3ea,snap-0f4970a7ae84f58a7,completed,,10,True,arn:aws:kms:sa-east-1:877001948254:key/5aff9933-4b81-42c7-b410-2161b12d63bc,2022-09-02T07:54:44.349000+00:00,Created by CreateImage(i-019c43be077fab936) for ami-0cc397cc27be95ca6,,mongodb-nike-sales-uat-b
ssrmprod,sa-east-1,ebs,snap-012d43cb8c4725c47,vol-0af2a470a7dac5674,snap-012d43cb8c4725c47,completed,,100,True,arn:aws:kms:sa-east-1:877001948254:key/5aff9933-4b81-42c7-b410-2161b12d63bc,2022-09-02T07:37:51.932000+00:00,Created by CreateImage(i-01307af2232e38d00) for ami-02f65e3613754d33f,,mongodb-nike-sales-prd-a-log-bkp
ssrmprod,sa-east-1,ebs,snap-077d1691ae849a3a6,vol-07724c4e126ac1b37,snap-077d1691ae849a3a6,completed,,16,True,arn:aws:kms:sa-east-1:877001948254:key/5aff9933-4b81-42c7-b410-2161b12d63bc,2022-09-02T07:42:11.261000+00:00,Created by CreateImage(i-0db217cc4192a62c0) for ami-0eab0791305a908d8,,mongodb-nike-sales-prd-b
ssrmprod,sa-east-1,ebs,snap-05bc746455d307d9d,vol-0f44908761547fb4b,snap-05bc746455d307d9d,completed,,170,True,arn:aws:kms:sa-east-1:877001948254:key/5aff9933-4b81-42c7-b410-2161b12d63bc,2022-09-02T07:37:51.932000+00:00,Created by CreateImage(i-01307af2232e38d00) for ami-02f65e3613754d33f,,mongodb-nike-sales-prd-a-new
ssrmprod,sa-east-1,ebs,snap-09e422d5864c9dff9,vol-016a45017ba45cda0,snap-09e422d5864c9dff9,completed,,40,True,arn:aws:kms:sa-east-1:877001948254:key/5aff9933-4b81-42c7-b410-2161b12d63bc,2022-09-01T08:53:41.208000+00:00,Created by CreateImage(i-09ee64877d87075cc) for ami-03c080fb6f97f962d,,mongodb-nike-sales-uat-a
ssrmprod,sa-east-1,ebs,snap-0c6b70a5ed48cb739,vol-02fc6bfbef5ef3fd7,snap-0c6b70a5ed48cb739,completed,,20,True,arn:aws:kms:sa-east-1:877001948254:key/5aff9933-4b81-42c7-b410-2161b12d63bc,2022-09-01T08:53:41.208000+00:00,Created by CreateImage(i-09ee64877d87075cc) for ami-03c080fb6f97f962d,,
ssrmprod,sa-east-1,ebs,snap-0913e3a060a83a6e4,vol-07724c4e126ac1b37,snap-0913e3a060a83a6e4,completed,,16,True,arn:aws:kms:sa-east-1:877001948254:key/5aff9933-4b81-42c7-b410-2161b12d63bc,2022-09-01T07:37:08.874000+00:00,Created by CreateImage(i-0db217cc4192a62c0) for ami-0974ea3c6de1ff321,,mongodb-nike-sales-prd-b
ssrmprod,sa-east-1,ebs,snap-001bcf695e54fecf0,vol-0e9a84e06198fb3ea,snap-001bcf695e54fecf0,completed,,10,True,arn:aws:kms:sa-east-1:877001948254:key/5aff9933-4b81-42c7-b410-2161b12d63bc,2022-09-01T08:12:53.432000+00:00,Created by CreateImage(i-019c43be077fab936) for ami-03d7d148052235595,,mongodb-nike-sales-uat-b
ssrmprod,sa-east-1,ebs,snap-0bd24e04151ed8791,vol-0f44908761547fb4b,snap-0bd24e04151ed8791,completed,,170,True,arn:aws:kms:sa-east-1:877001948254:key/5aff9933-4b81-42c7-b410-2161b12d63bc,2022-09-01T07:40:23.927000+00:00,Created by CreateImage(i-01307af2232e38d00) for ami-0841de4a144158c3c,,mongodb-nike-sales-prd-a-new
ssrmprod,sa-east-1,ebs,snap-0dd044942396ade12,vol-0af2a470a7dac5674,snap-0dd044942396ade12,completed,,100,True,arn:aws:kms:sa-east-1:877001948254:key/5aff9933-4b81-42c7-b410-2161b12d63bc,2022-09-01T07:40:23.927000+00:00,Created by CreateImage(i-01307af2232e38d00) for ami-0841de4a144158c3c,,mongodb-nike-sales-prd-a-log-bkp
ssrmprod,sa-east-1,ebs,snap-0fc2c20f9b72f56ae,vol-02fc6bfbef5ef3fd7,snap-0fc2c20f9b72f56ae,completed,,20,True,arn:aws:kms:sa-east-1:877001948254:key/5aff9933-4b81-42c7-b410-2161b12d63bc,2022-08-31T08:54:25.117000+00:00,Created by CreateImage(i-09ee64877d87075cc) for ami-0951d1908ba5a4d68,,
ssrmprod,sa-east-1,ebs,snap-05182171bc54749b5,vol-016a45017ba45cda0,snap-05182171bc54749b5,completed,,40,True,arn:aws:kms:sa-east-1:877001948254:key/5aff9933-4b81-42c7-b410-2161b12d63bc,2022-08-31T08:54:25.117000+00:00,Created by CreateImage(i-09ee64877d87075cc) for ami-0951d1908ba5a4d68,,mongodb-nike-sales-uat-a
ssrmprod,sa-east-1,ebs,snap-07702668ea832e9e7,vol-0e9a84e06198fb3ea,snap-07702668ea832e9e7,completed,,10,True,arn:aws:kms:sa-east-1:877001948254:key/5aff9933-4b81-42c7-b410-2161b12d63bc,2022-08-31T08:06:43.187000+00:00,Created by CreateImage(i-019c43be077fab936) for ami-084cce0ac3b18f664,,mongodb-nike-sales-uat-b
ssrmprod,sa-east-1,ebs,snap-0df478dd61ed5235c,vol-07724c4e126ac1b37,snap-0df478dd61ed5235c,completed,,16,True,arn:aws:kms:sa-east-1:877001948254:key/5aff9933-4b81-42c7-b410-2161b12d63bc,2022-08-31T07:41:10.869000+00:00,Created by CreateImage(i-0db217cc4192a62c0) for ami-07c3c3c0d691f7aea,,mongodb-nike-sales-prd-b
ssrmprod,sa-east-1,ebs,snap-015c01af3e524d441,vol-0f44908761547fb4b,snap-015c01af3e524d441,completed,,170,True,arn:aws:kms:sa-east-1:877001948254:key/5aff9933-4b81-42c7-b410-2161b12d63bc,2022-08-31T07:37:29.856000+00:00,Created by CreateImage(i-01307af2232e38d00) for ami-0ac801289069ac15d,,mongodb-nike-sales-prd-a-new
ssrmprod,sa-east-1,ebs,snap-052c74382b26b45f3,vol-0af2a470a7dac5674,snap-052c74382b26b45f3,completed,,100,True,arn:aws:kms:sa-east-1:877001948254:key/5aff9933-4b81-42c7-b410-2161b12d63bc,2022-08-31T07:37:29.856000+00:00,Created by CreateImage(i-01307af2232e38d00) for ami-0ac801289069ac15d,,mongodb-nike-sales-prd-a-log-bkp
ssrmprod,sa-east-1,ebs,snap-0193a52f67c38db51,vol-016a45017ba45cda0,snap-0193a52f67c38db51,completed,,40,True,arn:aws:kms:sa-east-1:877001948254:key/5aff9933-4b81-42c7-b410-2161b12d63bc,2022-08-30T09:07:17.621000+00:00,Created by CreateImage(i-09ee64877d87075cc) for ami-018dc5a7b5baf3faa,,mongodb-nike-sales-uat-a
ssrmprod,sa-east-1,ebs,snap-0a808811cb20faba5,vol-02fc6bfbef5ef3fd7,snap-0a808811cb20faba5,completed,,20,True,arn:aws:kms:sa-east-1:877001948254:key/5aff9933-4b81-42c7-b410-2161b12d63bc,2022-08-30T09:07:17.621000+00:00,Created by CreateImage(i-09ee64877d87075cc) for ami-018dc5a7b5baf3faa,,
ssrmprod,sa-east-1,ebs,snap-06be727b7ed6bc451,vol-0e9a84e06198fb3ea,snap-06be727b7ed6bc451,completed,,10,True,arn:aws:kms:sa-east-1:877001948254:key/5aff9933-4b81-42c7-b410-2161b12d63bc,2022-08-30T08:09:45.859000+00:00,Created by CreateImage(i-019c43be077fab936) for ami-0ba42cffa5c164caa,,mongodb-nike-sales-uat-b
ssrmprod,sa-east-1,ebs,snap-0638a283fba9ec806,vol-0f44908761547fb4b,snap-0638a283fba9ec806,completed,,170,True,arn:aws:kms:sa-east-1:877001948254:key/5aff9933-4b81-42c7-b410-2161b12d63bc,2022-08-30T07:42:54.730000+00:00,Created by CreateImage(i-01307af2232e38d00) for ami-044064043a2ff4f21,,mongodb-nike-sales-prd-a-new
ssrmprod,sa-east-1,ebs,snap-07b7c0140262ef08a,vol-07724c4e126ac1b37,snap-07b7c0140262ef08a,completed,,16,True,arn:aws:kms:sa-east-1:877001948254:key/5aff9933-4b81-42c7-b410-2161b12d63bc,2022-08-30T07:39:12.861000+00:00,Created by CreateImage(i-0db217cc4192a62c0) for ami-0660cebb88726c4e8,,mongodb-nike-sales-prd-b
ssrmprod,sa-east-1,ebs,snap-021c5934bb928b419,vol-0af2a470a7dac5674,snap-021c5934bb928b419,completed,,100,True,arn:aws:kms:sa-east-1:877001948254:key/5aff9933-4b81-42c7-b410-2161b12d63bc,2022-08-30T07:42:54.730000+00:00,Created by CreateImage(i-01307af2232e38d00) for ami-044064043a2ff4f21,,mongodb-nike-sales-prd-a-log-bkp
ssrmprod,sa-east-1,ebs,snap-09d5bd2edebd0534b,vol-016a45017ba45cda0,snap-09d5bd2edebd0534b,completed,,40,True,arn:aws:kms:sa-east-1:877001948254:key/5aff9933-4b81-42c7-b410-2161b12d63bc,2022-08-29T08:53:42.281000+00:00,Created by CreateImage(i-09ee64877d87075cc) for ami-08a2aec4ad58c30c3,,mongodb-nike-sales-uat-a
ssrmprod,sa-east-1,ebs,snap-0524f791a17dcd8ef,vol-02fc6bfbef5ef3fd7,snap-0524f791a17dcd8ef,completed,,20,True,arn:aws:kms:sa-east-1:877001948254:key/5aff9933-4b81-42c7-b410-2161b12d63bc,2022-08-29T08:53:42.281000+00:00,Created by CreateImage(i-09ee64877d87075cc) for ami-08a2aec4ad58c30c3,,
ssrmprod,sa-east-1,ebs,snap-06d339202960dece2,vol-0e9a84e06198fb3ea,snap-06d339202960dece2,completed,,10,True,arn:aws:kms:sa-east-1:877001948254:key/5aff9933-4b81-42c7-b410-2161b12d63bc,2022-08-29T08:13:41.864000+00:00,Created by CreateImage(i-019c43be077fab936) for ami-078333e7cecea7357,,mongodb-nike-sales-uat-b
ssrmprod,sa-east-1,ebs,snap-059387b03d2c2285e,vol-0af2a470a7dac5674,snap-059387b03d2c2285e,completed,,100,True,arn:aws:kms:sa-east-1:877001948254:key/5aff9933-4b81-42c7-b410-2161b12d63bc,2022-08-29T07:38:49.659000+00:00,Created by CreateImage(i-01307af2232e38d00) for ami-09a02b2e1905a8302,,mongodb-nike-sales-prd-a-log-bkp
ssrmprod,sa-east-1,ebs,snap-00e6862384014068a,vol-07724c4e126ac1b37,snap-00e6862384014068a,completed,,16,True,arn:aws:kms:sa-east-1:877001948254:key/5aff9933-4b81-42c7-b410-2161b12d63bc,2022-08-29T07:40:55.317000+00:00,Created by CreateImage(i-0db217cc4192a62c0) for ami-0ce1c0eee8ca650a9,,mongodb-nike-sales-prd-b
ssrmprod,sa-east-1,ebs,snap-08a6ca1613b1a48c4,vol-0f44908761547fb4b,snap-08a6ca1613b1a48c4,completed,,170,True,arn:aws:kms:sa-east-1:877001948254:key/5aff9933-4b81-42c7-b410-2161b12d63bc,2022-08-29T07:38:49.659000+00:00,Created by CreateImage(i-01307af2232e38d00) for ami-09a02b2e1905a8302,,mongodb-nike-sales-prd-a-new
ssrmprod,sa-east-1,ebs,snap-0391860bae82fbde4,vol-016a45017ba45cda0,snap-0391860bae82fbde4,completed,,40,True,arn:aws:kms:sa-east-1:877001948254:key/5aff9933-4b81-42c7-b410-2161b12d63bc,2022-08-28T08:55:49.301000+00:00,Created by CreateImage(i-09ee64877d87075cc) for ami-08d169f575d67ec66,,mongodb-nike-sales-uat-a
ssrmprod,sa-east-1,ebs,snap-06fe408363cd2b7e7,vol-02fc6bfbef5ef3fd7,snap-06fe408363cd2b7e7,completed,,20,True,arn:aws:kms:sa-east-1:877001948254:key/5aff9933-4b81-42c7-b410-2161b12d63bc,2022-08-28T08:55:49.301000+00:00,Created by CreateImage(i-09ee64877d87075cc) for ami-08d169f575d67ec66,,
ssrmprod,sa-east-1,ebs,snap-0e806911fc0451193,vol-07724c4e126ac1b37,snap-0e806911fc0451193,completed,,16,True,arn:aws:kms:sa-east-1:877001948254:key/5aff9933-4b81-42c7-b410-2161b12d63bc,2022-08-28T07:37:38.857000+00:00,Created by CreateImage(i-0db217cc4192a62c0) for ami-0c5de1b18e0630c55,,mongodb-nike-sales-prd-b
ssrmprod,sa-east-1,ebs,snap-0b73c5183fb022c33,vol-0e9a84e06198fb3ea,snap-0b73c5183fb022c33,completed,,10,True,arn:aws:kms:sa-east-1:877001948254:key/5aff9933-4b81-42c7-b410-2161b12d63bc,2022-08-28T07:52:25.975000+00:00,Created by CreateImage(i-019c43be077fab936) for ami-078827c9bd558ff35,,mongodb-nike-sales-uat-b
ssrmprod,sa-east-1,ebs,snap-03c4ad50c6a78b0fe,vol-0f44908761547fb4b,snap-03c4ad50c6a78b0fe,completed,,170,True,arn:aws:kms:sa-east-1:877001948254:key/5aff9933-4b81-42c7-b410-2161b12d63bc,2022-08-28T07:41:17.707000+00:00,Created by CreateImage(i-01307af2232e38d00) for ami-0bc22b72c347d0e56,,mongodb-nike-sales-prd-a-new
ssrmprod,sa-east-1,ebs,snap-0d96ac8996a910389,vol-0af2a470a7dac5674,snap-0d96ac8996a910389,completed,,100,True,arn:aws:kms:sa-east-1:877001948254:key/5aff9933-4b81-42c7-b410-2161b12d63bc,2022-08-28T07:41:17.707000+00:00,Created by CreateImage(i-01307af2232e38d00) for ami-0bc22b72c347d0e56,,mongodb-nike-sales-prd-a-log-bkp
ssrmprod,sa-east-1,ebs,snap-0bd7d9c5dda574aee,vol-02fc6bfbef5ef3fd7,snap-0bd7d9c5dda574aee,completed,,20,True,arn:aws:kms:sa-east-1:877001948254:key/5aff9933-4b81-42c7-b410-2161b12d63bc,2022-08-27T08:55:27.736000+00:00,Created by CreateImage(i-09ee64877d87075cc) for ami-0c010584a4ea50891,,
ssrmprod,sa-east-1,ebs,snap-0986967f3267b6194,vol-016a45017ba45cda0,snap-0986967f3267b6194,completed,,40,True,arn:aws:kms:sa-east-1:877001948254:key/5aff9933-4b81-42c7-b410-2161b12d63bc,2022-08-27T08:55:27.736000+00:00,Created by CreateImage(i-09ee64877d87075cc) for ami-0c010584a4ea50891,,mongodb-nike-sales-uat-a
ssrmprod,sa-east-1,ebs,snap-0f83e81ad62ab8b3e,vol-0af2a470a7dac5674,snap-0f83e81ad62ab8b3e,completed,,100,True,arn:aws:kms:sa-east-1:877001948254:key/5aff9933-4b81-42c7-b410-2161b12d63bc,2022-08-27T07:43:24.221000+00:00,Created by CreateImage(i-01307af2232e38d00) for ami-014a2269fd5d55096,,mongodb-nike-sales-prd-a-log-bkp
ssrmprod,sa-east-1,ebs,snap-03165637604ab8a9e,vol-07724c4e126ac1b37,snap-03165637604ab8a9e,completed,,16,True,arn:aws:kms:sa-east-1:877001948254:key/5aff9933-4b81-42c7-b410-2161b12d63bc,2022-08-27T07:40:09.014000+00:00,Created by CreateImage(i-0db217cc4192a62c0) for ami-03611a2c14c2a4e2e,,mongodb-nike-sales-prd-b
ssrmprod,sa-east-1,ebs,snap-0f51aaca5cfaca3d4,vol-0f44908761547fb4b,snap-0f51aaca5cfaca3d4,completed,,170,True,arn:aws:kms:sa-east-1:877001948254:key/5aff9933-4b81-42c7-b410-2161b12d63bc,2022-08-27T07:43:24.221000+00:00,Created by CreateImage(i-01307af2232e38d00) for ami-014a2269fd5d55096,,mongodb-nike-sales-prd-a-new
ssrmprod,sa-east-1,ebs,snap-0b6a256a85463bb1f,vol-0e9a84e06198fb3ea,snap-0b6a256a85463bb1f,completed,,10,True,arn:aws:kms:sa-east-1:877001948254:key/5aff9933-4b81-42c7-b410-2161b12d63bc,2022-08-27T07:55:15.903000+00:00,Created by CreateImage(i-019c43be077fab936) for ami-012a346d466ac6f2e,,mongodb-nike-sales-uat-b
ssrmprod,sa-east-1,ebs,snap-02a39d4bbfdab1cf3,vol-02fc6bfbef5ef3fd7,snap-02a39d4bbfdab1cf3,completed,,20,True,arn:aws:kms:sa-east-1:877001948254:key/5aff9933-4b81-42c7-b410-2161b12d63bc,2022-08-26T08:52:10.547000+00:00,Created by CreateImage(i-09ee64877d87075cc) for ami-0d05593859765b6e0,,
ssrmprod,sa-east-1,ebs,snap-0d45348bb39e439a8,vol-016a45017ba45cda0,snap-0d45348bb39e439a8,completed,,40,True,arn:aws:kms:sa-east-1:877001948254:key/5aff9933-4b81-42c7-b410-2161b12d63bc,2022-08-26T08:52:10.547000+00:00,Created by CreateImage(i-09ee64877d87075cc) for ami-0d05593859765b6e0,,mongodb-nike-sales-uat-a
ssrmprod,sa-east-1,ebs,snap-0c47d4d7e30a6b28c,vol-0af2a470a7dac5674,snap-0c47d4d7e30a6b28c,completed,,100,True,arn:aws:kms:sa-east-1:877001948254:key/5aff9933-4b81-42c7-b410-2161b12d63bc,2022-08-26T07:42:42.886000+00:00,Created by CreateImage(i-01307af2232e38d00) for ami-0b22b76dde5eb4b14,,mongodb-nike-sales-prd-a-log-bkp
ssrmprod,sa-east-1,ebs,snap-0eb0d772d2eb04c29,vol-0e9a84e06198fb3ea,snap-0eb0d772d2eb04c29,completed,,10,True,arn:aws:kms:sa-east-1:877001948254:key/5aff9933-4b81-42c7-b410-2161b12d63bc,2022-08-26T07:53:29.101000+00:00,Created by CreateImage(i-019c43be077fab936) for ami-0caefe67552bc6c07,,mongodb-nike-sales-uat-b
ssrmprod,sa-east-1,ebs,snap-0d8ef02b62b6d372e,vol-07724c4e126ac1b37,snap-0d8ef02b62b6d372e,completed,,16,True,arn:aws:kms:sa-east-1:877001948254:key/5aff9933-4b81-42c7-b410-2161b12d63bc,2022-08-26T07:42:20.415000+00:00,Created by CreateImage(i-0db217cc4192a62c0) for ami-05172bf85d1ee489f,,mongodb-nike-sales-prd-b
ssrmprod,sa-east-1,ebs,snap-00d339edab20ea85b,vol-0f44908761547fb4b,snap-00d339edab20ea85b,completed,,170,True,arn:aws:kms:sa-east-1:877001948254:key/5aff9933-4b81-42c7-b410-2161b12d63bc,2022-08-26T07:42:42.886000+00:00,Created by CreateImage(i-01307af2232e38d00) for ami-0b22b76dde5eb4b14,,mongodb-nike-sales-prd-a-new
ssrmprod,sa-east-1,ebs,snap-090adfcaa24d1b8c5,vol-016a45017ba45cda0,snap-090adfcaa24d1b8c5,completed,,40,True,arn:aws:kms:sa-east-1:877001948254:key/5aff9933-4b81-42c7-b410-2161b12d63bc,2022-08-25T08:55:08.327000+00:00,Created by CreateImage(i-09ee64877d87075cc) for ami-038c3ccb30009fe62,,mongodb-nike-sales-uat-a
ssrmprod,sa-east-1,ebs,snap-07b0152147ee9885d,vol-02fc6bfbef5ef3fd7,snap-07b0152147ee9885d,completed,,20,True,arn:aws:kms:sa-east-1:877001948254:key/5aff9933-4b81-42c7-b410-2161b12d63bc,2022-08-25T08:55:08.327000+00:00,Created by CreateImage(i-09ee64877d87075cc) for ami-038c3ccb30009fe62,,
ssrmprod,sa-east-1,ebs,snap-0564820c1f03a1114,vol-0af2a470a7dac5674,snap-0564820c1f03a1114,completed,,100,True,arn:aws:kms:sa-east-1:877001948254:key/5aff9933-4b81-42c7-b410-2161b12d63bc,2022-08-25T07:41:17.856000+00:00,Created by CreateImage(i-01307af2232e38d00) for ami-0f6aa06c6139ad51e,,mongodb-nike-sales-prd-a-log-bkp
ssrmprod,sa-east-1,ebs,snap-01b84fc2f987b3264,vol-0e9a84e06198fb3ea,snap-01b84fc2f987b3264,completed,,10,True,arn:aws:kms:sa-east-1:877001948254:key/5aff9933-4b81-42c7-b410-2161b12d63bc,2022-08-25T07:53:49.140000+00:00,Created by CreateImage(i-019c43be077fab936) for ami-06d3d8146a48f468c,,mongodb-nike-sales-uat-b
ssrmprod,sa-east-1,ebs,snap-0e0aec3d048b7b1d7,vol-07724c4e126ac1b37,snap-0e0aec3d048b7b1d7,completed,,16,True,arn:aws:kms:sa-east-1:877001948254:key/5aff9933-4b81-42c7-b410-2161b12d63bc,2022-08-25T07:38:58.983000+00:00,Created by CreateImage(i-0db217cc4192a62c0) for ami-0732864bf030fc5d1,,mongodb-nike-sales-prd-b
ssrmprod,sa-east-1,ebs,snap-0e9d25399c63e21a7,vol-0f44908761547fb4b,snap-0e9d25399c63e21a7,completed,,170,True,arn:aws:kms:sa-east-1:877001948254:key/5aff9933-4b81-42c7-b410-2161b12d63bc,2022-08-25T07:41:17.856000+00:00,Created by CreateImage(i-01307af2232e38d00) for ami-0f6aa06c6139ad51e,,mongodb-nike-sales-prd-a-new
ssrmprod,sa-east-1,ebs,snap-06f6547dc8b7ab2f6,vol-02fc6bfbef5ef3fd7,snap-06f6547dc8b7ab2f6,completed,,20,True,arn:aws:kms:sa-east-1:877001948254:key/5aff9933-4b81-42c7-b410-2161b12d63bc,2022-08-24T08:51:25.224000+00:00,Created by CreateImage(i-09ee64877d87075cc) for ami-076a2c470fbb123d0,,
ssrmprod,sa-east-1,ebs,snap-05314543764d634f0,vol-016a45017ba45cda0,snap-05314543764d634f0,completed,,40,True,arn:aws:kms:sa-east-1:877001948254:key/5aff9933-4b81-42c7-b410-2161b12d63bc,2022-08-24T08:51:25.224000+00:00,Created by CreateImage(i-09ee64877d87075cc) for ami-076a2c470fbb123d0,,mongodb-nike-sales-uat-a
ssrmprod,sa-east-1,ebs,snap-0a10f8a5502d0753e,vol-0e9a84e06198fb3ea,snap-0a10f8a5502d0753e,completed,,10,True,arn:aws:kms:sa-east-1:877001948254:key/5aff9933-4b81-42c7-b410-2161b12d63bc,2022-08-24T08:05:06.217000+00:00,Created by CreateImage(i-019c43be077fab936) for ami-0d8c696e33c6d7535,,mongodb-nike-sales-uat-b
ssrmprod,sa-east-1,ebs,snap-06889322392803859,vol-0f44908761547fb4b,snap-06889322392803859,completed,,170,True,arn:aws:kms:sa-east-1:877001948254:key/5aff9933-4b81-42c7-b410-2161b12d63bc,2022-08-24T07:44:51.893000+00:00,Created by CreateImage(i-01307af2232e38d00) for ami-03878fa2f3bbfcdb6,,mongodb-nike-sales-prd-a-new
ssrmprod,sa-east-1,ebs,snap-05c03aae7a49f15d6,vol-07724c4e126ac1b37,snap-05c03aae7a49f15d6,completed,,16,True,arn:aws:kms:sa-east-1:877001948254:key/5aff9933-4b81-42c7-b410-2161b12d63bc,2022-08-24T07:43:25.100000+00:00,Created by CreateImage(i-0db217cc4192a62c0) for ami-06ac2ba504a0ff91e,,mongodb-nike-sales-prd-b
ssrmprod,sa-east-1,ebs,snap-010b658576dec365b,vol-0af2a470a7dac5674,snap-010b658576dec365b,completed,,100,True,arn:aws:kms:sa-east-1:877001948254:key/5aff9933-4b81-42c7-b410-2161b12d63bc,2022-08-24T07:44:51.893000+00:00,Created by CreateImage(i-01307af2232e38d00) for ami-03878fa2f3bbfcdb6,,mongodb-nike-sales-prd-a-log-bkp
ssrmprod,sa-east-1,ebs,snap-0bce6cac21d612641,vol-016a45017ba45cda0,snap-0bce6cac21d612641,completed,,40,True,arn:aws:kms:sa-east-1:877001948254:key/5aff9933-4b81-42c7-b410-2161b12d63bc,2022-08-23T08:52:43.558000+00:00,Created by CreateImage(i-09ee64877d87075cc) for ami-07aee9b7e4c91d0f8,,mongodb-nike-sales-uat-a
ssrmprod,sa-east-1,ebs,snap-01ba5f25f4712b471,vol-02fc6bfbef5ef3fd7,snap-01ba5f25f4712b471,completed,,20,True,arn:aws:kms:sa-east-1:877001948254:key/5aff9933-4b81-42c7-b410-2161b12d63bc,2022-08-23T08:52:43.558000+00:00,Created by CreateImage(i-09ee64877d87075cc) for ami-07aee9b7e4c91d0f8,,
ssrmprod,sa-east-1,ebs,snap-03782f766666018b4,vol-0af2a470a7dac5674,snap-03782f766666018b4,completed,,100,True,arn:aws:kms:sa-east-1:877001948254:key/5aff9933-4b81-42c7-b410-2161b12d63bc,2022-08-23T07:42:36.852000+00:00,Created by CreateImage(i-01307af2232e38d00) for ami-04e5d55bc724aa637,,mongodb-nike-sales-prd-a-log-bkp
ssrmprod,sa-east-1,ebs,snap-057c24b6489ed0158,vol-0f44908761547fb4b,snap-057c24b6489ed0158,completed,,170,True,arn:aws:kms:sa-east-1:877001948254:key/5aff9933-4b81-42c7-b410-2161b12d63bc,2022-08-23T07:42:36.852000+00:00,Created by CreateImage(i-01307af2232e38d00) for ami-04e5d55bc724aa637,,mongodb-nike-sales-prd-a-new
ssrmprod,sa-east-1,ebs,snap-089182a45fbc9962e,vol-0e9a84e06198fb3ea,snap-089182a45fbc9962e,completed,,10,True,arn:aws:kms:sa-east-1:877001948254:key/5aff9933-4b81-42c7-b410-2161b12d63bc,2022-08-23T07:54:59.055000+00:00,Created by CreateImage(i-019c43be077fab936) for ami-01c2eb464c3d9553e,,mongodb-nike-sales-uat-b
ssrmprod,sa-east-1,ebs,snap-0c165c69b789b239b,vol-07724c4e126ac1b37,snap-0c165c69b789b239b,completed,,16,True,arn:aws:kms:sa-east-1:877001948254:key/5aff9933-4b81-42c7-b410-2161b12d63bc,2022-08-23T07:35:57.468000+00:00,Created by CreateImage(i-0db217cc4192a62c0) for ami-097bbee050205bb06,,mongodb-nike-sales-prd-b
ssrmprod,sa-east-1,ebs,snap-064c73811a00ef0c7,vol-02fc6bfbef5ef3fd7,snap-064c73811a00ef0c7,completed,,20,True,arn:aws:kms:sa-east-1:877001948254:key/5aff9933-4b81-42c7-b410-2161b12d63bc,2022-08-22T08:52:43.089000+00:00,Created by CreateImage(i-09ee64877d87075cc) for ami-036e0bd57d8b1c62c,,
ssrmprod,sa-east-1,ebs,snap-0ea48aa1ca42f2172,vol-016a45017ba45cda0,snap-0ea48aa1ca42f2172,completed,,40,True,arn:aws:kms:sa-east-1:877001948254:key/5aff9933-4b81-42c7-b410-2161b12d63bc,2022-08-22T08:52:43.089000+00:00,Created by CreateImage(i-09ee64877d87075cc) for ami-036e0bd57d8b1c62c,,mongodb-nike-sales-uat-a
ssrmprod,sa-east-1,ebs,snap-001e96e170711bf24,vol-0e9a84e06198fb3ea,snap-001e96e170711bf24,completed,,10,True,arn:aws:kms:sa-east-1:877001948254:key/5aff9933-4b81-42c7-b410-2161b12d63bc,2022-08-22T07:55:31.853000+00:00,Created by CreateImage(i-019c43be077fab936) for ami-0d5ad316ee2d54908,,mongodb-nike-sales-uat-b
ssrmprod,sa-east-1,ebs,snap-008a014b2dfe3baab,vol-0f44908761547fb4b,snap-008a014b2dfe3baab,completed,,170,True,arn:aws:kms:sa-east-1:877001948254:key/5aff9933-4b81-42c7-b410-2161b12d63bc,2022-08-22T07:40:13.528000+00:00,Created by CreateImage(i-01307af2232e38d00) for ami-0a063e80bf4fcc3cf,,mongodb-nike-sales-prd-a-new
ssrmprod,sa-east-1,ebs,snap-027bd08f2d252146a,vol-0af2a470a7dac5674,snap-027bd08f2d252146a,completed,,100,True,arn:aws:kms:sa-east-1:877001948254:key/5aff9933-4b81-42c7-b410-2161b12d63bc,2022-08-22T07:40:13.528000+00:00,Created by CreateImage(i-01307af2232e38d00) for ami-0a063e80bf4fcc3cf,,mongodb-nike-sales-prd-a-log-bkp
ssrmprod,sa-east-1,ebs,snap-0eb1e9d2b5a1db01a,vol-07724c4e126ac1b37,snap-0eb1e9d2b5a1db01a,completed,,16,True,arn:aws:kms:sa-east-1:877001948254:key/5aff9933-4b81-42c7-b410-2161b12d63bc,2022-08-22T07:41:44.636000+00:00,Created by CreateImage(i-0db217cc4192a62c0) for ami-0d5a6bbae5e398f08,,mongodb-nike-sales-prd-b
ssrmprod,sa-east-1,ebs,snap-038ed4919cb7ad287,vol-016a45017ba45cda0,snap-038ed4919cb7ad287,completed,,40,True,arn:aws:kms:sa-east-1:877001948254:key/5aff9933-4b81-42c7-b410-2161b12d63bc,2022-08-21T08:51:04.466000+00:00,Created by CreateImage(i-09ee64877d87075cc) for ami-0fa138d27d5251a83,,mongodb-nike-sales-uat-a
ssrmprod,sa-east-1,ebs,snap-0885616c0b68ff077,vol-02fc6bfbef5ef3fd7,snap-0885616c0b68ff077,completed,,20,True,arn:aws:kms:sa-east-1:877001948254:key/5aff9933-4b81-42c7-b410-2161b12d63bc,2022-08-21T08:51:04.466000+00:00,Created by CreateImage(i-09ee64877d87075cc) for ami-0fa138d27d5251a83,,
ssrmprod,sa-east-1,ebs,snap-00af55aefb70a994c,vol-0e9a84e06198fb3ea,snap-00af55aefb70a994c,completed,,10,True,arn:aws:kms:sa-east-1:877001948254:key/5aff9933-4b81-42c7-b410-2161b12d63bc,2022-08-21T07:52:04.243000+00:00,Created by CreateImage(i-019c43be077fab936) for ami-0ad6aaca00f4e3408,,mongodb-nike-sales-uat-b
ssrmprod,sa-east-1,ebs,snap-04c64b9c6d17ab61f,vol-07724c4e126ac1b37,snap-04c64b9c6d17ab61f,completed,,16,True,arn:aws:kms:sa-east-1:877001948254:key/5aff9933-4b81-42c7-b410-2161b12d63bc,2022-08-21T07:39:38.286000+00:00,Created by CreateImage(i-0db217cc4192a62c0) for ami-0de78b276a1dc70c6,,mongodb-nike-sales-prd-b
ssrmprod,sa-east-1,ebs,snap-0f90307e83294e4cd,vol-0f44908761547fb4b,snap-0f90307e83294e4cd,completed,,170,True,arn:aws:kms:sa-east-1:877001948254:key/5aff9933-4b81-42c7-b410-2161b12d63bc,2022-08-21T07:38:42.944000+00:00,Created by CreateImage(i-01307af2232e38d00) for ami-0dd9dbf6c4f70d38f,,mongodb-nike-sales-prd-a-new
ssrmprod,sa-east-1,ebs,snap-0c96183827b009ea2,vol-0af2a470a7dac5674,snap-0c96183827b009ea2,completed,,100,True,arn:aws:kms:sa-east-1:877001948254:key/5aff9933-4b81-42c7-b410-2161b12d63bc,2022-08-21T07:38:42.944000+00:00,Created by CreateImage(i-01307af2232e38d00) for ami-0dd9dbf6c4f70d38f,,mongodb-nike-sales-prd-a-log-bkp
ssrmprod,sa-east-1,ebs,snap-09f9b01ac8b8b833d,vol-02fc6bfbef5ef3fd7,snap-09f9b01ac8b8b833d,completed,,20,True,arn:aws:kms:sa-east-1:877001948254:key/5aff9933-4b81-42c7-b410-2161b12d63bc,2022-08-20T08:50:21.300000+00:00,Created by CreateImage(i-09ee64877d87075cc) for ami-0567baa82b2e374dd,,
ssrmprod,sa-east-1,ebs,snap-0701f33d8daac5252,vol-016a45017ba45cda0,snap-0701f33d8daac5252,completed,,40,True,arn:aws:kms:sa-east-1:877001948254:key/5aff9933-4b81-42c7-b410-2161b12d63bc,2022-08-20T08:50:21.300000+00:00,Created by CreateImage(i-09ee64877d87075cc) for ami-0567baa82b2e374dd,,mongodb-nike-sales-uat-a
ssrmprod,sa-east-1,ebs,snap-049b5ce957b84dd33,vol-0f44908761547fb4b,snap-049b5ce957b84dd33,completed,,170,True,arn:aws:kms:sa-east-1:877001948254:key/5aff9933-4b81-42c7-b410-2161b12d63bc,2022-08-20T07:36:55.798000+00:00,Created by CreateImage(i-01307af2232e38d00) for ami-03326dc8fcd9c2515,,mongodb-nike-sales-prd-a-new
ssrmprod,sa-east-1,ebs,snap-0c0c8760e87e8ccf8,vol-0e9a84e06198fb3ea,snap-0c0c8760e87e8ccf8,completed,,10,True,arn:aws:kms:sa-east-1:877001948254:key/5aff9933-4b81-42c7-b410-2161b12d63bc,2022-08-20T08:14:08.607000+00:00,Created by CreateImage(i-019c43be077fab936) for ami-0c8bbd9074102af2d,,mongodb-nike-sales-uat-b
ssrmprod,sa-east-1,ebs,snap-062231eca5a5ff8f2,vol-07724c4e126ac1b37,snap-062231eca5a5ff8f2,completed,,16,True,arn:aws:kms:sa-east-1:877001948254:key/5aff9933-4b81-42c7-b410-2161b12d63bc,2022-08-20T07:42:32.340000+00:00,Created by CreateImage(i-0db217cc4192a62c0) for ami-086cd896fc6cfca5d,,mongodb-nike-sales-prd-b
ssrmprod,sa-east-1,ebs,snap-0bbfb8ac58ac15fa9,vol-0af2a470a7dac5674,snap-0bbfb8ac58ac15fa9,completed,,100,True,arn:aws:kms:sa-east-1:877001948254:key/5aff9933-4b81-42c7-b410-2161b12d63bc,2022-08-20T07:36:55.798000+00:00,Created by CreateImage(i-01307af2232e38d00) for ami-03326dc8fcd9c2515,,mongodb-nike-sales-prd-a-log-bkp
ssrmprod,sa-east-1,ebs,snap-0121c7ebc6ed6e9ff,vol-016a45017ba45cda0,snap-0121c7ebc6ed6e9ff,completed,,40,True,arn:aws:kms:sa-east-1:877001948254:key/5aff9933-4b81-42c7-b410-2161b12d63bc,2022-08-19T08:54:34.145000+00:00,Created by CreateImage(i-09ee64877d87075cc) for ami-03d15eb7c21e05f42,,mongodb-nike-sales-uat-a
ssrmprod,sa-east-1,ebs,snap-0330efedc0d46e528,vol-02fc6bfbef5ef3fd7,snap-0330efedc0d46e528,completed,,20,True,arn:aws:kms:sa-east-1:877001948254:key/5aff9933-4b81-42c7-b410-2161b12d63bc,2022-08-19T08:54:34.145000+00:00,Created by CreateImage(i-09ee64877d87075cc) for ami-03d15eb7c21e05f42,,
ssrmprod,sa-east-1,ebs,snap-061fcb412305d32db,vol-0e9a84e06198fb3ea,snap-061fcb412305d32db,completed,,10,True,arn:aws:kms:sa-east-1:877001948254:key/5aff9933-4b81-42c7-b410-2161b12d63bc,2022-08-19T07:51:41.569000+00:00,Created by CreateImage(i-019c43be077fab936) for ami-0a977725c37916276,,mongodb-nike-sales-uat-b
ssrmprod,sa-east-1,ebs,snap-0f79979eaa125ee12,vol-07724c4e126ac1b37,snap-0f79979eaa125ee12,completed,,16,True,arn:aws:kms:sa-east-1:877001948254:key/5aff9933-4b81-42c7-b410-2161b12d63bc,2022-08-19T07:38:23.738000+00:00,Created by CreateImage(i-0db217cc4192a62c0) for ami-0b3656f9f34131906,,mongodb-nike-sales-prd-b
ssrmprod,sa-east-1,ebs,snap-078325feed3d2102a,vol-0af2a470a7dac5674,snap-078325feed3d2102a,completed,,100,True,arn:aws:kms:sa-east-1:877001948254:key/5aff9933-4b81-42c7-b410-2161b12d63bc,2022-08-19T07:38:25.582000+00:00,Created by CreateImage(i-01307af2232e38d00) for ami-0c74b9c76668e784e,,mongodb-nike-sales-prd-a-log-bkp
ssrmprod,sa-east-1,ebs,snap-0c7502eef152f41e4,vol-0f44908761547fb4b,snap-0c7502eef152f41e4,completed,,170,True,arn:aws:kms:sa-east-1:877001948254:key/5aff9933-4b81-42c7-b410-2161b12d63bc,2022-08-19T07:38:25.582000+00:00,Created by CreateImage(i-01307af2232e38d00) for ami-0c74b9c76668e784e,,mongodb-nike-sales-prd-a-new
ssrmprod,sa-east-1,ebs,snap-0a6ef33770231ac0c,vol-02fc6bfbef5ef3fd7,snap-0a6ef33770231ac0c,completed,,20,True,arn:aws:kms:sa-east-1:877001948254:key/5aff9933-4b81-42c7-b410-2161b12d63bc,2022-08-18T08:55:16.335000+00:00,Created by CreateImage(i-09ee64877d87075cc) for ami-07f82c4743e4ae975,,
ssrmprod,sa-east-1,ebs,snap-07e14c082d868a21e,vol-016a45017ba45cda0,snap-07e14c082d868a21e,completed,,40,True,arn:aws:kms:sa-east-1:877001948254:key/5aff9933-4b81-42c7-b410-2161b12d63bc,2022-08-18T08:55:16.335000+00:00,Created by CreateImage(i-09ee64877d87075cc) for ami-07f82c4743e4ae975,,mongodb-nike-sales-uat-a
ssrmprod,sa-east-1,ebs,snap-0024bbd05b1db4f05,vol-0e9a84e06198fb3ea,snap-0024bbd05b1db4f05,completed,,10,True,arn:aws:kms:sa-east-1:877001948254:key/5aff9933-4b81-42c7-b410-2161b12d63bc,2022-08-18T07:53:21.194000+00:00,Created by CreateImage(i-019c43be077fab936) for ami-069f89c107c6c28bd,,mongodb-nike-sales-uat-b
ssrmprod,sa-east-1,ebs,snap-0afe6ce3fb1eb794b,vol-0af2a470a7dac5674,snap-0afe6ce3fb1eb794b,completed,,100,True,arn:aws:kms:sa-east-1:877001948254:key/5aff9933-4b81-42c7-b410-2161b12d63bc,2022-08-18T07:42:04.998000+00:00,Created by CreateImage(i-01307af2232e38d00) for ami-0a2872d984f9aa8f9,,mongodb-nike-sales-prd-a-log-bkp
ssrmprod,sa-east-1,ebs,snap-05f7dd6723044d561,vol-0f44908761547fb4b,snap-05f7dd6723044d561,completed,,170,True,arn:aws:kms:sa-east-1:877001948254:key/5aff9933-4b81-42c7-b410-2161b12d63bc,2022-08-18T07:42:04.998000+00:00,Created by CreateImage(i-01307af2232e38d00) for ami-0a2872d984f9aa8f9,,mongodb-nike-sales-prd-a-new
ssrmprod,sa-east-1,ebs,snap-01bc9024a4fa1c283,vol-07724c4e126ac1b37,snap-01bc9024a4fa1c283,completed,,16,True,arn:aws:kms:sa-east-1:877001948254:key/5aff9933-4b81-42c7-b410-2161b12d63bc,2022-08-18T07:39:52.007000+00:00,Created by CreateImage(i-0db217cc4192a62c0) for ami-059f69e06c6751dd9,,mongodb-nike-sales-prd-b
ssrmprod,sa-east-1,ebs,snap-07e0729e0dc947f11,vol-016a45017ba45cda0,snap-07e0729e0dc947f11,completed,,40,True,arn:aws:kms:sa-east-1:877001948254:key/5aff9933-4b81-42c7-b410-2161b12d63bc,2022-08-17T08:53:50.441000+00:00,Created by CreateImage(i-09ee64877d87075cc) for ami-0df564e5cccf201f1,,mongodb-nike-sales-uat-a
ssrmprod,sa-east-1,ebs,snap-0590ae99a32f4804f,vol-02fc6bfbef5ef3fd7,snap-0590ae99a32f4804f,completed,,20,True,arn:aws:kms:sa-east-1:877001948254:key/5aff9933-4b81-42c7-b410-2161b12d63bc,2022-08-17T08:53:50.441000+00:00,Created by CreateImage(i-09ee64877d87075cc) for ami-0df564e5cccf201f1,,
ssrmprod,sa-east-1,ebs,snap-016517ae508b1d192,vol-0e9a84e06198fb3ea,snap-016517ae508b1d192,completed,,10,True,arn:aws:kms:sa-east-1:877001948254:key/5aff9933-4b81-42c7-b410-2161b12d63bc,2022-08-17T08:12:02.475000+00:00,Created by CreateImage(i-019c43be077fab936) for ami-02efbc493668f14a5,,mongodb-nike-sales-uat-b
ssrmprod,sa-east-1,ebs,snap-0a4d137cd02c43162,vol-07724c4e126ac1b37,snap-0a4d137cd02c43162,completed,,16,True,arn:aws:kms:sa-east-1:877001948254:key/5aff9933-4b81-42c7-b410-2161b12d63bc,2022-08-17T07:41:21.029000+00:00,Created by CreateImage(i-0db217cc4192a62c0) for ami-0f21e1f1bd45384bf,,mongodb-nike-sales-prd-b
ssrmprod,sa-east-1,ebs,snap-07c4789b9927cdf39,vol-0af2a470a7dac5674,snap-07c4789b9927cdf39,completed,,100,True,arn:aws:kms:sa-east-1:877001948254:key/5aff9933-4b81-42c7-b410-2161b12d63bc,2022-08-17T07:45:02.160000+00:00,Created by CreateImage(i-01307af2232e38d00) for ami-017d50a8473214ef7,,mongodb-nike-sales-prd-a-log-bkp
ssrmprod,sa-east-1,ebs,snap-0d87b88cf0967422a,vol-0f44908761547fb4b,snap-0d87b88cf0967422a,completed,,170,True,arn:aws:kms:sa-east-1:877001948254:key/5aff9933-4b81-42c7-b410-2161b12d63bc,2022-08-17T07:45:02.160000+00:00,Created by CreateImage(i-01307af2232e38d00) for ami-017d50a8473214ef7,,mongodb-nike-sales-prd-a-new
ssrmprod,sa-east-1,ebs,snap-0f2a6a3a43303b1ae,vol-02fc6bfbef5ef3fd7,snap-0f2a6a3a43303b1ae,completed,,20,True,arn:aws:kms:sa-east-1:877001948254:key/5aff9933-4b81-42c7-b410-2161b12d63bc,2022-08-16T09:06:42.443000+00:00,Created by CreateImage(i-09ee64877d87075cc) for ami-0ee7d389eb4910abf,,
ssrmprod,sa-east-1,ebs,snap-07571412c2a5d0604,vol-016a45017ba45cda0,snap-07571412c2a5d0604,completed,,40,True,arn:aws:kms:sa-east-1:877001948254:key/5aff9933-4b81-42c7-b410-2161b12d63bc,2022-08-16T09:06:42.443000+00:00,Created by CreateImage(i-09ee64877d87075cc) for ami-0ee7d389eb4910abf,,mongodb-nike-sales-uat-a
ssrmprod,sa-east-1,ebs,snap-0540d750565fb54a9,vol-0e9a84e06198fb3ea,snap-0540d750565fb54a9,completed,,10,True,arn:aws:kms:sa-east-1:877001948254:key/5aff9933-4b81-42c7-b410-2161b12d63bc,2022-08-16T07:54:39.685000+00:00,Created by CreateImage(i-019c43be077fab936) for ami-06e3bc6029bb438a2,,mongodb-nike-sales-uat-b
ssrmprod,sa-east-1,ebs,snap-09b51e1091100a391,vol-07724c4e126ac1b37,snap-09b51e1091100a391,completed,,16,True,arn:aws:kms:sa-east-1:877001948254:key/5aff9933-4b81-42c7-b410-2161b12d63bc,2022-08-16T07:37:47.954000+00:00,Created by CreateImage(i-0db217cc4192a62c0) for ami-030f72f7d70008e10,,mongodb-nike-sales-prd-b
ssrmprod,sa-east-1,ebs,snap-08d2320c224e4b0ff,vol-0f44908761547fb4b,snap-08d2320c224e4b0ff,completed,,170,True,arn:aws:kms:sa-east-1:877001948254:key/5aff9933-4b81-42c7-b410-2161b12d63bc,2022-08-16T07:40:32.506000+00:00,Created by CreateImage(i-01307af2232e38d00) for ami-0e4f38f987b52c23e,,mongodb-nike-sales-prd-a-new
ssrmprod,sa-east-1,ebs,snap-01bb78da21eaf8f7a,vol-0af2a470a7dac5674,snap-01bb78da21eaf8f7a,completed,,100,True,arn:aws:kms:sa-east-1:877001948254:key/5aff9933-4b81-42c7-b410-2161b12d63bc,2022-08-16T07:40:32.506000+00:00,Created by CreateImage(i-01307af2232e38d00) for ami-0e4f38f987b52c23e,,mongodb-nike-sales-prd-a-log-bkp
ssrmprod,sa-east-1,ebs,snap-0f126b60121ad1ead,vol-016a45017ba45cda0,snap-0f126b60121ad1ead,completed,,40,True,arn:aws:kms:sa-east-1:877001948254:key/5aff9933-4b81-42c7-b410-2161b12d63bc,2022-08-15T08:50:02.411000+00:00,Created by CreateImage(i-09ee64877d87075cc) for ami-0c1682f6bfe17590c,,mongodb-nike-sales-uat-a
ssrmprod,sa-east-1,ebs,snap-0eb7d9b15b55e43f7,vol-02fc6bfbef5ef3fd7,snap-0eb7d9b15b55e43f7,completed,,20,True,arn:aws:kms:sa-east-1:877001948254:key/5aff9933-4b81-42c7-b410-2161b12d63bc,2022-08-15T08:50:02.411000+00:00,Created by CreateImage(i-09ee64877d87075cc) for ami-0c1682f6bfe17590c,,
ssrmprod,sa-east-1,ebs,snap-0b1c33e57a34cdb74,vol-0e9a84e06198fb3ea,snap-0b1c33e57a34cdb74,completed,,10,True,arn:aws:kms:sa-east-1:877001948254:key/5aff9933-4b81-42c7-b410-2161b12d63bc,2022-08-15T07:54:20.279000+00:00,Created by CreateImage(i-019c43be077fab936) for ami-0926ab81ad6b6d6bc,,mongodb-nike-sales-uat-b
ssrmprod,sa-east-1,ebs,snap-0bedf3298b75cb25f,vol-0af2a470a7dac5674,snap-0bedf3298b75cb25f,completed,,100,True,arn:aws:kms:sa-east-1:877001948254:key/5aff9933-4b81-42c7-b410-2161b12d63bc,2022-08-15T07:37:05.807000+00:00,Created by CreateImage(i-01307af2232e38d00) for ami-0423f0399ea6da567,,mongodb-nike-sales-prd-a-log-bkp
ssrmprod,sa-east-1,ebs,snap-0149c12dde9156cbf,vol-07724c4e126ac1b37,snap-0149c12dde9156cbf,completed,,16,True,arn:aws:kms:sa-east-1:877001948254:key/5aff9933-4b81-42c7-b410-2161b12d63bc,2022-08-15T07:40:48.969000+00:00,Created by CreateImage(i-0db217cc4192a62c0) for ami-0448946d57fe7f914,,mongodb-nike-sales-prd-b
ssrmprod,sa-east-1,ebs,snap-034feb76e2be9be14,vol-0f44908761547fb4b,snap-034feb76e2be9be14,completed,,170,True,arn:aws:kms:sa-east-1:877001948254:key/5aff9933-4b81-42c7-b410-2161b12d63bc,2022-08-15T07:37:05.807000+00:00,Created by CreateImage(i-01307af2232e38d00) for ami-0423f0399ea6da567,,mongodb-nike-sales-prd-a-new
ssrmprod,sa-east-1,ebs,snap-09542ab8bbdb8b158,vol-02fc6bfbef5ef3fd7,snap-09542ab8bbdb8b158,completed,,20,True,arn:aws:kms:sa-east-1:877001948254:key/5aff9933-4b81-42c7-b410-2161b12d63bc,2022-08-14T09:11:50.383000+00:00,Created by CreateImage(i-09ee64877d87075cc) for ami-09f4768dea9a13bad,,
ssrmprod,sa-east-1,ebs,snap-05c0aa06ab09ca179,vol-016a45017ba45cda0,snap-05c0aa06ab09ca179,completed,,40,True,arn:aws:kms:sa-east-1:877001948254:key/5aff9933-4b81-42c7-b410-2161b12d63bc,2022-08-14T09:11:50.383000+00:00,Created by CreateImage(i-09ee64877d87075cc) for ami-09f4768dea9a13bad,,mongodb-nike-sales-uat-a
ssrmprod,sa-east-1,ebs,snap-065d3ce149dedcb04,vol-0f44908761547fb4b,snap-065d3ce149dedcb04,completed,,170,True,arn:aws:kms:sa-east-1:877001948254:key/5aff9933-4b81-42c7-b410-2161b12d63bc,2022-08-14T07:37:30.808000+00:00,Created by CreateImage(i-01307af2232e38d00) for ami-0d6bac45ab88e4bb1,,mongodb-nike-sales-prd-a-new
ssrmprod,sa-east-1,ebs,snap-09edbb18fcb99dd56,vol-0af2a470a7dac5674,snap-09edbb18fcb99dd56,completed,,100,True,arn:aws:kms:sa-east-1:877001948254:key/5aff9933-4b81-42c7-b410-2161b12d63bc,2022-08-14T07:37:30.808000+00:00,Created by CreateImage(i-01307af2232e38d00) for ami-0d6bac45ab88e4bb1,,mongodb-nike-sales-prd-a-log-bkp
ssrmprod,sa-east-1,ebs,snap-0a9bb572b359b68c1,vol-0e9a84e06198fb3ea,snap-0a9bb572b359b68c1,completed,,10,True,arn:aws:kms:sa-east-1:877001948254:key/5aff9933-4b81-42c7-b410-2161b12d63bc,2022-08-14T07:55:00.314000+00:00,Created by CreateImage(i-019c43be077fab936) for ami-061f97ff6f283d391,,mongodb-nike-sales-uat-b
ssrmprod,sa-east-1,ebs,snap-0d5491e2fdd548730,vol-07724c4e126ac1b37,snap-0d5491e2fdd548730,completed,,16,True,arn:aws:kms:sa-east-1:877001948254:key/5aff9933-4b81-42c7-b410-2161b12d63bc,2022-08-14T07:38:40.523000+00:00,Created by CreateImage(i-0db217cc4192a62c0) for ami-0c8b6f64b60eef736,,mongodb-nike-sales-prd-b
ssrmprod,sa-east-1,ebs,snap-019dfebb5e74b7bd3,vol-016a45017ba45cda0,snap-019dfebb5e74b7bd3,completed,,40,True,arn:aws:kms:sa-east-1:877001948254:key/5aff9933-4b81-42c7-b410-2161b12d63bc,2022-08-13T08:55:28.540000+00:00,Created by CreateImage(i-09ee64877d87075cc) for ami-04a46d07a4a324383,,mongodb-nike-sales-uat-a
ssrmprod,sa-east-1,ebs,snap-059edfeaa5647d715,vol-02fc6bfbef5ef3fd7,snap-059edfeaa5647d715,completed,,20,True,arn:aws:kms:sa-east-1:877001948254:key/5aff9933-4b81-42c7-b410-2161b12d63bc,2022-08-13T08:55:28.540000+00:00,Created by CreateImage(i-09ee64877d87075cc) for ami-04a46d07a4a324383,,
ssrmprod,sa-east-1,ebs,snap-007feac58a0b8a860,vol-0e9a84e06198fb3ea,snap-007feac58a0b8a860,completed,,10,True,arn:aws:kms:sa-east-1:877001948254:key/5aff9933-4b81-42c7-b410-2161b12d63bc,2022-08-13T08:06:04.556000+00:00,Created by CreateImage(i-019c43be077fab936) for ami-0e26dd65a512031c3,,mongodb-nike-sales-uat-b
ssrmprod,sa-east-1,ebs,snap-055259fcaf81d5b7e,vol-0af2a470a7dac5674,snap-055259fcaf81d5b7e,completed,,100,True,arn:aws:kms:sa-east-1:877001948254:key/5aff9933-4b81-42c7-b410-2161b12d63bc,2022-08-13T07:42:45.792000+00:00,Created by CreateImage(i-01307af2232e38d00) for ami-0f8e0e2e3a2f15172,,mongodb-nike-sales-prd-a-log-bkp
ssrmprod,sa-east-1,ebs,snap-0157f5ae4728fa378,vol-07724c4e126ac1b37,snap-0157f5ae4728fa378,completed,,16,True,arn:aws:kms:sa-east-1:877001948254:key/5aff9933-4b81-42c7-b410-2161b12d63bc,2022-08-13T07:39:11.986000+00:00,Created by CreateImage(i-0db217cc4192a62c0) for ami-03780be8c1ff68553,,mongodb-nike-sales-prd-b
ssrmprod,sa-east-1,ebs,snap-02b6ea71ac38f8b75,vol-0f44908761547fb4b,snap-02b6ea71ac38f8b75,completed,,170,True,arn:aws:kms:sa-east-1:877001948254:key/5aff9933-4b81-42c7-b410-2161b12d63bc,2022-08-13T07:42:45.792000+00:00,Created by CreateImage(i-01307af2232e38d00) for ami-0f8e0e2e3a2f15172,,mongodb-nike-sales-prd-a-new
ssrmprod,sa-east-1,ebs,snap-023e342063e1cd5b7,vol-02fc6bfbef5ef3fd7,snap-023e342063e1cd5b7,completed,,20,True,arn:aws:kms:sa-east-1:877001948254:key/5aff9933-4b81-42c7-b410-2161b12d63bc,2022-08-12T08:50:26.677000+00:00,Created by CreateImage(i-09ee64877d87075cc) for ami-0adc705c740164b0f,,
ssrmprod,sa-east-1,ebs,snap-0683e86b4aec368af,vol-016a45017ba45cda0,snap-0683e86b4aec368af,completed,,40,True,arn:aws:kms:sa-east-1:877001948254:key/5aff9933-4b81-42c7-b410-2161b12d63bc,2022-08-12T08:50:26.677000+00:00,Created by CreateImage(i-09ee64877d87075cc) for ami-0adc705c740164b0f,,mongodb-nike-sales-uat-a
ssrmprod,sa-east-1,ebs,snap-0cb0921ca889e5aa4,vol-0e9a84e06198fb3ea,snap-0cb0921ca889e5aa4,completed,,10,True,arn:aws:kms:sa-east-1:877001948254:key/5aff9933-4b81-42c7-b410-2161b12d63bc,2022-08-12T07:53:40.415000+00:00,Created by CreateImage(i-019c43be077fab936) for ami-0cc6126608f2ed557,,mongodb-nike-sales-uat-b
ssrmprod,sa-east-1,ebs,snap-0a0691e596cbbcf0d,vol-0af2a470a7dac5674,snap-0a0691e596cbbcf0d,completed,,100,True,arn:aws:kms:sa-east-1:877001948254:key/5aff9933-4b81-42c7-b410-2161b12d63bc,2022-08-12T07:38:41.190000+00:00,Created by CreateImage(i-01307af2232e38d00) for ami-081d9e15fd2a02312,,mongodb-nike-sales-prd-a-log-bkp
ssrmprod,sa-east-1,ebs,snap-0352521b8c6aaee42,vol-0f44908761547fb4b,snap-0352521b8c6aaee42,completed,,170,True,arn:aws:kms:sa-east-1:877001948254:key/5aff9933-4b81-42c7-b410-2161b12d63bc,2022-08-12T07:38:41.190000+00:00,Created by CreateImage(i-01307af2232e38d00) for ami-081d9e15fd2a02312,,mongodb-nike-sales-prd-a-new
ssrmprod,sa-east-1,ebs,snap-0dc00e8b3c56a3d7d,vol-07724c4e126ac1b37,snap-0dc00e8b3c56a3d7d,completed,,16,True,arn:aws:kms:sa-east-1:877001948254:key/5aff9933-4b81-42c7-b410-2161b12d63bc,2022-08-12T07:38:31.290000+00:00,Created by CreateImage(i-0db217cc4192a62c0) for ami-0d3552e97119796bf,,mongodb-nike-sales-prd-b
ssrmprod,sa-east-1,ebs,snap-0d5dfbb9aab7390fc,vol-02fc6bfbef5ef3fd7,snap-0d5dfbb9aab7390fc,completed,,20,True,arn:aws:kms:sa-east-1:877001948254:key/5aff9933-4b81-42c7-b410-2161b12d63bc,2022-08-11T08:54:14.086000+00:00,Created by CreateImage(i-09ee64877d87075cc) for ami-099e4953a379f06e4,,
ssrmprod,sa-east-1,ebs,snap-04a79f2d550a4f381,vol-016a45017ba45cda0,snap-04a79f2d550a4f381,completed,,40,True,arn:aws:kms:sa-east-1:877001948254:key/5aff9933-4b81-42c7-b410-2161b12d63bc,2022-08-11T08:54:14.086000+00:00,Created by CreateImage(i-09ee64877d87075cc) for ami-099e4953a379f06e4,,mongodb-nike-sales-uat-a
ssrmprod,sa-east-1,ebs,snap-096e94b12e2791a1d,vol-0e9a84e06198fb3ea,snap-096e94b12e2791a1d,completed,,10,True,arn:aws:kms:sa-east-1:877001948254:key/5aff9933-4b81-42c7-b410-2161b12d63bc,2022-08-11T07:52:50.739000+00:00,Created by CreateImage(i-019c43be077fab936) for ami-0fb8bc3f0e89a6d0c,,mongodb-nike-sales-uat-b
ssrmprod,sa-east-1,ebs,snap-0d6564fc33b8d4b97,vol-07724c4e126ac1b37,snap-0d6564fc33b8d4b97,completed,,16,True,arn:aws:kms:sa-east-1:877001948254:key/5aff9933-4b81-42c7-b410-2161b12d63bc,2022-08-11T07:39:53.737000+00:00,Created by CreateImage(i-0db217cc4192a62c0) for ami-006fdc4cf16b2f557,,mongodb-nike-sales-prd-b
ssrmprod,sa-east-1,ebs,snap-0925c0776bb338916,vol-0f44908761547fb4b,snap-0925c0776bb338916,completed,,170,True,arn:aws:kms:sa-east-1:877001948254:key/5aff9933-4b81-42c7-b410-2161b12d63bc,2022-08-11T07:40:59.732000+00:00,Created by CreateImage(i-01307af2232e38d00) for ami-05e1ce5b19d7d9988,,mongodb-nike-sales-prd-a-new
ssrmprod,sa-east-1,ebs,snap-0e5af0e42732147ce,vol-0af2a470a7dac5674,snap-0e5af0e42732147ce,completed,,100,True,arn:aws:kms:sa-east-1:877001948254:key/5aff9933-4b81-42c7-b410-2161b12d63bc,2022-08-11T07:40:59.732000+00:00,Created by CreateImage(i-01307af2232e38d00) for ami-05e1ce5b19d7d9988,,mongodb-nike-sales-prd-a-log-bkp
ssrmprod,sa-east-1,ebs,snap-02e93e39e8aa30f60,vol-016a45017ba45cda0,snap-02e93e39e8aa30f60,completed,,40,True,arn:aws:kms:sa-east-1:877001948254:key/5aff9933-4b81-42c7-b410-2161b12d63bc,2022-08-10T08:54:41.432000+00:00,Created by CreateImage(i-09ee64877d87075cc) for ami-046faabbaf7a01d6b,,mongodb-nike-sales-uat-a
ssrmprod,sa-east-1,ebs,snap-01467d0e4b0a4c969,vol-02fc6bfbef5ef3fd7,snap-01467d0e4b0a4c969,completed,,20,True,arn:aws:kms:sa-east-1:877001948254:key/5aff9933-4b81-42c7-b410-2161b12d63bc,2022-08-10T08:54:41.432000+00:00,Created by CreateImage(i-09ee64877d87075cc) for ami-046faabbaf7a01d6b,,
ssrmprod,sa-east-1,ebs,snap-01018e505f3536647,vol-0e9a84e06198fb3ea,snap-01018e505f3536647,completed,,10,True,arn:aws:kms:sa-east-1:877001948254:key/5aff9933-4b81-42c7-b410-2161b12d63bc,2022-08-10T07:54:57.436000+00:00,Created by CreateImage(i-019c43be077fab936) for ami-02d8cdabb54ff70f8,,mongodb-nike-sales-uat-b
ssrmprod,sa-east-1,ebs,snap-0fb55ae898de49c3a,vol-0f44908761547fb4b,snap-0fb55ae898de49c3a,completed,,170,True,arn:aws:kms:sa-east-1:877001948254:key/5aff9933-4b81-42c7-b410-2161b12d63bc,2022-08-10T07:42:38.898000+00:00,Created by CreateImage(i-01307af2232e38d00) for ami-00baeae2f5146f8b2,,mongodb-nike-sales-prd-a-new
ssrmprod,sa-east-1,ebs,snap-00034addb2c8958c6,vol-0af2a470a7dac5674,snap-00034addb2c8958c6,completed,,100,True,arn:aws:kms:sa-east-1:877001948254:key/5aff9933-4b81-42c7-b410-2161b12d63bc,2022-08-10T07:42:38.898000+00:00,Created by CreateImage(i-01307af2232e38d00) for ami-00baeae2f5146f8b2,,mongodb-nike-sales-prd-a-log-bkp
ssrmprod,sa-east-1,ebs,snap-0531e32b88d8bb903,vol-07724c4e126ac1b37,snap-0531e32b88d8bb903,completed,,16,True,arn:aws:kms:sa-east-1:877001948254:key/5aff9933-4b81-42c7-b410-2161b12d63bc,2022-08-10T07:41:18.160000+00:00,Created by CreateImage(i-0db217cc4192a62c0) for ami-0b171f349aa7b50ff,,mongodb-nike-sales-prd-b
ssrmprod,sa-east-1,ebs,snap-0de81e5c2cd94f98b,vol-016a45017ba45cda0,snap-0de81e5c2cd94f98b,completed,,40,True,arn:aws:kms:sa-east-1:877001948254:key/5aff9933-4b81-42c7-b410-2161b12d63bc,2022-08-09T08:52:05.476000+00:00,Created by CreateImage(i-09ee64877d87075cc) for ami-0f300714a90bcfd52,,mongodb-nike-sales-uat-a
ssrmprod,sa-east-1,ebs,snap-07ee11ccee9618c30,vol-02fc6bfbef5ef3fd7,snap-07ee11ccee9618c30,completed,,20,True,arn:aws:kms:sa-east-1:877001948254:key/5aff9933-4b81-42c7-b410-2161b12d63bc,2022-08-09T08:52:05.476000+00:00,Created by CreateImage(i-09ee64877d87075cc) for ami-0f300714a90bcfd52,,
ssrmprod,sa-east-1,ebs,snap-0bb822137445289fd,vol-0e9a84e06198fb3ea,snap-0bb822137445289fd,completed,,10,True,arn:aws:kms:sa-east-1:877001948254:key/5aff9933-4b81-42c7-b410-2161b12d63bc,2022-08-09T08:07:35.554000+00:00,Created by CreateImage(i-019c43be077fab936) for ami-0f1de4cf15289e9fd,,mongodb-nike-sales-uat-b
ssrmprod,sa-east-1,ebs,snap-06ecdb18313097a95,vol-0f44908761547fb4b,snap-06ecdb18313097a95,completed,,170,True,arn:aws:kms:sa-east-1:877001948254:key/5aff9933-4b81-42c7-b410-2161b12d63bc,2022-08-09T07:41:03.680000+00:00,Created by CreateImage(i-01307af2232e38d00) for ami-099840d6a452a5370,,mongodb-nike-sales-prd-a-new
ssrmprod,sa-east-1,ebs,snap-02c9002bd4855660e,vol-0af2a470a7dac5674,snap-02c9002bd4855660e,completed,,100,True,arn:aws:kms:sa-east-1:877001948254:key/5aff9933-4b81-42c7-b410-2161b12d63bc,2022-08-09T07:41:03.680000+00:00,Created by CreateImage(i-01307af2232e38d00) for ami-099840d6a452a5370,,mongodb-nike-sales-prd-a-log-bkp
ssrmprod,sa-east-1,ebs,snap-0fc0de23da5e1f822,vol-07724c4e126ac1b37,snap-0fc0de23da5e1f822,completed,,16,True,arn:aws:kms:sa-east-1:877001948254:key/5aff9933-4b81-42c7-b410-2161b12d63bc,2022-08-09T07:41:11.962000+00:00,Created by CreateImage(i-0db217cc4192a62c0) for ami-0a2371b083f5a3ccd,,mongodb-nike-sales-prd-b
ssrmprod,sa-east-1,ebs,snap-08e35fbd67dc7bca8,vol-02fc6bfbef5ef3fd7,snap-08e35fbd67dc7bca8,completed,,20,True,arn:aws:kms:sa-east-1:877001948254:key/5aff9933-4b81-42c7-b410-2161b12d63bc,2022-08-08T08:50:28.387000+00:00,Created by CreateImage(i-09ee64877d87075cc) for ami-0e1ec7fb71b892e8b,,
ssrmprod,sa-east-1,ebs,snap-040303443f1ad1375,vol-016a45017ba45cda0,snap-040303443f1ad1375,completed,,40,True,arn:aws:kms:sa-east-1:877001948254:key/5aff9933-4b81-42c7-b410-2161b12d63bc,2022-08-08T08:50:28.387000+00:00,Created by CreateImage(i-09ee64877d87075cc) for ami-0e1ec7fb71b892e8b,,mongodb-nike-sales-uat-a
ssrmprod,sa-east-1,ebs,snap-076b512d42b70b159,vol-0e9a84e06198fb3ea,snap-076b512d42b70b159,completed,,10,True,arn:aws:kms:sa-east-1:877001948254:key/5aff9933-4b81-42c7-b410-2161b12d63bc,2022-08-08T07:54:10.464000+00:00,Created by CreateImage(i-019c43be077fab936) for ami-0157dc75ade498ea3,,mongodb-nike-sales-uat-b
ssrmprod,sa-east-1,ebs,snap-061d4a7525d4a10db,vol-07724c4e126ac1b37,snap-061d4a7525d4a10db,completed,,16,True,arn:aws:kms:sa-east-1:877001948254:key/5aff9933-4b81-42c7-b410-2161b12d63bc,2022-08-08T07:40:22.035000+00:00,Created by CreateImage(i-0db217cc4192a62c0) for ami-0e828432ecafc4ace,,mongodb-nike-sales-prd-b
ssrmprod,sa-east-1,ebs,snap-03dbe06bceeeb8462,vol-0f44908761547fb4b,snap-03dbe06bceeeb8462,completed,,170,True,arn:aws:kms:sa-east-1:877001948254:key/5aff9933-4b81-42c7-b410-2161b12d63bc,2022-08-08T07:39:43.307000+00:00,Created by CreateImage(i-01307af2232e38d00) for ami-07467555867b98a11,,mongodb-nike-sales-prd-a-new
ssrmprod,sa-east-1,ebs,snap-0247010262e220484,vol-0af2a470a7dac5674,snap-0247010262e220484,completed,,100,True,arn:aws:kms:sa-east-1:877001948254:key/5aff9933-4b81-42c7-b410-2161b12d63bc,2022-08-08T07:39:43.307000+00:00,Created by CreateImage(i-01307af2232e38d00) for ami-07467555867b98a11,,mongodb-nike-sales-prd-a-log-bkp
ssrmprod,sa-east-1,ebs,snap-044cb432c1394f2cf,vol-016a45017ba45cda0,snap-044cb432c1394f2cf,completed,,40,True,arn:aws:kms:sa-east-1:877001948254:key/5aff9933-4b81-42c7-b410-2161b12d63bc,2022-08-07T08:53:25.260000+00:00,Created by CreateImage(i-09ee64877d87075cc) for ami-0e090f85025ab72a8,,mongodb-nike-sales-uat-a
ssrmprod,sa-east-1,ebs,snap-0aed40660e06a2fbb,vol-02fc6bfbef5ef3fd7,snap-0aed40660e06a2fbb,completed,,20,True,arn:aws:kms:sa-east-1:877001948254:key/5aff9933-4b81-42c7-b410-2161b12d63bc,2022-08-07T08:53:25.260000+00:00,Created by CreateImage(i-09ee64877d87075cc) for ami-0e090f85025ab72a8,,
ssrmprod,sa-east-1,ebs,snap-03414ca5bfbf10f90,vol-0e9a84e06198fb3ea,snap-03414ca5bfbf10f90,completed,,10,True,arn:aws:kms:sa-east-1:877001948254:key/5aff9933-4b81-42c7-b410-2161b12d63bc,2022-08-07T08:06:36.174000+00:00,Created by CreateImage(i-019c43be077fab936) for ami-0c5c7ebf8b9bccda9,,mongodb-nike-sales-uat-b
ssrmprod,sa-east-1,ebs,snap-08adf64cc69a6122d,vol-07724c4e126ac1b37,snap-08adf64cc69a6122d,completed,,16,True,arn:aws:kms:sa-east-1:877001948254:key/5aff9933-4b81-42c7-b410-2161b12d63bc,2022-08-07T07:39:21.984000+00:00,Created by CreateImage(i-0db217cc4192a62c0) for ami-078778c3c611bbcc2,,mongodb-nike-sales-prd-b
ssrmprod,sa-east-1,ebs,snap-0e05938a93a8f184e,vol-0f44908761547fb4b,snap-0e05938a93a8f184e,completed,,170,True,arn:aws:kms:sa-east-1:877001948254:key/5aff9933-4b81-42c7-b410-2161b12d63bc,2022-08-07T07:38:08.970000+00:00,Created by CreateImage(i-01307af2232e38d00) for ami-0be2903045373539b,,mongodb-nike-sales-prd-a-new
ssrmprod,sa-east-1,ebs,snap-0022885990cd897f6,vol-0af2a470a7dac5674,snap-0022885990cd897f6,completed,,100,True,arn:aws:kms:sa-east-1:877001948254:key/5aff9933-4b81-42c7-b410-2161b12d63bc,2022-08-07T07:38:08.970000+00:00,Created by CreateImage(i-01307af2232e38d00) for ami-0be2903045373539b,,mongodb-nike-sales-prd-a-log-bkp
ssrmprod,sa-east-1,ebs,snap-020a8e7ccfd092bfb,vol-016a45017ba45cda0,snap-020a8e7ccfd092bfb,completed,,40,True,arn:aws:kms:sa-east-1:877001948254:key/5aff9933-4b81-42c7-b410-2161b12d63bc,2022-08-06T08:53:19.207000+00:00,Created by CreateImage(i-09ee64877d87075cc) for ami-0b0fa637d06bb2c25,,mongodb-nike-sales-uat-a
ssrmprod,sa-east-1,ebs,snap-03b0c182e77b8fb3c,vol-02fc6bfbef5ef3fd7,snap-03b0c182e77b8fb3c,completed,,20,True,arn:aws:kms:sa-east-1:877001948254:key/5aff9933-4b81-42c7-b410-2161b12d63bc,2022-08-06T08:53:19.207000+00:00,Created by CreateImage(i-09ee64877d87075cc) for ami-0b0fa637d06bb2c25,,
ssrmprod,sa-east-1,ebs,snap-0e200ca7ae3954ea7,vol-0e9a84e06198fb3ea,snap-0e200ca7ae3954ea7,completed,,10,True,arn:aws:kms:sa-east-1:877001948254:key/5aff9933-4b81-42c7-b410-2161b12d63bc,2022-08-06T08:11:10.046000+00:00,Created by CreateImage(i-019c43be077fab936) for ami-0f4e447bd85f31402,,mongodb-nike-sales-uat-b
ssrmprod,sa-east-1,ebs,snap-0812b55ee597b0afe,vol-07724c4e126ac1b37,snap-0812b55ee597b0afe,completed,,16,True,arn:aws:kms:sa-east-1:877001948254:key/5aff9933-4b81-42c7-b410-2161b12d63bc,2022-08-06T07:39:42.865000+00:00,Created by CreateImage(i-0db217cc4192a62c0) for ami-0de15e4cb2db3888b,,mongodb-nike-sales-prd-b
ssrmprod,sa-east-1,ebs,snap-0225088391cf8ae8c,vol-0af2a470a7dac5674,snap-0225088391cf8ae8c,completed,,100,True,arn:aws:kms:sa-east-1:877001948254:key/5aff9933-4b81-42c7-b410-2161b12d63bc,2022-08-06T07:39:02.055000+00:00,Created by CreateImage(i-01307af2232e38d00) for ami-0dd965caa2bcb001f,,mongodb-nike-sales-prd-a-log-bkp
ssrmprod,sa-east-1,ebs,snap-0f69c796e5f57ab6a,vol-0f44908761547fb4b,snap-0f69c796e5f57ab6a,completed,,170,True,arn:aws:kms:sa-east-1:877001948254:key/5aff9933-4b81-42c7-b410-2161b12d63bc,2022-08-06T07:39:02.055000+00:00,Created by CreateImage(i-01307af2232e38d00) for ami-0dd965caa2bcb001f,,mongodb-nike-sales-prd-a-new
ssrmprod,sa-east-1,ebs,snap-0d5f0249f8753e2a8,vol-02fc6bfbef5ef3fd7,snap-0d5f0249f8753e2a8,completed,,20,True,arn:aws:kms:sa-east-1:877001948254:key/5aff9933-4b81-42c7-b410-2161b12d63bc,2022-08-05T09:12:29.967000+00:00,Created by CreateImage(i-09ee64877d87075cc) for ami-08680d04f3e2e9e17,,
ssrmprod,sa-east-1,ebs,snap-0ddcd3bbe0f479e4e,vol-016a45017ba45cda0,snap-0ddcd3bbe0f479e4e,completed,,40,True,arn:aws:kms:sa-east-1:877001948254:key/5aff9933-4b81-42c7-b410-2161b12d63bc,2022-08-05T09:12:29.967000+00:00,Created by CreateImage(i-09ee64877d87075cc) for ami-08680d04f3e2e9e17,,mongodb-nike-sales-uat-a
ssrmprod,sa-east-1,ebs,snap-0ac087a6494f8e0d8,vol-07724c4e126ac1b37,snap-0ac087a6494f8e0d8,completed,,16,True,arn:aws:kms:sa-east-1:877001948254:key/5aff9933-4b81-42c7-b410-2161b12d63bc,2022-08-05T07:43:42.090000+00:00,Created by CreateImage(i-0db217cc4192a62c0) for ami-034d91459d761ceae,,mongodb-nike-sales-prd-b
ssrmprod,sa-east-1,ebs,snap-0cd170b65a5a92fac,vol-0f44908761547fb4b,snap-0cd170b65a5a92fac,completed,,170,True,arn:aws:kms:sa-east-1:877001948254:key/5aff9933-4b81-42c7-b410-2161b12d63bc,2022-08-05T07:42:17.666000+00:00,Created by CreateImage(i-01307af2232e38d00) for ami-0980da110b5b7c720,,mongodb-nike-sales-prd-a-new
ssrmprod,sa-east-1,ebs,snap-05e039c69e0542c8f,vol-0e9a84e06198fb3ea,snap-05e039c69e0542c8f,completed,,10,True,arn:aws:kms:sa-east-1:877001948254:key/5aff9933-4b81-42c7-b410-2161b12d63bc,2022-08-05T07:52:27.910000+00:00,Created by CreateImage(i-019c43be077fab936) for ami-08a01d84a4cb09eda,,mongodb-nike-sales-uat-b
ssrmprod,sa-east-1,ebs,snap-097a8bb4f28e8d0d5,vol-0af2a470a7dac5674,snap-097a8bb4f28e8d0d5,completed,,100,True,arn:aws:kms:sa-east-1:877001948254:key/5aff9933-4b81-42c7-b410-2161b12d63bc,2022-08-05T07:42:17.666000+00:00,Created by CreateImage(i-01307af2232e38d00) for ami-0980da110b5b7c720,,mongodb-nike-sales-prd-a-log-bkp
ssrmprod,sa-east-1,ebs,snap-0cb85fd502c01fdee,vol-02fc6bfbef5ef3fd7,snap-0cb85fd502c01fdee,completed,,20,True,arn:aws:kms:sa-east-1:877001948254:key/5aff9933-4b81-42c7-b410-2161b12d63bc,2022-08-04T08:54:09.721000+00:00,Created by CreateImage(i-09ee64877d87075cc) for ami-0413bfe462f9714ba,,
ssrmprod,sa-east-1,ebs,snap-0339670d6bbdd8eee,vol-016a45017ba45cda0,snap-0339670d6bbdd8eee,completed,,40,True,arn:aws:kms:sa-east-1:877001948254:key/5aff9933-4b81-42c7-b410-2161b12d63bc,2022-08-04T08:54:09.721000+00:00,Created by CreateImage(i-09ee64877d87075cc) for ami-0413bfe462f9714ba,,mongodb-nike-sales-uat-a
ssrmprod,sa-east-1,ebs,snap-0e2bb72612931ccca,vol-0f44908761547fb4b,snap-0e2bb72612931ccca,completed,,170,True,arn:aws:kms:sa-east-1:877001948254:key/5aff9933-4b81-42c7-b410-2161b12d63bc,2022-08-04T07:38:44.146000+00:00,Created by CreateImage(i-01307af2232e38d00) for ami-0a654563bbc0f6344,,mongodb-nike-sales-prd-a-new
ssrmprod,sa-east-1,ebs,snap-07575c997cc2fe1cc,vol-07724c4e126ac1b37,snap-07575c997cc2fe1cc,completed,,16,True,arn:aws:kms:sa-east-1:877001948254:key/5aff9933-4b81-42c7-b410-2161b12d63bc,2022-08-04T07:36:12.107000+00:00,Created by CreateImage(i-0db217cc4192a62c0) for ami-07934046f0920861f,,mongodb-nike-sales-prd-b
ssrmprod,sa-east-1,ebs,snap-064c603b49ef4ea83,vol-0e9a84e06198fb3ea,snap-064c603b49ef4ea83,completed,,10,True,arn:aws:kms:sa-east-1:877001948254:key/5aff9933-4b81-42c7-b410-2161b12d63bc,2022-08-04T07:53:28.212000+00:00,Created by CreateImage(i-019c43be077fab936) for ami-0f06e36609c2e5468,,mongodb-nike-sales-uat-b
ssrmprod,sa-east-1,ebs,snap-0fef9db1f7fbb6cd2,vol-0af2a470a7dac5674,snap-0fef9db1f7fbb6cd2,completed,,100,True,arn:aws:kms:sa-east-1:877001948254:key/5aff9933-4b81-42c7-b410-2161b12d63bc,2022-08-04T07:38:44.146000+00:00,Created by CreateImage(i-01307af2232e38d00) for ami-0a654563bbc0f6344,,mongodb-nike-sales-prd-a-log-bkp
ssrmprod,sa-east-1,ebs,snap-09057530219fceedb,vol-016a45017ba45cda0,snap-09057530219fceedb,completed,,40,True,arn:aws:kms:sa-east-1:877001948254:key/5aff9933-4b81-42c7-b410-2161b12d63bc,2022-08-03T08:50:20.433000+00:00,Created by CreateImage(i-09ee64877d87075cc) for ami-0a5e41bb230bcf594,,mongodb-nike-sales-uat-a
ssrmprod,sa-east-1,ebs,snap-0bbc0e63f7594b37c,vol-02fc6bfbef5ef3fd7,snap-0bbc0e63f7594b37c,completed,,20,True,arn:aws:kms:sa-east-1:877001948254:key/5aff9933-4b81-42c7-b410-2161b12d63bc,2022-08-03T08:50:20.433000+00:00,Created by CreateImage(i-09ee64877d87075cc) for ami-0a5e41bb230bcf594,,
ssrmprod,sa-east-1,ebs,snap-0b66189349d66aba3,vol-0e9a84e06198fb3ea,snap-0b66189349d66aba3,completed,,10,True,arn:aws:kms:sa-east-1:877001948254:key/5aff9933-4b81-42c7-b410-2161b12d63bc,2022-08-03T08:07:28.633000+00:00,Created by CreateImage(i-019c43be077fab936) for ami-0589663270d60ed7b,,mongodb-nike-sales-uat-b
ssrmprod,sa-east-1,ebs,snap-0448071275337a961,vol-0f44908761547fb4b,snap-0448071275337a961,completed,,170,True,arn:aws:kms:sa-east-1:877001948254:key/5aff9933-4b81-42c7-b410-2161b12d63bc,2022-08-03T07:37:33.843000+00:00,Created by CreateImage(i-01307af2232e38d00) for ami-074d51cafdcfda5fe,,mongodb-nike-sales-prd-a-new
ssrmprod,sa-east-1,ebs,snap-04f8d805560fe7f31,vol-07724c4e126ac1b37,snap-04f8d805560fe7f31,completed,,16,True,arn:aws:kms:sa-east-1:877001948254:key/5aff9933-4b81-42c7-b410-2161b12d63bc,2022-08-03T07:45:29.073000+00:00,Created by CreateImage(i-0db217cc4192a62c0) for ami-0b600403582abe9a3,,mongodb-nike-sales-prd-b
ssrmprod,sa-east-1,ebs,snap-01420656af60a59ed,vol-0af2a470a7dac5674,snap-01420656af60a59ed,completed,,100,True,arn:aws:kms:sa-east-1:877001948254:key/5aff9933-4b81-42c7-b410-2161b12d63bc,2022-08-03T07:37:33.843000+00:00,Created by CreateImage(i-01307af2232e38d00) for ami-074d51cafdcfda5fe,,mongodb-nike-sales-prd-a-log-bkp
ssrmprod,sa-east-1,ebs,snap-0f1cf1e277fcb2523,vol-02fc6bfbef5ef3fd7,snap-0f1cf1e277fcb2523,completed,,20,True,arn:aws:kms:sa-east-1:877001948254:key/5aff9933-4b81-42c7-b410-2161b12d63bc,2022-08-02T09:06:56.887000+00:00,Created by CreateImage(i-09ee64877d87075cc) for ami-0c837bebbe16139b4,,
ssrmprod,sa-east-1,ebs,snap-0aa4c568bbc80d3a9,vol-016a45017ba45cda0,snap-0aa4c568bbc80d3a9,completed,,40,True,arn:aws:kms:sa-east-1:877001948254:key/5aff9933-4b81-42c7-b410-2161b12d63bc,2022-08-02T09:06:56.887000+00:00,Created by CreateImage(i-09ee64877d87075cc) for ami-0c837bebbe16139b4,,mongodb-nike-sales-uat-a
ssrmprod,sa-east-1,ebs,snap-057ac00a7700b99c9,vol-0e9a84e06198fb3ea,snap-057ac00a7700b99c9,completed,,10,True,arn:aws:kms:sa-east-1:877001948254:key/5aff9933-4b81-42c7-b410-2161b12d63bc,2022-08-02T07:54:20.202000+00:00,Created by CreateImage(i-019c43be077fab936) for ami-07883caa676a445f1,,mongodb-nike-sales-uat-b
ssrmprod,sa-east-1,ebs,snap-0a80adfc9e0c8104c,vol-0af2a470a7dac5674,snap-0a80adfc9e0c8104c,completed,,100,True,arn:aws:kms:sa-east-1:877001948254:key/5aff9933-4b81-42c7-b410-2161b12d63bc,2022-08-02T07:40:06.320000+00:00,Created by CreateImage(i-01307af2232e38d00) for ami-03f64442e66090515,,mongodb-nike-sales-prd-a-log-bkp
ssrmprod,sa-east-1,ebs,snap-09678ace9be0c02f9,vol-07724c4e126ac1b37,snap-09678ace9be0c02f9,completed,,16,True,arn:aws:kms:sa-east-1:877001948254:key/5aff9933-4b81-42c7-b410-2161b12d63bc,2022-08-02T07:41:06.093000+00:00,Created by CreateImage(i-0db217cc4192a62c0) for ami-0cab9b527f1755bdc,,mongodb-nike-sales-prd-b
ssrmprod,sa-east-1,ebs,snap-09d46dbf27f383c75,vol-0f44908761547fb4b,snap-09d46dbf27f383c75,completed,,170,True,arn:aws:kms:sa-east-1:877001948254:key/5aff9933-4b81-42c7-b410-2161b12d63bc,2022-08-02T07:40:06.320000+00:00,Created by CreateImage(i-01307af2232e38d00) for ami-03f64442e66090515,,mongodb-nike-sales-prd-a-new
ssrmprod,sa-east-1,ebs,snap-00f9217ca4830f396,vol-02fc6bfbef5ef3fd7,snap-00f9217ca4830f396,completed,,20,True,arn:aws:kms:sa-east-1:877001948254:key/5aff9933-4b81-42c7-b410-2161b12d63bc,2022-08-01T09:05:21.449000+00:00,Created by CreateImage(i-09ee64877d87075cc) for ami-0e8422a68fc765a48,,
ssrmprod,sa-east-1,ebs,snap-0d45fa9aa991359bd,vol-016a45017ba45cda0,snap-0d45fa9aa991359bd,completed,,40,True,arn:aws:kms:sa-east-1:877001948254:key/5aff9933-4b81-42c7-b410-2161b12d63bc,2022-08-01T09:05:21.449000+00:00,Created by CreateImage(i-09ee64877d87075cc) for ami-0e8422a68fc765a48,,mongodb-nike-sales-uat-a
ssrmprod,sa-east-1,ebs,snap-02cfa7370889736a3,vol-0f44908761547fb4b,snap-02cfa7370889736a3,completed,,170,True,arn:aws:kms:sa-east-1:877001948254:key/5aff9933-4b81-42c7-b410-2161b12d63bc,2022-08-01T07:37:04.742000+00:00,Created by CreateImage(i-01307af2232e38d00) for ami-08736586017085a56,,mongodb-nike-sales-prd-a-new
ssrmprod,sa-east-1,ebs,snap-071c2c3d1fd819c86,vol-07724c4e126ac1b37,snap-071c2c3d1fd819c86,completed,,16,True,arn:aws:kms:sa-east-1:877001948254:key/5aff9933-4b81-42c7-b410-2161b12d63bc,2022-08-01T07:41:38.608000+00:00,Created by CreateImage(i-0db217cc4192a62c0) for ami-022506583efba34be,,mongodb-nike-sales-prd-b
ssrmprod,sa-east-1,ebs,snap-0d3388434f7a85b64,vol-0af2a470a7dac5674,snap-0d3388434f7a85b64,completed,,100,True,arn:aws:kms:sa-east-1:877001948254:key/5aff9933-4b81-42c7-b410-2161b12d63bc,2022-08-01T07:37:04.742000+00:00,Created by CreateImage(i-01307af2232e38d00) for ami-08736586017085a56,,mongodb-nike-sales-prd-a-log-bkp
ssrmprod,sa-east-1,ebs,snap-0829e0376191c298f,vol-0e9a84e06198fb3ea,snap-0829e0376191c298f,completed,,10,True,arn:aws:kms:sa-east-1:877001948254:key/5aff9933-4b81-42c7-b410-2161b12d63bc,2022-08-01T07:54:26.765000+00:00,Created by CreateImage(i-019c43be077fab936) for ami-0dd664b7556d607bd,,mongodb-nike-sales-uat-b
ssrmprod,sa-east-1,ebs,snap-0266dcf0a23300ec3,vol-02fc6bfbef5ef3fd7,snap-0266dcf0a23300ec3,completed,,20,True,arn:aws:kms:sa-east-1:877001948254:key/5aff9933-4b81-42c7-b410-2161b12d63bc,2022-07-31T08:52:18.455000+00:00,Created by CreateImage(i-09ee64877d87075cc) for ami-0194ce6f6a7b59b33,,
ssrmprod,sa-east-1,ebs,snap-0f2c9e7a5188ec0e7,vol-016a45017ba45cda0,snap-0f2c9e7a5188ec0e7,completed,,40,True,arn:aws:kms:sa-east-1:877001948254:key/5aff9933-4b81-42c7-b410-2161b12d63bc,2022-07-31T08:52:18.455000+00:00,Created by CreateImage(i-09ee64877d87075cc) for ami-0194ce6f6a7b59b33,,mongodb-nike-sales-uat-a
ssrmprod,sa-east-1,ebs,snap-08082b258f964022c,vol-0e9a84e06198fb3ea,snap-08082b258f964022c,completed,,10,True,arn:aws:kms:sa-east-1:877001948254:key/5aff9933-4b81-42c7-b410-2161b12d63bc,2022-07-31T07:51:51.094000+00:00,Created by CreateImage(i-019c43be077fab936) for ami-020d64730ee4e24cf,,mongodb-nike-sales-uat-b
ssrmprod,sa-east-1,ebs,snap-09fbe5d95696d8daf,vol-0af2a470a7dac5674,snap-09fbe5d95696d8daf,completed,,100,True,arn:aws:kms:sa-east-1:877001948254:key/5aff9933-4b81-42c7-b410-2161b12d63bc,2022-07-31T07:41:33.896000+00:00,Created by CreateImage(i-01307af2232e38d00) for ami-01f3a66129e758c3c,,mongodb-nike-sales-prd-a-log-bkp
ssrmprod,sa-east-1,ebs,snap-08d694628a1af693c,vol-07724c4e126ac1b37,snap-08d694628a1af693c,completed,,16,True,arn:aws:kms:sa-east-1:877001948254:key/5aff9933-4b81-42c7-b410-2161b12d63bc,2022-07-31T07:43:41.289000+00:00,Created by CreateImage(i-0db217cc4192a62c0) for ami-060e4c9d56630b0f1,,mongodb-nike-sales-prd-b
ssrmprod,sa-east-1,ebs,snap-0f66d2a16c1d75430,vol-0f44908761547fb4b,snap-0f66d2a16c1d75430,completed,,170,True,arn:aws:kms:sa-east-1:877001948254:key/5aff9933-4b81-42c7-b410-2161b12d63bc,2022-07-31T07:41:33.896000+00:00,Created by CreateImage(i-01307af2232e38d00) for ami-01f3a66129e758c3c,,mongodb-nike-sales-prd-a-new
ssrmprod,sa-east-1,ebs,snap-08e137ef8408325b3,vol-016a45017ba45cda0,snap-08e137ef8408325b3,completed,,40,True,arn:aws:kms:sa-east-1:877001948254:key/5aff9933-4b81-42c7-b410-2161b12d63bc,2022-07-30T09:07:43.656000+00:00,Created by CreateImage(i-09ee64877d87075cc) for ami-00c2abe3c2ec4ae2d,,mongodb-nike-sales-uat-a
ssrmprod,sa-east-1,ebs,snap-033fe2b9424d8e083,vol-02fc6bfbef5ef3fd7,snap-033fe2b9424d8e083,completed,,20,True,arn:aws:kms:sa-east-1:877001948254:key/5aff9933-4b81-42c7-b410-2161b12d63bc,2022-07-30T09:07:43.656000+00:00,Created by CreateImage(i-09ee64877d87075cc) for ami-00c2abe3c2ec4ae2d,,
ssrmprod,sa-east-1,ebs,snap-0dfcfce2f0d785f8b,vol-0af2a470a7dac5674,snap-0dfcfce2f0d785f8b,completed,,100,True,arn:aws:kms:sa-east-1:877001948254:key/5aff9933-4b81-42c7-b410-2161b12d63bc,2022-07-30T07:43:13.863000+00:00,Created by CreateImage(i-01307af2232e38d00) for ami-0442fd438a0d36ff4,,mongodb-nike-sales-prd-a-log-bkp
ssrmprod,sa-east-1,ebs,snap-000005a099f89cd03,vol-0f44908761547fb4b,snap-000005a099f89cd03,completed,,170,True,arn:aws:kms:sa-east-1:877001948254:key/5aff9933-4b81-42c7-b410-2161b12d63bc,2022-07-30T07:43:13.863000+00:00,Created by CreateImage(i-01307af2232e38d00) for ami-0442fd438a0d36ff4,,mongodb-nike-sales-prd-a-new
ssrmprod,sa-east-1,ebs,snap-0cd4716650086347a,vol-0e9a84e06198fb3ea,snap-0cd4716650086347a,completed,,10,True,arn:aws:kms:sa-east-1:877001948254:key/5aff9933-4b81-42c7-b410-2161b12d63bc,2022-07-30T07:51:21.723000+00:00,Created by CreateImage(i-019c43be077fab936) for ami-07561c9cdc8cfb7ed,,mongodb-nike-sales-uat-b
ssrmprod,sa-east-1,ebs,snap-0ded397f6a6857b4d,vol-07724c4e126ac1b37,snap-0ded397f6a6857b4d,completed,,16,True,arn:aws:kms:sa-east-1:877001948254:key/5aff9933-4b81-42c7-b410-2161b12d63bc,2022-07-30T07:39:45.789000+00:00,Created by CreateImage(i-0db217cc4192a62c0) for ami-016edc1fd3deee5f9,,mongodb-nike-sales-prd-b
ssrmprod,sa-east-1,ebs,snap-01e76e07cf1a12360,vol-02fc6bfbef5ef3fd7,snap-01e76e07cf1a12360,completed,,20,True,arn:aws:kms:sa-east-1:877001948254:key/5aff9933-4b81-42c7-b410-2161b12d63bc,2022-07-29T08:51:39.108000+00:00,Created by CreateImage(i-09ee64877d87075cc) for ami-0455db40bad2aa212,,
ssrmprod,sa-east-1,ebs,snap-092d31130f8b6df9e,vol-016a45017ba45cda0,snap-092d31130f8b6df9e,completed,,40,True,arn:aws:kms:sa-east-1:877001948254:key/5aff9933-4b81-42c7-b410-2161b12d63bc,2022-07-29T08:51:39.108000+00:00,Created by CreateImage(i-09ee64877d87075cc) for ami-0455db40bad2aa212,,mongodb-nike-sales-uat-a
ssrmprod,sa-east-1,ebs,snap-09751d562878557a4,vol-0e9a84e06198fb3ea,snap-09751d562878557a4,completed,,10,True,arn:aws:kms:sa-east-1:877001948254:key/5aff9933-4b81-42c7-b410-2161b12d63bc,2022-07-29T08:06:00.430000+00:00,Created by CreateImage(i-019c43be077fab936) for ami-0cfcb15ff2305ef74,,mongodb-nike-sales-uat-b
ssrmprod,sa-east-1,ebs,snap-0421157bf56b19eb3,vol-0af2a470a7dac5674,snap-0421157bf56b19eb3,completed,,100,True,arn:aws:kms:sa-east-1:877001948254:key/5aff9933-4b81-42c7-b410-2161b12d63bc,2022-07-29T07:39:18.614000+00:00,Created by CreateImage(i-01307af2232e38d00) for ami-00dd7d9aad554463b,,mongodb-nike-sales-prd-a-log-bkp
ssrmprod,sa-east-1,ebs,snap-0b78f7337127d2ee9,vol-0f44908761547fb4b,snap-0b78f7337127d2ee9,completed,,170,True,arn:aws:kms:sa-east-1:877001948254:key/5aff9933-4b81-42c7-b410-2161b12d63bc,2022-07-29T07:39:18.614000+00:00,Created by CreateImage(i-01307af2232e38d00) for ami-00dd7d9aad554463b,,mongodb-nike-sales-prd-a-new
ssrmprod,sa-east-1,ebs,snap-091738549a3223247,vol-07724c4e126ac1b37,snap-091738549a3223247,completed,,16,True,arn:aws:kms:sa-east-1:877001948254:key/5aff9933-4b81-42c7-b410-2161b12d63bc,2022-07-29T07:40:48.830000+00:00,Created by CreateImage(i-0db217cc4192a62c0) for ami-0f4a97ae25ccc3434,,mongodb-nike-sales-prd-b
ssrmprod,sa-east-1,ebs,snap-09f9c54d63baed22c,vol-016a45017ba45cda0,snap-09f9c54d63baed22c,completed,,40,True,arn:aws:kms:sa-east-1:877001948254:key/5aff9933-4b81-42c7-b410-2161b12d63bc,2022-07-28T08:51:53.277000+00:00,Created by CreateImage(i-09ee64877d87075cc) for ami-047854c5d4c55a774,,mongodb-nike-sales-uat-a
ssrmprod,sa-east-1,ebs,snap-07c42b20db553ec46,vol-02fc6bfbef5ef3fd7,snap-07c42b20db553ec46,completed,,20,True,arn:aws:kms:sa-east-1:877001948254:key/5aff9933-4b81-42c7-b410-2161b12d63bc,2022-07-28T08:51:53.277000+00:00,Created by CreateImage(i-09ee64877d87075cc) for ami-047854c5d4c55a774,,
ssrmprod,sa-east-1,ebs,snap-07d64ba6ec66a3db1,vol-0f44908761547fb4b,snap-07d64ba6ec66a3db1,completed,,170,True,arn:aws:kms:sa-east-1:877001948254:key/5aff9933-4b81-42c7-b410-2161b12d63bc,2022-07-28T07:41:15.781000+00:00,Created by CreateImage(i-01307af2232e38d00) for ami-06d948096902faa40,,mongodb-nike-sales-prd-a-new
ssrmprod,sa-east-1,ebs,snap-079865e6e7fc264c6,vol-07724c4e126ac1b37,snap-079865e6e7fc264c6,completed,,16,True,arn:aws:kms:sa-east-1:877001948254:key/5aff9933-4b81-42c7-b410-2161b12d63bc,2022-07-28T07:38:48.969000+00:00,Created by CreateImage(i-0db217cc4192a62c0) for ami-07d98010296bcd12b,,mongodb-nike-sales-prd-b
ssrmprod,sa-east-1,ebs,snap-02ea0b5934f40edf4,vol-0e9a84e06198fb3ea,snap-02ea0b5934f40edf4,completed,,10,True,arn:aws:kms:sa-east-1:877001948254:key/5aff9933-4b81-42c7-b410-2161b12d63bc,2022-07-28T08:10:38.877000+00:00,Created by CreateImage(i-019c43be077fab936) for ami-0d7445d6e5e45ce5c,,mongodb-nike-sales-uat-b
ssrmprod,sa-east-1,ebs,snap-0f63930eb2962e0dd,vol-0af2a470a7dac5674,snap-0f63930eb2962e0dd,completed,,100,True,arn:aws:kms:sa-east-1:877001948254:key/5aff9933-4b81-42c7-b410-2161b12d63bc,2022-07-28T07:41:15.781000+00:00,Created by CreateImage(i-01307af2232e38d00) for ami-06d948096902faa40,,mongodb-nike-sales-prd-a-log-bkp
ssrmprod,sa-east-1,ebs,snap-051558b2a512a53a5,vol-016a45017ba45cda0,snap-051558b2a512a53a5,completed,,40,True,arn:aws:kms:sa-east-1:877001948254:key/5aff9933-4b81-42c7-b410-2161b12d63bc,2022-07-27T08:54:58.564000+00:00,Created by CreateImage(i-09ee64877d87075cc) for ami-066d87af14afc3c66,,mongodb-nike-sales-uat-a
ssrmprod,sa-east-1,ebs,snap-0a4827f05958875be,vol-02fc6bfbef5ef3fd7,snap-0a4827f05958875be,completed,,20,True,arn:aws:kms:sa-east-1:877001948254:key/5aff9933-4b81-42c7-b410-2161b12d63bc,2022-07-27T08:54:58.564000+00:00,Created by CreateImage(i-09ee64877d87075cc) for ami-066d87af14afc3c66,,
ssrmprod,sa-east-1,ebs,snap-0640728729bd396ea,vol-0f44908761547fb4b,snap-0640728729bd396ea,completed,,170,True,arn:aws:kms:sa-east-1:877001948254:key/5aff9933-4b81-42c7-b410-2161b12d63bc,2022-07-27T07:41:21.977000+00:00,Created by CreateImage(i-01307af2232e38d00) for ami-07a6bfaef70a9bf7e,,mongodb-nike-sales-prd-a-new
ssrmprod,sa-east-1,ebs,snap-05986d875a96aac1b,vol-0af2a470a7dac5674,snap-05986d875a96aac1b,completed,,100,True,arn:aws:kms:sa-east-1:877001948254:key/5aff9933-4b81-42c7-b410-2161b12d63bc,2022-07-27T07:41:21.977000+00:00,Created by CreateImage(i-01307af2232e38d00) for ami-07a6bfaef70a9bf7e,,mongodb-nike-sales-prd-a-log-bkp
ssrmprod,sa-east-1,ebs,snap-077c795d4d5dd0387,vol-0e9a84e06198fb3ea,snap-077c795d4d5dd0387,completed,,10,True,arn:aws:kms:sa-east-1:877001948254:key/5aff9933-4b81-42c7-b410-2161b12d63bc,2022-07-27T07:51:51.028000+00:00,Created by CreateImage(i-019c43be077fab936) for ami-04981c63f09af5409,,mongodb-nike-sales-uat-b
ssrmprod,sa-east-1,ebs,snap-07f014c239f5381f3,vol-07724c4e126ac1b37,snap-07f014c239f5381f3,completed,,16,True,arn:aws:kms:sa-east-1:877001948254:key/5aff9933-4b81-42c7-b410-2161b12d63bc,2022-07-27T07:42:17.009000+00:00,Created by CreateImage(i-0db217cc4192a62c0) for ami-08ccd0cd4d4708b21,,mongodb-nike-sales-prd-b
ssrmprod,sa-east-1,ebs,snap-0f623091bb8816f42,vol-016a45017ba45cda0,snap-0f623091bb8816f42,completed,,40,True,arn:aws:kms:sa-east-1:877001948254:key/5aff9933-4b81-42c7-b410-2161b12d63bc,2022-07-26T09:14:14.581000+00:00,Created by CreateImage(i-09ee64877d87075cc) for ami-0c83f5ef8aff681e5,,mongodb-nike-sales-uat-a
ssrmprod,sa-east-1,ebs,snap-06330cdee6099c809,vol-02fc6bfbef5ef3fd7,snap-06330cdee6099c809,completed,,20,True,arn:aws:kms:sa-east-1:877001948254:key/5aff9933-4b81-42c7-b410-2161b12d63bc,2022-07-26T09:14:14.581000+00:00,Created by CreateImage(i-09ee64877d87075cc) for ami-0c83f5ef8aff681e5,,
ssrmprod,sa-east-1,ebs,snap-074b78ea42d950545,vol-0e9a84e06198fb3ea,snap-074b78ea42d950545,completed,,10,True,arn:aws:kms:sa-east-1:877001948254:key/5aff9933-4b81-42c7-b410-2161b12d63bc,2022-07-26T07:54:27.391000+00:00,Created by CreateImage(i-019c43be077fab936) for ami-00c826d83acfd088a,,mongodb-nike-sales-uat-b
ssrmprod,sa-east-1,ebs,snap-0f32b79ee1f35e167,vol-0f44908761547fb4b,snap-0f32b79ee1f35e167,completed,,170,True,arn:aws:kms:sa-east-1:877001948254:key/5aff9933-4b81-42c7-b410-2161b12d63bc,2022-07-26T07:37:31.395000+00:00,Created by CreateImage(i-01307af2232e38d00) for ami-047eecb69b95bfd1b,,mongodb-nike-sales-prd-a-new
ssrmprod,sa-east-1,ebs,snap-0a3cd718a0e155ada,vol-0af2a470a7dac5674,snap-0a3cd718a0e155ada,completed,,100,True,arn:aws:kms:sa-east-1:877001948254:key/5aff9933-4b81-42c7-b410-2161b12d63bc,2022-07-26T07:37:31.395000+00:00,Created by CreateImage(i-01307af2232e38d00) for ami-047eecb69b95bfd1b,,mongodb-nike-sales-prd-a-log-bkp
ssrmprod,sa-east-1,ebs,snap-0cbd7dc57d79dbaf8,vol-07724c4e126ac1b37,snap-0cbd7dc57d79dbaf8,completed,,16,True,arn:aws:kms:sa-east-1:877001948254:key/5aff9933-4b81-42c7-b410-2161b12d63bc,2022-07-26T07:36:06.487000+00:00,Created by CreateImage(i-0db217cc4192a62c0) for ami-09810399f38b867cd,,mongodb-nike-sales-prd-b
ssrmprod,sa-east-1,ebs,snap-0c7d16f504f376649,vol-02fc6bfbef5ef3fd7,snap-0c7d16f504f376649,completed,,20,True,arn:aws:kms:sa-east-1:877001948254:key/5aff9933-4b81-42c7-b410-2161b12d63bc,2022-07-25T08:51:55.336000+00:00,Created by CreateImage(i-09ee64877d87075cc) for ami-00c0ff38be205b606,,
ssrmprod,sa-east-1,ebs,snap-09d28ee23503fbadc,vol-016a45017ba45cda0,snap-09d28ee23503fbadc,completed,,40,True,arn:aws:kms:sa-east-1:877001948254:key/5aff9933-4b81-42c7-b410-2161b12d63bc,2022-07-25T08:51:55.336000+00:00,Created by CreateImage(i-09ee64877d87075cc) for ami-00c0ff38be205b606,,mongodb-nike-sales-uat-a
ssrmprod,sa-east-1,ebs,snap-0797c7950215c410c,vol-0e9a84e06198fb3ea,snap-0797c7950215c410c,completed,,10,True,arn:aws:kms:sa-east-1:877001948254:key/5aff9933-4b81-42c7-b410-2161b12d63bc,2022-07-25T08:05:37.947000+00:00,Created by CreateImage(i-019c43be077fab936) for ami-0a939c4bcb2d94e22,,mongodb-nike-sales-uat-b
ssrmprod,sa-east-1,ebs,snap-0dc504580a8f18c6a,vol-0f44908761547fb4b,snap-0dc504580a8f18c6a,completed,,170,True,arn:aws:kms:sa-east-1:877001948254:key/5aff9933-4b81-42c7-b410-2161b12d63bc,2022-07-25T07:43:19.848000+00:00,Created by CreateImage(i-01307af2232e38d00) for ami-02ee759f2d4027b02,,mongodb-nike-sales-prd-a-new
ssrmprod,sa-east-1,ebs,snap-073a803accbbac14c,vol-07724c4e126ac1b37,snap-073a803accbbac14c,completed,,16,True,arn:aws:kms:sa-east-1:877001948254:key/5aff9933-4b81-42c7-b410-2161b12d63bc,2022-07-25T07:42:31.003000+00:00,Created by CreateImage(i-0db217cc4192a62c0) for ami-09d28e79451c3767c,,mongodb-nike-sales-prd-b
ssrmprod,sa-east-1,ebs,snap-0ea9042d6984f7a7d,vol-0af2a470a7dac5674,snap-0ea9042d6984f7a7d,completed,,100,True,arn:aws:kms:sa-east-1:877001948254:key/5aff9933-4b81-42c7-b410-2161b12d63bc,2022-07-25T07:43:19.848000+00:00,Created by CreateImage(i-01307af2232e38d00) for ami-02ee759f2d4027b02,,mongodb-nike-sales-prd-a-log-bkp
ssrmprod,sa-east-1,ebs,snap-097b8514ce05355e6,vol-016a45017ba45cda0,snap-097b8514ce05355e6,completed,,40,True,arn:aws:kms:sa-east-1:877001948254:key/5aff9933-4b81-42c7-b410-2161b12d63bc,2022-07-24T08:54:46.267000+00:00,Created by CreateImage(i-09ee64877d87075cc) for ami-0bbf5fcde4b90f541,,mongodb-nike-sales-uat-a
ssrmprod,sa-east-1,ebs,snap-0512c39ef4e3c46ee,vol-02fc6bfbef5ef3fd7,snap-0512c39ef4e3c46ee,completed,,20,True,arn:aws:kms:sa-east-1:877001948254:key/5aff9933-4b81-42c7-b410-2161b12d63bc,2022-07-24T08:54:46.267000+00:00,Created by CreateImage(i-09ee64877d87075cc) for ami-0bbf5fcde4b90f541,,
ssrmprod,sa-east-1,ebs,snap-04162480e5b321ffd,vol-0e9a84e06198fb3ea,snap-04162480e5b321ffd,completed,,10,True,arn:aws:kms:sa-east-1:877001948254:key/5aff9933-4b81-42c7-b410-2161b12d63bc,2022-07-24T08:07:45.454000+00:00,Created by CreateImage(i-019c43be077fab936) for ami-01236081f82286c04,,mongodb-nike-sales-uat-b
ssrmprod,sa-east-1,ebs,snap-0dd35490ad8b56446,vol-07724c4e126ac1b37,snap-0dd35490ad8b56446,completed,,16,True,arn:aws:kms:sa-east-1:877001948254:key/5aff9933-4b81-42c7-b410-2161b12d63bc,2022-07-24T07:39:26.704000+00:00,Created by CreateImage(i-0db217cc4192a62c0) for ami-0c3c4f949d6287273,,mongodb-nike-sales-prd-b
ssrmprod,sa-east-1,ebs,snap-0326f6b1695d0bec2,vol-0af2a470a7dac5674,snap-0326f6b1695d0bec2,completed,,100,True,arn:aws:kms:sa-east-1:877001948254:key/5aff9933-4b81-42c7-b410-2161b12d63bc,2022-07-24T07:39:44.483000+00:00,Created by CreateImage(i-01307af2232e38d00) for ami-048e8a6acd4c9e86f,,mongodb-nike-sales-prd-a-log-bkp
ssrmprod,sa-east-1,ebs,snap-086f64a7f1c85551f,vol-0f44908761547fb4b,snap-086f64a7f1c85551f,completed,,170,True,arn:aws:kms:sa-east-1:877001948254:key/5aff9933-4b81-42c7-b410-2161b12d63bc,2022-07-24T07:39:44.483000+00:00,Created by CreateImage(i-01307af2232e38d00) for ami-048e8a6acd4c9e86f,,mongodb-nike-sales-prd-a-new
ssrmprod,sa-east-1,ebs,snap-028062c98f9af6d4b,vol-016a45017ba45cda0,snap-028062c98f9af6d4b,completed,,40,True,arn:aws:kms:sa-east-1:877001948254:key/5aff9933-4b81-42c7-b410-2161b12d63bc,2022-07-23T09:11:16.629000+00:00,Created by CreateImage(i-09ee64877d87075cc) for ami-020b34e24d3dd03ef,,mongodb-nike-sales-uat-a
ssrmprod,sa-east-1,ebs,snap-0715fae754a89b731,vol-02fc6bfbef5ef3fd7,snap-0715fae754a89b731,completed,,20,True,arn:aws:kms:sa-east-1:877001948254:key/5aff9933-4b81-42c7-b410-2161b12d63bc,2022-07-23T09:11:16.629000+00:00,Created by CreateImage(i-09ee64877d87075cc) for ami-020b34e24d3dd03ef,,
ssrmprod,sa-east-1,ebs,snap-0d39227cb206f3bec,vol-0e9a84e06198fb3ea,snap-0d39227cb206f3bec,completed,,10,True,arn:aws:kms:sa-east-1:877001948254:key/5aff9933-4b81-42c7-b410-2161b12d63bc,2022-07-23T08:06:45.310000+00:00,Created by CreateImage(i-019c43be077fab936) for ami-0ffb88b84e4eea675,,mongodb-nike-sales-uat-b
ssrmprod,sa-east-1,ebs,snap-0896bec13d15dd5b1,vol-0f44908761547fb4b,snap-0896bec13d15dd5b1,completed,,170,True,arn:aws:kms:sa-east-1:877001948254:key/5aff9933-4b81-42c7-b410-2161b12d63bc,2022-07-23T07:38:05.732000+00:00,Created by CreateImage(i-01307af2232e38d00) for ami-002235488061a6757,,mongodb-nike-sales-prd-a-new
ssrmprod,sa-east-1,ebs,snap-0bcebb7b0b526dda7,vol-07724c4e126ac1b37,snap-0bcebb7b0b526dda7,completed,,16,True,arn:aws:kms:sa-east-1:877001948254:key/5aff9933-4b81-42c7-b410-2161b12d63bc,2022-07-23T07:40:41.375000+00:00,Created by CreateImage(i-0db217cc4192a62c0) for ami-0430421ef667bdd4e,,mongodb-nike-sales-prd-b
ssrmprod,sa-east-1,ebs,snap-0057e1ce41421626d,vol-0af2a470a7dac5674,snap-0057e1ce41421626d,completed,,100,True,arn:aws:kms:sa-east-1:877001948254:key/5aff9933-4b81-42c7-b410-2161b12d63bc,2022-07-23T07:38:05.732000+00:00,Created by CreateImage(i-01307af2232e38d00) for ami-002235488061a6757,,mongodb-nike-sales-prd-a-log-bkp
ssrmprod,sa-east-1,ebs,snap-0308fcb2f0b13ea17,vol-016a45017ba45cda0,snap-0308fcb2f0b13ea17,completed,,40,True,arn:aws:kms:sa-east-1:877001948254:key/5aff9933-4b81-42c7-b410-2161b12d63bc,2022-07-22T09:05:21.628000+00:00,Created by CreateImage(i-09ee64877d87075cc) for ami-0c0bd9f103c4584a6,,mongodb-nike-sales-uat-a
ssrmprod,sa-east-1,ebs,snap-0b37ff4b1185d9225,vol-02fc6bfbef5ef3fd7,snap-0b37ff4b1185d9225,completed,,20,True,arn:aws:kms:sa-east-1:877001948254:key/5aff9933-4b81-42c7-b410-2161b12d63bc,2022-07-22T09:05:21.628000+00:00,Created by CreateImage(i-09ee64877d87075cc) for ami-0c0bd9f103c4584a6,,
ssrmprod,sa-east-1,ebs,snap-02ca6acc0835175a3,vol-0e9a84e06198fb3ea,snap-02ca6acc0835175a3,completed,,10,True,arn:aws:kms:sa-east-1:877001948254:key/5aff9933-4b81-42c7-b410-2161b12d63bc,2022-07-22T07:55:17.219000+00:00,Created by CreateImage(i-019c43be077fab936) for ami-042c2e3c38161fa51,,mongodb-nike-sales-uat-b
ssrmprod,sa-east-1,ebs,snap-0137fa9177f121bd1,vol-07724c4e126ac1b37,snap-0137fa9177f121bd1,completed,,16,True,arn:aws:kms:sa-east-1:877001948254:key/5aff9933-4b81-42c7-b410-2161b12d63bc,2022-07-22T07:43:17.165000+00:00,Created by CreateImage(i-0db217cc4192a62c0) for ami-071f8c7f169e38f62,,mongodb-nike-sales-prd-b
ssrmprod,sa-east-1,ebs,snap-0063c6c14affaac0b,vol-0f44908761547fb4b,snap-0063c6c14affaac0b,completed,,170,True,arn:aws:kms:sa-east-1:877001948254:key/5aff9933-4b81-42c7-b410-2161b12d63bc,2022-07-22T07:41:44.038000+00:00,Created by CreateImage(i-01307af2232e38d00) for ami-0a2f1b4abec26737c,,mongodb-nike-sales-prd-a-new
ssrmprod,sa-east-1,ebs,snap-005f6cd7381550aac,vol-0af2a470a7dac5674,snap-005f6cd7381550aac,completed,,100,True,arn:aws:kms:sa-east-1:877001948254:key/5aff9933-4b81-42c7-b410-2161b12d63bc,2022-07-22T07:41:44.038000+00:00,Created by CreateImage(i-01307af2232e38d00) for ami-0a2f1b4abec26737c,,mongodb-nike-sales-prd-a-log-bkp
ssrmprod,sa-east-1,ebs,snap-0d82ad13c52d7e991,vol-02fc6bfbef5ef3fd7,snap-0d82ad13c52d7e991,completed,,20,True,arn:aws:kms:sa-east-1:877001948254:key/5aff9933-4b81-42c7-b410-2161b12d63bc,2022-07-21T08:50:18.554000+00:00,Created by CreateImage(i-09ee64877d87075cc) for ami-0dfdfb87a72f71461,,
ssrmprod,sa-east-1,ebs,snap-0b52e272d08f26eb9,vol-016a45017ba45cda0,snap-0b52e272d08f26eb9,completed,,40,True,arn:aws:kms:sa-east-1:877001948254:key/5aff9933-4b81-42c7-b410-2161b12d63bc,2022-07-21T08:50:18.554000+00:00,Created by CreateImage(i-09ee64877d87075cc) for ami-0dfdfb87a72f71461,,mongodb-nike-sales-uat-a
ssrmprod,sa-east-1,ebs,snap-0edf8c62d9882b3d6,vol-0e9a84e06198fb3ea,snap-0edf8c62d9882b3d6,completed,,10,True,arn:aws:kms:sa-east-1:877001948254:key/5aff9933-4b81-42c7-b410-2161b12d63bc,2022-07-21T08:11:12.850000+00:00,Created by CreateImage(i-019c43be077fab936) for ami-017f8046d62de4736,,mongodb-nike-sales-uat-b
ssrmprod,sa-east-1,ebs,snap-07e5247b32ae86797,vol-0f44908761547fb4b,snap-07e5247b32ae86797,completed,,170,True,arn:aws:kms:sa-east-1:877001948254:key/5aff9933-4b81-42c7-b410-2161b12d63bc,2022-07-21T07:44:38.792000+00:00,Created by CreateImage(i-01307af2232e38d00) for ami-01c92e37aadc92f38,,mongodb-nike-sales-prd-a-new
ssrmprod,sa-east-1,ebs,snap-0348cda8e67046fbf,vol-07724c4e126ac1b37,snap-0348cda8e67046fbf,completed,,16,True,arn:aws:kms:sa-east-1:877001948254:key/5aff9933-4b81-42c7-b410-2161b12d63bc,2022-07-21T07:39:08.198000+00:00,Created by CreateImage(i-0db217cc4192a62c0) for ami-06316f7d9ac63e6b3,,mongodb-nike-sales-prd-b
ssrmprod,sa-east-1,ebs,snap-06588c9ccd4049486,vol-0af2a470a7dac5674,snap-06588c9ccd4049486,completed,,100,True,arn:aws:kms:sa-east-1:877001948254:key/5aff9933-4b81-42c7-b410-2161b12d63bc,2022-07-21T07:44:38.792000+00:00,Created by CreateImage(i-01307af2232e38d00) for ami-01c92e37aadc92f38,,mongodb-nike-sales-prd-a-log-bkp
ssrmprod,sa-east-1,ebs,snap-0f69bd9fd13f6a687,vol-02fc6bfbef5ef3fd7,snap-0f69bd9fd13f6a687,completed,,20,True,arn:aws:kms:sa-east-1:877001948254:key/5aff9933-4b81-42c7-b410-2161b12d63bc,2022-07-20T08:52:08.431000+00:00,Created by CreateImage(i-09ee64877d87075cc) for ami-014a3cb605a4463fb,,
ssrmprod,sa-east-1,ebs,snap-028fa312793bd3157,vol-016a45017ba45cda0,snap-028fa312793bd3157,completed,,40,True,arn:aws:kms:sa-east-1:877001948254:key/5aff9933-4b81-42c7-b410-2161b12d63bc,2022-07-20T08:52:08.431000+00:00,Created by CreateImage(i-09ee64877d87075cc) for ami-014a3cb605a4463fb,,mongodb-nike-sales-uat-a
ssrmprod,sa-east-1,ebs,snap-0840fa07f99d38454,vol-07724c4e126ac1b37,snap-0840fa07f99d38454,completed,,16,True,arn:aws:kms:sa-east-1:877001948254:key/5aff9933-4b81-42c7-b410-2161b12d63bc,2022-07-20T07:38:21.912000+00:00,Created by CreateImage(i-0db217cc4192a62c0) for ami-0d2e2006ae12186af,,mongodb-nike-sales-prd-b
ssrmprod,sa-east-1,ebs,snap-0c113dbbbba23bb9b,vol-0f44908761547fb4b,snap-0c113dbbbba23bb9b,completed,,170,True,arn:aws:kms:sa-east-1:877001948254:key/5aff9933-4b81-42c7-b410-2161b12d63bc,2022-07-20T07:39:02.941000+00:00,Created by CreateImage(i-01307af2232e38d00) for ami-034198a3c43303ab1,,mongodb-nike-sales-prd-a-new
ssrmprod,sa-east-1,ebs,snap-07363e38f82f3d934,vol-0af2a470a7dac5674,snap-07363e38f82f3d934,completed,,100,True,arn:aws:kms:sa-east-1:877001948254:key/5aff9933-4b81-42c7-b410-2161b12d63bc,2022-07-20T07:39:02.941000+00:00,Created by CreateImage(i-01307af2232e38d00) for ami-034198a3c43303ab1,,mongodb-nike-sales-prd-a-log-bkp
ssrmprod,sa-east-1,ebs,snap-0b4d2d0390be04137,vol-0e9a84e06198fb3ea,snap-0b4d2d0390be04137,completed,,10,True,arn:aws:kms:sa-east-1:877001948254:key/5aff9933-4b81-42c7-b410-2161b12d63bc,2022-07-20T07:51:44.021000+00:00,Created by CreateImage(i-019c43be077fab936) for ami-068dea63610ee1790,,mongodb-nike-sales-uat-b
ssrmprod,sa-east-1,ebs,snap-0a8db5cd76236860c,vol-016a45017ba45cda0,snap-0a8db5cd76236860c,completed,,40,True,arn:aws:kms:sa-east-1:877001948254:key/5aff9933-4b81-42c7-b410-2161b12d63bc,2022-07-19T08:50:57.556000+00:00,Created by CreateImage(i-09ee64877d87075cc) for ami-09e9a036519098a54,,mongodb-nike-sales-uat-a
ssrmprod,sa-east-1,ebs,snap-0ef03f28397024cd1,vol-02fc6bfbef5ef3fd7,snap-0ef03f28397024cd1,completed,,20,True,arn:aws:kms:sa-east-1:877001948254:key/5aff9933-4b81-42c7-b410-2161b12d63bc,2022-07-19T08:50:57.556000+00:00,Created by CreateImage(i-09ee64877d87075cc) for ami-09e9a036519098a54,,
ssrmprod,sa-east-1,ebs,snap-0046ff6bcbe45e2ab,vol-0e9a84e06198fb3ea,snap-0046ff6bcbe45e2ab,completed,,10,True,arn:aws:kms:sa-east-1:877001948254:key/5aff9933-4b81-42c7-b410-2161b12d63bc,2022-07-19T07:53:24.104000+00:00,Created by CreateImage(i-019c43be077fab936) for ami-0bb6a93284efbb9f8,,mongodb-nike-sales-uat-b
ssrmprod,sa-east-1,ebs,snap-051ed1739f944b031,vol-07724c4e126ac1b37,snap-051ed1739f944b031,completed,,16,True,arn:aws:kms:sa-east-1:877001948254:key/5aff9933-4b81-42c7-b410-2161b12d63bc,2022-07-19T07:38:55.050000+00:00,Created by CreateImage(i-0db217cc4192a62c0) for ami-09dfcceb8bdf39dbf,,mongodb-nike-sales-prd-b
ssrmprod,sa-east-1,ebs,snap-06525d5b8c8cf0702,vol-0f44908761547fb4b,snap-06525d5b8c8cf0702,completed,,170,True,arn:aws:kms:sa-east-1:877001948254:key/5aff9933-4b81-42c7-b410-2161b12d63bc,2022-07-19T07:43:52.604000+00:00,Created by CreateImage(i-01307af2232e38d00) for ami-06cf2ab8402c55d01,,mongodb-nike-sales-prd-a-new
ssrmprod,sa-east-1,ebs,snap-011d7807d62a6667d,vol-0af2a470a7dac5674,snap-011d7807d62a6667d,completed,,100,True,arn:aws:kms:sa-east-1:877001948254:key/5aff9933-4b81-42c7-b410-2161b12d63bc,2022-07-19T07:43:52.604000+00:00,Created by CreateImage(i-01307af2232e38d00) for ami-06cf2ab8402c55d01,,mongodb-nike-sales-prd-a-log-bkp
ssrmprod,sa-east-1,ebs,snap-0bc4ef551ac82dce5,vol-016a45017ba45cda0,snap-0bc4ef551ac82dce5,completed,,40,True,arn:aws:kms:sa-east-1:877001948254:key/5aff9933-4b81-42c7-b410-2161b12d63bc,2022-07-18T08:51:32.406000+00:00,Created by CreateImage(i-09ee64877d87075cc) for ami-02ef3ba97555ffb3e,,mongodb-nike-sales-uat-a
ssrmprod,sa-east-1,ebs,snap-04a69223b6ff746b0,vol-02fc6bfbef5ef3fd7,snap-04a69223b6ff746b0,completed,,20,True,arn:aws:kms:sa-east-1:877001948254:key/5aff9933-4b81-42c7-b410-2161b12d63bc,2022-07-18T08:51:32.406000+00:00,Created by CreateImage(i-09ee64877d87075cc) for ami-02ef3ba97555ffb3e,,
ssrmprod,sa-east-1,ebs,snap-084860be1452e5ba0,vol-0e9a84e06198fb3ea,snap-084860be1452e5ba0,completed,,10,True,arn:aws:kms:sa-east-1:877001948254:key/5aff9933-4b81-42c7-b410-2161b12d63bc,2022-07-18T08:11:13.650000+00:00,Created by CreateImage(i-019c43be077fab936) for ami-07195b74d07270a34,,mongodb-nike-sales-uat-b
ssrmprod,sa-east-1,ebs,snap-06199badf94d41e08,vol-0f44908761547fb4b,snap-06199badf94d41e08,completed,,170,True,arn:aws:kms:sa-east-1:877001948254:key/5aff9933-4b81-42c7-b410-2161b12d63bc,2022-07-18T07:39:17.950000+00:00,Created by CreateImage(i-01307af2232e38d00) for ami-09b2790708e0e6824,,mongodb-nike-sales-prd-a-new
ssrmprod,sa-east-1,ebs,snap-05d2cd7a0d0bf8f39,vol-07724c4e126ac1b37,snap-05d2cd7a0d0bf8f39,completed,,16,True,arn:aws:kms:sa-east-1:877001948254:key/5aff9933-4b81-42c7-b410-2161b12d63bc,2022-07-18T07:39:41.910000+00:00,Created by CreateImage(i-0db217cc4192a62c0) for ami-025fd86c5031989d5,,mongodb-nike-sales-prd-b
ssrmprod,sa-east-1,ebs,snap-0af47ba49611bbbb8,vol-0af2a470a7dac5674,snap-0af47ba49611bbbb8,completed,,100,True,arn:aws:kms:sa-east-1:877001948254:key/5aff9933-4b81-42c7-b410-2161b12d63bc,2022-07-18T07:39:17.950000+00:00,Created by CreateImage(i-01307af2232e38d00) for ami-09b2790708e0e6824,,mongodb-nike-sales-prd-a-log-bkp
ssrmprod,sa-east-1,ebs,snap-0b5d146fe1cedee74,vol-02fc6bfbef5ef3fd7,snap-0b5d146fe1cedee74,completed,,20,True,arn:aws:kms:sa-east-1:877001948254:key/5aff9933-4b81-42c7-b410-2161b12d63bc,2022-07-17T08:54:10.264000+00:00,Created by CreateImage(i-09ee64877d87075cc) for ami-0dbf449ed7ed89478,,
ssrmprod,sa-east-1,ebs,snap-0469dbe56aa12bff1,vol-016a45017ba45cda0,snap-0469dbe56aa12bff1,completed,,40,True,arn:aws:kms:sa-east-1:877001948254:key/5aff9933-4b81-42c7-b410-2161b12d63bc,2022-07-17T08:54:10.264000+00:00,Created by CreateImage(i-09ee64877d87075cc) for ami-0dbf449ed7ed89478,,mongodb-nike-sales-uat-a
ssrmprod,sa-east-1,ebs,snap-06855499a5bfabc51,vol-0e9a84e06198fb3ea,snap-06855499a5bfabc51,completed,,10,True,arn:aws:kms:sa-east-1:877001948254:key/5aff9933-4b81-42c7-b410-2161b12d63bc,2022-07-17T07:52:14.042000+00:00,Created by CreateImage(i-019c43be077fab936) for ami-03fb97443328b3dd8,,mongodb-nike-sales-uat-b
ssrmprod,sa-east-1,ebs,snap-03d26dbc094d61086,vol-0f44908761547fb4b,snap-03d26dbc094d61086,completed,,170,True,arn:aws:kms:sa-east-1:877001948254:key/5aff9933-4b81-42c7-b410-2161b12d63bc,2022-07-17T07:36:44.875000+00:00,Created by CreateImage(i-01307af2232e38d00) for ami-0b64515dd819a1666,,mongodb-nike-sales-prd-a-new
ssrmprod,sa-east-1,ebs,snap-0f41fe5772ef05ae0,vol-0af2a470a7dac5674,snap-0f41fe5772ef05ae0,completed,,100,True,arn:aws:kms:sa-east-1:877001948254:key/5aff9933-4b81-42c7-b410-2161b12d63bc,2022-07-17T07:36:44.875000+00:00,Created by CreateImage(i-01307af2232e38d00) for ami-0b64515dd819a1666,,mongodb-nike-sales-prd-a-log-bkp
ssrmprod,sa-east-1,ebs,snap-07b6dc83f854139c6,vol-07724c4e126ac1b37,snap-07b6dc83f854139c6,completed,,16,True,arn:aws:kms:sa-east-1:877001948254:key/5aff9933-4b81-42c7-b410-2161b12d63bc,2022-07-17T07:39:55.106000+00:00,Created by CreateImage(i-0db217cc4192a62c0) for ami-072cb6839da3d2451,,mongodb-nike-sales-prd-b
ssrmprod,sa-east-1,ebs,snap-0aa69b0289bef9de4,vol-016a45017ba45cda0,snap-0aa69b0289bef9de4,completed,,40,True,arn:aws:kms:sa-east-1:877001948254:key/5aff9933-4b81-42c7-b410-2161b12d63bc,2022-07-16T08:50:09.330000+00:00,Created by CreateImage(i-09ee64877d87075cc) for ami-003f4ea6a46fd2581,,mongodb-nike-sales-uat-a
ssrmprod,sa-east-1,ebs,snap-0577e73326d74c269,vol-02fc6bfbef5ef3fd7,snap-0577e73326d74c269,completed,,20,True,arn:aws:kms:sa-east-1:877001948254:key/5aff9933-4b81-42c7-b410-2161b12d63bc,2022-07-16T08:50:09.330000+00:00,Created by CreateImage(i-09ee64877d87075cc) for ami-003f4ea6a46fd2581,,
ssrmprod,sa-east-1,ebs,snap-04a41930d32608954,vol-0af2a470a7dac5674,snap-04a41930d32608954,completed,,100,True,arn:aws:kms:sa-east-1:877001948254:key/5aff9933-4b81-42c7-b410-2161b12d63bc,2022-07-16T07:38:16.773000+00:00,Created by CreateImage(i-01307af2232e38d00) for ami-0358c0795ed7437b4,,mongodb-nike-sales-prd-a-log-bkp
ssrmprod,sa-east-1,ebs,snap-00ed2e43e869e5812,vol-07724c4e126ac1b37,snap-00ed2e43e869e5812,completed,,16,True,arn:aws:kms:sa-east-1:877001948254:key/5aff9933-4b81-42c7-b410-2161b12d63bc,2022-07-16T07:44:54.252000+00:00,Created by CreateImage(i-0db217cc4192a62c0) for ami-072763dcca9997cc5,,mongodb-nike-sales-prd-b
ssrmprod,sa-east-1,ebs,snap-0f0de64f8acf8d6bd,vol-0e9a84e06198fb3ea,snap-0f0de64f8acf8d6bd,completed,,10,True,arn:aws:kms:sa-east-1:877001948254:key/5aff9933-4b81-42c7-b410-2161b12d63bc,2022-07-16T07:52:40.087000+00:00,Created by CreateImage(i-019c43be077fab936) for ami-08ddc9c4baf70bca0,,mongodb-nike-sales-uat-b
ssrmprod,sa-east-1,ebs,snap-0c93bb3a47cfdc067,vol-0f44908761547fb4b,snap-0c93bb3a47cfdc067,completed,,170,True,arn:aws:kms:sa-east-1:877001948254:key/5aff9933-4b81-42c7-b410-2161b12d63bc,2022-07-16T07:38:16.773000+00:00,Created by CreateImage(i-01307af2232e38d00) for ami-0358c0795ed7437b4,,mongodb-nike-sales-prd-a-new
ssrmprod,sa-east-1,ebs,snap-015a59c27128531a8,vol-02fc6bfbef5ef3fd7,snap-015a59c27128531a8,completed,,20,True,arn:aws:kms:sa-east-1:877001948254:key/5aff9933-4b81-42c7-b410-2161b12d63bc,2022-07-15T09:11:57.901000+00:00,Created by CreateImage(i-09ee64877d87075cc) for ami-07c31bab6d88ca6fb,,
ssrmprod,sa-east-1,ebs,snap-0f1d7c1b044fe68bb,vol-016a45017ba45cda0,snap-0f1d7c1b044fe68bb,completed,,40,True,arn:aws:kms:sa-east-1:877001948254:key/5aff9933-4b81-42c7-b410-2161b12d63bc,2022-07-15T09:11:57.901000+00:00,Created by CreateImage(i-09ee64877d87075cc) for ami-07c31bab6d88ca6fb,,mongodb-nike-sales-uat-a
ssrmprod,sa-east-1,ebs,snap-06214b761d6b56fd6,vol-0e9a84e06198fb3ea,snap-06214b761d6b56fd6,completed,,10,True,arn:aws:kms:sa-east-1:877001948254:key/5aff9933-4b81-42c7-b410-2161b12d63bc,2022-07-15T08:10:26.317000+00:00,Created by CreateImage(i-019c43be077fab936) for ami-0ce417ba96f3daf00,,mongodb-nike-sales-uat-b
ssrmprod,sa-east-1,ebs,snap-0ae4daacc8a442936,vol-0af2a470a7dac5674,snap-0ae4daacc8a442936,completed,,100,True,arn:aws:kms:sa-east-1:877001948254:key/5aff9933-4b81-42c7-b410-2161b12d63bc,2022-07-15T07:37:34.775000+00:00,Created by CreateImage(i-01307af2232e38d00) for ami-02ae8bf16c88889d8,,mongodb-nike-sales-prd-a-log-bkp
ssrmprod,sa-east-1,ebs,snap-04944400a7e9b1d37,vol-07724c4e126ac1b37,snap-04944400a7e9b1d37,completed,,16,True,arn:aws:kms:sa-east-1:877001948254:key/5aff9933-4b81-42c7-b410-2161b12d63bc,2022-07-15T07:43:51.045000+00:00,Created by CreateImage(i-0db217cc4192a62c0) for ami-02e6ee8bf395201aa,,mongodb-nike-sales-prd-b
ssrmprod,sa-east-1,ebs,snap-0aa91257647bb7017,vol-0f44908761547fb4b,snap-0aa91257647bb7017,completed,,170,True,arn:aws:kms:sa-east-1:877001948254:key/5aff9933-4b81-42c7-b410-2161b12d63bc,2022-07-15T07:37:34.775000+00:00,Created by CreateImage(i-01307af2232e38d00) for ami-02ae8bf16c88889d8,,mongodb-nike-sales-prd-a-new
ssrmprod,sa-east-1,ebs,snap-09211f2865bc68f4b,vol-02fc6bfbef5ef3fd7,snap-09211f2865bc68f4b,completed,,20,True,arn:aws:kms:sa-east-1:877001948254:key/5aff9933-4b81-42c7-b410-2161b12d63bc,2022-07-14T08:52:51.453000+00:00,Created by CreateImage(i-09ee64877d87075cc) for ami-0be0769b7893c77e0,,
ssrmprod,sa-east-1,ebs,snap-0eb28d1aaf6dbeb73,vol-016a45017ba45cda0,snap-0eb28d1aaf6dbeb73,completed,,40,True,arn:aws:kms:sa-east-1:877001948254:key/5aff9933-4b81-42c7-b410-2161b12d63bc,2022-07-14T08:52:51.453000+00:00,Created by CreateImage(i-09ee64877d87075cc) for ami-0be0769b7893c77e0,,mongodb-nike-sales-uat-a
ssrmprod,sa-east-1,ebs,snap-0cbf469ba3d2e7c2b,vol-07724c4e126ac1b37,snap-0cbf469ba3d2e7c2b,completed,,16,True,arn:aws:kms:sa-east-1:877001948254:key/5aff9933-4b81-42c7-b410-2161b12d63bc,2022-07-14T07:41:11.922000+00:00,Created by CreateImage(i-0db217cc4192a62c0) for ami-0805dfafb2a87c152,,mongodb-nike-sales-prd-b
ssrmprod,sa-east-1,ebs,snap-079a13f3d8d318d82,vol-0e9a84e06198fb3ea,snap-079a13f3d8d318d82,completed,,10,True,arn:aws:kms:sa-east-1:877001948254:key/5aff9933-4b81-42c7-b410-2161b12d63bc,2022-07-14T07:54:40.927000+00:00,Created by CreateImage(i-019c43be077fab936) for ami-02aeab20c1d1a4abf,,mongodb-nike-sales-uat-b
ssrmprod,sa-east-1,ebs,snap-04147c1e1faaeea87,vol-0af2a470a7dac5674,snap-04147c1e1faaeea87,completed,,100,True,arn:aws:kms:sa-east-1:877001948254:key/5aff9933-4b81-42c7-b410-2161b12d63bc,2022-07-14T07:37:03.643000+00:00,Created by CreateImage(i-01307af2232e38d00) for ami-0c37298f15362fab6,,mongodb-nike-sales-prd-a-log-bkp
ssrmprod,sa-east-1,ebs,snap-066de590466cd8d1c,vol-0f44908761547fb4b,snap-066de590466cd8d1c,completed,,170,True,arn:aws:kms:sa-east-1:877001948254:key/5aff9933-4b81-42c7-b410-2161b12d63bc,2022-07-14T07:37:03.643000+00:00,Created by CreateImage(i-01307af2232e38d00) for ami-0c37298f15362fab6,,mongodb-nike-sales-prd-a-new
ssrmprod,sa-east-1,ebs,snap-0051870f6ab386563,vol-016a45017ba45cda0,snap-0051870f6ab386563,completed,,40,True,arn:aws:kms:sa-east-1:877001948254:key/5aff9933-4b81-42c7-b410-2161b12d63bc,2022-07-13T08:53:38.788000+00:00,Created by CreateImage(i-09ee64877d87075cc) for ami-04e76ddadc7c04d02,,mongodb-nike-sales-uat-a
ssrmprod,sa-east-1,ebs,snap-0357dc5a402924548,vol-02fc6bfbef5ef3fd7,snap-0357dc5a402924548,completed,,20,True,arn:aws:kms:sa-east-1:877001948254:key/5aff9933-4b81-42c7-b410-2161b12d63bc,2022-07-13T08:53:38.788000+00:00,Created by CreateImage(i-09ee64877d87075cc) for ami-04e76ddadc7c04d02,,
ssrmprod,sa-east-1,ebs,snap-033c53ebcc1f89253,vol-0e9a84e06198fb3ea,snap-033c53ebcc1f89253,completed,,10,True,arn:aws:kms:sa-east-1:877001948254:key/5aff9933-4b81-42c7-b410-2161b12d63bc,2022-07-13T08:08:57.860000+00:00,Created by CreateImage(i-019c43be077fab936) for ami-0aa4442ccddcf54ec,,mongodb-nike-sales-uat-b
ssrmprod,sa-east-1,ebs,snap-0cc6d3dbd09f3d7c6,vol-07724c4e126ac1b37,snap-0cc6d3dbd09f3d7c6,completed,,16,True,arn:aws:kms:sa-east-1:877001948254:key/5aff9933-4b81-42c7-b410-2161b12d63bc,2022-07-13T07:37:34.903000+00:00,Created by CreateImage(i-0db217cc4192a62c0) for ami-0a9c837e5e14a8a2f,,mongodb-nike-sales-prd-b
ssrmprod,sa-east-1,ebs,snap-04c6551b715807d0c,vol-0f44908761547fb4b,snap-04c6551b715807d0c,completed,,170,True,arn:aws:kms:sa-east-1:877001948254:key/5aff9933-4b81-42c7-b410-2161b12d63bc,2022-07-13T07:40:32.004000+00:00,Created by CreateImage(i-01307af2232e38d00) for ami-0a111e41296519e56,,mongodb-nike-sales-prd-a-new
ssrmprod,sa-east-1,ebs,snap-0a30b1741bdbfcdb6,vol-0af2a470a7dac5674,snap-0a30b1741bdbfcdb6,completed,,100,True,arn:aws:kms:sa-east-1:877001948254:key/5aff9933-4b81-42c7-b410-2161b12d63bc,2022-07-13T07:40:32.004000+00:00,Created by CreateImage(i-01307af2232e38d00) for ami-0a111e41296519e56,,mongodb-nike-sales-prd-a-log-bkp
ssrmprod,sa-east-1,ebs,snap-046bb796dd1b93a9e,vol-016a45017ba45cda0,snap-046bb796dd1b93a9e,completed,,40,True,arn:aws:kms:sa-east-1:877001948254:key/5aff9933-4b81-42c7-b410-2161b12d63bc,2022-07-12T08:53:58.730000+00:00,Created by CreateImage(i-09ee64877d87075cc) for ami-04d002a09c38d50b4,,mongodb-nike-sales-uat-a
ssrmprod,sa-east-1,ebs,snap-01be6dc7fa7927ea9,vol-02fc6bfbef5ef3fd7,snap-01be6dc7fa7927ea9,completed,,20,True,arn:aws:kms:sa-east-1:877001948254:key/5aff9933-4b81-42c7-b410-2161b12d63bc,2022-07-12T08:53:58.730000+00:00,Created by CreateImage(i-09ee64877d87075cc) for ami-04d002a09c38d50b4,,
ssrmprod,sa-east-1,ebs,snap-0a23a57f4822d564c,vol-07724c4e126ac1b37,snap-0a23a57f4822d564c,completed,,16,True,arn:aws:kms:sa-east-1:877001948254:key/5aff9933-4b81-42c7-b410-2161b12d63bc,2022-07-12T07:42:49.556000+00:00,Created by CreateImage(i-0db217cc4192a62c0) for ami-00dda67f0fb9616be,,mongodb-nike-sales-prd-b
ssrmprod,sa-east-1,ebs,snap-0c36fbbb65248fe8e,vol-0e9a84e06198fb3ea,snap-0c36fbbb65248fe8e,completed,,10,True,arn:aws:kms:sa-east-1:877001948254:key/5aff9933-4b81-42c7-b410-2161b12d63bc,2022-07-12T08:08:23.587000+00:00,Created by CreateImage(i-019c43be077fab936) for ami-026ebb40fa8765411,,mongodb-nike-sales-uat-b
ssrmprod,sa-east-1,ebs,snap-053912cb2ea011aca,vol-0af2a470a7dac5674,snap-053912cb2ea011aca,completed,,100,True,arn:aws:kms:sa-east-1:877001948254:key/5aff9933-4b81-42c7-b410-2161b12d63bc,2022-07-12T07:42:25.422000+00:00,Created by CreateImage(i-01307af2232e38d00) for ami-04e24b0521ac7dd63,,mongodb-nike-sales-prd-a-log-bkp
ssrmprod,sa-east-1,ebs,snap-0541c0a642090d5af,vol-0f44908761547fb4b,snap-0541c0a642090d5af,completed,,170,True,arn:aws:kms:sa-east-1:877001948254:key/5aff9933-4b81-42c7-b410-2161b12d63bc,2022-07-12T07:42:25.422000+00:00,Created by CreateImage(i-01307af2232e38d00) for ami-04e24b0521ac7dd63,,mongodb-nike-sales-prd-a-new
ssrmprod,sa-east-1,ebs,snap-0468eff71a79567b7,vol-016a45017ba45cda0,snap-0468eff71a79567b7,completed,,40,True,arn:aws:kms:sa-east-1:877001948254:key/5aff9933-4b81-42c7-b410-2161b12d63bc,2022-07-11T08:51:14.619000+00:00,Created by CreateImage(i-09ee64877d87075cc) for ami-0127860b0346f9f6d,,mongodb-nike-sales-uat-a
ssrmprod,sa-east-1,ebs,snap-0ea6b10806c427fe4,vol-02fc6bfbef5ef3fd7,snap-0ea6b10806c427fe4,completed,,20,True,arn:aws:kms:sa-east-1:877001948254:key/5aff9933-4b81-42c7-b410-2161b12d63bc,2022-07-11T08:51:14.619000+00:00,Created by CreateImage(i-09ee64877d87075cc) for ami-0127860b0346f9f6d,,
ssrmprod,sa-east-1,ebs,snap-0f6f689602caa9597,vol-0e9a84e06198fb3ea,snap-0f6f689602caa9597,completed,,10,True,arn:aws:kms:sa-east-1:877001948254:key/5aff9933-4b81-42c7-b410-2161b12d63bc,2022-07-11T07:54:24.287000+00:00,Created by CreateImage(i-019c43be077fab936) for ami-0e4e0990eb8d5c215,,mongodb-nike-sales-uat-b
ssrmprod,sa-east-1,ebs,snap-0a7594c4ab460e976,vol-0f44908761547fb4b,snap-0a7594c4ab460e976,completed,,170,True,arn:aws:kms:sa-east-1:877001948254:key/5aff9933-4b81-42c7-b410-2161b12d63bc,2022-07-11T07:43:46.012000+00:00,Created by CreateImage(i-01307af2232e38d00) for ami-0bbcef03dfbf7301e,,mongodb-nike-sales-prd-a-new
ssrmprod,sa-east-1,ebs,snap-07926f9bf9a69afa6,vol-0af2a470a7dac5674,snap-07926f9bf9a69afa6,completed,,100,True,arn:aws:kms:sa-east-1:877001948254:key/5aff9933-4b81-42c7-b410-2161b12d63bc,2022-07-11T07:43:46.012000+00:00,Created by CreateImage(i-01307af2232e38d00) for ami-0bbcef03dfbf7301e,,mongodb-nike-sales-prd-a-log-bkp
ssrmprod,sa-east-1,ebs,snap-0df9afba7372f8768,vol-07724c4e126ac1b37,snap-0df9afba7372f8768,completed,,16,True,arn:aws:kms:sa-east-1:877001948254:key/5aff9933-4b81-42c7-b410-2161b12d63bc,2022-07-11T07:42:00.430000+00:00,Created by CreateImage(i-0db217cc4192a62c0) for ami-0719e86b141dc38a0,,mongodb-nike-sales-prd-b
ssrmprod,sa-east-1,ebs,snap-0f2777bf56ee526da,vol-016a45017ba45cda0,snap-0f2777bf56ee526da,completed,,40,True,arn:aws:kms:sa-east-1:877001948254:key/5aff9933-4b81-42c7-b410-2161b12d63bc,2022-07-10T09:12:46.304000+00:00,Created by CreateImage(i-09ee64877d87075cc) for ami-0d451b1f2d81aeccf,,mongodb-nike-sales-uat-a
ssrmprod,sa-east-1,ebs,snap-06853c7a993deaef7,vol-02fc6bfbef5ef3fd7,snap-06853c7a993deaef7,completed,,20,True,arn:aws:kms:sa-east-1:877001948254:key/5aff9933-4b81-42c7-b410-2161b12d63bc,2022-07-10T09:12:46.304000+00:00,Created by CreateImage(i-09ee64877d87075cc) for ami-0d451b1f2d81aeccf,,
ssrmprod,sa-east-1,ebs,snap-039573cc0874c7f12,vol-0e9a84e06198fb3ea,snap-039573cc0874c7f12,completed,,10,True,arn:aws:kms:sa-east-1:877001948254:key/5aff9933-4b81-42c7-b410-2161b12d63bc,2022-07-10T08:10:30.478000+00:00,Created by CreateImage(i-019c43be077fab936) for ami-0370b5b91f71e7a67,,mongodb-nike-sales-uat-b
ssrmprod,sa-east-1,ebs,snap-02f5ec541a2949679,vol-07724c4e126ac1b37,snap-02f5ec541a2949679,completed,,16,True,arn:aws:kms:sa-east-1:877001948254:key/5aff9933-4b81-42c7-b410-2161b12d63bc,2022-07-10T07:37:20.973000+00:00,Created by CreateImage(i-0db217cc4192a62c0) for ami-03f54ca303aa9e3a0,,mongodb-nike-sales-prd-b
ssrmprod,sa-east-1,ebs,snap-0b86f9ade73c9ba73,vol-0f44908761547fb4b,snap-0b86f9ade73c9ba73,completed,,170,True,arn:aws:kms:sa-east-1:877001948254:key/5aff9933-4b81-42c7-b410-2161b12d63bc,2022-07-10T07:42:48.691000+00:00,Created by CreateImage(i-01307af2232e38d00) for ami-01140577dc4a408dc,,mongodb-nike-sales-prd-a-new
ssrmprod,sa-east-1,ebs,snap-0b69ad372b8559029,vol-0af2a470a7dac5674,snap-0b69ad372b8559029,completed,,100,True,arn:aws:kms:sa-east-1:877001948254:key/5aff9933-4b81-42c7-b410-2161b12d63bc,2022-07-10T07:42:48.691000+00:00,Created by CreateImage(i-01307af2232e38d00) for ami-01140577dc4a408dc,,mongodb-nike-sales-prd-a-log-bkp
ssrmprod,sa-east-1,ebs,snap-0c69da900e2ffa8c3,vol-02fc6bfbef5ef3fd7,snap-0c69da900e2ffa8c3,completed,,20,True,arn:aws:kms:sa-east-1:877001948254:key/5aff9933-4b81-42c7-b410-2161b12d63bc,2022-07-09T08:54:46.209000+00:00,Created by CreateImage(i-09ee64877d87075cc) for ami-094a3ef2878e5385b,,
ssrmprod,sa-east-1,ebs,snap-076150f9c6ce1c9de,vol-016a45017ba45cda0,snap-076150f9c6ce1c9de,completed,,40,True,arn:aws:kms:sa-east-1:877001948254:key/5aff9933-4b81-42c7-b410-2161b12d63bc,2022-07-09T08:54:46.209000+00:00,Created by CreateImage(i-09ee64877d87075cc) for ami-094a3ef2878e5385b,,mongodb-nike-sales-uat-a
ssrmprod,sa-east-1,ebs,snap-0608ec2f78c310ab3,vol-0e9a84e06198fb3ea,snap-0608ec2f78c310ab3,completed,,10,True,arn:aws:kms:sa-east-1:877001948254:key/5aff9933-4b81-42c7-b410-2161b12d63bc,2022-07-09T07:53:59.026000+00:00,Created by CreateImage(i-019c43be077fab936) for ami-011d61e5f509d18ef,,mongodb-nike-sales-uat-b
ssrmprod,sa-east-1,ebs,snap-09e7cfaff30903b5c,vol-0f44908761547fb4b,snap-09e7cfaff30903b5c,completed,,170,True,arn:aws:kms:sa-east-1:877001948254:key/5aff9933-4b81-42c7-b410-2161b12d63bc,2022-07-09T07:37:45.584000+00:00,Created by CreateImage(i-01307af2232e38d00) for ami-07810fc723407776a,,mongodb-nike-sales-prd-a-new
ssrmprod,sa-east-1,ebs,snap-07b977c68d9bc39b5,vol-07724c4e126ac1b37,snap-07b977c68d9bc39b5,completed,,16,True,arn:aws:kms:sa-east-1:877001948254:key/5aff9933-4b81-42c7-b410-2161b12d63bc,2022-07-09T07:35:56.910000+00:00,Created by CreateImage(i-0db217cc4192a62c0) for ami-088602019db32fa01,,mongodb-nike-sales-prd-b
ssrmprod,sa-east-1,ebs,snap-098d6e397ff105dad,vol-0af2a470a7dac5674,snap-098d6e397ff105dad,completed,,100,True,arn:aws:kms:sa-east-1:877001948254:key/5aff9933-4b81-42c7-b410-2161b12d63bc,2022-07-09T07:37:45.584000+00:00,Created by CreateImage(i-01307af2232e38d00) for ami-07810fc723407776a,,mongodb-nike-sales-prd-a-log-bkp
ssrmprod,sa-east-1,ebs,snap-08e626317b5da94a2,vol-02fc6bfbef5ef3fd7,snap-08e626317b5da94a2,completed,,20,True,arn:aws:kms:sa-east-1:877001948254:key/5aff9933-4b81-42c7-b410-2161b12d63bc,2022-07-08T08:51:13.812000+00:00,Created by CreateImage(i-09ee64877d87075cc) for ami-05f7093b193010552,,
ssrmprod,sa-east-1,ebs,snap-0825eb99869d0bd93,vol-016a45017ba45cda0,snap-0825eb99869d0bd93,completed,,40,True,arn:aws:kms:sa-east-1:877001948254:key/5aff9933-4b81-42c7-b410-2161b12d63bc,2022-07-08T08:51:13.812000+00:00,Created by CreateImage(i-09ee64877d87075cc) for ami-05f7093b193010552,,mongodb-nike-sales-uat-a
ssrmprod,sa-east-1,ebs,snap-07882eee0d9722a59,vol-0af2a470a7dac5674,snap-07882eee0d9722a59,completed,,100,True,arn:aws:kms:sa-east-1:877001948254:key/5aff9933-4b81-42c7-b410-2161b12d63bc,2022-07-08T07:45:24.750000+00:00,Created by CreateImage(i-01307af2232e38d00) for ami-06be0f247814a29ca,,mongodb-nike-sales-prd-a-log-bkp
ssrmprod,sa-east-1,ebs,snap-0a4d0261f334fe9bd,vol-0f44908761547fb4b,snap-0a4d0261f334fe9bd,completed,,170,True,arn:aws:kms:sa-east-1:877001948254:key/5aff9933-4b81-42c7-b410-2161b12d63bc,2022-07-08T07:45:24.750000+00:00,Created by CreateImage(i-01307af2232e38d00) for ami-06be0f247814a29ca,,mongodb-nike-sales-prd-a-new
ssrmprod,sa-east-1,ebs,snap-03aed5baf8fe9ffc0,vol-07724c4e126ac1b37,snap-03aed5baf8fe9ffc0,completed,,16,True,arn:aws:kms:sa-east-1:877001948254:key/5aff9933-4b81-42c7-b410-2161b12d63bc,2022-07-08T07:42:17.912000+00:00,Created by CreateImage(i-0db217cc4192a62c0) for ami-089fe162172c01d48,,mongodb-nike-sales-prd-b
ssrmprod,sa-east-1,ebs,snap-0e1543378de71aca1,vol-0e9a84e06198fb3ea,snap-0e1543378de71aca1,completed,,10,True,arn:aws:kms:sa-east-1:877001948254:key/5aff9933-4b81-42c7-b410-2161b12d63bc,2022-07-08T07:55:43.742000+00:00,Created by CreateImage(i-019c43be077fab936) for ami-07b6007f7feb47e06,,mongodb-nike-sales-uat-b
ssrmprod,sa-east-1,ebs,snap-0ca61542ca486e0ea,vol-02fc6bfbef5ef3fd7,snap-0ca61542ca486e0ea,completed,,20,True,arn:aws:kms:sa-east-1:877001948254:key/5aff9933-4b81-42c7-b410-2161b12d63bc,2022-07-07T09:11:48.365000+00:00,Created by CreateImage(i-09ee64877d87075cc) for ami-04a53a4eecbe66d39,,
ssrmprod,sa-east-1,ebs,snap-0842d89f96805f8d8,vol-016a45017ba45cda0,snap-0842d89f96805f8d8,completed,,40,True,arn:aws:kms:sa-east-1:877001948254:key/5aff9933-4b81-42c7-b410-2161b12d63bc,2022-07-07T09:11:48.365000+00:00,Created by CreateImage(i-09ee64877d87075cc) for ami-04a53a4eecbe66d39,,mongodb-nike-sales-uat-a
ssrmprod,sa-east-1,ebs,snap-08db2d2186a3208af,vol-0e9a84e06198fb3ea,snap-08db2d2186a3208af,completed,,10,True,arn:aws:kms:sa-east-1:877001948254:key/5aff9933-4b81-42c7-b410-2161b12d63bc,2022-07-07T08:11:49.506000+00:00,Created by CreateImage(i-019c43be077fab936) for ami-091a3ba2e2f44abd3,,mongodb-nike-sales-uat-b
ssrmprod,sa-east-1,ebs,snap-0c73c2110a20d5181,vol-0af2a470a7dac5674,snap-0c73c2110a20d5181,completed,,100,True,arn:aws:kms:sa-east-1:877001948254:key/5aff9933-4b81-42c7-b410-2161b12d63bc,2022-07-07T07:38:08.715000+00:00,Created by CreateImage(i-01307af2232e38d00) for ami-05b254c5db5d7ff7e,,mongodb-nike-sales-prd-a-log-bkp
ssrmprod,sa-east-1,ebs,snap-09139e99603cda04c,vol-07724c4e126ac1b37,snap-09139e99603cda04c,completed,,16,True,arn:aws:kms:sa-east-1:877001948254:key/5aff9933-4b81-42c7-b410-2161b12d63bc,2022-07-07T07:38:30.129000+00:00,Created by CreateImage(i-0db217cc4192a62c0) for ami-0f5a1341b46c2efd6,,mongodb-nike-sales-prd-b
ssrmprod,sa-east-1,ebs,snap-0177586d8918f8317,vol-0f44908761547fb4b,snap-0177586d8918f8317,completed,,170,True,arn:aws:kms:sa-east-1:877001948254:key/5aff9933-4b81-42c7-b410-2161b12d63bc,2022-07-07T07:38:08.715000+00:00,Created by CreateImage(i-01307af2232e38d00) for ami-05b254c5db5d7ff7e,,mongodb-nike-sales-prd-a-new
ssrmprod,sa-east-1,ebs,snap-069e776526160a032,vol-02fc6bfbef5ef3fd7,snap-069e776526160a032,completed,,20,True,arn:aws:kms:sa-east-1:877001948254:key/5aff9933-4b81-42c7-b410-2161b12d63bc,2022-07-06T08:51:04.203000+00:00,Created by CreateImage(i-09ee64877d87075cc) for ami-08b3f02e8dbf3dd17,,
ssrmprod,sa-east-1,ebs,snap-0fd42ac1d9a6bbe8c,vol-016a45017ba45cda0,snap-0fd42ac1d9a6bbe8c,completed,,40,True,arn:aws:kms:sa-east-1:877001948254:key/5aff9933-4b81-42c7-b410-2161b12d63bc,2022-07-06T08:51:04.203000+00:00,Created by CreateImage(i-09ee64877d87075cc) for ami-08b3f02e8dbf3dd17,,mongodb-nike-sales-uat-a
ssrmprod,sa-east-1,ebs,snap-078dad98f4dd017e7,vol-0f44908761547fb4b,snap-078dad98f4dd017e7,completed,,170,True,arn:aws:kms:sa-east-1:877001948254:key/5aff9933-4b81-42c7-b410-2161b12d63bc,2022-07-06T07:40:17.177000+00:00,Created by CreateImage(i-01307af2232e38d00) for ami-05a82354421359d43,,mongodb-nike-sales-prd-a-new
ssrmprod,sa-east-1,ebs,snap-05605bd76267d444c,vol-0e9a84e06198fb3ea,snap-05605bd76267d444c,completed,,10,True,arn:aws:kms:sa-east-1:877001948254:key/5aff9933-4b81-42c7-b410-2161b12d63bc,2022-07-06T07:55:09.098000+00:00,Created by CreateImage(i-019c43be077fab936) for ami-0a6fdcd2d1cc0bad5,,mongodb-nike-sales-uat-b
ssrmprod,sa-east-1,ebs,snap-0270b49a3922373e9,vol-07724c4e126ac1b37,snap-0270b49a3922373e9,completed,,16,True,arn:aws:kms:sa-east-1:877001948254:key/5aff9933-4b81-42c7-b410-2161b12d63bc,2022-07-06T07:36:55.270000+00:00,Created by CreateImage(i-0db217cc4192a62c0) for ami-0537c3dfd25046112,,mongodb-nike-sales-prd-b
ssrmprod,sa-east-1,ebs,snap-0b12a706c03fb1828,vol-0af2a470a7dac5674,snap-0b12a706c03fb1828,completed,,100,True,arn:aws:kms:sa-east-1:877001948254:key/5aff9933-4b81-42c7-b410-2161b12d63bc,2022-07-06T07:40:17.177000+00:00,Created by CreateImage(i-01307af2232e38d00) for ami-05a82354421359d43,,mongodb-nike-sales-prd-a-log-bkp
ssrmprod,sa-east-1,ebs,snap-006d36eaf3dea9cfe,vol-016a45017ba45cda0,snap-006d36eaf3dea9cfe,completed,,40,True,arn:aws:kms:sa-east-1:877001948254:key/5aff9933-4b81-42c7-b410-2161b12d63bc,2022-07-05T08:53:33.206000+00:00,Created by CreateImage(i-09ee64877d87075cc) for ami-0e99c93cb0e15d290,,mongodb-nike-sales-uat-a
ssrmprod,sa-east-1,ebs,snap-0e0ee22f18e6abe76,vol-02fc6bfbef5ef3fd7,snap-0e0ee22f18e6abe76,completed,,20,True,arn:aws:kms:sa-east-1:877001948254:key/5aff9933-4b81-42c7-b410-2161b12d63bc,2022-07-05T08:53:33.206000+00:00,Created by CreateImage(i-09ee64877d87075cc) for ami-0e99c93cb0e15d290,,
ssrmprod,sa-east-1,ebs,snap-02ba69e15a928ad4f,vol-0e9a84e06198fb3ea,snap-02ba69e15a928ad4f,completed,,10,True,arn:aws:kms:sa-east-1:877001948254:key/5aff9933-4b81-42c7-b410-2161b12d63bc,2022-07-05T08:07:18.254000+00:00,Created by CreateImage(i-019c43be077fab936) for ami-005569035ff4bbfa9,,mongodb-nike-sales-uat-b
ssrmprod,sa-east-1,ebs,snap-0c7d26360268e2b78,vol-0af2a470a7dac5674,snap-0c7d26360268e2b78,completed,,100,True,arn:aws:kms:sa-east-1:877001948254:key/5aff9933-4b81-42c7-b410-2161b12d63bc,2022-07-05T07:37:23.296000+00:00,Created by CreateImage(i-01307af2232e38d00) for ami-05d64063c28f42091,,mongodb-nike-sales-prd-a-log-bkp
ssrmprod,sa-east-1,ebs,snap-0022e7e342b71ae48,vol-07724c4e126ac1b37,snap-0022e7e342b71ae48,completed,,16,True,arn:aws:kms:sa-east-1:877001948254:key/5aff9933-4b81-42c7-b410-2161b12d63bc,2022-07-05T07:36:23.283000+00:00,Created by CreateImage(i-0db217cc4192a62c0) for ami-0ba1dd75c277a0ddf,,mongodb-nike-sales-prd-b
ssrmprod,sa-east-1,ebs,snap-0c661aa50a339711d,vol-0f44908761547fb4b,snap-0c661aa50a339711d,completed,,170,True,arn:aws:kms:sa-east-1:877001948254:key/5aff9933-4b81-42c7-b410-2161b12d63bc,2022-07-05T07:37:23.296000+00:00,Created by CreateImage(i-01307af2232e38d00) for ami-05d64063c28f42091,,mongodb-nike-sales-prd-a-new
ssrmprod,sa-east-1,ebs,snap-0c0b73e96858b2cac,vol-08ffbbf3750d6ebb6,snap-0c0b73e96858b2cac,completed,,60,True,arn:aws:kms:sa-east-1:877001948254:key/5aff9933-4b81-42c7-b410-2161b12d63bc,2024-07-26T15:59:56.318000+00:00,vol-08ffbbf3750d6ebb6,,
ssrmprod,sa-east-1,ebs,snap-006850c058521b3f7,vol-04d4354613ff9cc72,snap-006850c058521b3f7,completed,,40,True,arn:aws:kms:sa-east-1:877001948254:key/5aff9933-4b81-42c7-b410-2161b12d63bc,2022-09-02T07:15:17.985000+00:00,Created by CreateImage(i-03f1d647bbbe2d4fc) for ami-02e21036c4a2dfbba,,mongodb-nike-sales-prd-arbiter
ssrmprod,sa-east-1,ebs,snap-0df7aa44b5a8971e0,vol-0e5e59fbbe03d7b05,snap-0df7aa44b5a8971e0,completed,,300,True,arn:aws:kms:sa-east-1:877001948254:key/5aff9933-4b81-42c7-b410-2161b12d63bc,2022-09-02T07:42:11.261000+00:00,Created by CreateImage(i-0db217cc4192a62c0) for ami-0eab0791305a908d8,,mongodb-nike-sales-prd-b
ssrmprod,sa-east-1,ebs,snap-01882c7471aeb0793,vol-083bfa2cce251bedb,snap-01882c7471aeb0793,completed,,60,True,arn:aws:kms:sa-east-1:877001948254:key/5aff9933-4b81-42c7-b410-2161b12d63bc,2022-09-02T07:42:11.261000+00:00,Created by CreateImage(i-0db217cc4192a62c0) for ami-0eab0791305a908d8,,mongodb-nike-sales-prd-b
ssrmprod,sa-east-1,ebs,snap-0193bfd1e35161f17,vol-0e5e59fbbe03d7b05,snap-0193bfd1e35161f17,completed,,300,True,arn:aws:kms:sa-east-1:877001948254:key/5aff9933-4b81-42c7-b410-2161b12d63bc,2022-09-01T07:37:08.874000+00:00,Created by CreateImage(i-0db217cc4192a62c0) for ami-0974ea3c6de1ff321,,mongodb-nike-sales-prd-b
ssrmprod,sa-east-1,ebs,snap-01764c0e074727ed4,vol-083bfa2cce251bedb,snap-01764c0e074727ed4,completed,,60,True,arn:aws:kms:sa-east-1:877001948254:key/5aff9933-4b81-42c7-b410-2161b12d63bc,2022-09-01T07:37:08.874000+00:00,Created by CreateImage(i-0db217cc4192a62c0) for ami-0974ea3c6de1ff321,,mongodb-nike-sales-prd-b
ssrmprod,sa-east-1,ebs,snap-06d82f4c4e7af6496,vol-04d4354613ff9cc72,snap-06d82f4c4e7af6496,completed,,40,True,arn:aws:kms:sa-east-1:877001948254:key/5aff9933-4b81-42c7-b410-2161b12d63bc,2022-09-01T07:15:09.415000+00:00,Created by CreateImage(i-03f1d647bbbe2d4fc) for ami-00a33d62635a2cb8f,,mongodb-nike-sales-prd-arbiter
ssrmprod,sa-east-1,ebs,snap-0ee2d39fc44936c3c,vol-083bfa2cce251bedb,snap-0ee2d39fc44936c3c,completed,,60,True,arn:aws:kms:sa-east-1:877001948254:key/5aff9933-4b81-42c7-b410-2161b12d63bc,2022-08-31T07:41:10.869000+00:00,Created by CreateImage(i-0db217cc4192a62c0) for ami-07c3c3c0d691f7aea,,mongodb-nike-sales-prd-b
ssrmprod,sa-east-1,ebs,snap-0deccfd3320ba3b59,vol-04d4354613ff9cc72,snap-0deccfd3320ba3b59,completed,,40,True,arn:aws:kms:sa-east-1:877001948254:key/5aff9933-4b81-42c7-b410-2161b12d63bc,2022-08-31T07:16:09.545000+00:00,Created by CreateImage(i-03f1d647bbbe2d4fc) for ami-0232959427e297d3d,,mongodb-nike-sales-prd-arbiter
ssrmprod,sa-east-1,ebs,snap-0d8ab08964c724b68,vol-0e5e59fbbe03d7b05,snap-0d8ab08964c724b68,completed,,300,True,arn:aws:kms:sa-east-1:877001948254:key/5aff9933-4b81-42c7-b410-2161b12d63bc,2022-08-31T07:41:10.869000+00:00,Created by CreateImage(i-0db217cc4192a62c0) for ami-07c3c3c0d691f7aea,,mongodb-nike-sales-prd-b
ssrmprod,sa-east-1,ebs,snap-0f8161797e4a96d0a,vol-083bfa2cce251bedb,snap-0f8161797e4a96d0a,completed,,60,True,arn:aws:kms:sa-east-1:877001948254:key/5aff9933-4b81-42c7-b410-2161b12d63bc,2022-08-30T07:39:12.861000+00:00,Created by CreateImage(i-0db217cc4192a62c0) for ami-0660cebb88726c4e8,,mongodb-nike-sales-prd-b
ssrmprod,sa-east-1,ebs,snap-0a5205a0bba40c797,vol-0e5e59fbbe03d7b05,snap-0a5205a0bba40c797,completed,,300,True,arn:aws:kms:sa-east-1:877001948254:key/5aff9933-4b81-42c7-b410-2161b12d63bc,2022-08-30T07:39:12.861000+00:00,Created by CreateImage(i-0db217cc4192a62c0) for ami-0660cebb88726c4e8,,mongodb-nike-sales-prd-b
ssrmprod,sa-east-1,ebs,snap-096c26ea90ea7e163,vol-04d4354613ff9cc72,snap-096c26ea90ea7e163,completed,,40,True,arn:aws:kms:sa-east-1:877001948254:key/5aff9933-4b81-42c7-b410-2161b12d63bc,2022-08-30T07:13:24.647000+00:00,Created by CreateImage(i-03f1d647bbbe2d4fc) for ami-0fd107cc135fb64f4,,mongodb-nike-sales-prd-arbiter
ssrmprod,sa-east-1,ebs,snap-0b848cfbd5330c089,vol-0e5e59fbbe03d7b05,snap-0b848cfbd5330c089,completed,,300,True,arn:aws:kms:sa-east-1:877001948254:key/5aff9933-4b81-42c7-b410-2161b12d63bc,2022-08-29T07:40:55.317000+00:00,Created by CreateImage(i-0db217cc4192a62c0) for ami-0ce1c0eee8ca650a9,,mongodb-nike-sales-prd-b
ssrmprod,sa-east-1,ebs,snap-01a17d5f3694524f2,vol-083bfa2cce251bedb,snap-01a17d5f3694524f2,completed,,60,True,arn:aws:kms:sa-east-1:877001948254:key/5aff9933-4b81-42c7-b410-2161b12d63bc,2022-08-29T07:40:55.317000+00:00,Created by CreateImage(i-0db217cc4192a62c0) for ami-0ce1c0eee8ca650a9,,mongodb-nike-sales-prd-b
ssrmprod,sa-east-1,ebs,snap-0671074747197895c,vol-04d4354613ff9cc72,snap-0671074747197895c,completed,,40,True,arn:aws:kms:sa-east-1:877001948254:key/5aff9933-4b81-42c7-b410-2161b12d63bc,2022-08-29T07:14:27.373000+00:00,Created by CreateImage(i-03f1d647bbbe2d4fc) for ami-082ca6fbe33cc4b49,,mongodb-nike-sales-prd-arbiter
ssrmprod,sa-east-1,ebs,snap-043aa3df933c9685e,vol-083bfa2cce251bedb,snap-043aa3df933c9685e,completed,,60,True,arn:aws:kms:sa-east-1:877001948254:key/5aff9933-4b81-42c7-b410-2161b12d63bc,2022-08-28T07:37:38.857000+00:00,Created by CreateImage(i-0db217cc4192a62c0) for ami-0c5de1b18e0630c55,,mongodb-nike-sales-prd-b
ssrmprod,sa-east-1,ebs,snap-02a869ca0076eb393,vol-04d4354613ff9cc72,snap-02a869ca0076eb393,completed,,40,True,arn:aws:kms:sa-east-1:877001948254:key/5aff9933-4b81-42c7-b410-2161b12d63bc,2022-08-28T07:16:08.717000+00:00,Created by CreateImage(i-03f1d647bbbe2d4fc) for ami-0809dbcfbe768dfa4,,mongodb-nike-sales-prd-arbiter
ssrmprod,sa-east-1,ebs,snap-0b9cfec2343a96daa,vol-0e5e59fbbe03d7b05,snap-0b9cfec2343a96daa,completed,,300,True,arn:aws:kms:sa-east-1:877001948254:key/5aff9933-4b81-42c7-b410-2161b12d63bc,2022-08-28T07:37:38.857000+00:00,Created by CreateImage(i-0db217cc4192a62c0) for ami-0c5de1b18e0630c55,,mongodb-nike-sales-prd-b
ssrmprod,sa-east-1,ebs,snap-0f2d2e2a19c40d854,vol-04d4354613ff9cc72,snap-0f2d2e2a19c40d854,completed,,40,True,arn:aws:kms:sa-east-1:877001948254:key/5aff9933-4b81-42c7-b410-2161b12d63bc,2022-08-27T07:19:02.867000+00:00,Created by CreateImage(i-03f1d647bbbe2d4fc) for ami-09bb9c4d8629bc850,,mongodb-nike-sales-prd-arbiter
ssrmprod,sa-east-1,ebs,snap-0236a4f6e922f6330,vol-083bfa2cce251bedb,snap-0236a4f6e922f6330,completed,,60,True,arn:aws:kms:sa-east-1:877001948254:key/5aff9933-4b81-42c7-b410-2161b12d63bc,2022-08-27T07:40:09.014000+00:00,Created by CreateImage(i-0db217cc4192a62c0) for ami-03611a2c14c2a4e2e,,mongodb-nike-sales-prd-b
ssrmprod,sa-east-1,ebs,snap-0142b683890f4e42b,vol-0e5e59fbbe03d7b05,snap-0142b683890f4e42b,completed,,300,True,arn:aws:kms:sa-east-1:877001948254:key/5aff9933-4b81-42c7-b410-2161b12d63bc,2022-08-27T07:40:09.014000+00:00,Created by CreateImage(i-0db217cc4192a62c0) for ami-03611a2c14c2a4e2e,,mongodb-nike-sales-prd-b
ssrmprod,sa-east-1,ebs,snap-0cf793925b52e914f,vol-083bfa2cce251bedb,snap-0cf793925b52e914f,completed,,60,True,arn:aws:kms:sa-east-1:877001948254:key/5aff9933-4b81-42c7-b410-2161b12d63bc,2022-08-26T07:42:20.415000+00:00,Created by CreateImage(i-0db217cc4192a62c0) for ami-05172bf85d1ee489f,,mongodb-nike-sales-prd-b
ssrmprod,sa-east-1,ebs,snap-04d89fd29587d4d22,vol-04d4354613ff9cc72,snap-04d89fd29587d4d22,completed,,40,True,arn:aws:kms:sa-east-1:877001948254:key/5aff9933-4b81-42c7-b410-2161b12d63bc,2022-08-26T07:21:27.576000+00:00,Created by CreateImage(i-03f1d647bbbe2d4fc) for ami-0eee24cfb30dbe942,,mongodb-nike-sales-prd-arbiter
ssrmprod,sa-east-1,ebs,snap-0ac40590b9fe44e1e,vol-0e5e59fbbe03d7b05,snap-0ac40590b9fe44e1e,completed,,300,True,arn:aws:kms:sa-east-1:877001948254:key/5aff9933-4b81-42c7-b410-2161b12d63bc,2022-08-26T07:42:20.415000+00:00,Created by CreateImage(i-0db217cc4192a62c0) for ami-05172bf85d1ee489f,,mongodb-nike-sales-prd-b
ssrmprod,sa-east-1,ebs,snap-05d292c75bfbc7de1,vol-04d4354613ff9cc72,snap-05d292c75bfbc7de1,completed,,40,True,arn:aws:kms:sa-east-1:877001948254:key/5aff9933-4b81-42c7-b410-2161b12d63bc,2022-08-25T07:19:20.768000+00:00,Created by CreateImage(i-03f1d647bbbe2d4fc) for ami-04f7cf1bd42fca0af,,mongodb-nike-sales-prd-arbiter
ssrmprod,sa-east-1,ebs,snap-03cd43633de6dc46c,vol-0e5e59fbbe03d7b05,snap-03cd43633de6dc46c,completed,,300,True,arn:aws:kms:sa-east-1:877001948254:key/5aff9933-4b81-42c7-b410-2161b12d63bc,2022-08-25T07:38:58.983000+00:00,Created by CreateImage(i-0db217cc4192a62c0) for ami-0732864bf030fc5d1,,mongodb-nike-sales-prd-b
ssrmprod,sa-east-1,ebs,snap-0e80f0a4c216626af,vol-083bfa2cce251bedb,snap-0e80f0a4c216626af,completed,,60,True,arn:aws:kms:sa-east-1:877001948254:key/5aff9933-4b81-42c7-b410-2161b12d63bc,2022-08-25T07:38:58.983000+00:00,Created by CreateImage(i-0db217cc4192a62c0) for ami-0732864bf030fc5d1,,mongodb-nike-sales-prd-b
ssrmprod,sa-east-1,ebs,snap-0853c3311ca365e01,vol-0e5e59fbbe03d7b05,snap-0853c3311ca365e01,completed,,300,True,arn:aws:kms:sa-east-1:877001948254:key/5aff9933-4b81-42c7-b410-2161b12d63bc,2022-08-24T07:43:25.100000+00:00,Created by CreateImage(i-0db217cc4192a62c0) for ami-06ac2ba504a0ff91e,,mongodb-nike-sales-prd-b
ssrmprod,sa-east-1,ebs,snap-0baf66800963d53e6,vol-083bfa2cce251bedb,snap-0baf66800963d53e6,completed,,60,True,arn:aws:kms:sa-east-1:877001948254:key/5aff9933-4b81-42c7-b410-2161b12d63bc,2022-08-24T07:43:25.100000+00:00,Created by CreateImage(i-0db217cc4192a62c0) for ami-06ac2ba504a0ff91e,,mongodb-nike-sales-prd-b
ssrmprod,sa-east-1,ebs,snap-0416929cc46e9d8b6,vol-04d4354613ff9cc72,snap-0416929cc46e9d8b6,completed,,40,True,arn:aws:kms:sa-east-1:877001948254:key/5aff9933-4b81-42c7-b410-2161b12d63bc,2022-08-24T07:16:22.600000+00:00,Created by CreateImage(i-03f1d647bbbe2d4fc) for ami-015e97c1bd2647051,,mongodb-nike-sales-prd-arbiter
ssrmprod,sa-east-1,ebs,snap-0ca5ee273154d79a5,vol-083bfa2cce251bedb,snap-0ca5ee273154d79a5,completed,,60,True,arn:aws:kms:sa-east-1:877001948254:key/5aff9933-4b81-42c7-b410-2161b12d63bc,2022-08-23T07:35:57.468000+00:00,Created by CreateImage(i-0db217cc4192a62c0) for ami-097bbee050205bb06,,mongodb-nike-sales-prd-b
ssrmprod,sa-east-1,ebs,snap-0510b1f352ac53b6b,vol-04d4354613ff9cc72,snap-0510b1f352ac53b6b,completed,,40,True,arn:aws:kms:sa-east-1:877001948254:key/5aff9933-4b81-42c7-b410-2161b12d63bc,2022-08-23T07:19:52.770000+00:00,Created by CreateImage(i-03f1d647bbbe2d4fc) for ami-0556aadc52f567588,,mongodb-nike-sales-prd-arbiter
ssrmprod,sa-east-1,ebs,snap-058daf8527f7cb66a,vol-0e5e59fbbe03d7b05,snap-058daf8527f7cb66a,completed,,300,True,arn:aws:kms:sa-east-1:877001948254:key/5aff9933-4b81-42c7-b410-2161b12d63bc,2022-08-23T07:35:57.468000+00:00,Created by CreateImage(i-0db217cc4192a62c0) for ami-097bbee050205bb06,,mongodb-nike-sales-prd-b
ssrmprod,sa-east-1,ebs,snap-03cd97aa3633a7f63,vol-0e5e59fbbe03d7b05,snap-03cd97aa3633a7f63,completed,,300,True,arn:aws:kms:sa-east-1:877001948254:key/5aff9933-4b81-42c7-b410-2161b12d63bc,2022-08-22T07:41:44.636000+00:00,Created by CreateImage(i-0db217cc4192a62c0) for ami-0d5a6bbae5e398f08,,mongodb-nike-sales-prd-b
ssrmprod,sa-east-1,ebs,snap-004fdf7ee4a6395fe,vol-04d4354613ff9cc72,snap-004fdf7ee4a6395fe,completed,,40,True,arn:aws:kms:sa-east-1:877001948254:key/5aff9933-4b81-42c7-b410-2161b12d63bc,2022-08-22T07:15:22.432000+00:00,Created by CreateImage(i-03f1d647bbbe2d4fc) for ami-095c3373c9699e7ce,,mongodb-nike-sales-prd-arbiter
ssrmprod,sa-east-1,ebs,snap-038c3e8c426943fec,vol-083bfa2cce251bedb,snap-038c3e8c426943fec,completed,,60,True,arn:aws:kms:sa-east-1:877001948254:key/5aff9933-4b81-42c7-b410-2161b12d63bc,2022-08-22T07:41:44.636000+00:00,Created by CreateImage(i-0db217cc4192a62c0) for ami-0d5a6bbae5e398f08,,mongodb-nike-sales-prd-b
ssrmprod,sa-east-1,ebs,snap-0ef7f7d2ee9c2536c,vol-083bfa2cce251bedb,snap-0ef7f7d2ee9c2536c,completed,,60,True,arn:aws:kms:sa-east-1:877001948254:key/5aff9933-4b81-42c7-b410-2161b12d63bc,2022-08-21T07:39:38.286000+00:00,Created by CreateImage(i-0db217cc4192a62c0) for ami-0de78b276a1dc70c6,,mongodb-nike-sales-prd-b
ssrmprod,sa-east-1,ebs,snap-09ebda4c6246a8710,vol-0e5e59fbbe03d7b05,snap-09ebda4c6246a8710,completed,,300,True,arn:aws:kms:sa-east-1:877001948254:key/5aff9933-4b81-42c7-b410-2161b12d63bc,2022-08-21T07:39:38.286000+00:00,Created by CreateImage(i-0db217cc4192a62c0) for ami-0de78b276a1dc70c6,,mongodb-nike-sales-prd-b
ssrmprod,sa-east-1,ebs,snap-0ebb91d5a681f7b11,vol-04d4354613ff9cc72,snap-0ebb91d5a681f7b11,completed,,40,True,arn:aws:kms:sa-east-1:877001948254:key/5aff9933-4b81-42c7-b410-2161b12d63bc,2022-08-21T07:14:55.917000+00:00,Created by CreateImage(i-03f1d647bbbe2d4fc) for ami-0bea42e6d3ed58d53,,mongodb-nike-sales-prd-arbiter
ssrmprod,sa-east-1,ebs,snap-0795e5c54cf317063,vol-04d4354613ff9cc72,snap-0795e5c54cf317063,completed,,40,True,arn:aws:kms:sa-east-1:877001948254:key/5aff9933-4b81-42c7-b410-2161b12d63bc,2022-08-20T07:19:02.672000+00:00,Created by CreateImage(i-03f1d647bbbe2d4fc) for ami-01f3fd7350f6f8bb5,,mongodb-nike-sales-prd-arbiter
ssrmprod,sa-east-1,ebs,snap-086c6167c1fe44e95,vol-083bfa2cce251bedb,snap-086c6167c1fe44e95,completed,,60,True,arn:aws:kms:sa-east-1:877001948254:key/5aff9933-4b81-42c7-b410-2161b12d63bc,2022-08-20T07:42:32.340000+00:00,Created by CreateImage(i-0db217cc4192a62c0) for ami-086cd896fc6cfca5d,,mongodb-nike-sales-prd-b
ssrmprod,sa-east-1,ebs,snap-093c3da44b5d1e386,vol-0e5e59fbbe03d7b05,snap-093c3da44b5d1e386,completed,,300,True,arn:aws:kms:sa-east-1:877001948254:key/5aff9933-4b81-42c7-b410-2161b12d63bc,2022-08-20T07:42:32.340000+00:00,Created by CreateImage(i-0db217cc4192a62c0) for ami-086cd896fc6cfca5d,,mongodb-nike-sales-prd-b
ssrmprod,sa-east-1,ebs,snap-00144db4221d74d18,vol-0e5e59fbbe03d7b05,snap-00144db4221d74d18,completed,,300,True,arn:aws:kms:sa-east-1:877001948254:key/5aff9933-4b81-42c7-b410-2161b12d63bc,2022-08-19T07:38:23.738000+00:00,Created by CreateImage(i-0db217cc4192a62c0) for ami-0b3656f9f34131906,,mongodb-nike-sales-prd-b
ssrmprod,sa-east-1,ebs,snap-0f1d51e44e931b539,vol-04d4354613ff9cc72,snap-0f1d51e44e931b539,completed,,40,True,arn:aws:kms:sa-east-1:877001948254:key/5aff9933-4b81-42c7-b410-2161b12d63bc,2022-08-19T07:17:20.417000+00:00,Created by CreateImage(i-03f1d647bbbe2d4fc) for ami-0ffa8b3e357a20de6,,mongodb-nike-sales-prd-arbiter
ssrmprod,sa-east-1,ebs,snap-04d83b98486700e7f,vol-083bfa2cce251bedb,snap-04d83b98486700e7f,completed,,60,True,arn:aws:kms:sa-east-1:877001948254:key/5aff9933-4b81-42c7-b410-2161b12d63bc,2022-08-19T07:38:23.738000+00:00,Created by CreateImage(i-0db217cc4192a62c0) for ami-0b3656f9f34131906,,mongodb-nike-sales-prd-b
ssrmprod,sa-east-1,ebs,snap-00db8e20880d8e711,vol-04d4354613ff9cc72,snap-00db8e20880d8e711,completed,,40,True,arn:aws:kms:sa-east-1:877001948254:key/5aff9933-4b81-42c7-b410-2161b12d63bc,2022-08-18T07:15:49.402000+00:00,Created by CreateImage(i-03f1d647bbbe2d4fc) for ami-0c1a3f712de5cc930,,mongodb-nike-sales-prd-arbiter
ssrmprod,sa-east-1,ebs,snap-002b76ac699a8c1c9,vol-0e5e59fbbe03d7b05,snap-002b76ac699a8c1c9,completed,,300,True,arn:aws:kms:sa-east-1:877001948254:key/5aff9933-4b81-42c7-b410-2161b12d63bc,2022-08-18T07:39:52.007000+00:00,Created by CreateImage(i-0db217cc4192a62c0) for ami-059f69e06c6751dd9,,mongodb-nike-sales-prd-b
ssrmprod,sa-east-1,ebs,snap-049421e8fdbf6767d,vol-083bfa2cce251bedb,snap-049421e8fdbf6767d,completed,,60,True,arn:aws:kms:sa-east-1:877001948254:key/5aff9933-4b81-42c7-b410-2161b12d63bc,2022-08-18T07:39:52.007000+00:00,Created by CreateImage(i-0db217cc4192a62c0) for ami-059f69e06c6751dd9,,mongodb-nike-sales-prd-b
ssrmprod,sa-east-1,ebs,snap-0c1adfe2c627781fb,vol-0e5e59fbbe03d7b05,snap-0c1adfe2c627781fb,completed,,300,True,arn:aws:kms:sa-east-1:877001948254:key/5aff9933-4b81-42c7-b410-2161b12d63bc,2022-08-17T07:41:21.029000+00:00,Created by CreateImage(i-0db217cc4192a62c0) for ami-0f21e1f1bd45384bf,,mongodb-nike-sales-prd-b
ssrmprod,sa-east-1,ebs,snap-00c7325ba1ca7b3c6,vol-04d4354613ff9cc72,snap-00c7325ba1ca7b3c6,completed,,40,True,arn:aws:kms:sa-east-1:877001948254:key/5aff9933-4b81-42c7-b410-2161b12d63bc,2022-08-17T07:19:36.620000+00:00,Created by CreateImage(i-03f1d647bbbe2d4fc) for ami-0f6468349d5230608,,mongodb-nike-sales-prd-arbiter
ssrmprod,sa-east-1,ebs,snap-0b75380c3d8031030,vol-083bfa2cce251bedb,snap-0b75380c3d8031030,completed,,60,True,arn:aws:kms:sa-east-1:877001948254:key/5aff9933-4b81-42c7-b410-2161b12d63bc,2022-08-17T07:41:21.029000+00:00,Created by CreateImage(i-0db217cc4192a62c0) for ami-0f21e1f1bd45384bf,,mongodb-nike-sales-prd-b
ssrmprod,sa-east-1,ebs,snap-0c9d8aa478bfeace8,vol-083bfa2cce251bedb,snap-0c9d8aa478bfeace8,completed,,60,True,arn:aws:kms:sa-east-1:877001948254:key/5aff9933-4b81-42c7-b410-2161b12d63bc,2022-08-16T07:37:47.954000+00:00,Created by CreateImage(i-0db217cc4192a62c0) for ami-030f72f7d70008e10,,mongodb-nike-sales-prd-b
ssrmprod,sa-east-1,ebs,snap-0141f0ed60d2d21c8,vol-04d4354613ff9cc72,snap-0141f0ed60d2d21c8,completed,,40,True,arn:aws:kms:sa-east-1:877001948254:key/5aff9933-4b81-42c7-b410-2161b12d63bc,2022-08-16T07:20:25.367000+00:00,Created by CreateImage(i-03f1d647bbbe2d4fc) for ami-0c8cf8d851e8a4153,,mongodb-nike-sales-prd-arbiter
ssrmprod,sa-east-1,ebs,snap-08cc0f92ed6e5374e,vol-0e5e59fbbe03d7b05,snap-08cc0f92ed6e5374e,completed,,300,True,arn:aws:kms:sa-east-1:877001948254:key/5aff9933-4b81-42c7-b410-2161b12d63bc,2022-08-16T07:37:47.954000+00:00,Created by CreateImage(i-0db217cc4192a62c0) for ami-030f72f7d70008e10,,mongodb-nike-sales-prd-b
ssrmprod,sa-east-1,ebs,snap-0dbaf25f7f641ec67,vol-083bfa2cce251bedb,snap-0dbaf25f7f641ec67,completed,,60,True,arn:aws:kms:sa-east-1:877001948254:key/5aff9933-4b81-42c7-b410-2161b12d63bc,2022-08-15T07:40:48.969000+00:00,Created by CreateImage(i-0db217cc4192a62c0) for ami-0448946d57fe7f914,,mongodb-nike-sales-prd-b
ssrmprod,sa-east-1,ebs,snap-03722dda1aa1c026b,vol-0e5e59fbbe03d7b05,snap-03722dda1aa1c026b,completed,,300,True,arn:aws:kms:sa-east-1:877001948254:key/5aff9933-4b81-42c7-b410-2161b12d63bc,2022-08-15T07:40:48.969000+00:00,Created by CreateImage(i-0db217cc4192a62c0) for ami-0448946d57fe7f914,,mongodb-nike-sales-prd-b
ssrmprod,sa-east-1,ebs,snap-0e390671c17920445,vol-04d4354613ff9cc72,snap-0e390671c17920445,completed,,40,True,arn:aws:kms:sa-east-1:877001948254:key/5aff9933-4b81-42c7-b410-2161b12d63bc,2022-08-15T07:14:48.832000+00:00,Created by CreateImage(i-03f1d647bbbe2d4fc) for ami-019f9f3187dbcaebe,,mongodb-nike-sales-prd-arbiter
ssrmprod,sa-east-1,ebs,snap-0bd27d9e6277c949b,vol-0e5e59fbbe03d7b05,snap-0bd27d9e6277c949b,completed,,300,True,arn:aws:kms:sa-east-1:877001948254:key/5aff9933-4b81-42c7-b410-2161b12d63bc,2022-08-14T07:38:40.523000+00:00,Created by CreateImage(i-0db217cc4192a62c0) for ami-0c8b6f64b60eef736,,mongodb-nike-sales-prd-b
ssrmprod,sa-east-1,ebs,snap-05d8718141e748d5a,vol-083bfa2cce251bedb,snap-05d8718141e748d5a,completed,,60,True,arn:aws:kms:sa-east-1:877001948254:key/5aff9933-4b81-42c7-b410-2161b12d63bc,2022-08-14T07:38:40.523000+00:00,Created by CreateImage(i-0db217cc4192a62c0) for ami-0c8b6f64b60eef736,,mongodb-nike-sales-prd-b
ssrmprod,sa-east-1,ebs,snap-02c635f8bf1d17f9a,vol-04d4354613ff9cc72,snap-02c635f8bf1d17f9a,completed,,40,True,arn:aws:kms:sa-east-1:877001948254:key/5aff9933-4b81-42c7-b410-2161b12d63bc,2022-08-14T07:20:31.601000+00:00,Created by CreateImage(i-03f1d647bbbe2d4fc) for ami-02d033a7c911f16be,,mongodb-nike-sales-prd-arbiter
ssrmprod,sa-east-1,ebs,snap-0af067952dcbc7005,vol-083bfa2cce251bedb,snap-0af067952dcbc7005,completed,,60,True,arn:aws:kms:sa-east-1:877001948254:key/5aff9933-4b81-42c7-b410-2161b12d63bc,2022-08-13T07:39:11.986000+00:00,Created by CreateImage(i-0db217cc4192a62c0) for ami-03780be8c1ff68553,,mongodb-nike-sales-prd-b
ssrmprod,sa-east-1,ebs,snap-0a3717d9f9d69d42b,vol-0e5e59fbbe03d7b05,snap-0a3717d9f9d69d42b,completed,,300,True,arn:aws:kms:sa-east-1:877001948254:key/5aff9933-4b81-42c7-b410-2161b12d63bc,2022-08-13T07:39:11.986000+00:00,Created by CreateImage(i-0db217cc4192a62c0) for ami-03780be8c1ff68553,,mongodb-nike-sales-prd-b
ssrmprod,sa-east-1,ebs,snap-07b0c3b0a9f972d0a,vol-04d4354613ff9cc72,snap-07b0c3b0a9f972d0a,completed,,40,True,arn:aws:kms:sa-east-1:877001948254:key/5aff9933-4b81-42c7-b410-2161b12d63bc,2022-08-13T07:21:17.691000+00:00,Created by CreateImage(i-03f1d647bbbe2d4fc) for ami-09c7d67a1a282e811,,mongodb-nike-sales-prd-arbiter
ssrmprod,sa-east-1,ebs,snap-049104b8e6022c2c0,vol-04d4354613ff9cc72,snap-049104b8e6022c2c0,completed,,40,True,arn:aws:kms:sa-east-1:877001948254:key/5aff9933-4b81-42c7-b410-2161b12d63bc,2022-08-12T07:15:35.193000+00:00,Created by CreateImage(i-03f1d647bbbe2d4fc) for ami-0c35329a612773050,,mongodb-nike-sales-prd-arbiter
ssrmprod,sa-east-1,ebs,snap-0d5d9a636c74c5bc3,vol-0e5e59fbbe03d7b05,snap-0d5d9a636c74c5bc3,completed,,300,True,arn:aws:kms:sa-east-1:877001948254:key/5aff9933-4b81-42c7-b410-2161b12d63bc,2022-08-12T07:38:31.290000+00:00,Created by CreateImage(i-0db217cc4192a62c0) for ami-0d3552e97119796bf,,mongodb-nike-sales-prd-b
ssrmprod,sa-east-1,ebs,snap-0aa67ce74cfcca2a5,vol-083bfa2cce251bedb,snap-0aa67ce74cfcca2a5,completed,,60,True,arn:aws:kms:sa-east-1:877001948254:key/5aff9933-4b81-42c7-b410-2161b12d63bc,2022-08-12T07:38:31.290000+00:00,Created by CreateImage(i-0db217cc4192a62c0) for ami-0d3552e97119796bf,,mongodb-nike-sales-prd-b
ssrmprod,sa-east-1,ebs,snap-04a88e70903cf41d7,vol-083bfa2cce251bedb,snap-04a88e70903cf41d7,completed,,60,True,arn:aws:kms:sa-east-1:877001948254:key/5aff9933-4b81-42c7-b410-2161b12d63bc,2022-08-11T07:39:53.737000+00:00,Created by CreateImage(i-0db217cc4192a62c0) for ami-006fdc4cf16b2f557,,mongodb-nike-sales-prd-b
ssrmprod,sa-east-1,ebs,snap-09e52e24c8ba6a877,vol-0e5e59fbbe03d7b05,snap-09e52e24c8ba6a877,completed,,300,True,arn:aws:kms:sa-east-1:877001948254:key/5aff9933-4b81-42c7-b410-2161b12d63bc,2022-08-11T07:39:53.737000+00:00,Created by CreateImage(i-0db217cc4192a62c0) for ami-006fdc4cf16b2f557,,mongodb-nike-sales-prd-b
ssrmprod,sa-east-1,ebs,snap-0b7bffdf14bdd71cb,vol-04d4354613ff9cc72,snap-0b7bffdf14bdd71cb,completed,,40,True,arn:aws:kms:sa-east-1:877001948254:key/5aff9933-4b81-42c7-b410-2161b12d63bc,2022-08-11T07:14:27.517000+00:00,Created by CreateImage(i-03f1d647bbbe2d4fc) for ami-04e05650987ba1f3c,,mongodb-nike-sales-prd-arbiter
ssrmprod,sa-east-1,ebs,snap-0c2ddda3c01796efa,vol-04d4354613ff9cc72,snap-0c2ddda3c01796efa,completed,,40,True,arn:aws:kms:sa-east-1:877001948254:key/5aff9933-4b81-42c7-b410-2161b12d63bc,2022-08-10T07:15:00.616000+00:00,Created by CreateImage(i-03f1d647bbbe2d4fc) for ami-0563615434a7e948a,,mongodb-nike-sales-prd-arbiter
ssrmprod,sa-east-1,ebs,snap-09db582e2beddcd70,vol-083bfa2cce251bedb,snap-09db582e2beddcd70,completed,,60,True,arn:aws:kms:sa-east-1:877001948254:key/5aff9933-4b81-42c7-b410-2161b12d63bc,2022-08-10T07:41:18.160000+00:00,Created by CreateImage(i-0db217cc4192a62c0) for ami-0b171f349aa7b50ff,,mongodb-nike-sales-prd-b
ssrmprod,sa-east-1,ebs,snap-0cce8d55a8995b751,vol-0e5e59fbbe03d7b05,snap-0cce8d55a8995b751,completed,,300,True,arn:aws:kms:sa-east-1:877001948254:key/5aff9933-4b81-42c7-b410-2161b12d63bc,2022-08-10T07:41:18.160000+00:00,Created by CreateImage(i-0db217cc4192a62c0) for ami-0b171f349aa7b50ff,,mongodb-nike-sales-prd-b
ssrmprod,sa-east-1,ebs,snap-01767a9e9d4b1f36a,vol-0e5e59fbbe03d7b05,snap-01767a9e9d4b1f36a,completed,,300,True,arn:aws:kms:sa-east-1:877001948254:key/5aff9933-4b81-42c7-b410-2161b12d63bc,2022-08-09T07:41:11.962000+00:00,Created by CreateImage(i-0db217cc4192a62c0) for ami-0a2371b083f5a3ccd,,mongodb-nike-sales-prd-b
ssrmprod,sa-east-1,ebs,snap-0007ba6c4d5ad69bd,vol-083bfa2cce251bedb,snap-0007ba6c4d5ad69bd,completed,,60,True,arn:aws:kms:sa-east-1:877001948254:key/5aff9933-4b81-42c7-b410-2161b12d63bc,2022-08-09T07:41:11.962000+00:00,Created by CreateImage(i-0db217cc4192a62c0) for ami-0a2371b083f5a3ccd,,mongodb-nike-sales-prd-b
ssrmprod,sa-east-1,ebs,snap-05da9122d49d81bea,vol-04d4354613ff9cc72,snap-05da9122d49d81bea,completed,,40,True,arn:aws:kms:sa-east-1:877001948254:key/5aff9933-4b81-42c7-b410-2161b12d63bc,2022-08-09T07:16:04.098000+00:00,Created by CreateImage(i-03f1d647bbbe2d4fc) for ami-09bb29bffd6441a61,,mongodb-nike-sales-prd-arbiter
ssrmprod,sa-east-1,ebs,snap-0819a54440853f93f,vol-083bfa2cce251bedb,snap-0819a54440853f93f,completed,,60,True,arn:aws:kms:sa-east-1:877001948254:key/5aff9933-4b81-42c7-b410-2161b12d63bc,2022-08-08T07:40:22.035000+00:00,Created by CreateImage(i-0db217cc4192a62c0) for ami-0e828432ecafc4ace,,mongodb-nike-sales-prd-b
ssrmprod,sa-east-1,ebs,snap-0ce08a730bad7caea,vol-04d4354613ff9cc72,snap-0ce08a730bad7caea,completed,,40,True,arn:aws:kms:sa-east-1:877001948254:key/5aff9933-4b81-42c7-b410-2161b12d63bc,2022-08-08T07:14:12.695000+00:00,Created by CreateImage(i-03f1d647bbbe2d4fc) for ami-0e8559b0c262915a8,,mongodb-nike-sales-prd-arbiter
ssrmprod,sa-east-1,ebs,snap-0d88ef5392a02526c,vol-0e5e59fbbe03d7b05,snap-0d88ef5392a02526c,completed,,300,True,arn:aws:kms:sa-east-1:877001948254:key/5aff9933-4b81-42c7-b410-2161b12d63bc,2022-08-08T07:40:22.035000+00:00,Created by CreateImage(i-0db217cc4192a62c0) for ami-0e828432ecafc4ace,,mongodb-nike-sales-prd-b
ssrmprod,sa-east-1,ebs,snap-00f6549eb9d20861e,vol-083bfa2cce251bedb,snap-00f6549eb9d20861e,completed,,60,True,arn:aws:kms:sa-east-1:877001948254:key/5aff9933-4b81-42c7-b410-2161b12d63bc,2022-08-07T07:39:21.984000+00:00,Created by CreateImage(i-0db217cc4192a62c0) for ami-078778c3c611bbcc2,,mongodb-nike-sales-prd-b
ssrmprod,sa-east-1,ebs,snap-00cb20b20f2db6622,vol-04d4354613ff9cc72,snap-00cb20b20f2db6622,completed,,40,True,arn:aws:kms:sa-east-1:877001948254:key/5aff9933-4b81-42c7-b410-2161b12d63bc,2022-08-07T07:16:25.527000+00:00,Created by CreateImage(i-03f1d647bbbe2d4fc) for ami-016a2d410b4fe04a5,,mongodb-nike-sales-prd-arbiter
ssrmprod,sa-east-1,ebs,snap-05e3a3e2e55725deb,vol-0e5e59fbbe03d7b05,snap-05e3a3e2e55725deb,completed,,300,True,arn:aws:kms:sa-east-1:877001948254:key/5aff9933-4b81-42c7-b410-2161b12d63bc,2022-08-07T07:39:21.984000+00:00,Created by CreateImage(i-0db217cc4192a62c0) for ami-078778c3c611bbcc2,,mongodb-nike-sales-prd-b
ssrmprod,sa-east-1,ebs,snap-017f484787d4e6a44,vol-04d4354613ff9cc72,snap-017f484787d4e6a44,completed,,40,True,arn:aws:kms:sa-east-1:877001948254:key/5aff9933-4b81-42c7-b410-2161b12d63bc,2022-08-06T07:20:57.571000+00:00,Created by CreateImage(i-03f1d647bbbe2d4fc) for ami-005343176ac3a4a6c,,mongodb-nike-sales-prd-arbiter
ssrmprod,sa-east-1,ebs,snap-070926a5011c75663,vol-083bfa2cce251bedb,snap-070926a5011c75663,completed,,60,True,arn:aws:kms:sa-east-1:877001948254:key/5aff9933-4b81-42c7-b410-2161b12d63bc,2022-08-06T07:39:42.865000+00:00,Created by CreateImage(i-0db217cc4192a62c0) for ami-0de15e4cb2db3888b,,mongodb-nike-sales-prd-b
ssrmprod,sa-east-1,ebs,snap-077c240046bfd4358,vol-0e5e59fbbe03d7b05,snap-077c240046bfd4358,completed,,300,True,arn:aws:kms:sa-east-1:877001948254:key/5aff9933-4b81-42c7-b410-2161b12d63bc,2022-08-06T07:39:42.865000+00:00,Created by CreateImage(i-0db217cc4192a62c0) for ami-0de15e4cb2db3888b,,mongodb-nike-sales-prd-b
ssrmprod,sa-east-1,ebs,snap-0dcc54a18077526fb,vol-04d4354613ff9cc72,snap-0dcc54a18077526fb,completed,,40,True,arn:aws:kms:sa-east-1:877001948254:key/5aff9933-4b81-42c7-b410-2161b12d63bc,2022-08-05T07:17:42.374000+00:00,Created by CreateImage(i-03f1d647bbbe2d4fc) for ami-09ee157243fd088f0,,mongodb-nike-sales-prd-arbiter
ssrmprod,sa-east-1,ebs,snap-0f94e606e23b986fe,vol-0e5e59fbbe03d7b05,snap-0f94e606e23b986fe,completed,,300,True,arn:aws:kms:sa-east-1:877001948254:key/5aff9933-4b81-42c7-b410-2161b12d63bc,2022-08-05T07:43:42.090000+00:00,Created by CreateImage(i-0db217cc4192a62c0) for ami-034d91459d761ceae,,mongodb-nike-sales-prd-b
ssrmprod,sa-east-1,ebs,snap-0cc4010c6eae1f862,vol-083bfa2cce251bedb,snap-0cc4010c6eae1f862,completed,,60,True,arn:aws:kms:sa-east-1:877001948254:key/5aff9933-4b81-42c7-b410-2161b12d63bc,2022-08-05T07:43:42.090000+00:00,Created by CreateImage(i-0db217cc4192a62c0) for ami-034d91459d761ceae,,mongodb-nike-sales-prd-b
ssrmprod,sa-east-1,ebs,snap-00ca99c00536cca3e,vol-083bfa2cce251bedb,snap-00ca99c00536cca3e,completed,,60,True,arn:aws:kms:sa-east-1:877001948254:key/5aff9933-4b81-42c7-b410-2161b12d63bc,2022-08-04T07:36:12.107000+00:00,Created by CreateImage(i-0db217cc4192a62c0) for ami-07934046f0920861f,,mongodb-nike-sales-prd-b
ssrmprod,sa-east-1,ebs,snap-07a37c93756f5c3de,vol-0e5e59fbbe03d7b05,snap-07a37c93756f5c3de,completed,,300,True,arn:aws:kms:sa-east-1:877001948254:key/5aff9933-4b81-42c7-b410-2161b12d63bc,2022-08-04T07:36:12.107000+00:00,Created by CreateImage(i-0db217cc4192a62c0) for ami-07934046f0920861f,,mongodb-nike-sales-prd-b
ssrmprod,sa-east-1,ebs,snap-073b3274c3aa0d276,vol-04d4354613ff9cc72,snap-073b3274c3aa0d276,completed,,40,True,arn:aws:kms:sa-east-1:877001948254:key/5aff9933-4b81-42c7-b410-2161b12d63bc,2022-08-04T07:18:31.804000+00:00,Created by CreateImage(i-03f1d647bbbe2d4fc) for ami-02f258b4069ae0c09,,mongodb-nike-sales-prd-arbiter
ssrmprod,sa-east-1,ebs,snap-09aefc123cfc9f458,vol-04d4354613ff9cc72,snap-09aefc123cfc9f458,completed,,40,True,arn:aws:kms:sa-east-1:877001948254:key/5aff9933-4b81-42c7-b410-2161b12d63bc,2022-08-03T07:17:48.602000+00:00,Created by CreateImage(i-03f1d647bbbe2d4fc) for ami-06450864aa2259ff7,,mongodb-nike-sales-prd-arbiter
ssrmprod,sa-east-1,ebs,snap-079a97bb098051a94,vol-0e5e59fbbe03d7b05,snap-079a97bb098051a94,completed,,300,True,arn:aws:kms:sa-east-1:877001948254:key/5aff9933-4b81-42c7-b410-2161b12d63bc,2022-08-03T07:45:29.073000+00:00,Created by CreateImage(i-0db217cc4192a62c0) for ami-0b600403582abe9a3,,mongodb-nike-sales-prd-b
ssrmprod,sa-east-1,ebs,snap-05b25e1b83a30be4e,vol-083bfa2cce251bedb,snap-05b25e1b83a30be4e,completed,,60,True,arn:aws:kms:sa-east-1:877001948254:key/5aff9933-4b81-42c7-b410-2161b12d63bc,2022-08-03T07:45:29.073000+00:00,Created by CreateImage(i-0db217cc4192a62c0) for ami-0b600403582abe9a3,,mongodb-nike-sales-prd-b
ssrmprod,sa-east-1,ebs,snap-01935f78517af6a81,vol-083bfa2cce251bedb,snap-01935f78517af6a81,completed,,60,True,arn:aws:kms:sa-east-1:877001948254:key/5aff9933-4b81-42c7-b410-2161b12d63bc,2022-08-02T07:41:06.093000+00:00,Created by CreateImage(i-0db217cc4192a62c0) for ami-0cab9b527f1755bdc,,mongodb-nike-sales-prd-b
ssrmprod,sa-east-1,ebs,snap-0554d0ef834c97176,vol-0e5e59fbbe03d7b05,snap-0554d0ef834c97176,completed,,300,True,arn:aws:kms:sa-east-1:877001948254:key/5aff9933-4b81-42c7-b410-2161b12d63bc,2022-08-02T07:41:06.093000+00:00,Created by CreateImage(i-0db217cc4192a62c0) for ami-0cab9b527f1755bdc,,mongodb-nike-sales-prd-b
ssrmprod,sa-east-1,ebs,snap-0214759fe0fd7c540,vol-04d4354613ff9cc72,snap-0214759fe0fd7c540,completed,,40,True,arn:aws:kms:sa-east-1:877001948254:key/5aff9933-4b81-42c7-b410-2161b12d63bc,2022-08-02T07:19:45.932000+00:00,Created by CreateImage(i-03f1d647bbbe2d4fc) for ami-0f2afe8840be80af8,,mongodb-nike-sales-prd-arbiter
ssrmprod,sa-east-1,ebs,snap-045618019fc63b302,vol-083bfa2cce251bedb,snap-045618019fc63b302,completed,,60,True,arn:aws:kms:sa-east-1:877001948254:key/5aff9933-4b81-42c7-b410-2161b12d63bc,2022-08-01T07:41:38.608000+00:00,Created by CreateImage(i-0db217cc4192a62c0) for ami-022506583efba34be,,mongodb-nike-sales-prd-b
ssrmprod,sa-east-1,ebs,snap-0893d778a90695952,vol-0e5e59fbbe03d7b05,snap-0893d778a90695952,completed,,300,True,arn:aws:kms:sa-east-1:877001948254:key/5aff9933-4b81-42c7-b410-2161b12d63bc,2022-08-01T07:41:38.608000+00:00,Created by CreateImage(i-0db217cc4192a62c0) for ami-022506583efba34be,,mongodb-nike-sales-prd-b
ssrmprod,sa-east-1,ebs,snap-0ab6ea0279b9997b5,vol-04d4354613ff9cc72,snap-0ab6ea0279b9997b5,completed,,40,True,arn:aws:kms:sa-east-1:877001948254:key/5aff9933-4b81-42c7-b410-2161b12d63bc,2022-08-01T07:17:40.498000+00:00,Created by CreateImage(i-03f1d647bbbe2d4fc) for ami-0940db05a05a956dd,,mongodb-nike-sales-prd-arbiter
ssrmprod,sa-east-1,ebs,snap-00ddd30c27e762053,vol-0e5e59fbbe03d7b05,snap-00ddd30c27e762053,completed,,300,True,arn:aws:kms:sa-east-1:877001948254:key/5aff9933-4b81-42c7-b410-2161b12d63bc,2022-07-31T07:43:41.289000+00:00,Created by CreateImage(i-0db217cc4192a62c0) for ami-060e4c9d56630b0f1,,mongodb-nike-sales-prd-b
ssrmprod,sa-east-1,ebs,snap-0a15c2a6fd2922c92,vol-083bfa2cce251bedb,snap-0a15c2a6fd2922c92,completed,,60,True,arn:aws:kms:sa-east-1:877001948254:key/5aff9933-4b81-42c7-b410-2161b12d63bc,2022-07-31T07:43:41.289000+00:00,Created by CreateImage(i-0db217cc4192a62c0) for ami-060e4c9d56630b0f1,,mongodb-nike-sales-prd-b
ssrmprod,sa-east-1,ebs,snap-0208a3ce23168728b,vol-04d4354613ff9cc72,snap-0208a3ce23168728b,completed,,40,True,arn:aws:kms:sa-east-1:877001948254:key/5aff9933-4b81-42c7-b410-2161b12d63bc,2022-07-31T07:16:06.744000+00:00,Created by CreateImage(i-03f1d647bbbe2d4fc) for ami-03efdb400f6f7bef8,,mongodb-nike-sales-prd-arbiter
ssrmprod,sa-east-1,ebs,snap-0da003b83c57fe82b,vol-04d4354613ff9cc72,snap-0da003b83c57fe82b,completed,,40,True,arn:aws:kms:sa-east-1:877001948254:key/5aff9933-4b81-42c7-b410-2161b12d63bc,2022-07-30T07:14:53.850000+00:00,Created by CreateImage(i-03f1d647bbbe2d4fc) for ami-004c16117434e1cd0,,mongodb-nike-sales-prd-arbiter
ssrmprod,sa-east-1,ebs,snap-04a48cf93e11b4033,vol-0e5e59fbbe03d7b05,snap-04a48cf93e11b4033,completed,,300,True,arn:aws:kms:sa-east-1:877001948254:key/5aff9933-4b81-42c7-b410-2161b12d63bc,2022-07-30T07:39:45.789000+00:00,Created by CreateImage(i-0db217cc4192a62c0) for ami-016edc1fd3deee5f9,,mongodb-nike-sales-prd-b
ssrmprod,sa-east-1,ebs,snap-00e1f5556b73c717a,vol-083bfa2cce251bedb,snap-00e1f5556b73c717a,completed,,60,True,arn:aws:kms:sa-east-1:877001948254:key/5aff9933-4b81-42c7-b410-2161b12d63bc,2022-07-30T07:39:45.789000+00:00,Created by CreateImage(i-0db217cc4192a62c0) for ami-016edc1fd3deee5f9,,mongodb-nike-sales-prd-b
ssrmprod,sa-east-1,ebs,snap-03a91c972d27e5e35,vol-0e5e59fbbe03d7b05,snap-03a91c972d27e5e35,completed,,300,True,arn:aws:kms:sa-east-1:877001948254:key/5aff9933-4b81-42c7-b410-2161b12d63bc,2022-07-29T07:40:48.830000+00:00,Created by CreateImage(i-0db217cc4192a62c0) for ami-0f4a97ae25ccc3434,,mongodb-nike-sales-prd-b
ssrmprod,sa-east-1,ebs,snap-0f4f32fa810300fc0,vol-083bfa2cce251bedb,snap-0f4f32fa810300fc0,completed,,60,True,arn:aws:kms:sa-east-1:877001948254:key/5aff9933-4b81-42c7-b410-2161b12d63bc,2022-07-29T07:40:48.830000+00:00,Created by CreateImage(i-0db217cc4192a62c0) for ami-0f4a97ae25ccc3434,,mongodb-nike-sales-prd-b
ssrmprod,sa-east-1,ebs,snap-00f2a54e4a501f9cf,vol-04d4354613ff9cc72,snap-00f2a54e4a501f9cf,completed,,40,True,arn:aws:kms:sa-east-1:877001948254:key/5aff9933-4b81-42c7-b410-2161b12d63bc,2022-07-29T07:17:52.671000+00:00,Created by CreateImage(i-03f1d647bbbe2d4fc) for ami-09425e080c5ee148c,,mongodb-nike-sales-prd-arbiter
ssrmprod,sa-east-1,ebs,snap-0e97a03266028c082,vol-083bfa2cce251bedb,snap-0e97a03266028c082,completed,,60,True,arn:aws:kms:sa-east-1:877001948254:key/5aff9933-4b81-42c7-b410-2161b12d63bc,2022-07-28T07:38:48.969000+00:00,Created by CreateImage(i-0db217cc4192a62c0) for ami-07d98010296bcd12b,,mongodb-nike-sales-prd-b
ssrmprod,sa-east-1,ebs,snap-0d2d16c1cf88ac363,vol-0e5e59fbbe03d7b05,snap-0d2d16c1cf88ac363,completed,,300,True,arn:aws:kms:sa-east-1:877001948254:key/5aff9933-4b81-42c7-b410-2161b12d63bc,2022-07-28T07:38:48.969000+00:00,Created by CreateImage(i-0db217cc4192a62c0) for ami-07d98010296bcd12b,,mongodb-nike-sales-prd-b
ssrmprod,sa-east-1,ebs,snap-08483228a114d3936,vol-04d4354613ff9cc72,snap-08483228a114d3936,completed,,40,True,arn:aws:kms:sa-east-1:877001948254:key/5aff9933-4b81-42c7-b410-2161b12d63bc,2022-07-28T07:17:50.092000+00:00,Created by CreateImage(i-03f1d647bbbe2d4fc) for ami-08ae578ef18805179,,mongodb-nike-sales-prd-arbiter
ssrmprod,sa-east-1,ebs,snap-017625f9db81b565e,vol-0e5e59fbbe03d7b05,snap-017625f9db81b565e,completed,,300,True,arn:aws:kms:sa-east-1:877001948254:key/5aff9933-4b81-42c7-b410-2161b12d63bc,2022-07-27T07:42:17.009000+00:00,Created by CreateImage(i-0db217cc4192a62c0) for ami-08ccd0cd4d4708b21,,mongodb-nike-sales-prd-b
ssrmprod,sa-east-1,ebs,snap-0b2382064aa08a69b,vol-083bfa2cce251bedb,snap-0b2382064aa08a69b,completed,,60,True,arn:aws:kms:sa-east-1:877001948254:key/5aff9933-4b81-42c7-b410-2161b12d63bc,2022-07-27T07:42:17.009000+00:00,Created by CreateImage(i-0db217cc4192a62c0) for ami-08ccd0cd4d4708b21,,mongodb-nike-sales-prd-b
ssrmprod,sa-east-1,ebs,snap-0c11ec0bc850b664f,vol-04d4354613ff9cc72,snap-0c11ec0bc850b664f,completed,,40,True,arn:aws:kms:sa-east-1:877001948254:key/5aff9933-4b81-42c7-b410-2161b12d63bc,2022-07-27T07:14:29.129000+00:00,Created by CreateImage(i-03f1d647bbbe2d4fc) for ami-01ef7b8f19508881c,,mongodb-nike-sales-prd-arbiter
ssrmprod,sa-east-1,ebs,snap-0b8b3f5ac3a62bd91,vol-083bfa2cce251bedb,snap-0b8b3f5ac3a62bd91,completed,,60,True,arn:aws:kms:sa-east-1:877001948254:key/5aff9933-4b81-42c7-b410-2161b12d63bc,2022-07-26T07:36:06.487000+00:00,Created by CreateImage(i-0db217cc4192a62c0) for ami-09810399f38b867cd,,mongodb-nike-sales-prd-b
ssrmprod,sa-east-1,ebs,snap-0cf5dfa2695e0d7f3,vol-0e5e59fbbe03d7b05,snap-0cf5dfa2695e0d7f3,completed,,300,True,arn:aws:kms:sa-east-1:877001948254:key/5aff9933-4b81-42c7-b410-2161b12d63bc,2022-07-26T07:36:06.487000+00:00,Created by CreateImage(i-0db217cc4192a62c0) for ami-09810399f38b867cd,,mongodb-nike-sales-prd-b
ssrmprod,sa-east-1,ebs,snap-030b7842877181427,vol-04d4354613ff9cc72,snap-030b7842877181427,completed,,40,True,arn:aws:kms:sa-east-1:877001948254:key/5aff9933-4b81-42c7-b410-2161b12d63bc,2022-07-26T07:22:18.113000+00:00,Created by CreateImage(i-03f1d647bbbe2d4fc) for ami-0c8686fb1a101ea36,,mongodb-nike-sales-prd-arbiter
ssrmprod,sa-east-1,ebs,snap-0709d9eaf00cbc2ac,vol-083bfa2cce251bedb,snap-0709d9eaf00cbc2ac,completed,,60,True,arn:aws:kms:sa-east-1:877001948254:key/5aff9933-4b81-42c7-b410-2161b12d63bc,2022-07-25T07:42:31.003000+00:00,Created by CreateImage(i-0db217cc4192a62c0) for ami-09d28e79451c3767c,,mongodb-nike-sales-prd-b
ssrmprod,sa-east-1,ebs,snap-0d0cdea6f5e9c639e,vol-04d4354613ff9cc72,snap-0d0cdea6f5e9c639e,completed,,40,True,arn:aws:kms:sa-east-1:877001948254:key/5aff9933-4b81-42c7-b410-2161b12d63bc,2022-07-25T07:19:08.487000+00:00,Created by CreateImage(i-03f1d647bbbe2d4fc) for ami-0157cd418df7f593b,,mongodb-nike-sales-prd-arbiter
ssrmprod,sa-east-1,ebs,snap-0eec70e4e55b4a019,vol-0e5e59fbbe03d7b05,snap-0eec70e4e55b4a019,completed,,300,True,arn:aws:kms:sa-east-1:877001948254:key/5aff9933-4b81-42c7-b410-2161b12d63bc,2022-07-25T07:42:31.003000+00:00,Created by CreateImage(i-0db217cc4192a62c0) for ami-09d28e79451c3767c,,mongodb-nike-sales-prd-b
ssrmprod,sa-east-1,ebs,snap-06a3478c077b0cb7b,vol-04d4354613ff9cc72,snap-06a3478c077b0cb7b,completed,,40,True,arn:aws:kms:sa-east-1:877001948254:key/5aff9933-4b81-42c7-b410-2161b12d63bc,2022-07-24T07:13:26.346000+00:00,Created by CreateImage(i-03f1d647bbbe2d4fc) for ami-07eea3789ed4a38ae,,mongodb-nike-sales-prd-arbiter
ssrmprod,sa-east-1,ebs,snap-0044e6f2a8aa2c9ea,vol-0e5e59fbbe03d7b05,snap-0044e6f2a8aa2c9ea,completed,,300,True,arn:aws:kms:sa-east-1:877001948254:key/5aff9933-4b81-42c7-b410-2161b12d63bc,2022-07-24T07:39:26.704000+00:00,Created by CreateImage(i-0db217cc4192a62c0) for ami-0c3c4f949d6287273,,mongodb-nike-sales-prd-b
ssrmprod,sa-east-1,ebs,snap-036e156f87090bc62,vol-083bfa2cce251bedb,snap-036e156f87090bc62,completed,,60,True,arn:aws:kms:sa-east-1:877001948254:key/5aff9933-4b81-42c7-b410-2161b12d63bc,2022-07-24T07:39:26.704000+00:00,Created by CreateImage(i-0db217cc4192a62c0) for ami-0c3c4f949d6287273,,mongodb-nike-sales-prd-b
ssrmprod,sa-east-1,ebs,snap-07fe5e4bd1bea17c8,vol-083bfa2cce251bedb,snap-07fe5e4bd1bea17c8,completed,,60,True,arn:aws:kms:sa-east-1:877001948254:key/5aff9933-4b81-42c7-b410-2161b12d63bc,2022-07-23T07:40:41.375000+00:00,Created by CreateImage(i-0db217cc4192a62c0) for ami-0430421ef667bdd4e,,mongodb-nike-sales-prd-b
ssrmprod,sa-east-1,ebs,snap-001727e3d76332e94,vol-04d4354613ff9cc72,snap-001727e3d76332e94,completed,,40,True,arn:aws:kms:sa-east-1:877001948254:key/5aff9933-4b81-42c7-b410-2161b12d63bc,2022-07-23T07:15:15.730000+00:00,Created by CreateImage(i-03f1d647bbbe2d4fc) for ami-0292d64cca0b10c89,,mongodb-nike-sales-prd-arbiter
ssrmprod,sa-east-1,ebs,snap-0565450eb1ed372f4,vol-0e5e59fbbe03d7b05,snap-0565450eb1ed372f4,completed,,300,True,arn:aws:kms:sa-east-1:877001948254:key/5aff9933-4b81-42c7-b410-2161b12d63bc,2022-07-23T07:40:41.375000+00:00,Created by CreateImage(i-0db217cc4192a62c0) for ami-0430421ef667bdd4e,,mongodb-nike-sales-prd-b
ssrmprod,sa-east-1,ebs,snap-0d5c85e93e657a352,vol-0e5e59fbbe03d7b05,snap-0d5c85e93e657a352,completed,,300,True,arn:aws:kms:sa-east-1:877001948254:key/5aff9933-4b81-42c7-b410-2161b12d63bc,2022-07-22T07:43:17.165000+00:00,Created by CreateImage(i-0db217cc4192a62c0) for ami-071f8c7f169e38f62,,mongodb-nike-sales-prd-b
ssrmprod,sa-east-1,ebs,snap-0f63df62727ecbfb4,vol-04d4354613ff9cc72,snap-0f63df62727ecbfb4,completed,,40,True,arn:aws:kms:sa-east-1:877001948254:key/5aff9933-4b81-42c7-b410-2161b12d63bc,2022-07-22T07:15:37.496000+00:00,Created by CreateImage(i-03f1d647bbbe2d4fc) for ami-0152ffb68993eea8d,,mongodb-nike-sales-prd-arbiter
ssrmprod,sa-east-1,ebs,snap-06b4507a49e6ba5d2,vol-083bfa2cce251bedb,snap-06b4507a49e6ba5d2,completed,,60,True,arn:aws:kms:sa-east-1:877001948254:key/5aff9933-4b81-42c7-b410-2161b12d63bc,2022-07-22T07:43:17.165000+00:00,Created by CreateImage(i-0db217cc4192a62c0) for ami-071f8c7f169e38f62,,mongodb-nike-sales-prd-b
ssrmprod,sa-east-1,ebs,snap-0f5f6a47068591c6e,vol-083bfa2cce251bedb,snap-0f5f6a47068591c6e,completed,,60,True,arn:aws:kms:sa-east-1:877001948254:key/5aff9933-4b81-42c7-b410-2161b12d63bc,2022-07-21T07:39:08.198000+00:00,Created by CreateImage(i-0db217cc4192a62c0) for ami-06316f7d9ac63e6b3,,mongodb-nike-sales-prd-b
ssrmprod,sa-east-1,ebs,snap-07b9aa32c3fd2b14b,vol-0e5e59fbbe03d7b05,snap-07b9aa32c3fd2b14b,completed,,300,True,arn:aws:kms:sa-east-1:877001948254:key/5aff9933-4b81-42c7-b410-2161b12d63bc,2022-07-21T07:39:08.198000+00:00,Created by CreateImage(i-0db217cc4192a62c0) for ami-06316f7d9ac63e6b3,,mongodb-nike-sales-prd-b
ssrmprod,sa-east-1,ebs,snap-04e9ad05276aa2707,vol-04d4354613ff9cc72,snap-04e9ad05276aa2707,completed,,40,True,arn:aws:kms:sa-east-1:877001948254:key/5aff9933-4b81-42c7-b410-2161b12d63bc,2022-07-21T07:16:03.754000+00:00,Created by CreateImage(i-03f1d647bbbe2d4fc) for ami-063f5f97972a6f1f5,,mongodb-nike-sales-prd-arbiter
ssrmprod,sa-east-1,ebs,snap-02ef95cb0a33bcad5,vol-0e5e59fbbe03d7b05,snap-02ef95cb0a33bcad5,completed,,300,True,arn:aws:kms:sa-east-1:877001948254:key/5aff9933-4b81-42c7-b410-2161b12d63bc,2022-07-20T07:38:21.912000+00:00,Created by CreateImage(i-0db217cc4192a62c0) for ami-0d2e2006ae12186af,,mongodb-nike-sales-prd-b
ssrmprod,sa-east-1,ebs,snap-069483a033b1d1c92,vol-083bfa2cce251bedb,snap-069483a033b1d1c92,completed,,60,True,arn:aws:kms:sa-east-1:877001948254:key/5aff9933-4b81-42c7-b410-2161b12d63bc,2022-07-20T07:38:21.912000+00:00,Created by CreateImage(i-0db217cc4192a62c0) for ami-0d2e2006ae12186af,,mongodb-nike-sales-prd-b
ssrmprod,sa-east-1,ebs,snap-0d70910038c18fd0a,vol-04d4354613ff9cc72,snap-0d70910038c18fd0a,completed,,40,True,arn:aws:kms:sa-east-1:877001948254:key/5aff9933-4b81-42c7-b410-2161b12d63bc,2022-07-20T07:18:22.269000+00:00,Created by CreateImage(i-03f1d647bbbe2d4fc) for ami-062ee5f395849401e,,mongodb-nike-sales-prd-arbiter
ssrmprod,sa-east-1,ebs,snap-0854ab29a5837efc5,vol-083bfa2cce251bedb,snap-0854ab29a5837efc5,completed,,60,True,arn:aws:kms:sa-east-1:877001948254:key/5aff9933-4b81-42c7-b410-2161b12d63bc,2022-07-19T07:38:55.050000+00:00,Created by CreateImage(i-0db217cc4192a62c0) for ami-09dfcceb8bdf39dbf,,mongodb-nike-sales-prd-b
ssrmprod,sa-east-1,ebs,snap-0440908db311c9750,vol-04d4354613ff9cc72,snap-0440908db311c9750,completed,,40,True,arn:aws:kms:sa-east-1:877001948254:key/5aff9933-4b81-42c7-b410-2161b12d63bc,2022-07-19T07:20:15.844000+00:00,Created by CreateImage(i-03f1d647bbbe2d4fc) for ami-0b33a7fcb594f078a,,mongodb-nike-sales-prd-arbiter
ssrmprod,sa-east-1,ebs,snap-00f8c9d0ad9c3b304,vol-0e5e59fbbe03d7b05,snap-00f8c9d0ad9c3b304,completed,,300,True,arn:aws:kms:sa-east-1:877001948254:key/5aff9933-4b81-42c7-b410-2161b12d63bc,2022-07-19T07:38:55.050000+00:00,Created by CreateImage(i-0db217cc4192a62c0) for ami-09dfcceb8bdf39dbf,,mongodb-nike-sales-prd-b
ssrmprod,sa-east-1,ebs,snap-0c228093c52d8734c,vol-083bfa2cce251bedb,snap-0c228093c52d8734c,completed,,60,True,arn:aws:kms:sa-east-1:877001948254:key/5aff9933-4b81-42c7-b410-2161b12d63bc,2022-07-18T07:39:41.910000+00:00,Created by CreateImage(i-0db217cc4192a62c0) for ami-025fd86c5031989d5,,mongodb-nike-sales-prd-b
ssrmprod,sa-east-1,ebs,snap-0e94a48d60bc02e4b,vol-0e5e59fbbe03d7b05,snap-0e94a48d60bc02e4b,completed,,300,True,arn:aws:kms:sa-east-1:877001948254:key/5aff9933-4b81-42c7-b410-2161b12d63bc,2022-07-18T07:39:41.910000+00:00,Created by CreateImage(i-0db217cc4192a62c0) for ami-025fd86c5031989d5,,mongodb-nike-sales-prd-b
ssrmprod,sa-east-1,ebs,snap-0c8e1e2c2d01d0134,vol-04d4354613ff9cc72,snap-0c8e1e2c2d01d0134,completed,,40,True,arn:aws:kms:sa-east-1:877001948254:key/5aff9933-4b81-42c7-b410-2161b12d63bc,2022-07-18T07:22:00.768000+00:00,Created by CreateImage(i-03f1d647bbbe2d4fc) for ami-0ce9c0e6f26325a3f,,mongodb-nike-sales-prd-arbiter
ssrmprod,sa-east-1,ebs,snap-08a5e196e9e0051f2,vol-083bfa2cce251bedb,snap-08a5e196e9e0051f2,completed,,60,True,arn:aws:kms:sa-east-1:877001948254:key/5aff9933-4b81-42c7-b410-2161b12d63bc,2022-07-17T07:39:55.106000+00:00,Created by CreateImage(i-0db217cc4192a62c0) for ami-072cb6839da3d2451,,mongodb-nike-sales-prd-b
ssrmprod,sa-east-1,ebs,snap-075fde93fcf4f2295,vol-04d4354613ff9cc72,snap-075fde93fcf4f2295,completed,,40,True,arn:aws:kms:sa-east-1:877001948254:key/5aff9933-4b81-42c7-b410-2161b12d63bc,2022-07-17T07:16:34.959000+00:00,Created by CreateImage(i-03f1d647bbbe2d4fc) for ami-01791308446a06d17,,mongodb-nike-sales-prd-arbiter
ssrmprod,sa-east-1,ebs,snap-007bc077d06469b99,vol-0e5e59fbbe03d7b05,snap-007bc077d06469b99,completed,,300,True,arn:aws:kms:sa-east-1:877001948254:key/5aff9933-4b81-42c7-b410-2161b12d63bc,2022-07-17T07:39:55.106000+00:00,Created by CreateImage(i-0db217cc4192a62c0) for ami-072cb6839da3d2451,,mongodb-nike-sales-prd-b
ssrmprod,sa-east-1,ebs,snap-0754b381ac9d3fc89,vol-083bfa2cce251bedb,snap-0754b381ac9d3fc89,completed,,60,True,arn:aws:kms:sa-east-1:877001948254:key/5aff9933-4b81-42c7-b410-2161b12d63bc,2022-07-16T07:44:54.252000+00:00,Created by CreateImage(i-0db217cc4192a62c0) for ami-072763dcca9997cc5,,mongodb-nike-sales-prd-b
ssrmprod,sa-east-1,ebs,snap-05b327ef5b3abb457,vol-0e5e59fbbe03d7b05,snap-05b327ef5b3abb457,completed,,300,True,arn:aws:kms:sa-east-1:877001948254:key/5aff9933-4b81-42c7-b410-2161b12d63bc,2022-07-16T07:44:54.252000+00:00,Created by CreateImage(i-0db217cc4192a62c0) for ami-072763dcca9997cc5,,mongodb-nike-sales-prd-b
ssrmprod,sa-east-1,ebs,snap-05de6385c22cdd086,vol-04d4354613ff9cc72,snap-05de6385c22cdd086,completed,,40,True,arn:aws:kms:sa-east-1:877001948254:key/5aff9933-4b81-42c7-b410-2161b12d63bc,2022-07-16T07:15:49.491000+00:00,Created by CreateImage(i-03f1d647bbbe2d4fc) for ami-026f999fdd9d945fa,,mongodb-nike-sales-prd-arbiter
ssrmprod,sa-east-1,ebs,snap-0a6db82623c590332,vol-04d4354613ff9cc72,snap-0a6db82623c590332,completed,,40,True,arn:aws:kms:sa-east-1:877001948254:key/5aff9933-4b81-42c7-b410-2161b12d63bc,2022-07-15T07:13:42.438000+00:00,Created by CreateImage(i-03f1d647bbbe2d4fc) for ami-0f97250eff2e1f505,,mongodb-nike-sales-prd-arbiter
ssrmprod,sa-east-1,ebs,snap-05613db85dd500c29,vol-0e5e59fbbe03d7b05,snap-05613db85dd500c29,completed,,300,True,arn:aws:kms:sa-east-1:877001948254:key/5aff9933-4b81-42c7-b410-2161b12d63bc,2022-07-15T07:43:51.045000+00:00,Created by CreateImage(i-0db217cc4192a62c0) for ami-02e6ee8bf395201aa,,mongodb-nike-sales-prd-b
ssrmprod,sa-east-1,ebs,snap-04a84e2b9f404342d,vol-083bfa2cce251bedb,snap-04a84e2b9f404342d,completed,,60,True,arn:aws:kms:sa-east-1:877001948254:key/5aff9933-4b81-42c7-b410-2161b12d63bc,2022-07-15T07:43:51.045000+00:00,Created by CreateImage(i-0db217cc4192a62c0) for ami-02e6ee8bf395201aa,,mongodb-nike-sales-prd-b
ssrmprod,sa-east-1,ebs,snap-087c3ba2ac0726e61,vol-0e5e59fbbe03d7b05,snap-087c3ba2ac0726e61,completed,,300,True,arn:aws:kms:sa-east-1:877001948254:key/5aff9933-4b81-42c7-b410-2161b12d63bc,2022-07-14T07:41:11.922000+00:00,Created by CreateImage(i-0db217cc4192a62c0) for ami-0805dfafb2a87c152,,mongodb-nike-sales-prd-b
ssrmprod,sa-east-1,ebs,snap-0b3895898d477aa92,vol-083bfa2cce251bedb,snap-0b3895898d477aa92,completed,,60,True,arn:aws:kms:sa-east-1:877001948254:key/5aff9933-4b81-42c7-b410-2161b12d63bc,2022-07-14T07:41:11.922000+00:00,Created by CreateImage(i-0db217cc4192a62c0) for ami-0805dfafb2a87c152,,mongodb-nike-sales-prd-b
ssrmprod,sa-east-1,ebs,snap-09e8004ee0de4a2cf,vol-04d4354613ff9cc72,snap-09e8004ee0de4a2cf,completed,,40,True,arn:aws:kms:sa-east-1:877001948254:key/5aff9933-4b81-42c7-b410-2161b12d63bc,2022-07-14T07:20:42.787000+00:00,Created by CreateImage(i-03f1d647bbbe2d4fc) for ami-0d0a5c1790bd20b5f,,mongodb-nike-sales-prd-arbiter
ssrmprod,sa-east-1,ebs,snap-0c5ee5e4ec669e5f0,vol-04d4354613ff9cc72,snap-0c5ee5e4ec669e5f0,completed,,40,True,arn:aws:kms:sa-east-1:877001948254:key/5aff9933-4b81-42c7-b410-2161b12d63bc,2022-07-13T07:19:03.768000+00:00,Created by CreateImage(i-03f1d647bbbe2d4fc) for ami-028fd4f74a8598d33,,mongodb-nike-sales-prd-arbiter
ssrmprod,sa-east-1,ebs,snap-0fba89abc889532b9,vol-0e5e59fbbe03d7b05,snap-0fba89abc889532b9,completed,,300,True,arn:aws:kms:sa-east-1:877001948254:key/5aff9933-4b81-42c7-b410-2161b12d63bc,2022-07-13T07:37:34.903000+00:00,Created by CreateImage(i-0db217cc4192a62c0) for ami-0a9c837e5e14a8a2f,,mongodb-nike-sales-prd-b
ssrmprod,sa-east-1,ebs,snap-0a624abc31e948b90,vol-083bfa2cce251bedb,snap-0a624abc31e948b90,completed,,60,True,arn:aws:kms:sa-east-1:877001948254:key/5aff9933-4b81-42c7-b410-2161b12d63bc,2022-07-13T07:37:34.903000+00:00,Created by CreateImage(i-0db217cc4192a62c0) for ami-0a9c837e5e14a8a2f,,mongodb-nike-sales-prd-b
ssrmprod,sa-east-1,ebs,snap-0cd6d1e3e7df8ed10,vol-04d4354613ff9cc72,snap-0cd6d1e3e7df8ed10,completed,,40,True,arn:aws:kms:sa-east-1:877001948254:key/5aff9933-4b81-42c7-b410-2161b12d63bc,2022-07-12T07:20:03.032000+00:00,Created by CreateImage(i-03f1d647bbbe2d4fc) for ami-0d71b53990387259e,,mongodb-nike-sales-prd-arbiter
ssrmprod,sa-east-1,ebs,snap-0daceba2f9e8abfc2,vol-0e5e59fbbe03d7b05,snap-0daceba2f9e8abfc2,completed,,300,True,arn:aws:kms:sa-east-1:877001948254:key/5aff9933-4b81-42c7-b410-2161b12d63bc,2022-07-12T07:42:49.556000+00:00,Created by CreateImage(i-0db217cc4192a62c0) for ami-00dda67f0fb9616be,,mongodb-nike-sales-prd-b
ssrmprod,sa-east-1,ebs,snap-05535ff690b05e5af,vol-083bfa2cce251bedb,snap-05535ff690b05e5af,completed,,60,True,arn:aws:kms:sa-east-1:877001948254:key/5aff9933-4b81-42c7-b410-2161b12d63bc,2022-07-12T07:42:49.556000+00:00,Created by CreateImage(i-0db217cc4192a62c0) for ami-00dda67f0fb9616be,,mongodb-nike-sales-prd-b
ssrmprod,sa-east-1,ebs,snap-0cef846ab077b3fcc,vol-0e5e59fbbe03d7b05,snap-0cef846ab077b3fcc,completed,,300,True,arn:aws:kms:sa-east-1:877001948254:key/5aff9933-4b81-42c7-b410-2161b12d63bc,2022-07-11T07:42:00.430000+00:00,Created by CreateImage(i-0db217cc4192a62c0) for ami-0719e86b141dc38a0,,mongodb-nike-sales-prd-b
ssrmprod,sa-east-1,ebs,snap-0625407df4b56a9cd,vol-083bfa2cce251bedb,snap-0625407df4b56a9cd,completed,,60,True,arn:aws:kms:sa-east-1:877001948254:key/5aff9933-4b81-42c7-b410-2161b12d63bc,2022-07-11T07:42:00.430000+00:00,Created by CreateImage(i-0db217cc4192a62c0) for ami-0719e86b141dc38a0,,mongodb-nike-sales-prd-b
ssrmprod,sa-east-1,ebs,snap-0982dd2b8ec8d9fc0,vol-04d4354613ff9cc72,snap-0982dd2b8ec8d9fc0,completed,,40,True,arn:aws:kms:sa-east-1:877001948254:key/5aff9933-4b81-42c7-b410-2161b12d63bc,2022-07-11T07:17:17.985000+00:00,Created by CreateImage(i-03f1d647bbbe2d4fc) for ami-0afec9330eb199d51,,mongodb-nike-sales-prd-arbiter
ssrmprod,sa-east-1,ebs,snap-0e39c07e583f7300d,vol-083bfa2cce251bedb,snap-0e39c07e583f7300d,completed,,60,True,arn:aws:kms:sa-east-1:877001948254:key/5aff9933-4b81-42c7-b410-2161b12d63bc,2022-07-10T07:37:20.973000+00:00,Created by CreateImage(i-0db217cc4192a62c0) for ami-03f54ca303aa9e3a0,,mongodb-nike-sales-prd-b
ssrmprod,sa-east-1,ebs,snap-096a7483645f510fe,vol-0e5e59fbbe03d7b05,snap-096a7483645f510fe,completed,,300,True,arn:aws:kms:sa-east-1:877001948254:key/5aff9933-4b81-42c7-b410-2161b12d63bc,2022-07-10T07:37:20.973000+00:00,Created by CreateImage(i-0db217cc4192a62c0) for ami-03f54ca303aa9e3a0,,mongodb-nike-sales-prd-b
ssrmprod,sa-east-1,ebs,snap-09bb57b4c18608510,vol-04d4354613ff9cc72,snap-09bb57b4c18608510,completed,,40,True,arn:aws:kms:sa-east-1:877001948254:key/5aff9933-4b81-42c7-b410-2161b12d63bc,2022-07-10T07:17:24.730000+00:00,Created by CreateImage(i-03f1d647bbbe2d4fc) for ami-0512343d8fa943532,,mongodb-nike-sales-prd-arbiter
ssrmprod,sa-east-1,ebs,snap-07a1c19b79ca54330,vol-0e5e59fbbe03d7b05,snap-07a1c19b79ca54330,completed,,300,True,arn:aws:kms:sa-east-1:877001948254:key/5aff9933-4b81-42c7-b410-2161b12d63bc,2022-07-09T07:35:56.910000+00:00,Created by CreateImage(i-0db217cc4192a62c0) for ami-088602019db32fa01,,mongodb-nike-sales-prd-b
ssrmprod,sa-east-1,ebs,snap-0653cb9e2a94f659c,vol-083bfa2cce251bedb,snap-0653cb9e2a94f659c,completed,,60,True,arn:aws:kms:sa-east-1:877001948254:key/5aff9933-4b81-42c7-b410-2161b12d63bc,2022-07-09T07:35:56.910000+00:00,Created by CreateImage(i-0db217cc4192a62c0) for ami-088602019db32fa01,,mongodb-nike-sales-prd-b
ssrmprod,sa-east-1,ebs,snap-0e6d0f09717a2c905,vol-04d4354613ff9cc72,snap-0e6d0f09717a2c905,completed,,40,True,arn:aws:kms:sa-east-1:877001948254:key/5aff9933-4b81-42c7-b410-2161b12d63bc,2022-07-09T07:20:00.592000+00:00,Created by CreateImage(i-03f1d647bbbe2d4fc) for ami-01c2e0c9c9b4d834c,,mongodb-nike-sales-prd-arbiter
ssrmprod,sa-east-1,ebs,snap-0daec384c9cf2742f,vol-0e5e59fbbe03d7b05,snap-0daec384c9cf2742f,completed,,300,True,arn:aws:kms:sa-east-1:877001948254:key/5aff9933-4b81-42c7-b410-2161b12d63bc,2022-07-08T07:42:17.912000+00:00,Created by CreateImage(i-0db217cc4192a62c0) for ami-089fe162172c01d48,,mongodb-nike-sales-prd-b
ssrmprod,sa-east-1,ebs,snap-00524615af348d4e2,vol-083bfa2cce251bedb,snap-00524615af348d4e2,completed,,60,True,arn:aws:kms:sa-east-1:877001948254:key/5aff9933-4b81-42c7-b410-2161b12d63bc,2022-07-08T07:42:17.912000+00:00,Created by CreateImage(i-0db217cc4192a62c0) for ami-089fe162172c01d48,,mongodb-nike-sales-prd-b
ssrmprod,sa-east-1,ebs,snap-09f001505adf2693c,vol-04d4354613ff9cc72,snap-09f001505adf2693c,completed,,40,True,arn:aws:kms:sa-east-1:877001948254:key/5aff9933-4b81-42c7-b410-2161b12d63bc,2022-07-08T07:15:55.417000+00:00,Created by CreateImage(i-03f1d647bbbe2d4fc) for ami-04a84c1ce2f511868,,mongodb-nike-sales-prd-arbiter
ssrmprod,sa-east-1,ebs,snap-0522f161fa30df31d,vol-0e5e59fbbe03d7b05,snap-0522f161fa30df31d,completed,,300,True,arn:aws:kms:sa-east-1:877001948254:key/5aff9933-4b81-42c7-b410-2161b12d63bc,2022-07-07T07:38:30.129000+00:00,Created by CreateImage(i-0db217cc4192a62c0) for ami-0f5a1341b46c2efd6,,mongodb-nike-sales-prd-b
ssrmprod,sa-east-1,ebs,snap-0ca6ad57e8c7fd283,vol-04d4354613ff9cc72,snap-0ca6ad57e8c7fd283,completed,,40,True,arn:aws:kms:sa-east-1:877001948254:key/5aff9933-4b81-42c7-b410-2161b12d63bc,2022-07-07T07:13:55.709000+00:00,Created by CreateImage(i-03f1d647bbbe2d4fc) for ami-0aa318e8b531027ca,,mongodb-nike-sales-prd-arbiter
ssrmprod,sa-east-1,ebs,snap-0c8dcdf0b90663e2e,vol-083bfa2cce251bedb,snap-0c8dcdf0b90663e2e,completed,,60,True,arn:aws:kms:sa-east-1:877001948254:key/5aff9933-4b81-42c7-b410-2161b12d63bc,2022-07-07T07:38:30.129000+00:00,Created by CreateImage(i-0db217cc4192a62c0) for ami-0f5a1341b46c2efd6,,mongodb-nike-sales-prd-b
ssrmprod,sa-east-1,ebs,snap-046a365ae95e88666,vol-083bfa2cce251bedb,snap-046a365ae95e88666,completed,,60,True,arn:aws:kms:sa-east-1:877001948254:key/5aff9933-4b81-42c7-b410-2161b12d63bc,2022-07-06T07:36:55.270000+00:00,Created by CreateImage(i-0db217cc4192a62c0) for ami-0537c3dfd25046112,,mongodb-nike-sales-prd-b
ssrmprod,sa-east-1,ebs,snap-0082cab913a648b13,vol-0e5e59fbbe03d7b05,snap-0082cab913a648b13,completed,,300,True,arn:aws:kms:sa-east-1:877001948254:key/5aff9933-4b81-42c7-b410-2161b12d63bc,2022-07-06T07:36:55.270000+00:00,Created by CreateImage(i-0db217cc4192a62c0) for ami-0537c3dfd25046112,,mongodb-nike-sales-prd-b
ssrmprod,sa-east-1,ebs,snap-02592b19590fee1eb,vol-04d4354613ff9cc72,snap-02592b19590fee1eb,completed,,40,True,arn:aws:kms:sa-east-1:877001948254:key/5aff9933-4b81-42c7-b410-2161b12d63bc,2022-07-06T07:14:53.867000+00:00,Created by CreateImage(i-03f1d647bbbe2d4fc) for ami-00f0e92f3329d749e,,mongodb-nike-sales-prd-arbiter
ssrmprod,sa-east-1,ebs,snap-089e5500c567729a0,vol-0e5e59fbbe03d7b05,snap-089e5500c567729a0,completed,,300,True,arn:aws:kms:sa-east-1:877001948254:key/5aff9933-4b81-42c7-b410-2161b12d63bc,2022-07-05T07:36:23.283000+00:00,Created by CreateImage(i-0db217cc4192a62c0) for ami-0ba1dd75c277a0ddf,,mongodb-nike-sales-prd-b
ssrmprod,sa-east-1,ebs,snap-04c74dd27bff34e65,vol-04d4354613ff9cc72,snap-04c74dd27bff34e65,completed,,40,True,arn:aws:kms:sa-east-1:877001948254:key/5aff9933-4b81-42c7-b410-2161b12d63bc,2022-07-05T07:18:38.976000+00:00,Created by CreateImage(i-03f1d647bbbe2d4fc) for ami-014e0d0dc68030944,,mongodb-nike-sales-prd-arbiter
ssrmprod,sa-east-1,ebs,snap-065f6a65d66735a2c,vol-083bfa2cce251bedb,snap-065f6a65d66735a2c,completed,,60,True,arn:aws:kms:sa-east-1:877001948254:key/5aff9933-4b81-42c7-b410-2161b12d63bc,2022-07-05T07:36:23.283000+00:00,Created by CreateImage(i-0db217cc4192a62c0) for ami-0ba1dd75c277a0ddf,,mongodb-nike-sales-prd-b
ssrmprod,sa-east-1,rds-instance,dbssl-otc-prod,dbotcprd,dbssl-otc-prod,available,oracle-se2-cdb,600,True,arn:aws:kms:sa-east-1:877001948254:key/25c34c6e-5399-4b0f-9ee0-caa6ece95324,2024-04-17T20:56:14.715000+00:00,,manual,
ssrmprod,sa-east-1,rds-instance,oracle-uat,dbotchom,oracle-uat,available,oracle-se2-cdb,500,True,arn:aws:kms:sa-east-1:877001948254:key/25c34c6e-5399-4b0f-9ee0-caa6ece95324,2024-04-01T19:05:36.828000+00:00,,manual,
ssrmprod,sa-east-1,rds-instance,rds:dbssl-otc-prod-2025-12-09-03-04,dbssl-otc-prod,rds:dbssl-otc-prod-2025-12-09-03-04,available,oracle-se2-cdb,1300,True,arn:aws:kms:sa-east-1:877001948254:key/25c34c6e-5399-4b0f-9ee0-caa6ece95324,2025-12-09T03:04:20.310000+00:00,,automated,
ssrmprod,sa-east-1,rds-instance,rds:dbssl-otc-prod-2025-12-10-03-04,dbssl-otc-prod,rds:dbssl-otc-prod-2025-12-10-03-04,available,oracle-se2-cdb,1300,True,arn:aws:kms:sa-east-1:877001948254:key/25c34c6e-5399-4b0f-9ee0-caa6ece95324,2025-12-10T03:04:25.434000+00:00,,automated,
ssrmprod,sa-east-1,rds-instance,rds:dbssl-otc-prod-2025-12-11-03-04,dbssl-otc-prod,rds:dbssl-otc-prod-2025-12-11-03-04,available,oracle-se2-cdb,1300,True,arn:aws:kms:sa-east-1:877001948254:key/25c34c6e-5399-4b0f-9ee0-caa6ece95324,2025-12-11T03:04:23.791000+00:00,,automated,
ssrmprod,sa-east-1,rds-instance,rds:dbssl-otc-prod-2025-12-12-03-04,dbssl-otc-prod,rds:dbssl-otc-prod-2025-12-12-03-04,available,oracle-se2-cdb,1300,True,arn:aws:kms:sa-east-1:877001948254:key/25c34c6e-5399-4b0f-9ee0-caa6ece95324,2025-12-12T03:04:14.572000+00:00,,automated,
ssrmprod,sa-east-1,rds-instance,rds:dbssl-otc-prod-2025-12-13-03-04,dbssl-otc-prod,rds:dbssl-otc-prod-2025-12-13-03-04,available,oracle-se2-cdb,1300,True,arn:aws:kms:sa-east-1:877001948254:key/25c34c6e-5399-4b0f-9ee0-caa6ece95324,2025-12-13T03:04:09.721000+00:00,,automated,
ssrmprod,sa-east-1,rds-instance,rds:dbssl-otc-prod-2025-12-14-03-04,dbssl-otc-prod,rds:dbssl-otc-prod-2025-12-14-03-04,available,oracle-se2-cdb,1300,True,arn:aws:kms:sa-east-1:877001948254:key/25c34c6e-5399-4b0f-9ee0-caa6ece95324,2025-12-14T03:04:12.868000+00:00,,automated,
ssrmprod,sa-east-1,rds-instance,rds:dbssl-otc-prod-2025-12-15-03-04,dbssl-otc-prod,rds:dbssl-otc-prod-2025-12-15-03-04,available,oracle-se2-cdb,1300,True,arn:aws:kms:sa-east-1:877001948254:key/25c34c6e-5399-4b0f-9ee0-caa6ece95324,2025-12-15T03:04:07.684000+00:00,,automated,
ssrmprod,sa-east-1,rds-instance,rds:dbssl-otc-prod-2025-12-16-03-04,dbssl-otc-prod,rds:dbssl-otc-prod-2025-12-16-03-04,available,oracle-se2-cdb,1300,True,arn:aws:kms:sa-east-1:877001948254:key/25c34c6e-5399-4b0f-9ee0-caa6ece95324,2025-12-16T03:04:10.539000+00:00,,automated,
ssrmprod,sa-east-1,rds-instance,rdsssbl-uat-final,dbssbl-otc-uat,rdsssbl-uat-final,available,oracle-se2-cdb,650,True,arn:aws:kms:sa-east-1:877001948254:key/25c34c6e-5399-4b0f-9ee0-caa6ece95324,2025-10-30T13:17:59.592000+00:00,,manual,
ssrmprod,sa-east-1,rds-instance,stackset-aws-landing-zone-instancescheduler-79ff3309-5a34-41e3-8116-99efea738fff-stopped-airflow-ssrm-uat,airflow-ssrm-uat,stackset-aws-landing-zone-instancescheduler-79ff3309-5a34-41e3-8116-99efea738fff-stopped-airflow-ssrm-uat,available,postgres,20,True,arn:aws:kms:sa-east-1:877001948254:key/25c34c6e-5399-4b0f-9ee0-caa6ece95324,2022-04-04T23:15:09.575000+00:00,,manual,
ssrmprod,sa-east-1,rds-cluster,consumption-exchange-uat-final,consumption-exchange-uat,consumption-exchange-uat-final,available,aurora-mysql,,True,arn:aws:kms:sa-east-1:877001948254:key/25c34c6e-5399-4b0f-9ee0-caa6ece95324,2025-10-30T13:18:49.950000+00:00,,manual,
ssrmprod,sa-east-1,rds-cluster,documentdb-2710,ssbl-db-uat,documentdb-2710,available,docdb,,True,arn:aws:kms:sa-east-1:877001948254:key/35cc5eda-9e4c-4aac-9b6d-695b4d7cf979,2025-10-27T23:30:40.618000+00:00,,manual,
ssrmprod,sa-east-1,rds-cluster,echange-uat,consumption-exchange-uat,echange-uat,available,aurora-mysql,,True,arn:aws:kms:sa-east-1:877001948254:key/25c34c6e-5399-4b0f-9ee0-caa6ece95324,2025-04-07T15:10:43.646000+00:00,,manual,
ssrmprod,sa-east-1,rds-cluster,preupgrade-consumption-exchange-prod-5-7-mysql-aurora-2-11-2-to-8-0-mysql-aurora-3-04-0-2025-04-23-22-51,consumption-exchange-prod,preupgrade-consumption-exchange-prod-5-7-mysql-aurora-2-11-2-to-8-0-mysql-aurora-3-04-0-2025-04-23-22-51,available,aurora-mysql,,True,arn:aws:kms:sa-east-1:877001948254:key/25c34c6e-5399-4b0f-9ee0-caa6ece95324,2025-04-23T22:53:56.835000+00:00,,manual,
ssrmprod,sa-east-1,rds-cluster,preupgrade-consumption-exchange-uat-5-7-mysql-aurora-2-11-5-to-8-0-mysql-aurora-3-04-0-2025-04-07-15-37,consumption-exchange-uat,preupgrade-consumption-exchange-uat-5-7-mysql-aurora-2-11-5-to-8-0-mysql-aurora-3-04-0-2025-04-07-15-37,available,aurora-mysql,,True,arn:aws:kms:sa-east-1:877001948254:key/25c34c6e-5399-4b0f-9ee0-caa6ece95324,2025-04-07T15:38:11.566000+00:00,,manual,
ssrmprod,sa-east-1,rds-cluster,preupgrade-ssbl-db-uat-4-0-0-to-5-0-0-2025-09-23-22-06,ssbl-db-uat,preupgrade-ssbl-db-uat-4-0-0-to-5-0-0-2025-09-23-22-06,available,docdb,,True,arn:aws:kms:sa-east-1:877001948254:key/35cc5eda-9e4c-4aac-9b6d-695b4d7cf979,2025-09-23T22:09:31.988000+00:00,,manual,
ssrmprod,sa-east-1,rds-cluster,rds:consumption-exchange-prod-2025-11-27-02-21,consumption-exchange-prod,rds:consumption-exchange-prod-2025-11-27-02-21,available,aurora-mysql,,True,arn:aws:kms:sa-east-1:877001948254:key/25c34c6e-5399-4b0f-9ee0-caa6ece95324,2025-11-27T02:21:07.646000+00:00,,automated,
ssrmprod,sa-east-1,rds-cluster,rds:consumption-exchange-prod-2025-11-28-02-21,consumption-exchange-prod,rds:consumption-exchange-prod-2025-11-28-02-21,available,aurora-mysql,,True,arn:aws:kms:sa-east-1:877001948254:key/25c34c6e-5399-4b0f-9ee0-caa6ece95324,2025-11-28T02:21:12.035000+00:00,,automated,
ssrmprod,sa-east-1,rds-cluster,rds:consumption-exchange-prod-2025-11-29-02-21,consumption-exchange-prod,rds:consumption-exchange-prod-2025-11-29-02-21,available,aurora-mysql,,True,arn:aws:kms:sa-east-1:877001948254:key/25c34c6e-5399-4b0f-9ee0-caa6ece95324,2025-11-29T02:21:14.125000+00:00,,automated,
ssrmprod,sa-east-1,rds-cluster,rds:consumption-exchange-prod-2025-11-30-02-21,consumption-exchange-prod,rds:consumption-exchange-prod-2025-11-30-02-21,available,aurora-mysql,,True,arn:aws:kms:sa-east-1:877001948254:key/25c34c6e-5399-4b0f-9ee0-caa6ece95324,2025-11-30T02:21:16.730000+00:00,,automated,
ssrmprod,sa-east-1,rds-cluster,rds:consumption-exchange-prod-2025-12-01-02-21,consumption-exchange-prod,rds:consumption-exchange-prod-2025-12-01-02-21,available,aurora-mysql,,True,arn:aws:kms:sa-east-1:877001948254:key/25c34c6e-5399-4b0f-9ee0-caa6ece95324,2025-12-01T02:21:16.742000+00:00,,automated,
ssrmprod,sa-east-1,rds-cluster,rds:consumption-exchange-prod-2025-12-02-02-21,consumption-exchange-prod,rds:consumption-exchange-prod-2025-12-02-02-21,available,aurora-mysql,,True,arn:aws:kms:sa-east-1:877001948254:key/25c34c6e-5399-4b0f-9ee0-caa6ece95324,2025-12-02T02:21:13.783000+00:00,,automated,
ssrmprod,sa-east-1,rds-cluster,rds:consumption-exchange-prod-2025-12-03-02-21,consumption-exchange-prod,rds:consumption-exchange-prod-2025-12-03-02-21,available,aurora-mysql,,True,arn:aws:kms:sa-east-1:877001948254:key/25c34c6e-5399-4b0f-9ee0-caa6ece95324,2025-12-03T02:21:09.478000+00:00,,automated,
ssrmprod,sa-east-1,rds-cluster,rds:consumption-exchange-prod-2025-12-04-02-21,consumption-exchange-prod,rds:consumption-exchange-prod-2025-12-04-02-21,available,aurora-mysql,,True,arn:aws:kms:sa-east-1:877001948254:key/25c34c6e-5399-4b0f-9ee0-caa6ece95324,2025-12-04T02:21:07.893000+00:00,,automated,
ssrmprod,sa-east-1,rds-cluster,rds:consumption-exchange-prod-2025-12-05-02-21,consumption-exchange-prod,rds:consumption-exchange-prod-2025-12-05-02-21,available,aurora-mysql,,True,arn:aws:kms:sa-east-1:877001948254:key/25c34c6e-5399-4b0f-9ee0-caa6ece95324,2025-12-05T02:21:18.823000+00:00,,automated,
ssrmprod,sa-east-1,rds-cluster,rds:consumption-exchange-prod-2025-12-06-02-21,consumption-exchange-prod,rds:consumption-exchange-prod-2025-12-06-02-21,available,aurora-mysql,,True,arn:aws:kms:sa-east-1:877001948254:key/25c34c6e-5399-4b0f-9ee0-caa6ece95324,2025-12-06T02:21:13.013000+00:00,,automated,
ssrmprod,sa-east-1,rds-cluster,rds:consumption-exchange-prod-2025-12-07-02-21,consumption-exchange-prod,rds:consumption-exchange-prod-2025-12-07-02-21,available,aurora-mysql,,True,arn:aws:kms:sa-east-1:877001948254:key/25c34c6e-5399-4b0f-9ee0-caa6ece95324,2025-12-07T02:21:15.508000+00:00,,automated,
ssrmprod,sa-east-1,rds-cluster,rds:consumption-exchange-prod-2025-12-08-02-21,consumption-exchange-prod,rds:consumption-exchange-prod-2025-12-08-02-21,available,aurora-mysql,,True,arn:aws:kms:sa-east-1:877001948254:key/25c34c6e-5399-4b0f-9ee0-caa6ece95324,2025-12-08T02:21:16.510000+00:00,,automated,
ssrmprod,sa-east-1,rds-cluster,rds:consumption-exchange-prod-2025-12-09-02-21,consumption-exchange-prod,rds:consumption-exchange-prod-2025-12-09-02-21,available,aurora-mysql,,True,arn:aws:kms:sa-east-1:877001948254:key/25c34c6e-5399-4b0f-9ee0-caa6ece95324,2025-12-09T02:21:17.090000+00:00,,automated,
ssrmprod,sa-east-1,rds-cluster,rds:consumption-exchange-prod-2025-12-10-02-21,consumption-exchange-prod,rds:consumption-exchange-prod-2025-12-10-02-21,available,aurora-mysql,,True,arn:aws:kms:sa-east-1:877001948254:key/25c34c6e-5399-4b0f-9ee0-caa6ece95324,2025-12-10T02:21:09.555000+00:00,,automated,
ssrmprod,sa-east-1,rds-cluster,rds:consumption-exchange-prod-2025-12-11-02-21,consumption-exchange-prod,rds:consumption-exchange-prod-2025-12-11-02-21,available,aurora-mysql,,True,arn:aws:kms:sa-east-1:877001948254:key/25c34c6e-5399-4b0f-9ee0-caa6ece95324,2025-12-11T02:21:06.980000+00:00,,automated,
ssrmprod,sa-east-1,rds-cluster,rds:consumption-exchange-prod-2025-12-12-02-21,consumption-exchange-prod,rds:consumption-exchange-prod-2025-12-12-02-21,available,aurora-mysql,,True,arn:aws:kms:sa-east-1:877001948254:key/25c34c6e-5399-4b0f-9ee0-caa6ece95324,2025-12-12T02:21:18.732000+00:00,,automated,
ssrmprod,sa-east-1,rds-cluster,rds:consumption-exchange-prod-2025-12-13-02-21,consumption-exchange-prod,rds:consumption-exchange-prod-2025-12-13-02-21,available,aurora-mysql,,True,arn:aws:kms:sa-east-1:877001948254:key/25c34c6e-5399-4b0f-9ee0-caa6ece95324,2025-12-13T02:21:03.046000+00:00,,automated,
ssrmprod,sa-east-1,rds-cluster,rds:consumption-exchange-prod-2025-12-14-02-21,consumption-exchange-prod,rds:consumption-exchange-prod-2025-12-14-02-21,available,aurora-mysql,,True,arn:aws:kms:sa-east-1:877001948254:key/25c34c6e-5399-4b0f-9ee0-caa6ece95324,2025-12-14T02:21:07.827000+00:00,,automated,
ssrmprod,sa-east-1,rds-cluster,rds:consumption-exchange-prod-2025-12-15-02-21,consumption-exchange-prod,rds:consumption-exchange-prod-2025-12-15-02-21,available,aurora-mysql,,True,arn:aws:kms:sa-east-1:877001948254:key/25c34c6e-5399-4b0f-9ee0-caa6ece95324,2025-12-15T02:21:15.351000+00:00,,automated,
ssrmprod,sa-east-1,rds-cluster,rds:consumption-exchange-prod-2025-12-16-02-21,consumption-exchange-prod,rds:consumption-exchange-prod-2025-12-16-02-21,available,aurora-mysql,,True,arn:aws:kms:sa-east-1:877001948254:key/25c34c6e-5399-4b0f-9ee0-caa6ece95324,2025-12-16T02:21:21.931000+00:00,,automated,
ssrmprod,sa-east-1,rds-cluster,rds:ssbldb-prod-2025-12-10-00-14,ssbldb-prod,rds:ssbldb-prod-2025-12-10-00-14,available,docdb,,True,arn:aws:kms:sa-east-1:877001948254:key/35cc5eda-9e4c-4aac-9b6d-695b4d7cf979,2025-12-10T00:14:07.660000+00:00,,automated,
ssrmprod,sa-east-1,rds-cluster,rds:ssbldb-prod-2025-12-11-00-14,ssbldb-prod,rds:ssbldb-prod-2025-12-11-00-14,available,docdb,,True,arn:aws:kms:sa-east-1:877001948254:key/35cc5eda-9e4c-4aac-9b6d-695b4d7cf979,2025-12-11T00:14:16.753000+00:00,,automated,
ssrmprod,sa-east-1,rds-cluster,rds:ssbldb-prod-2025-12-12-00-14,ssbldb-prod,rds:ssbldb-prod-2025-12-12-00-14,available,docdb,,True,arn:aws:kms:sa-east-1:877001948254:key/35cc5eda-9e4c-4aac-9b6d-695b4d7cf979,2025-12-12T00:14:09.380000+00:00,,automated,
ssrmprod,sa-east-1,rds-cluster,rds:ssbldb-prod-2025-12-13-00-14,ssbldb-prod,rds:ssbldb-prod-2025-12-13-00-14,available,docdb,,True,arn:aws:kms:sa-east-1:877001948254:key/35cc5eda-9e4c-4aac-9b6d-695b4d7cf979,2025-12-13T00:14:22.088000+00:00,,automated,
ssrmprod,sa-east-1,rds-cluster,rds:ssbldb-prod-2025-12-14-00-14,ssbldb-prod,rds:ssbldb-prod-2025-12-14-00-14,available,docdb,,True,arn:aws:kms:sa-east-1:877001948254:key/35cc5eda-9e4c-4aac-9b6d-695b4d7cf979,2025-12-14T00:14:20.516000+00:00,,automated,
ssrmprod,sa-east-1,rds-cluster,rds:ssbldb-prod-2025-12-15-00-14,ssbldb-prod,rds:ssbldb-prod-2025-12-15-00-14,available,docdb,,True,arn:aws:kms:sa-east-1:877001948254:key/35cc5eda-9e4c-4aac-9b6d-695b4d7cf979,2025-12-15T00:14:14.348000+00:00,,automated,
ssrmprod,sa-east-1,rds-cluster,rds:ssbldb-prod-2025-12-16-00-14,ssbldb-prod,rds:ssbldb-prod-2025-12-16-00-14,available,docdb,,True,arn:aws:kms:sa-east-1:877001948254:key/35cc5eda-9e4c-4aac-9b6d-695b4d7cf979,2025-12-16T00:14:07.739000+00:00,,automated,
ssrmprod,sa-east-1,rds-cluster,snapshotprod,consumption-exchange-prod,snapshotprod,available,aurora-mysql,,True,arn:aws:kms:sa-east-1:877001948254:key/25c34c6e-5399-4b0f-9ee0-caa6ece95324,2025-04-23T21:55:51.704000+00:00,,manual,
ssrmprod,sa-east-1,rds-cluster,ssbl-db-uat-final,ssbl-db-uat,ssbl-db-uat-final,available,docdb,,True,arn:aws:kms:sa-east-1:877001948254:key/35cc5eda-9e4c-4aac-9b6d-695b4d7cf979,2025-10-30T13:09:32.667000+00:00,,manual,
ssrmprod,sa-east-1,rds-cluster,ssbl-db-uat-manual-2025-07-14,ssbl-db-uat,ssbl-db-uat-manual-2025-07-14,available,docdb,,True,arn:aws:kms:sa-east-1:877001948254:key/35cc5eda-9e4c-4aac-9b6d-695b4d7cf979,2025-07-14T15:00:48.446000+00:00,,manual,
ssrmprod,sa-east-1,rds-cluster,ssbl-db-uat-snapshot-2307,ssbl-db-uat,ssbl-db-uat-snapshot-2307,available,docdb,,True,arn:aws:kms:sa-east-1:877001948254:key/35cc5eda-9e4c-4aac-9b6d-695b4d7cf979,2025-07-23T13:41:45.961000+00:00,,manual,
ssrmprod,sa-east-1,docdb-cluster,consumption-exchange-uat-final,consumption-exchange-uat,consumption-exchange-uat-final,available,docdb,,True,arn:aws:kms:sa-east-1:877001948254:key/25c34c6e-5399-4b0f-9ee0-caa6ece95324,2025-10-30T13:18:49.950000+00:00,,manual,
ssrmprod,sa-east-1,docdb-cluster,documentdb-2710,ssbl-db-uat,documentdb-2710,available,docdb,,True,arn:aws:kms:sa-east-1:877001948254:key/35cc5eda-9e4c-4aac-9b6d-695b4d7cf979,2025-10-27T23:30:40.618000+00:00,,manual,
ssrmprod,sa-east-1,docdb-cluster,echange-uat,consumption-exchange-uat,echange-uat,available,docdb,,True,arn:aws:kms:sa-east-1:877001948254:key/25c34c6e-5399-4b0f-9ee0-caa6ece95324,2025-04-07T15:10:43.646000+00:00,,manual,
ssrmprod,sa-east-1,docdb-cluster,preupgrade-consumption-exchange-prod-5-7-mysql-aurora-2-11-2-to-8-0-mysql-aurora-3-04-0-2025-04-23-22-51,consumption-exchange-prod,preupgrade-consumption-exchange-prod-5-7-mysql-aurora-2-11-2-to-8-0-mysql-aurora-3-04-0-2025-04-23-22-51,available,docdb,,True,arn:aws:kms:sa-east-1:877001948254:key/25c34c6e-5399-4b0f-9ee0-caa6ece95324,2025-04-23T22:53:56.835000+00:00,,manual,
ssrmprod,sa-east-1,docdb-cluster,preupgrade-consumption-exchange-uat-5-7-mysql-aurora-2-11-5-to-8-0-mysql-aurora-3-04-0-2025-04-07-15-37,consumption-exchange-uat,preupgrade-consumption-exchange-uat-5-7-mysql-aurora-2-11-5-to-8-0-mysql-aurora-3-04-0-2025-04-07-15-37,available,docdb,,True,arn:aws:kms:sa-east-1:877001948254:key/25c34c6e-5399-4b0f-9ee0-caa6ece95324,2025-04-07T15:38:11.566000+00:00,,manual,
ssrmprod,sa-east-1,docdb-cluster,preupgrade-ssbl-db-uat-4-0-0-to-5-0-0-2025-09-23-22-06,ssbl-db-uat,preupgrade-ssbl-db-uat-4-0-0-to-5-0-0-2025-09-23-22-06,available,docdb,,True,arn:aws:kms:sa-east-1:877001948254:key/35cc5eda-9e4c-4aac-9b6d-695b4d7cf979,2025-09-23T22:09:31.988000+00:00,,manual,
ssrmprod,sa-east-1,docdb-cluster,rds:consumption-exchange-prod-2025-11-27-02-21,consumption-exchange-prod,rds:consumption-exchange-prod-2025-11-27-02-21,available,docdb,,True,arn:aws:kms:sa-east-1:877001948254:key/25c34c6e-5399-4b0f-9ee0-caa6ece95324,2025-11-27T02:21:07.646000+00:00,,automated,
ssrmprod,sa-east-1,docdb-cluster,rds:consumption-exchange-prod-2025-11-28-02-21,consumption-exchange-prod,rds:consumption-exchange-prod-2025-11-28-02-21,available,docdb,,True,arn:aws:kms:sa-east-1:877001948254:key/25c34c6e-5399-4b0f-9ee0-caa6ece95324,2025-11-28T02:21:12.035000+00:00,,automated,
ssrmprod,sa-east-1,docdb-cluster,rds:consumption-exchange-prod-2025-11-29-02-21,consumption-exchange-prod,rds:consumption-exchange-prod-2025-11-29-02-21,available,docdb,,True,arn:aws:kms:sa-east-1:877001948254:key/25c34c6e-5399-4b0f-9ee0-caa6ece95324,2025-11-29T02:21:14.125000+00:00,,automated,
ssrmprod,sa-east-1,docdb-cluster,rds:consumption-exchange-prod-2025-11-30-02-21,consumption-exchange-prod,rds:consumption-exchange-prod-2025-11-30-02-21,available,docdb,,True,arn:aws:kms:sa-east-1:877001948254:key/25c34c6e-5399-4b0f-9ee0-caa6ece95324,2025-11-30T02:21:16.730000+00:00,,automated,
ssrmprod,sa-east-1,docdb-cluster,rds:consumption-exchange-prod-2025-12-01-02-21,consumption-exchange-prod,rds:consumption-exchange-prod-2025-12-01-02-21,available,docdb,,True,arn:aws:kms:sa-east-1:877001948254:key/25c34c6e-5399-4b0f-9ee0-caa6ece95324,2025-12-01T02:21:16.742000+00:00,,automated,
ssrmprod,sa-east-1,docdb-cluster,rds:consumption-exchange-prod-2025-12-02-02-21,consumption-exchange-prod,rds:consumption-exchange-prod-2025-12-02-02-21,available,docdb,,True,arn:aws:kms:sa-east-1:877001948254:key/25c34c6e-5399-4b0f-9ee0-caa6ece95324,2025-12-02T02:21:13.783000+00:00,,automated,
ssrmprod,sa-east-1,docdb-cluster,rds:consumption-exchange-prod-2025-12-03-02-21,consumption-exchange-prod,rds:consumption-exchange-prod-2025-12-03-02-21,available,docdb,,True,arn:aws:kms:sa-east-1:877001948254:key/25c34c6e-5399-4b0f-9ee0-caa6ece95324,2025-12-03T02:21:09.478000+00:00,,automated,
ssrmprod,sa-east-1,docdb-cluster,rds:consumption-exchange-prod-2025-12-04-02-21,consumption-exchange-prod,rds:consumption-exchange-prod-2025-12-04-02-21,available,docdb,,True,arn:aws:kms:sa-east-1:877001948254:key/25c34c6e-5399-4b0f-9ee0-caa6ece95324,2025-12-04T02:21:07.893000+00:00,,automated,
ssrmprod,sa-east-1,docdb-cluster,rds:consumption-exchange-prod-2025-12-05-02-21,consumption-exchange-prod,rds:consumption-exchange-prod-2025-12-05-02-21,available,docdb,,True,arn:aws:kms:sa-east-1:877001948254:key/25c34c6e-5399-4b0f-9ee0-caa6ece95324,2025-12-05T02:21:18.823000+00:00,,automated,
ssrmprod,sa-east-1,docdb-cluster,rds:consumption-exchange-prod-2025-12-06-02-21,consumption-exchange-prod,rds:consumption-exchange-prod-2025-12-06-02-21,available,docdb,,True,arn:aws:kms:sa-east-1:877001948254:key/25c34c6e-5399-4b0f-9ee0-caa6ece95324,2025-12-06T02:21:13.013000+00:00,,automated,
ssrmprod,sa-east-1,docdb-cluster,rds:consumption-exchange-prod-2025-12-07-02-21,consumption-exchange-prod,rds:consumption-exchange-prod-2025-12-07-02-21,available,docdb,,True,arn:aws:kms:sa-east-1:877001948254:key/25c34c6e-5399-4b0f-9ee0-caa6ece95324,2025-12-07T02:21:15.508000+00:00,,automated,
ssrmprod,sa-east-1,docdb-cluster,rds:consumption-exchange-prod-2025-12-08-02-21,consumption-exchange-prod,rds:consumption-exchange-prod-2025-12-08-02-21,available,docdb,,True,arn:aws:kms:sa-east-1:877001948254:key/25c34c6e-5399-4b0f-9ee0-caa6ece95324,2025-12-08T02:21:16.510000+00:00,,automated,
ssrmprod,sa-east-1,docdb-cluster,rds:consumption-exchange-prod-2025-12-09-02-21,consumption-exchange-prod,rds:consumption-exchange-prod-2025-12-09-02-21,available,docdb,,True,arn:aws:kms:sa-east-1:877001948254:key/25c34c6e-5399-4b0f-9ee0-caa6ece95324,2025-12-09T02:21:17.090000+00:00,,automated,
ssrmprod,sa-east-1,docdb-cluster,rds:consumption-exchange-prod-2025-12-10-02-21,consumption-exchange-prod,rds:consumption-exchange-prod-2025-12-10-02-21,available,docdb,,True,arn:aws:kms:sa-east-1:877001948254:key/25c34c6e-5399-4b0f-9ee0-caa6ece95324,2025-12-10T02:21:09.555000+00:00,,automated,
ssrmprod,sa-east-1,docdb-cluster,rds:consumption-exchange-prod-2025-12-11-02-21,consumption-exchange-prod,rds:consumption-exchange-prod-2025-12-11-02-21,available,docdb,,True,arn:aws:kms:sa-east-1:877001948254:key/25c34c6e-5399-4b0f-9ee0-caa6ece95324,2025-12-11T02:21:06.980000+00:00,,automated,
ssrmprod,sa-east-1,docdb-cluster,rds:consumption-exchange-prod-2025-12-12-02-21,consumption-exchange-prod,rds:consumption-exchange-prod-2025-12-12-02-21,available,docdb,,True,arn:aws:kms:sa-east-1:877001948254:key/25c34c6e-5399-4b0f-9ee0-caa6ece95324,2025-12-12T02:21:18.732000+00:00,,automated,
ssrmprod,sa-east-1,docdb-cluster,rds:consumption-exchange-prod-2025-12-13-02-21,consumption-exchange-prod,rds:consumption-exchange-prod-2025-12-13-02-21,available,docdb,,True,arn:aws:kms:sa-east-1:877001948254:key/25c34c6e-5399-4b0f-9ee0-caa6ece95324,2025-12-13T02:21:03.046000+00:00,,automated,
ssrmprod,sa-east-1,docdb-cluster,rds:consumption-exchange-prod-2025-12-14-02-21,consumption-exchange-prod,rds:consumption-exchange-prod-2025-12-14-02-21,available,docdb,,True,arn:aws:kms:sa-east-1:877001948254:key/25c34c6e-5399-4b0f-9ee0-caa6ece95324,2025-12-14T02:21:07.827000+00:00,,automated,
ssrmprod,sa-east-1,docdb-cluster,rds:consumption-exchange-prod-2025-12-15-02-21,consumption-exchange-prod,rds:consumption-exchange-prod-2025-12-15-02-21,available,docdb,,True,arn:aws:kms:sa-east-1:877001948254:key/25c34c6e-5399-4b0f-9ee0-caa6ece95324,2025-12-15T02:21:15.351000+00:00,,automated,
ssrmprod,sa-east-1,docdb-cluster,rds:consumption-exchange-prod-2025-12-16-02-21,consumption-exchange-prod,rds:consumption-exchange-prod-2025-12-16-02-21,available,docdb,,True,arn:aws:kms:sa-east-1:877001948254:key/25c34c6e-5399-4b0f-9ee0-caa6ece95324,2025-12-16T02:21:21.931000+00:00,,automated,
ssrmprod,sa-east-1,docdb-cluster,rds:ssbldb-prod-2025-12-10-00-14,ssbldb-prod,rds:ssbldb-prod-2025-12-10-00-14,available,docdb,,True,arn:aws:kms:sa-east-1:877001948254:key/35cc5eda-9e4c-4aac-9b6d-695b4d7cf979,2025-12-10T00:14:07.660000+00:00,,automated,
ssrmprod,sa-east-1,docdb-cluster,rds:ssbldb-prod-2025-12-11-00-14,ssbldb-prod,rds:ssbldb-prod-2025-12-11-00-14,available,docdb,,True,arn:aws:kms:sa-east-1:877001948254:key/35cc5eda-9e4c-4aac-9b6d-695b4d7cf979,2025-12-11T00:14:16.753000+00:00,,automated,
ssrmprod,sa-east-1,docdb-cluster,rds:ssbldb-prod-2025-12-12-00-14,ssbldb-prod,rds:ssbldb-prod-2025-12-12-00-14,available,docdb,,True,arn:aws:kms:sa-east-1:877001948254:key/35cc5eda-9e4c-4aac-9b6d-695b4d7cf979,2025-12-12T00:14:09.380000+00:00,,automated,
ssrmprod,sa-east-1,docdb-cluster,rds:ssbldb-prod-2025-12-13-00-14,ssbldb-prod,rds:ssbldb-prod-2025-12-13-00-14,available,docdb,,True,arn:aws:kms:sa-east-1:877001948254:key/35cc5eda-9e4c-4aac-9b6d-695b4d7cf979,2025-12-13T00:14:22.088000+00:00,,automated,
ssrmprod,sa-east-1,docdb-cluster,rds:ssbldb-prod-2025-12-14-00-14,ssbldb-prod,rds:ssbldb-prod-2025-12-14-00-14,available,docdb,,True,arn:aws:kms:sa-east-1:877001948254:key/35cc5eda-9e4c-4aac-9b6d-695b4d7cf979,2025-12-14T00:14:20.516000+00:00,,automated,
ssrmprod,sa-east-1,docdb-cluster,rds:ssbldb-prod-2025-12-15-00-14,ssbldb-prod,rds:ssbldb-prod-2025-12-15-00-14,available,docdb,,True,arn:aws:kms:sa-east-1:877001948254:key/35cc5eda-9e4c-4aac-9b6d-695b4d7cf979,2025-12-15T00:14:14.348000+00:00,,automated,
ssrmprod,sa-east-1,docdb-cluster,rds:ssbldb-prod-2025-12-16-00-14,ssbldb-prod,rds:ssbldb-prod-2025-12-16-00-14,available,docdb,,True,arn:aws:kms:sa-east-1:877001948254:key/35cc5eda-9e4c-4aac-9b6d-695b4d7cf979,2025-12-16T00:14:07.739000+00:00,,automated,
ssrmprod,sa-east-1,docdb-cluster,snapshotprod,consumption-exchange-prod,snapshotprod,available,docdb,,True,arn:aws:kms:sa-east-1:877001948254:key/25c34c6e-5399-4b0f-9ee0-caa6ece95324,2025-04-23T21:55:51.704000+00:00,,manual,
ssrmprod,sa-east-1,docdb-cluster,ssbl-db-uat-final,ssbl-db-uat,ssbl-db-uat-final,available,docdb,,True,arn:aws:kms:sa-east-1:877001948254:key/35cc5eda-9e4c-4aac-9b6d-695b4d7cf979,2025-10-30T13:09:32.667000+00:00,,manual,
ssrmprod,sa-east-1,docdb-cluster,ssbl-db-uat-manual-2025-07-14,ssbl-db-uat,ssbl-db-uat-manual-2025-07-14,available,docdb,,True,arn:aws:kms:sa-east-1:877001948254:key/35cc5eda-9e4c-4aac-9b6d-695b4d7cf979,2025-07-14T15:00:48.446000+00:00,,manual,
ssrmprod,sa-east-1,docdb-cluster,ssbl-db-uat-snapshot-2307,ssbl-db-uat,ssbl-db-uat-snapshot-2307,available,docdb,,True,arn:aws:kms:sa-east-1:877001948254:key/35cc5eda-9e4c-4aac-9b6d-695b4d7cf979,2025-07-23T13:41:45.961000+00:00,,manual,
ssrmprod,sa-east-1,elasticache,airflow-uat,airflow-ssrm-uat-002,airflow-uat,available,redis,,,,,,,
ssrmprod,sa-east-1,elasticache,automatic.ssbl-prod-redis-002-2025-11-17-02-00,ssbl-prod-redis-002,automatic.ssbl-prod-redis-002-2025-11-17-02-00,available,redis,,,,,,,
ssrmprod,sa-east-1,elasticache,automatic.ssbl-prod-redis-002-2025-11-18-02-00,ssbl-prod-redis-002,automatic.ssbl-prod-redis-002-2025-11-18-02-00,available,redis,,,,,,,
ssrmprod,sa-east-1,elasticache,automatic.ssbl-prod-redis-002-2025-11-19-02-00,ssbl-prod-redis-002,automatic.ssbl-prod-redis-002-2025-11-19-02-00,available,redis,,,,,,,
ssrmprod,sa-east-1,elasticache,automatic.ssbl-prod-redis-002-2025-11-20-02-00,ssbl-prod-redis-002,automatic.ssbl-prod-redis-002-2025-11-20-02-00,available,redis,,,,,,,
ssrmprod,sa-east-1,elasticache,automatic.ssbl-prod-redis-002-2025-11-21-02-00,ssbl-prod-redis-002,automatic.ssbl-prod-redis-002-2025-11-21-02-00,available,redis,,,,,,,
ssrmprod,sa-east-1,elasticache,automatic.ssbl-prod-redis-002-2025-11-22-02-00,ssbl-prod-redis-002,automatic.ssbl-prod-redis-002-2025-11-22-02-00,available,redis,,,,,,,
ssrmprod,sa-east-1,elasticache,automatic.ssbl-prod-redis-002-2025-11-23-02-00,ssbl-prod-redis-002,automatic.ssbl-prod-redis-002-2025-11-23-02-00,available,redis,,,,,,,
ssrmprod,sa-east-1,elasticache,automatic.ssbl-prod-redis-002-2025-11-24-02-00,ssbl-prod-redis-002,automatic.ssbl-prod-redis-002-2025-11-24-02-00,available,redis,,,,,,,
ssrmprod,sa-east-1,elasticache,automatic.ssbl-prod-redis-002-2025-11-25-02-00,ssbl-prod-redis-002,automatic.ssbl-prod-redis-002-2025-11-25-02-00,available,redis,,,,,,,
ssrmprod,sa-east-1,elasticache,automatic.ssbl-prod-redis-002-2025-11-26-02-00,ssbl-prod-redis-002,automatic.ssbl-prod-redis-002-2025-11-26-02-00,available,redis,,,,,,,
ssrmprod,sa-east-1,elasticache,automatic.ssbl-prod-redis-002-2025-11-27-02-00,ssbl-prod-redis-002,automatic.ssbl-prod-redis-002-2025-11-27-02-00,available,redis,,,,,,,
ssrmprod,sa-east-1,elasticache,automatic.ssbl-prod-redis-002-2025-11-28-02-00,ssbl-prod-redis-002,automatic.ssbl-prod-redis-002-2025-11-28-02-00,available,redis,,,,,,,
ssrmprod,sa-east-1,elasticache,automatic.ssbl-prod-redis-002-2025-11-29-02-00,ssbl-prod-redis-002,automatic.ssbl-prod-redis-002-2025-11-29-02-00,available,redis,,,,,,,
ssrmprod,sa-east-1,elasticache,automatic.ssbl-prod-redis-002-2025-11-30-02-00,ssbl-prod-redis-002,automatic.ssbl-prod-redis-002-2025-11-30-02-00,available,redis,,,,,,,
ssrmprod,sa-east-1,elasticache,automatic.ssbl-prod-redis-002-2025-12-01-02-00,ssbl-prod-redis-002,automatic.ssbl-prod-redis-002-2025-12-01-02-00,available,redis,,,,,,,
ssrmprod,sa-east-1,elasticache,automatic.ssbl-prod-redis-002-2025-12-02-02-00,ssbl-prod-redis-002,automatic.ssbl-prod-redis-002-2025-12-02-02-00,available,redis,,,,,,,
ssrmprod,sa-east-1,elasticache,automatic.ssbl-prod-redis-002-2025-12-03-02-00,ssbl-prod-redis-002,automatic.ssbl-prod-redis-002-2025-12-03-02-00,available,redis,,,,,,,
ssrmprod,sa-east-1,elasticache,automatic.ssbl-prod-redis-002-2025-12-04-02-00,ssbl-prod-redis-002,automatic.ssbl-prod-redis-002-2025-12-04-02-00,available,redis,,,,,,,
ssrmprod,sa-east-1,elasticache,automatic.ssbl-prod-redis-002-2025-12-05-02-00,ssbl-prod-redis-002,automatic.ssbl-prod-redis-002-2025-12-05-02-00,available,redis,,,,,,,
ssrmprod,sa-east-1,elasticache,automatic.ssbl-prod-redis-002-2025-12-06-02-00,ssbl-prod-redis-002,automatic.ssbl-prod-redis-002-2025-12-06-02-00,available,redis,,,,,,,
ssrmprod,sa-east-1,elasticache,automatic.ssbl-prod-redis-002-2025-12-07-02-00,ssbl-prod-redis-002,automatic.ssbl-prod-redis-002-2025-12-07-02-00,available,redis,,,,,,,
ssrmprod,sa-east-1,elasticache,automatic.ssbl-prod-redis-002-2025-12-08-02-00,ssbl-prod-redis-002,automatic.ssbl-prod-redis-002-2025-12-08-02-00,available,redis,,,,,,,
ssrmprod,sa-east-1,elasticache,automatic.ssbl-prod-redis-002-2025-12-09-02-00,ssbl-prod-redis-002,automatic.ssbl-prod-redis-002-2025-12-09-02-00,available,redis,,,,,,,
ssrmprod,sa-east-1,elasticache,automatic.ssbl-prod-redis-002-2025-12-10-02-00,ssbl-prod-redis-002,automatic.ssbl-prod-redis-002-2025-12-10-02-00,available,redis,,,,,,,
ssrmprod,sa-east-1,elasticache,automatic.ssbl-prod-redis-002-2025-12-11-02-00,ssbl-prod-redis-002,automatic.ssbl-prod-redis-002-2025-12-11-02-00,available,redis,,,,,,,
ssrmprod,sa-east-1,elasticache,automatic.ssbl-prod-redis-002-2025-12-12-02-00,ssbl-prod-redis-002,automatic.ssbl-prod-redis-002-2025-12-12-02-00,available,redis,,,,,,,
ssrmprod,sa-east-1,elasticache,automatic.ssbl-prod-redis-002-2025-12-13-02-00,ssbl-prod-redis-002,automatic.ssbl-prod-redis-002-2025-12-13-02-00,available,redis,,,,,,,
ssrmprod,sa-east-1,elasticache,automatic.ssbl-prod-redis-002-2025-12-14-02-00,ssbl-prod-redis-002,automatic.ssbl-prod-redis-002-2025-12-14-02-00,available,redis,,,,,,,
ssrmprod,sa-east-1,elasticache,automatic.ssbl-prod-redis-002-2025-12-15-02-00,ssbl-prod-redis-002,automatic.ssbl-prod-redis-002-2025-12-15-02-00,available,redis,,,,,,,
ssrmprod,sa-east-1,elasticache,automatic.ssbl-prod-redis-002-2025-12-16-02-00,ssbl-prod-redis-002,automatic.ssbl-prod-redis-002-2025-12-16-02-00,available,redis,,,,,,,
ssrmprod,sa-east-1,elasticache,automatic.ssbl-prod-v3-redis-002-2025-11-17-05-00,ssbl-prod-v3-redis-002,automatic.ssbl-prod-v3-redis-002-2025-11-17-05-00,available,redis,,,,,,,
ssrmprod,sa-east-1,elasticache,automatic.ssbl-prod-v3-redis-002-2025-11-18-05-00,ssbl-prod-v3-redis-002,automatic.ssbl-prod-v3-redis-002-2025-11-18-05-00,available,redis,,,,,,,
ssrmprod,sa-east-1,elasticache,automatic.ssbl-prod-v3-redis-002-2025-11-19-05-00,ssbl-prod-v3-redis-002,automatic.ssbl-prod-v3-redis-002-2025-11-19-05-00,available,redis,,,,,,,
ssrmprod,sa-east-1,elasticache,automatic.ssbl-prod-v3-redis-002-2025-11-20-05-00,ssbl-prod-v3-redis-002,automatic.ssbl-prod-v3-redis-002-2025-11-20-05-00,available,redis,,,,,,,
ssrmprod,sa-east-1,elasticache,automatic.ssbl-prod-v3-redis-002-2025-11-21-05-00,ssbl-prod-v3-redis-002,automatic.ssbl-prod-v3-redis-002-2025-11-21-05-00,available,redis,,,,,,,
ssrmprod,sa-east-1,elasticache,automatic.ssbl-prod-v3-redis-002-2025-11-22-05-00,ssbl-prod-v3-redis-002,automatic.ssbl-prod-v3-redis-002-2025-11-22-05-00,available,redis,,,,,,,
ssrmprod,sa-east-1,elasticache,automatic.ssbl-prod-v3-redis-002-2025-11-23-05-00,ssbl-prod-v3-redis-002,automatic.ssbl-prod-v3-redis-002-2025-11-23-05-00,available,redis,,,,,,,
ssrmprod,sa-east-1,elasticache,automatic.ssbl-prod-v3-redis-002-2025-11-24-05-00,ssbl-prod-v3-redis-002,automatic.ssbl-prod-v3-redis-002-2025-11-24-05-00,available,redis,,,,,,,
ssrmprod,sa-east-1,elasticache,automatic.ssbl-prod-v3-redis-002-2025-11-25-05-00,ssbl-prod-v3-redis-002,automatic.ssbl-prod-v3-redis-002-2025-11-25-05-00,available,redis,,,,,,,
ssrmprod,sa-east-1,elasticache,automatic.ssbl-prod-v3-redis-002-2025-11-26-05-00,ssbl-prod-v3-redis-002,automatic.ssbl-prod-v3-redis-002-2025-11-26-05-00,available,redis,,,,,,,
ssrmprod,sa-east-1,elasticache,automatic.ssbl-prod-v3-redis-002-2025-11-27-05-01,ssbl-prod-v3-redis-002,automatic.ssbl-prod-v3-redis-002-2025-11-27-05-01,available,redis,,,,,,,
ssrmprod,sa-east-1,elasticache,automatic.ssbl-prod-v3-redis-002-2025-11-28-05-00,ssbl-prod-v3-redis-002,automatic.ssbl-prod-v3-redis-002-2025-11-28-05-00,available,redis,,,,,,,
ssrmprod,sa-east-1,elasticache,automatic.ssbl-prod-v3-redis-002-2025-11-29-05-00,ssbl-prod-v3-redis-002,automatic.ssbl-prod-v3-redis-002-2025-11-29-05-00,available,redis,,,,,,,
ssrmprod,sa-east-1,elasticache,automatic.ssbl-prod-v3-redis-002-2025-11-30-05-00,ssbl-prod-v3-redis-002,automatic.ssbl-prod-v3-redis-002-2025-11-30-05-00,available,redis,,,,,,,
ssrmprod,sa-east-1,elasticache,automatic.ssbl-prod-v3-redis-002-2025-12-01-05-00,ssbl-prod-v3-redis-002,automatic.ssbl-prod-v3-redis-002-2025-12-01-05-00,available,redis,,,,,,,
ssrmprod,sa-east-1,elasticache,automatic.ssbl-prod-v3-redis-002-2025-12-02-05-00,ssbl-prod-v3-redis-002,automatic.ssbl-prod-v3-redis-002-2025-12-02-05-00,available,redis,,,,,,,
ssrmprod,sa-east-1,elasticache,automatic.ssbl-prod-v3-redis-002-2025-12-03-05-01,ssbl-prod-v3-redis-002,automatic.ssbl-prod-v3-redis-002-2025-12-03-05-01,available,redis,,,,,,,
ssrmprod,sa-east-1,elasticache,automatic.ssbl-prod-v3-redis-002-2025-12-04-05-00,ssbl-prod-v3-redis-002,automatic.ssbl-prod-v3-redis-002-2025-12-04-05-00,available,redis,,,,,,,
ssrmprod,sa-east-1,elasticache,automatic.ssbl-prod-v3-redis-002-2025-12-05-05-00,ssbl-prod-v3-redis-002,automatic.ssbl-prod-v3-redis-002-2025-12-05-05-00,available,redis,,,,,,,
ssrmprod,sa-east-1,elasticache,automatic.ssbl-prod-v3-redis-002-2025-12-06-05-00,ssbl-prod-v3-redis-002,automatic.ssbl-prod-v3-redis-002-2025-12-06-05-00,available,redis,,,,,,,
ssrmprod,sa-east-1,elasticache,automatic.ssbl-prod-v3-redis-002-2025-12-07-05-00,ssbl-prod-v3-redis-002,automatic.ssbl-prod-v3-redis-002-2025-12-07-05-00,available,redis,,,,,,,
ssrmprod,sa-east-1,elasticache,automatic.ssbl-prod-v3-redis-002-2025-12-08-05-00,ssbl-prod-v3-redis-002,automatic.ssbl-prod-v3-redis-002-2025-12-08-05-00,available,redis,,,,,,,
ssrmprod,sa-east-1,elasticache,automatic.ssbl-prod-v3-redis-002-2025-12-09-05-00,ssbl-prod-v3-redis-002,automatic.ssbl-prod-v3-redis-002-2025-12-09-05-00,available,redis,,,,,,,
ssrmprod,sa-east-1,elasticache,automatic.ssbl-prod-v3-redis-002-2025-12-10-05-00,ssbl-prod-v3-redis-002,automatic.ssbl-prod-v3-redis-002-2025-12-10-05-00,available,redis,,,,,,,
ssrmprod,sa-east-1,elasticache,automatic.ssbl-prod-v3-redis-002-2025-12-11-05-00,ssbl-prod-v3-redis-002,automatic.ssbl-prod-v3-redis-002-2025-12-11-05-00,available,redis,,,,,,,
ssrmprod,sa-east-1,elasticache,automatic.ssbl-prod-v3-redis-002-2025-12-12-05-00,ssbl-prod-v3-redis-002,automatic.ssbl-prod-v3-redis-002-2025-12-12-05-00,available,redis,,,,,,,
ssrmprod,sa-east-1,elasticache,automatic.ssbl-prod-v3-redis-002-2025-12-13-05-00,ssbl-prod-v3-redis-002,automatic.ssbl-prod-v3-redis-002-2025-12-13-05-00,available,redis,,,,,,,
ssrmprod,sa-east-1,elasticache,automatic.ssbl-prod-v3-redis-002-2025-12-14-05-00,ssbl-prod-v3-redis-002,automatic.ssbl-prod-v3-redis-002-2025-12-14-05-00,available,redis,,,,,,,
ssrmprod,sa-east-1,elasticache,automatic.ssbl-prod-v3-redis-002-2025-12-15-05-00,ssbl-prod-v3-redis-002,automatic.ssbl-prod-v3-redis-002-2025-12-15-05-00,available,redis,,,,,,,
ssrmprod,sa-east-1,elasticache,automatic.ssbl-prod-v3-redis-002-2025-12-16-05-00,ssbl-prod-v3-redis-002,automatic.ssbl-prod-v3-redis-002-2025-12-16-05-00,available,redis,,,,,,,
ssrmprod,sa-east-1,elasticache,ssbl-prod-v3-redis-004,ssbl-prod-v3-redis-004,ssbl-prod-v3-redis-004,available,redis,,,,,,,
ssrmprod,sa-east-1,elasticache,ssbl-prod-v3-redis-005,ssbl-prod-v3-redis-005,ssbl-prod-v3-redis-005,available,redis,,,,,,,
ssrmprod,sa-east-1,backup,arn:aws:ec2:sa-east-1::image/ami-02e21036c4a2dfbba,arn:aws:ec2:sa-east-1:877001948254:instance/i-03f1d647bbbe2d4fc,Default-Bkp,COMPLETED,EC2,40.0,,arn:aws:kms:sa-east-1:877001948254:key/5aff9933-4b81-42c7-b410-2161b12d63bc,,,,
ssrmprod,sa-east-1,backup,arn:aws:ec2:sa-east-1::image/ami-0b3c4742dadd94326,arn:aws:ec2:sa-east-1:877001948254:instance/i-09ee64877d87075cc,Default-Bkp,COMPLETED,EC2,220.0,,arn:aws:kms:sa-east-1:877001948254:key/5aff9933-4b81-42c7-b410-2161b12d63bc,,,,
ssrmprod,sa-east-1,backup,arn:aws:ec2:sa-east-1::image/ami-0eab0791305a908d8,arn:aws:ec2:sa-east-1:877001948254:instance/i-0db217cc4192a62c0,Default-Bkp,COMPLETED,EC2,476.0,,arn:aws:kms:sa-east-1:877001948254:key/5aff9933-4b81-42c7-b410-2161b12d63bc,,,,
ssrmprod,sa-east-1,backup,arn:aws:ec2:sa-east-1::image/ami-0cc397cc27be95ca6,arn:aws:ec2:sa-east-1:877001948254:instance/i-019c43be077fab936,Default-Bkp,COMPLETED,EC2,250.0,,arn:aws:kms:sa-east-1:877001948254:key/5aff9933-4b81-42c7-b410-2161b12d63bc,,,,
ssrmprod,sa-east-1,backup,arn:aws:ec2:sa-east-1::image/ami-05ef47fc6a5a0fe77,arn:aws:ec2:sa-east-1:877001948254:instance/i-042673892af195f71,Default-Bkp,COMPLETED,EC2,40.0,,arn:aws:kms:sa-east-1:877001948254:key/5aff9933-4b81-42c7-b410-2161b12d63bc,,,,
ssrmprod,sa-east-1,backup,arn:aws:ec2:sa-east-1::image/ami-0f22c0ca9350c64a4,arn:aws:ec2:sa-east-1:877001948254:instance/i-0cf94cdbe4816e4bb,Default-Bkp,COMPLETED,EC2,40.0,,arn:aws:kms:sa-east-1:877001948254:key/5aff9933-4b81-42c7-b410-2161b12d63bc,,,,
ssrmprod,sa-east-1,backup,arn:aws:ec2:sa-east-1::image/ami-02f65e3613754d33f,arn:aws:ec2:sa-east-1:877001948254:instance/i-01307af2232e38d00,Default-Bkp,COMPLETED,EC2,578.0,,arn:aws:kms:sa-east-1:877001948254:key/5aff9933-4b81-42c7-b410-2161b12d63bc,,,,
ssrmprod,sa-east-1,backup,arn:aws:ec2:sa-east-1::image/ami-03c080fb6f97f962d,arn:aws:ec2:sa-east-1:877001948254:instance/i-09ee64877d87075cc,Default-Bkp,COMPLETED,EC2,220.0,,arn:aws:kms:sa-east-1:877001948254:key/5aff9933-4b81-42c7-b410-2161b12d63bc,,,,
ssrmprod,sa-east-1,backup,arn:aws:ec2:sa-east-1::image/ami-08a7188095efecb1a,arn:aws:ec2:sa-east-1:877001948254:instance/i-042673892af195f71,Default-Bkp,COMPLETED,EC2,40.0,,arn:aws:kms:sa-east-1:877001948254:key/5aff9933-4b81-42c7-b410-2161b12d63bc,,,,
ssrmprod,sa-east-1,backup,arn:aws:ec2:sa-east-1::image/ami-03d7d148052235595,arn:aws:ec2:sa-east-1:877001948254:instance/i-019c43be077fab936,Default-Bkp,COMPLETED,EC2,250.0,,arn:aws:kms:sa-east-1:877001948254:key/5aff9933-4b81-42c7-b410-2161b12d63bc,,,,
ssrmprod,sa-east-1,backup,arn:aws:ec2:sa-east-1::image/ami-0974ea3c6de1ff321,arn:aws:ec2:sa-east-1:877001948254:instance/i-0db217cc4192a62c0,Default-Bkp,COMPLETED,EC2,476.0,,arn:aws:kms:sa-east-1:877001948254:key/5aff9933-4b81-42c7-b410-2161b12d63bc,,,,
ssrmprod,sa-east-1,backup,arn:aws:ec2:sa-east-1::image/ami-00a33d62635a2cb8f,arn:aws:ec2:sa-east-1:877001948254:instance/i-03f1d647bbbe2d4fc,Default-Bkp,COMPLETED,EC2,40.0,,arn:aws:kms:sa-east-1:877001948254:key/5aff9933-4b81-42c7-b410-2161b12d63bc,,,,
ssrmprod,sa-east-1,backup,arn:aws:ec2:sa-east-1::image/ami-0841de4a144158c3c,arn:aws:ec2:sa-east-1:877001948254:instance/i-01307af2232e38d00,Default-Bkp,COMPLETED,EC2,578.0,,arn:aws:kms:sa-east-1:877001948254:key/5aff9933-4b81-42c7-b410-2161b12d63bc,,,,
ssrmprod,sa-east-1,backup,arn:aws:ec2:sa-east-1::image/ami-00df36cf1a6a61380,arn:aws:ec2:sa-east-1:877001948254:instance/i-0cf94cdbe4816e4bb,Default-Bkp,COMPLETED,EC2,40.0,,arn:aws:kms:sa-east-1:877001948254:key/5aff9933-4b81-42c7-b410-2161b12d63bc,,,,
ssrmprod,sa-east-1,backup,arn:aws:ec2:sa-east-1::image/ami-07c3c3c0d691f7aea,arn:aws:ec2:sa-east-1:877001948254:instance/i-0db217cc4192a62c0,Default-Bkp,COMPLETED,EC2,476.0,,arn:aws:kms:sa-east-1:877001948254:key/5aff9933-4b81-42c7-b410-2161b12d63bc,,,,
ssrmprod,sa-east-1,backup,arn:aws:ec2:sa-east-1::image/ami-0232959427e297d3d,arn:aws:ec2:sa-east-1:877001948254:instance/i-03f1d647bbbe2d4fc,Default-Bkp,COMPLETED,EC2,40.0,,arn:aws:kms:sa-east-1:877001948254:key/5aff9933-4b81-42c7-b410-2161b12d63bc,,,,
ssrmprod,sa-east-1,backup,arn:aws:ec2:sa-east-1::image/ami-0ac801289069ac15d,arn:aws:ec2:sa-east-1:877001948254:instance/i-01307af2232e38d00,Default-Bkp,COMPLETED,EC2,578.0,,arn:aws:kms:sa-east-1:877001948254:key/5aff9933-4b81-42c7-b410-2161b12d63bc,,,,
ssrmprod,sa-east-1,backup,arn:aws:ec2:sa-east-1::image/ami-084cce0ac3b18f664,arn:aws:ec2:sa-east-1:877001948254:instance/i-019c43be077fab936,Default-Bkp,COMPLETED,EC2,250.0,,arn:aws:kms:sa-east-1:877001948254:key/5aff9933-4b81-42c7-b410-2161b12d63bc,,,,
ssrmprod,sa-east-1,backup,arn:aws:ec2:sa-east-1::image/ami-062f95ed02b9ad073,arn:aws:ec2:sa-east-1:877001948254:instance/i-042673892af195f71,Default-Bkp,COMPLETED,EC2,40.0,,arn:aws:kms:sa-east-1:877001948254:key/5aff9933-4b81-42c7-b410-2161b12d63bc,,,,
ssrmprod,sa-east-1,backup,arn:aws:ec2:sa-east-1::image/ami-0951d1908ba5a4d68,arn:aws:ec2:sa-east-1:877001948254:instance/i-09ee64877d87075cc,Default-Bkp,COMPLETED,EC2,220.0,,arn:aws:kms:sa-east-1:877001948254:key/5aff9933-4b81-42c7-b410-2161b12d63bc,,,,
ssrmprod,sa-east-1,backup,arn:aws:ec2:sa-east-1::image/ami-0c8a09b93b8d8ac10,arn:aws:ec2:sa-east-1:877001948254:instance/i-0cf94cdbe4816e4bb,Default-Bkp,COMPLETED,EC2,40.0,,arn:aws:kms:sa-east-1:877001948254:key/5aff9933-4b81-42c7-b410-2161b12d63bc,,,,
ssrmprod,sa-east-1,backup,arn:aws:ec2:sa-east-1::image/ami-04460e2d4c7544c8a,arn:aws:ec2:sa-east-1:877001948254:instance/i-042673892af195f71,Default-Bkp,COMPLETED,EC2,40.0,,arn:aws:kms:sa-east-1:877001948254:key/5aff9933-4b81-42c7-b410-2161b12d63bc,,,,
ssrmprod,sa-east-1,backup,arn:aws:ec2:sa-east-1::image/ami-018dc5a7b5baf3faa,arn:aws:ec2:sa-east-1:877001948254:instance/i-09ee64877d87075cc,Default-Bkp,COMPLETED,EC2,220.0,,arn:aws:kms:sa-east-1:877001948254:key/5aff9933-4b81-42c7-b410-2161b12d63bc,,,,
ssrmprod,sa-east-1,backup,arn:aws:ec2:sa-east-1::image/ami-044064043a2ff4f21,arn:aws:ec2:sa-east-1:877001948254:instance/i-01307af2232e38d00,Default-Bkp,COMPLETED,EC2,578.0,,arn:aws:kms:sa-east-1:877001948254:key/5aff9933-4b81-42c7-b410-2161b12d63bc,,,,
ssrmprod,sa-east-1,backup,arn:aws:ec2:sa-east-1::image/ami-0fd107cc135fb64f4,arn:aws:ec2:sa-east-1:877001948254:instance/i-03f1d647bbbe2d4fc,Default-Bkp,COMPLETED,EC2,40.0,,arn:aws:kms:sa-east-1:877001948254:key/5aff9933-4b81-42c7-b410-2161b12d63bc,,,,
ssrmprod,sa-east-1,backup,arn:aws:ec2:sa-east-1::image/ami-0381e043ceb562956,arn:aws:ec2:sa-east-1:877001948254:instance/i-0cf94cdbe4816e4bb,Default-Bkp,COMPLETED,EC2,40.0,,arn:aws:kms:sa-east-1:877001948254:key/5aff9933-4b81-42c7-b410-2161b12d63bc,,,,
ssrmprod,sa-east-1,backup,arn:aws:ec2:sa-east-1::image/ami-0ba42cffa5c164caa,arn:aws:ec2:sa-east-1:877001948254:instance/i-019c43be077fab936,Default-Bkp,COMPLETED,EC2,250.0,,arn:aws:kms:sa-east-1:877001948254:key/5aff9933-4b81-42c7-b410-2161b12d63bc,,,,
ssrmprod,sa-east-1,backup,arn:aws:ec2:sa-east-1::image/ami-0660cebb88726c4e8,arn:aws:ec2:sa-east-1:877001948254:instance/i-0db217cc4192a62c0,Default-Bkp,COMPLETED,EC2,476.0,,arn:aws:kms:sa-east-1:877001948254:key/5aff9933-4b81-42c7-b410-2161b12d63bc,,,,
ssrmprod,sa-east-1,backup,arn:aws:ec2:sa-east-1::image/ami-0ce1c0eee8ca650a9,arn:aws:ec2:sa-east-1:877001948254:instance/i-0db217cc4192a62c0,Default-Bkp,COMPLETED,EC2,476.0,,arn:aws:kms:sa-east-1:877001948254:key/5aff9933-4b81-42c7-b410-2161b12d63bc,,,,
ssrmprod,sa-east-1,backup,arn:aws:ec2:sa-east-1::image/ami-08a2aec4ad58c30c3,arn:aws:ec2:sa-east-1:877001948254:instance/i-09ee64877d87075cc,Default-Bkp,COMPLETED,EC2,220.0,,arn:aws:kms:sa-east-1:877001948254:key/5aff9933-4b81-42c7-b410-2161b12d63bc,,,,
ssrmprod,sa-east-1,backup,arn:aws:ec2:sa-east-1::image/ami-082ca6fbe33cc4b49,arn:aws:ec2:sa-east-1:877001948254:instance/i-03f1d647bbbe2d4fc,Default-Bkp,COMPLETED,EC2,40.0,,arn:aws:kms:sa-east-1:877001948254:key/5aff9933-4b81-42c7-b410-2161b12d63bc,,,,
ssrmprod,sa-east-1,backup,arn:aws:ec2:sa-east-1::image/ami-09a02b2e1905a8302,arn:aws:ec2:sa-east-1:877001948254:instance/i-01307af2232e38d00,Default-Bkp,COMPLETED,EC2,578.0,,arn:aws:kms:sa-east-1:877001948254:key/5aff9933-4b81-42c7-b410-2161b12d63bc,,,,
ssrmprod,sa-east-1,backup,arn:aws:ec2:sa-east-1::image/ami-078333e7cecea7357,arn:aws:ec2:sa-east-1:877001948254:instance/i-019c43be077fab936,Default-Bkp,COMPLETED,EC2,250.0,,arn:aws:kms:sa-east-1:877001948254:key/5aff9933-4b81-42c7-b410-2161b12d63bc,,,,
ssrmprod,sa-east-1,backup,arn:aws:ec2:sa-east-1::image/ami-01e4d4e8b0e54baa6,arn:aws:ec2:sa-east-1:877001948254:instance/i-0cf94cdbe4816e4bb,Default-Bkp,COMPLETED,EC2,40.0,,arn:aws:kms:sa-east-1:877001948254:key/5aff9933-4b81-42c7-b410-2161b12d63bc,,,,
ssrmprod,sa-east-1,backup,arn:aws:ec2:sa-east-1::image/ami-0c947d315891be87f,arn:aws:ec2:sa-east-1:877001948254:instance/i-042673892af195f71,Default-Bkp,COMPLETED,EC2,40.0,,arn:aws:kms:sa-east-1:877001948254:key/5aff9933-4b81-42c7-b410-2161b12d63bc,,,,
ssrmprod,sa-east-1,backup,arn:aws:ec2:sa-east-1::image/ami-0bc22b72c347d0e56,arn:aws:ec2:sa-east-1:877001948254:instance/i-01307af2232e38d00,Default-Bkp,COMPLETED,EC2,578.0,,arn:aws:kms:sa-east-1:877001948254:key/5aff9933-4b81-42c7-b410-2161b12d63bc,,,,
ssrmprod,sa-east-1,backup,arn:aws:ec2:sa-east-1::image/ami-0ac85a6e3bb914d09,arn:aws:ec2:sa-east-1:877001948254:instance/i-042673892af195f71,Default-Bkp,COMPLETED,EC2,40.0,,arn:aws:kms:sa-east-1:877001948254:key/5aff9933-4b81-42c7-b410-2161b12d63bc,,,,
ssrmprod,sa-east-1,backup,arn:aws:ec2:sa-east-1::image/ami-0c5de1b18e0630c55,arn:aws:ec2:sa-east-1:877001948254:instance/i-0db217cc4192a62c0,Default-Bkp,COMPLETED,EC2,476.0,,arn:aws:kms:sa-east-1:877001948254:key/5aff9933-4b81-42c7-b410-2161b12d63bc,,,,
ssrmprod,sa-east-1,backup,arn:aws:ec2:sa-east-1::image/ami-0809dbcfbe768dfa4,arn:aws:ec2:sa-east-1:877001948254:instance/i-03f1d647bbbe2d4fc,Default-Bkp,COMPLETED,EC2,40.0,,arn:aws:kms:sa-east-1:877001948254:key/5aff9933-4b81-42c7-b410-2161b12d63bc,,,,
ssrmprod,sa-east-1,backup,arn:aws:ec2:sa-east-1::image/ami-04f8136ceb198a022,arn:aws:ec2:sa-east-1:877001948254:instance/i-0cf94cdbe4816e4bb,Default-Bkp,COMPLETED,EC2,40.0,,arn:aws:kms:sa-east-1:877001948254:key/5aff9933-4b81-42c7-b410-2161b12d63bc,,,,
ssrmprod,sa-east-1,backup,arn:aws:ec2:sa-east-1::image/ami-078827c9bd558ff35,arn:aws:ec2:sa-east-1:877001948254:instance/i-019c43be077fab936,Default-Bkp,COMPLETED,EC2,250.0,,arn:aws:kms:sa-east-1:877001948254:key/5aff9933-4b81-42c7-b410-2161b12d63bc,,,,
ssrmprod,sa-east-1,backup,arn:aws:ec2:sa-east-1::image/ami-08d169f575d67ec66,arn:aws:ec2:sa-east-1:877001948254:instance/i-09ee64877d87075cc,Default-Bkp,COMPLETED,EC2,220.0,,arn:aws:kms:sa-east-1:877001948254:key/5aff9933-4b81-42c7-b410-2161b12d63bc,,,,
ssrmprod,sa-east-1,backup,arn:aws:ec2:sa-east-1::image/ami-09bb9c4d8629bc850,arn:aws:ec2:sa-east-1:877001948254:instance/i-03f1d647bbbe2d4fc,Default-Bkp,COMPLETED,EC2,40.0,,arn:aws:kms:sa-east-1:877001948254:key/5aff9933-4b81-42c7-b410-2161b12d63bc,,,,
ssrmprod,sa-east-1,backup,arn:aws:ec2:sa-east-1::image/ami-0bfcf62f73077810a,arn:aws:ec2:sa-east-1:877001948254:instance/i-0cf94cdbe4816e4bb,Default-Bkp,COMPLETED,EC2,40.0,,arn:aws:kms:sa-east-1:877001948254:key/5aff9933-4b81-42c7-b410-2161b12d63bc,,,,
ssrmprod,sa-east-1,backup,arn:aws:ec2:sa-east-1::image/ami-03611a2c14c2a4e2e,arn:aws:ec2:sa-east-1:877001948254:instance/i-0db217cc4192a62c0,Default-Bkp,COMPLETED,EC2,476.0,,arn:aws:kms:sa-east-1:877001948254:key/5aff9933-4b81-42c7-b410-2161b12d63bc,,,,
ssrmprod,sa-east-1,backup,arn:aws:ec2:sa-east-1::image/ami-014a2269fd5d55096,arn:aws:ec2:sa-east-1:877001948254:instance/i-01307af2232e38d00,Default-Bkp,COMPLETED,EC2,578.0,,arn:aws:kms:sa-east-1:877001948254:key/5aff9933-4b81-42c7-b410-2161b12d63bc,,,,
ssrmprod,sa-east-1,backup,arn:aws:ec2:sa-east-1::image/ami-0c010584a4ea50891,arn:aws:ec2:sa-east-1:877001948254:instance/i-09ee64877d87075cc,Default-Bkp,COMPLETED,EC2,220.0,,arn:aws:kms:sa-east-1:877001948254:key/5aff9933-4b81-42c7-b410-2161b12d63bc,,,,
ssrmprod,sa-east-1,backup,arn:aws:ec2:sa-east-1::image/ami-0fbb02c83f58c6efa,arn:aws:ec2:sa-east-1:877001948254:instance/i-042673892af195f71,Default-Bkp,COMPLETED,EC2,40.0,,arn:aws:kms:sa-east-1:877001948254:key/5aff9933-4b81-42c7-b410-2161b12d63bc,,,,
ssrmprod,sa-east-1,backup,arn:aws:ec2:sa-east-1::image/ami-012a346d466ac6f2e,arn:aws:ec2:sa-east-1:877001948254:instance/i-019c43be077fab936,Default-Bkp,COMPLETED,EC2,250.0,,arn:aws:kms:sa-east-1:877001948254:key/5aff9933-4b81-42c7-b410-2161b12d63bc,,,,
ssrmprod,sa-east-1,backup,arn:aws:ec2:sa-east-1::image/ami-0b22b76dde5eb4b14,arn:aws:ec2:sa-east-1:877001948254:instance/i-01307af2232e38d00,Default-Bkp,COMPLETED,EC2,578.0,,arn:aws:kms:sa-east-1:877001948254:key/5aff9933-4b81-42c7-b410-2161b12d63bc,,,,
ssrmprod,sa-east-1,backup,arn:aws:ec2:sa-east-1::image/ami-05172bf85d1ee489f,arn:aws:ec2:sa-east-1:877001948254:instance/i-0db217cc4192a62c0,Default-Bkp,COMPLETED,EC2,476.0,,arn:aws:kms:sa-east-1:877001948254:key/5aff9933-4b81-42c7-b410-2161b12d63bc,,,,
ssrmprod,sa-east-1,backup,arn:aws:ec2:sa-east-1::image/ami-0d05593859765b6e0,arn:aws:ec2:sa-east-1:877001948254:instance/i-09ee64877d87075cc,Default-Bkp,COMPLETED,EC2,220.0,,arn:aws:kms:sa-east-1:877001948254:key/5aff9933-4b81-42c7-b410-2161b12d63bc,,,,
ssrmprod,sa-east-1,backup,arn:aws:ec2:sa-east-1::image/ami-0caefe67552bc6c07,arn:aws:ec2:sa-east-1:877001948254:instance/i-019c43be077fab936,Default-Bkp,COMPLETED,EC2,250.0,,arn:aws:kms:sa-east-1:877001948254:key/5aff9933-4b81-42c7-b410-2161b12d63bc,,,,
ssrmprod,sa-east-1,backup,arn:aws:ec2:sa-east-1::image/ami-0eee24cfb30dbe942,arn:aws:ec2:sa-east-1:877001948254:instance/i-03f1d647bbbe2d4fc,Default-Bkp,COMPLETED,EC2,40.0,,arn:aws:kms:sa-east-1:877001948254:key/5aff9933-4b81-42c7-b410-2161b12d63bc,,,,
ssrmprod,sa-east-1,backup,arn:aws:ec2:sa-east-1::image/ami-05e24a99a9b5488a4,arn:aws:ec2:sa-east-1:877001948254:instance/i-0cf94cdbe4816e4bb,Default-Bkp,COMPLETED,EC2,40.0,,arn:aws:kms:sa-east-1:877001948254:key/5aff9933-4b81-42c7-b410-2161b12d63bc,,,,
ssrmprod,sa-east-1,backup,arn:aws:ec2:sa-east-1::image/ami-05b21b5d4814b862e,arn:aws:ec2:sa-east-1:877001948254:instance/i-042673892af195f71,Default-Bkp,COMPLETED,EC2,40.0,,arn:aws:kms:sa-east-1:877001948254:key/5aff9933-4b81-42c7-b410-2161b12d63bc,,,,
ssrmprod,sa-east-1,backup,arn:aws:ec2:sa-east-1::image/ami-0221bc0ac415e12c6,arn:aws:ec2:sa-east-1:877001948254:instance/i-0cf94cdbe4816e4bb,Default-Bkp,COMPLETED,EC2,40.0,,arn:aws:kms:sa-east-1:877001948254:key/5aff9933-4b81-42c7-b410-2161b12d63bc,,,,
ssrmprod,sa-east-1,backup,arn:aws:ec2:sa-east-1::image/ami-0a0bc7c7f2513a6c4,arn:aws:ec2:sa-east-1:877001948254:instance/i-042673892af195f71,Default-Bkp,COMPLETED,EC2,40.0,,arn:aws:kms:sa-east-1:877001948254:key/5aff9933-4b81-42c7-b410-2161b12d63bc,,,,
ssrmprod,sa-east-1,backup,arn:aws:ec2:sa-east-1::image/ami-0732864bf030fc5d1,arn:aws:ec2:sa-east-1:877001948254:instance/i-0db217cc4192a62c0,Default-Bkp,COMPLETED,EC2,476.0,,arn:aws:kms:sa-east-1:877001948254:key/5aff9933-4b81-42c7-b410-2161b12d63bc,,,,
ssrmprod,sa-east-1,backup,arn:aws:ec2:sa-east-1::image/ami-04f7cf1bd42fca0af,arn:aws:ec2:sa-east-1:877001948254:instance/i-03f1d647bbbe2d4fc,Default-Bkp,COMPLETED,EC2,40.0,,arn:aws:kms:sa-east-1:877001948254:key/5aff9933-4b81-42c7-b410-2161b12d63bc,,,,
ssrmprod,sa-east-1,backup,arn:aws:ec2:sa-east-1::image/ami-06d3d8146a48f468c,arn:aws:ec2:sa-east-1:877001948254:instance/i-019c43be077fab936,Default-Bkp,COMPLETED,EC2,250.0,,arn:aws:kms:sa-east-1:877001948254:key/5aff9933-4b81-42c7-b410-2161b12d63bc,,,,
ssrmprod,sa-east-1,backup,arn:aws:ec2:sa-east-1::image/ami-038c3ccb30009fe62,arn:aws:ec2:sa-east-1:877001948254:instance/i-09ee64877d87075cc,Default-Bkp,COMPLETED,EC2,220.0,,arn:aws:kms:sa-east-1:877001948254:key/5aff9933-4b81-42c7-b410-2161b12d63bc,,,,
ssrmprod,sa-east-1,backup,arn:aws:ec2:sa-east-1::image/ami-0f6aa06c6139ad51e,arn:aws:ec2:sa-east-1:877001948254:instance/i-01307af2232e38d00,Default-Bkp,COMPLETED,EC2,578.0,,arn:aws:kms:sa-east-1:877001948254:key/5aff9933-4b81-42c7-b410-2161b12d63bc,,,,
ssrmprod,sa-east-1,backup,arn:aws:ec2:sa-east-1::image/ami-06ac2ba504a0ff91e,arn:aws:ec2:sa-east-1:877001948254:instance/i-0db217cc4192a62c0,Default-Bkp,COMPLETED,EC2,476.0,,arn:aws:kms:sa-east-1:877001948254:key/5aff9933-4b81-42c7-b410-2161b12d63bc,,,,
ssrmprod,sa-east-1,backup,arn:aws:ec2:sa-east-1::image/ami-0d8c696e33c6d7535,arn:aws:ec2:sa-east-1:877001948254:instance/i-019c43be077fab936,Default-Bkp,COMPLETED,EC2,250.0,,arn:aws:kms:sa-east-1:877001948254:key/5aff9933-4b81-42c7-b410-2161b12d63bc,,,,
ssrmprod,sa-east-1,backup,arn:aws:ec2:sa-east-1::image/ami-041c03a71a3466ae1,arn:aws:ec2:sa-east-1:877001948254:instance/i-042673892af195f71,Default-Bkp,COMPLETED,EC2,40.0,,arn:aws:kms:sa-east-1:877001948254:key/5aff9933-4b81-42c7-b410-2161b12d63bc,,,,
ssrmprod,sa-east-1,backup,arn:aws:ec2:sa-east-1::image/ami-076a2c470fbb123d0,arn:aws:ec2:sa-east-1:877001948254:instance/i-09ee64877d87075cc,Default-Bkp,COMPLETED,EC2,220.0,,arn:aws:kms:sa-east-1:877001948254:key/5aff9933-4b81-42c7-b410-2161b12d63bc,,,,
ssrmprod,sa-east-1,backup,arn:aws:ec2:sa-east-1::image/ami-015e97c1bd2647051,arn:aws:ec2:sa-east-1:877001948254:instance/i-03f1d647bbbe2d4fc,Default-Bkp,COMPLETED,EC2,40.0,,arn:aws:kms:sa-east-1:877001948254:key/5aff9933-4b81-42c7-b410-2161b12d63bc,,,,
ssrmprod,sa-east-1,backup,arn:aws:ec2:sa-east-1::image/ami-03878fa2f3bbfcdb6,arn:aws:ec2:sa-east-1:877001948254:instance/i-01307af2232e38d00,Default-Bkp,COMPLETED,EC2,578.0,,arn:aws:kms:sa-east-1:877001948254:key/5aff9933-4b81-42c7-b410-2161b12d63bc,,,,
ssrmprod,sa-east-1,backup,arn:aws:ec2:sa-east-1::image/ami-0785fdd6959d112e5,arn:aws:ec2:sa-east-1:877001948254:instance/i-042673892af195f71,Default-Bkp,COMPLETED,EC2,40.0,,arn:aws:kms:sa-east-1:877001948254:key/5aff9933-4b81-42c7-b410-2161b12d63bc,,,,
ssrmprod,sa-east-1,backup,arn:aws:ec2:sa-east-1::image/ami-097bbee050205bb06,arn:aws:ec2:sa-east-1:877001948254:instance/i-0db217cc4192a62c0,Default-Bkp,COMPLETED,EC2,476.0,,arn:aws:kms:sa-east-1:877001948254:key/5aff9933-4b81-42c7-b410-2161b12d63bc,,,,
ssrmprod,sa-east-1,backup,arn:aws:ec2:sa-east-1::image/ami-04e5d55bc724aa637,arn:aws:ec2:sa-east-1:877001948254:instance/i-01307af2232e38d00,Default-Bkp,COMPLETED,EC2,578.0,,arn:aws:kms:sa-east-1:877001948254:key/5aff9933-4b81-42c7-b410-2161b12d63bc,,,,
ssrmprod,sa-east-1,backup,arn:aws:ec2:sa-east-1::image/ami-07aee9b7e4c91d0f8,arn:aws:ec2:sa-east-1:877001948254:instance/i-09ee64877d87075cc,Default-Bkp,COMPLETED,EC2,220.0,,arn:aws:kms:sa-east-1:877001948254:key/5aff9933-4b81-42c7-b410-2161b12d63bc,,,,
ssrmprod,sa-east-1,backup,arn:aws:ec2:sa-east-1::image/ami-01c2eb464c3d9553e,arn:aws:ec2:sa-east-1:877001948254:instance/i-019c43be077fab936,Default-Bkp,COMPLETED,EC2,250.0,,arn:aws:kms:sa-east-1:877001948254:key/5aff9933-4b81-42c7-b410-2161b12d63bc,,,,
ssrmprod,sa-east-1,backup,arn:aws:ec2:sa-east-1::image/ami-0556aadc52f567588,arn:aws:ec2:sa-east-1:877001948254:instance/i-03f1d647bbbe2d4fc,Default-Bkp,COMPLETED,EC2,40.0,,arn:aws:kms:sa-east-1:877001948254:key/5aff9933-4b81-42c7-b410-2161b12d63bc,,,,
ssrmprod,sa-east-1,backup,arn:aws:ec2:sa-east-1::image/ami-095c3373c9699e7ce,arn:aws:ec2:sa-east-1:877001948254:instance/i-03f1d647bbbe2d4fc,Default-Bkp,COMPLETED,EC2,40.0,,arn:aws:kms:sa-east-1:877001948254:key/5aff9933-4b81-42c7-b410-2161b12d63bc,,,,
ssrmprod,sa-east-1,backup,arn:aws:ec2:sa-east-1::image/ami-0a063e80bf4fcc3cf,arn:aws:ec2:sa-east-1:877001948254:instance/i-01307af2232e38d00,Default-Bkp,COMPLETED,EC2,578.0,,arn:aws:kms:sa-east-1:877001948254:key/5aff9933-4b81-42c7-b410-2161b12d63bc,,,,
ssrmprod,sa-east-1,backup,arn:aws:ec2:sa-east-1::image/ami-0d5a6bbae5e398f08,arn:aws:ec2:sa-east-1:877001948254:instance/i-0db217cc4192a62c0,Default-Bkp,COMPLETED,EC2,476.0,,arn:aws:kms:sa-east-1:877001948254:key/5aff9933-4b81-42c7-b410-2161b12d63bc,,,,
ssrmprod,sa-east-1,backup,arn:aws:ec2:sa-east-1::image/ami-036e0bd57d8b1c62c,arn:aws:ec2:sa-east-1:877001948254:instance/i-09ee64877d87075cc,Default-Bkp,COMPLETED,EC2,220.0,,arn:aws:kms:sa-east-1:877001948254:key/5aff9933-4b81-42c7-b410-2161b12d63bc,,,,
ssrmprod,sa-east-1,backup,arn:aws:ec2:sa-east-1::image/ami-0924acd2cd0cac711,arn:aws:ec2:sa-east-1:877001948254:instance/i-042673892af195f71,Default-Bkp,COMPLETED,EC2,40.0,,arn:aws:kms:sa-east-1:877001948254:key/5aff9933-4b81-42c7-b410-2161b12d63bc,,,,
ssrmprod,sa-east-1,backup,arn:aws:ec2:sa-east-1::image/ami-0d5ad316ee2d54908,arn:aws:ec2:sa-east-1:877001948254:instance/i-019c43be077fab936,Default-Bkp,COMPLETED,EC2,250.0,,arn:aws:kms:sa-east-1:877001948254:key/5aff9933-4b81-42c7-b410-2161b12d63bc,,,,
ssrmprod,sa-east-1,backup,arn:aws:ec2:sa-east-1::image/ami-0e96e2c63c32ce66a,arn:aws:ec2:sa-east-1:877001948254:instance/i-042673892af195f71,Default-Bkp,COMPLETED,EC2,40.0,,arn:aws:kms:sa-east-1:877001948254:key/5aff9933-4b81-42c7-b410-2161b12d63bc,,,,
ssrmprod,sa-east-1,backup,arn:aws:ec2:sa-east-1::image/ami-0dd9dbf6c4f70d38f,arn:aws:ec2:sa-east-1:877001948254:instance/i-01307af2232e38d00,Default-Bkp,COMPLETED,EC2,578.0,,arn:aws:kms:sa-east-1:877001948254:key/5aff9933-4b81-42c7-b410-2161b12d63bc,,,,
ssrmprod,sa-east-1,backup,arn:aws:ec2:sa-east-1::image/ami-0de78b276a1dc70c6,arn:aws:ec2:sa-east-1:877001948254:instance/i-0db217cc4192a62c0,Default-Bkp,COMPLETED,EC2,476.0,,arn:aws:kms:sa-east-1:877001948254:key/5aff9933-4b81-42c7-b410-2161b12d63bc,,,,
ssrmprod,sa-east-1,backup,arn:aws:ec2:sa-east-1::image/ami-0ad6aaca00f4e3408,arn:aws:ec2:sa-east-1:877001948254:instance/i-019c43be077fab936,Default-Bkp,COMPLETED,EC2,250.0,,arn:aws:kms:sa-east-1:877001948254:key/5aff9933-4b81-42c7-b410-2161b12d63bc,,,,
ssrmprod,sa-east-1,backup,arn:aws:ec2:sa-east-1::image/ami-0fa138d27d5251a83,arn:aws:ec2:sa-east-1:877001948254:instance/i-09ee64877d87075cc,Default-Bkp,COMPLETED,EC2,220.0,,arn:aws:kms:sa-east-1:877001948254:key/5aff9933-4b81-42c7-b410-2161b12d63bc,,,,
ssrmprod,sa-east-1,backup,arn:aws:ec2:sa-east-1::image/ami-0bea42e6d3ed58d53,arn:aws:ec2:sa-east-1:877001948254:instance/i-03f1d647bbbe2d4fc,Default-Bkp,COMPLETED,EC2,40.0,,arn:aws:kms:sa-east-1:877001948254:key/5aff9933-4b81-42c7-b410-2161b12d63bc,,,,
ssrmprod,sa-east-1,backup,arn:aws:ec2:sa-east-1::image/ami-0c8bbd9074102af2d,arn:aws:ec2:sa-east-1:877001948254:instance/i-019c43be077fab936,Default-Bkp,COMPLETED,EC2,250.0,,arn:aws:kms:sa-east-1:877001948254:key/5aff9933-4b81-42c7-b410-2161b12d63bc,,,,
ssrmprod,sa-east-1,backup,arn:aws:ec2:sa-east-1::image/ami-0f85fd7063705829b,arn:aws:ec2:sa-east-1:877001948254:instance/i-042673892af195f71,Default-Bkp,COMPLETED,EC2,40.0,,arn:aws:kms:sa-east-1:877001948254:key/5aff9933-4b81-42c7-b410-2161b12d63bc,,,,
ssrmprod,sa-east-1,backup,arn:aws:ec2:sa-east-1::image/ami-0567baa82b2e374dd,arn:aws:ec2:sa-east-1:877001948254:instance/i-09ee64877d87075cc,Default-Bkp,COMPLETED,EC2,220.0,,arn:aws:kms:sa-east-1:877001948254:key/5aff9933-4b81-42c7-b410-2161b12d63bc,,,,
ssrmprod,sa-east-1,backup,arn:aws:ec2:sa-east-1::image/ami-01f3fd7350f6f8bb5,arn:aws:ec2:sa-east-1:877001948254:instance/i-03f1d647bbbe2d4fc,Default-Bkp,COMPLETED,EC2,40.0,,arn:aws:kms:sa-east-1:877001948254:key/5aff9933-4b81-42c7-b410-2161b12d63bc,,,,
ssrmprod,sa-east-1,backup,arn:aws:ec2:sa-east-1::image/ami-03326dc8fcd9c2515,arn:aws:ec2:sa-east-1:877001948254:instance/i-01307af2232e38d00,Default-Bkp,COMPLETED,EC2,578.0,,arn:aws:kms:sa-east-1:877001948254:key/5aff9933-4b81-42c7-b410-2161b12d63bc,,,,
ssrmprod,sa-east-1,backup,arn:aws:ec2:sa-east-1::image/ami-086cd896fc6cfca5d,arn:aws:ec2:sa-east-1:877001948254:instance/i-0db217cc4192a62c0,Default-Bkp,COMPLETED,EC2,476.0,,arn:aws:kms:sa-east-1:877001948254:key/5aff9933-4b81-42c7-b410-2161b12d63bc,,,,
ssrmprod,sa-east-1,backup,arn:aws:ec2:sa-east-1::image/ami-0a977725c37916276,arn:aws:ec2:sa-east-1:877001948254:instance/i-019c43be077fab936,Default-Bkp,COMPLETED,EC2,250.0,,arn:aws:kms:sa-east-1:877001948254:key/5aff9933-4b81-42c7-b410-2161b12d63bc,,,,
ssrmprod,sa-east-1,backup,arn:aws:ec2:sa-east-1::image/ami-0bec2c9e7bf507ff7,arn:aws:ec2:sa-east-1:877001948254:instance/i-042673892af195f71,Default-Bkp,COMPLETED,EC2,40.0,,arn:aws:kms:sa-east-1:877001948254:key/5aff9933-4b81-42c7-b410-2161b12d63bc,,,,
ssrmprod,sa-east-1,backup,arn:aws:ec2:sa-east-1::image/ami-0c74b9c76668e784e,arn:aws:ec2:sa-east-1:877001948254:instance/i-01307af2232e38d00,Default-Bkp,COMPLETED,EC2,578.0,,arn:aws:kms:sa-east-1:877001948254:key/5aff9933-4b81-42c7-b410-2161b12d63bc,,,,
ssrmprod,sa-east-1,backup,arn:aws:ec2:sa-east-1::image/ami-03d15eb7c21e05f42,arn:aws:ec2:sa-east-1:877001948254:instance/i-09ee64877d87075cc,Default-Bkp,COMPLETED,EC2,220.0,,arn:aws:kms:sa-east-1:877001948254:key/5aff9933-4b81-42c7-b410-2161b12d63bc,,,,
ssrmprod,sa-east-1,backup,arn:aws:ec2:sa-east-1::image/ami-0ffa8b3e357a20de6,arn:aws:ec2:sa-east-1:877001948254:instance/i-03f1d647bbbe2d4fc,Default-Bkp,COMPLETED,EC2,40.0,,arn:aws:kms:sa-east-1:877001948254:key/5aff9933-4b81-42c7-b410-2161b12d63bc,,,,
ssrmprod,sa-east-1,backup,arn:aws:ec2:sa-east-1::image/ami-0b3656f9f34131906,arn:aws:ec2:sa-east-1:877001948254:instance/i-0db217cc4192a62c0,Default-Bkp,COMPLETED,EC2,476.0,,arn:aws:kms:sa-east-1:877001948254:key/5aff9933-4b81-42c7-b410-2161b12d63bc,,,,
ssrmprod,sa-east-1,backup,arn:aws:ec2:sa-east-1::image/ami-069f89c107c6c28bd,arn:aws:ec2:sa-east-1:877001948254:instance/i-019c43be077fab936,Default-Bkp,COMPLETED,EC2,250.0,,arn:aws:kms:sa-east-1:877001948254:key/5aff9933-4b81-42c7-b410-2161b12d63bc,,,,
ssrmprod,sa-east-1,backup,arn:aws:ec2:sa-east-1::image/ami-0c1a3f712de5cc930,arn:aws:ec2:sa-east-1:877001948254:instance/i-03f1d647bbbe2d4fc,Default-Bkp,COMPLETED,EC2,40.0,,arn:aws:kms:sa-east-1:877001948254:key/5aff9933-4b81-42c7-b410-2161b12d63bc,,,,
ssrmprod,sa-east-1,backup,arn:aws:ec2:sa-east-1::image/ami-0a2872d984f9aa8f9,arn:aws:ec2:sa-east-1:877001948254:instance/i-01307af2232e38d00,Default-Bkp,COMPLETED,EC2,578.0,,arn:aws:kms:sa-east-1:877001948254:key/5aff9933-4b81-42c7-b410-2161b12d63bc,,,,
ssrmprod,sa-east-1,backup,arn:aws:ec2:sa-east-1::image/ami-059f69e06c6751dd9,arn:aws:ec2:sa-east-1:877001948254:instance/i-0db217cc4192a62c0,Default-Bkp,COMPLETED,EC2,476.0,,arn:aws:kms:sa-east-1:877001948254:key/5aff9933-4b81-42c7-b410-2161b12d63bc,,,,
ssrmprod,sa-east-1,backup,arn:aws:ec2:sa-east-1::image/ami-03f041442ce17d45c,arn:aws:ec2:sa-east-1:877001948254:instance/i-042673892af195f71,Default-Bkp,COMPLETED,EC2,40.0,,arn:aws:kms:sa-east-1:877001948254:key/5aff9933-4b81-42c7-b410-2161b12d63bc,,,,
ssrmprod,sa-east-1,backup,arn:aws:ec2:sa-east-1::image/ami-07f82c4743e4ae975,arn:aws:ec2:sa-east-1:877001948254:instance/i-09ee64877d87075cc,Default-Bkp,COMPLETED,EC2,220.0,,arn:aws:kms:sa-east-1:877001948254:key/5aff9933-4b81-42c7-b410-2161b12d63bc,,,,
ssrmprod,sa-east-1,backup,arn:aws:ec2:sa-east-1::image/ami-00649f9c5bb138eae,arn:aws:ec2:sa-east-1:877001948254:instance/i-042673892af195f71,Default-Bkp,COMPLETED,EC2,40.0,,arn:aws:kms:sa-east-1:877001948254:key/5aff9933-4b81-42c7-b410-2161b12d63bc,,,,
ssrmprod,sa-east-1,backup,arn:aws:ec2:sa-east-1::image/ami-02efbc493668f14a5,arn:aws:ec2:sa-east-1:877001948254:instance/i-019c43be077fab936,Default-Bkp,COMPLETED,EC2,250.0,,arn:aws:kms:sa-east-1:877001948254:key/5aff9933-4b81-42c7-b410-2161b12d63bc,,,,
ssrmprod,sa-east-1,backup,arn:aws:ec2:sa-east-1::image/ami-0f6468349d5230608,arn:aws:ec2:sa-east-1:877001948254:instance/i-03f1d647bbbe2d4fc,Default-Bkp,COMPLETED,EC2,40.0,,arn:aws:kms:sa-east-1:877001948254:key/5aff9933-4b81-42c7-b410-2161b12d63bc,,,,
ssrmprod,sa-east-1,backup,arn:aws:ec2:sa-east-1::image/ami-0f21e1f1bd45384bf,arn:aws:ec2:sa-east-1:877001948254:instance/i-0db217cc4192a62c0,Default-Bkp,COMPLETED,EC2,476.0,,arn:aws:kms:sa-east-1:877001948254:key/5aff9933-4b81-42c7-b410-2161b12d63bc,,,,
ssrmprod,sa-east-1,backup,arn:aws:ec2:sa-east-1::image/ami-0df564e5cccf201f1,arn:aws:ec2:sa-east-1:877001948254:instance/i-09ee64877d87075cc,Default-Bkp,COMPLETED,EC2,220.0,,arn:aws:kms:sa-east-1:877001948254:key/5aff9933-4b81-42c7-b410-2161b12d63bc,,,,
ssrmprod,sa-east-1,backup,arn:aws:ec2:sa-east-1::image/ami-017d50a8473214ef7,arn:aws:ec2:sa-east-1:877001948254:instance/i-01307af2232e38d00,Default-Bkp,COMPLETED,EC2,578.0,,arn:aws:kms:sa-east-1:877001948254:key/5aff9933-4b81-42c7-b410-2161b12d63bc,,,,
ssrmprod,sa-east-1,backup,arn:aws:ec2:sa-east-1::image/ami-0ee7d389eb4910abf,arn:aws:ec2:sa-east-1:877001948254:instance/i-09ee64877d87075cc,Default-Bkp,COMPLETED,EC2,220.0,,arn:aws:kms:sa-east-1:877001948254:key/5aff9933-4b81-42c7-b410-2161b12d63bc,,,,
ssrmprod,sa-east-1,backup,arn:aws:ec2:sa-east-1::image/ami-0c8cf8d851e8a4153,arn:aws:ec2:sa-east-1:877001948254:instance/i-03f1d647bbbe2d4fc,Default-Bkp,COMPLETED,EC2,40.0,,arn:aws:kms:sa-east-1:877001948254:key/5aff9933-4b81-42c7-b410-2161b12d63bc,,,,
ssrmprod,sa-east-1,backup,arn:aws:ec2:sa-east-1::image/ami-0b6c4242d0d86a73a,arn:aws:ec2:sa-east-1:877001948254:instance/i-042673892af195f71,Default-Bkp,COMPLETED,EC2,40.0,,arn:aws:kms:sa-east-1:877001948254:key/5aff9933-4b81-42c7-b410-2161b12d63bc,,,,
ssrmprod,sa-east-1,backup,arn:aws:ec2:sa-east-1::image/ami-0e4f38f987b52c23e,arn:aws:ec2:sa-east-1:877001948254:instance/i-01307af2232e38d00,Default-Bkp,COMPLETED,EC2,578.0,,arn:aws:kms:sa-east-1:877001948254:key/5aff9933-4b81-42c7-b410-2161b12d63bc,,,,
ssrmprod,sa-east-1,backup,arn:aws:ec2:sa-east-1::image/ami-06e3bc6029bb438a2,arn:aws:ec2:sa-east-1:877001948254:instance/i-019c43be077fab936,Default-Bkp,COMPLETED,EC2,250.0,,arn:aws:kms:sa-east-1:877001948254:key/5aff9933-4b81-42c7-b410-2161b12d63bc,,,,
ssrmprod,sa-east-1,backup,arn:aws:ec2:sa-east-1::image/ami-030f72f7d70008e10,arn:aws:ec2:sa-east-1:877001948254:instance/i-0db217cc4192a62c0,Default-Bkp,COMPLETED,EC2,476.0,,arn:aws:kms:sa-east-1:877001948254:key/5aff9933-4b81-42c7-b410-2161b12d63bc,,,,
ssrmprod,sa-east-1,backup,arn:aws:ec2:sa-east-1::image/ami-0c1682f6bfe17590c,arn:aws:ec2:sa-east-1:877001948254:instance/i-09ee64877d87075cc,Default-Bkp,COMPLETED,EC2,220.0,,arn:aws:kms:sa-east-1:877001948254:key/5aff9933-4b81-42c7-b410-2161b12d63bc,,,,
ssrmprod,sa-east-1,backup,arn:aws:ec2:sa-east-1::image/ami-019f9f3187dbcaebe,arn:aws:ec2:sa-east-1:877001948254:instance/i-03f1d647bbbe2d4fc,Default-Bkp,COMPLETED,EC2,40.0,,arn:aws:kms:sa-east-1:877001948254:key/5aff9933-4b81-42c7-b410-2161b12d63bc,,,,
ssrmprod,sa-east-1,backup,arn:aws:ec2:sa-east-1::image/ami-0926ab81ad6b6d6bc,arn:aws:ec2:sa-east-1:877001948254:instance/i-019c43be077fab936,Default-Bkp,COMPLETED,EC2,250.0,,arn:aws:kms:sa-east-1:877001948254:key/5aff9933-4b81-42c7-b410-2161b12d63bc,,,,
ssrmprod,sa-east-1,backup,arn:aws:ec2:sa-east-1::image/ami-0782ecefa94793c45,arn:aws:ec2:sa-east-1:877001948254:instance/i-042673892af195f71,Default-Bkp,COMPLETED,EC2,40.0,,arn:aws:kms:sa-east-1:877001948254:key/5aff9933-4b81-42c7-b410-2161b12d63bc,,,,
ssrmprod,sa-east-1,backup,arn:aws:ec2:sa-east-1::image/ami-0448946d57fe7f914,arn:aws:ec2:sa-east-1:877001948254:instance/i-0db217cc4192a62c0,Default-Bkp,COMPLETED,EC2,476.0,,arn:aws:kms:sa-east-1:877001948254:key/5aff9933-4b81-42c7-b410-2161b12d63bc,,,,
ssrmprod,sa-east-1,backup,arn:aws:ec2:sa-east-1::image/ami-0423f0399ea6da567,arn:aws:ec2:sa-east-1:877001948254:instance/i-01307af2232e38d00,Default-Bkp,COMPLETED,EC2,578.0,,arn:aws:kms:sa-east-1:877001948254:key/5aff9933-4b81-42c7-b410-2161b12d63bc,,,,
ssrmprod,sa-east-1,backup,arn:aws:ec2:sa-east-1::image/ami-0c8b6f64b60eef736,arn:aws:ec2:sa-east-1:877001948254:instance/i-0db217cc4192a62c0,Default-Bkp,COMPLETED,EC2,476.0,,arn:aws:kms:sa-east-1:877001948254:key/5aff9933-4b81-42c7-b410-2161b12d63bc,,,,
ssrmprod,sa-east-1,backup,arn:aws:ec2:sa-east-1::image/ami-04a43f831d2268300,arn:aws:ec2:sa-east-1:877001948254:instance/i-042673892af195f71,Default-Bkp,COMPLETED,EC2,40.0,,arn:aws:kms:sa-east-1:877001948254:key/5aff9933-4b81-42c7-b410-2161b12d63bc,,,,
ssrmprod,sa-east-1,backup,arn:aws:ec2:sa-east-1::image/ami-02d033a7c911f16be,arn:aws:ec2:sa-east-1:877001948254:instance/i-03f1d647bbbe2d4fc,Default-Bkp,COMPLETED,EC2,40.0,,arn:aws:kms:sa-east-1:877001948254:key/5aff9933-4b81-42c7-b410-2161b12d63bc,,,,
ssrmprod,sa-east-1,backup,arn:aws:ec2:sa-east-1::image/ami-09f4768dea9a13bad,arn:aws:ec2:sa-east-1:877001948254:instance/i-09ee64877d87075cc,Default-Bkp,COMPLETED,EC2,220.0,,arn:aws:kms:sa-east-1:877001948254:key/5aff9933-4b81-42c7-b410-2161b12d63bc,,,,
ssrmprod,sa-east-1,backup,arn:aws:ec2:sa-east-1::image/ami-0d6bac45ab88e4bb1,arn:aws:ec2:sa-east-1:877001948254:instance/i-01307af2232e38d00,Default-Bkp,COMPLETED,EC2,578.0,,arn:aws:kms:sa-east-1:877001948254:key/5aff9933-4b81-42c7-b410-2161b12d63bc,,,,
ssrmprod,sa-east-1,backup,arn:aws:ec2:sa-east-1::image/ami-061f97ff6f283d391,arn:aws:ec2:sa-east-1:877001948254:instance/i-019c43be077fab936,Default-Bkp,COMPLETED,EC2,250.0,,arn:aws:kms:sa-east-1:877001948254:key/5aff9933-4b81-42c7-b410-2161b12d63bc,,,,
ssrmprod,sa-east-1,backup,arn:aws:ec2:sa-east-1::image/ami-0e26dd65a512031c3,arn:aws:ec2:sa-east-1:877001948254:instance/i-019c43be077fab936,Default-Bkp,COMPLETED,EC2,250.0,,arn:aws:kms:sa-east-1:877001948254:key/5aff9933-4b81-42c7-b410-2161b12d63bc,,,,
ssrmprod,sa-east-1,backup,arn:aws:ec2:sa-east-1::image/ami-01eb2c682ce2ffc65,arn:aws:ec2:sa-east-1:877001948254:instance/i-042673892af195f71,Default-Bkp,COMPLETED,EC2,40.0,,arn:aws:kms:sa-east-1:877001948254:key/5aff9933-4b81-42c7-b410-2161b12d63bc,,,,
ssrmprod,sa-east-1,backup,arn:aws:ec2:sa-east-1::image/ami-03780be8c1ff68553,arn:aws:ec2:sa-east-1:877001948254:instance/i-0db217cc4192a62c0,Default-Bkp,COMPLETED,EC2,476.0,,arn:aws:kms:sa-east-1:877001948254:key/5aff9933-4b81-42c7-b410-2161b12d63bc,,,,
ssrmprod,sa-east-1,backup,arn:aws:ec2:sa-east-1::image/ami-0f8e0e2e3a2f15172,arn:aws:ec2:sa-east-1:877001948254:instance/i-01307af2232e38d00,Default-Bkp,COMPLETED,EC2,578.0,,arn:aws:kms:sa-east-1:877001948254:key/5aff9933-4b81-42c7-b410-2161b12d63bc,,,,
ssrmprod,sa-east-1,backup,arn:aws:ec2:sa-east-1::image/ami-04a46d07a4a324383,arn:aws:ec2:sa-east-1:877001948254:instance/i-09ee64877d87075cc,Default-Bkp,COMPLETED,EC2,220.0,,arn:aws:kms:sa-east-1:877001948254:key/5aff9933-4b81-42c7-b410-2161b12d63bc,,,,
ssrmprod,sa-east-1,backup,arn:aws:ec2:sa-east-1::image/ami-09c7d67a1a282e811,arn:aws:ec2:sa-east-1:877001948254:instance/i-03f1d647bbbe2d4fc,Default-Bkp,COMPLETED,EC2,40.0,,arn:aws:kms:sa-east-1:877001948254:key/5aff9933-4b81-42c7-b410-2161b12d63bc,,,,
ssrmprod,sa-east-1,backup,arn:aws:ec2:sa-east-1::image/ami-081d9e15fd2a02312,arn:aws:ec2:sa-east-1:877001948254:instance/i-01307af2232e38d00,Default-Bkp,COMPLETED,EC2,578.0,,arn:aws:kms:sa-east-1:877001948254:key/5aff9933-4b81-42c7-b410-2161b12d63bc,,,,
ssrmprod,sa-east-1,backup,arn:aws:ec2:sa-east-1::image/ami-0d3552e97119796bf,arn:aws:ec2:sa-east-1:877001948254:instance/i-0db217cc4192a62c0,Default-Bkp,COMPLETED,EC2,476.0,,arn:aws:kms:sa-east-1:877001948254:key/5aff9933-4b81-42c7-b410-2161b12d63bc,,,,
ssrmprod,sa-east-1,backup,arn:aws:ec2:sa-east-1::image/ami-0adc705c740164b0f,arn:aws:ec2:sa-east-1:877001948254:instance/i-09ee64877d87075cc,Default-Bkp,COMPLETED,EC2,220.0,,arn:aws:kms:sa-east-1:877001948254:key/5aff9933-4b81-42c7-b410-2161b12d63bc,,,,
ssrmprod,sa-east-1,backup,arn:aws:ec2:sa-east-1::image/ami-060ceaeb580579fe3,arn:aws:ec2:sa-east-1:877001948254:instance/i-042673892af195f71,Default-Bkp,COMPLETED,EC2,40.0,,arn:aws:kms:sa-east-1:877001948254:key/5aff9933-4b81-42c7-b410-2161b12d63bc,,,,
ssrmprod,sa-east-1,backup,arn:aws:ec2:sa-east-1::image/ami-0cc6126608f2ed557,arn:aws:ec2:sa-east-1:877001948254:instance/i-019c43be077fab936,Default-Bkp,COMPLETED,EC2,250.0,,arn:aws:kms:sa-east-1:877001948254:key/5aff9933-4b81-42c7-b410-2161b12d63bc,,,,
ssrmprod,sa-east-1,backup,arn:aws:ec2:sa-east-1::image/ami-0c35329a612773050,arn:aws:ec2:sa-east-1:877001948254:instance/i-03f1d647bbbe2d4fc,Default-Bkp,COMPLETED,EC2,40.0,,arn:aws:kms:sa-east-1:877001948254:key/5aff9933-4b81-42c7-b410-2161b12d63bc,,,,
ssrmprod,sa-east-1,backup,arn:aws:ec2:sa-east-1::image/ami-099e4953a379f06e4,arn:aws:ec2:sa-east-1:877001948254:instance/i-09ee64877d87075cc,Default-Bkp,COMPLETED,EC2,220.0,,arn:aws:kms:sa-east-1:877001948254:key/5aff9933-4b81-42c7-b410-2161b12d63bc,,,,
ssrmprod,sa-east-1,backup,arn:aws:ec2:sa-east-1::image/ami-006fdc4cf16b2f557,arn:aws:ec2:sa-east-1:877001948254:instance/i-0db217cc4192a62c0,Default-Bkp,COMPLETED,EC2,476.0,,arn:aws:kms:sa-east-1:877001948254:key/5aff9933-4b81-42c7-b410-2161b12d63bc,,,,
ssrmprod,sa-east-1,backup,arn:aws:ec2:sa-east-1::image/ami-05e1ce5b19d7d9988,arn:aws:ec2:sa-east-1:877001948254:instance/i-01307af2232e38d00,Default-Bkp,COMPLETED,EC2,578.0,,arn:aws:kms:sa-east-1:877001948254:key/5aff9933-4b81-42c7-b410-2161b12d63bc,,,,
ssrmprod,sa-east-1,backup,arn:aws:ec2:sa-east-1::image/ami-04e05650987ba1f3c,arn:aws:ec2:sa-east-1:877001948254:instance/i-03f1d647bbbe2d4fc,Default-Bkp,COMPLETED,EC2,40.0,,arn:aws:kms:sa-east-1:877001948254:key/5aff9933-4b81-42c7-b410-2161b12d63bc,,,,
ssrmprod,sa-east-1,backup,arn:aws:ec2:sa-east-1::image/ami-0ad86ca618cfc259e,arn:aws:ec2:sa-east-1:877001948254:instance/i-042673892af195f71,Default-Bkp,COMPLETED,EC2,40.0,,arn:aws:kms:sa-east-1:877001948254:key/5aff9933-4b81-42c7-b410-2161b12d63bc,,,,
ssrmprod,sa-east-1,backup,arn:aws:ec2:sa-east-1::image/ami-0fb8bc3f0e89a6d0c,arn:aws:ec2:sa-east-1:877001948254:instance/i-019c43be077fab936,Default-Bkp,COMPLETED,EC2,250.0,,arn:aws:kms:sa-east-1:877001948254:key/5aff9933-4b81-42c7-b410-2161b12d63bc,,,,
ssrmprod,sa-east-1,backup,arn:aws:ec2:sa-east-1::image/ami-0563615434a7e948a,arn:aws:ec2:sa-east-1:877001948254:instance/i-03f1d647bbbe2d4fc,Default-Bkp,COMPLETED,EC2,40.0,,arn:aws:kms:sa-east-1:877001948254:key/5aff9933-4b81-42c7-b410-2161b12d63bc,,,,
ssrmprod,sa-east-1,backup,arn:aws:ec2:sa-east-1::image/ami-0b171f349aa7b50ff,arn:aws:ec2:sa-east-1:877001948254:instance/i-0db217cc4192a62c0,Default-Bkp,COMPLETED,EC2,476.0,,arn:aws:kms:sa-east-1:877001948254:key/5aff9933-4b81-42c7-b410-2161b12d63bc,,,,
ssrmprod,sa-east-1,backup,arn:aws:ec2:sa-east-1::image/ami-00baeae2f5146f8b2,arn:aws:ec2:sa-east-1:877001948254:instance/i-01307af2232e38d00,Default-Bkp,COMPLETED,EC2,578.0,,arn:aws:kms:sa-east-1:877001948254:key/5aff9933-4b81-42c7-b410-2161b12d63bc,,,,
ssrmprod,sa-east-1,backup,arn:aws:ec2:sa-east-1::image/ami-02d8cdabb54ff70f8,arn:aws:ec2:sa-east-1:877001948254:instance/i-019c43be077fab936,Default-Bkp,COMPLETED,EC2,250.0,,arn:aws:kms:sa-east-1:877001948254:key/5aff9933-4b81-42c7-b410-2161b12d63bc,,,,
ssrmprod,sa-east-1,backup,arn:aws:ec2:sa-east-1::image/ami-0f97fd39ff62ca382,arn:aws:ec2:sa-east-1:877001948254:instance/i-042673892af195f71,Default-Bkp,COMPLETED,EC2,40.0,,arn:aws:kms:sa-east-1:877001948254:key/5aff9933-4b81-42c7-b410-2161b12d63bc,,,,
ssrmprod,sa-east-1,backup,arn:aws:ec2:sa-east-1::image/ami-046faabbaf7a01d6b,arn:aws:ec2:sa-east-1:877001948254:instance/i-09ee64877d87075cc,Default-Bkp,COMPLETED,EC2,220.0,,arn:aws:kms:sa-east-1:877001948254:key/5aff9933-4b81-42c7-b410-2161b12d63bc,,,,
ssrmprod,sa-east-1,backup,arn:aws:ec2:sa-east-1::image/ami-09bb29bffd6441a61,arn:aws:ec2:sa-east-1:877001948254:instance/i-03f1d647bbbe2d4fc,Default-Bkp,COMPLETED,EC2,40.0,,arn:aws:kms:sa-east-1:877001948254:key/5aff9933-4b81-42c7-b410-2161b12d63bc,,,,
ssrmprod,sa-east-1,backup,arn:aws:ec2:sa-east-1::image/ami-001457e67c383b161,arn:aws:ec2:sa-east-1:877001948254:instance/i-042673892af195f71,Default-Bkp,COMPLETED,EC2,40.0,,arn:aws:kms:sa-east-1:877001948254:key/5aff9933-4b81-42c7-b410-2161b12d63bc,,,,
ssrmprod,sa-east-1,backup,arn:aws:ec2:sa-east-1::image/ami-0f300714a90bcfd52,arn:aws:ec2:sa-east-1:877001948254:instance/i-09ee64877d87075cc,Default-Bkp,COMPLETED,EC2,220.0,,arn:aws:kms:sa-east-1:877001948254:key/5aff9933-4b81-42c7-b410-2161b12d63bc,,,,
ssrmprod,sa-east-1,backup,arn:aws:ec2:sa-east-1::image/ami-0f1de4cf15289e9fd,arn:aws:ec2:sa-east-1:877001948254:instance/i-019c43be077fab936,Default-Bkp,COMPLETED,EC2,250.0,,arn:aws:kms:sa-east-1:877001948254:key/5aff9933-4b81-42c7-b410-2161b12d63bc,,,,
ssrmprod,sa-east-1,backup,arn:aws:ec2:sa-east-1::image/ami-0a2371b083f5a3ccd,arn:aws:ec2:sa-east-1:877001948254:instance/i-0db217cc4192a62c0,Default-Bkp,COMPLETED,EC2,476.0,,arn:aws:kms:sa-east-1:877001948254:key/5aff9933-4b81-42c7-b410-2161b12d63bc,,,,
ssrmprod,sa-east-1,backup,arn:aws:ec2:sa-east-1::image/ami-099840d6a452a5370,arn:aws:ec2:sa-east-1:877001948254:instance/i-01307af2232e38d00,Default-Bkp,COMPLETED,EC2,578.0,,arn:aws:kms:sa-east-1:877001948254:key/5aff9933-4b81-42c7-b410-2161b12d63bc,,,,
ssrmprod,sa-east-1,backup,arn:aws:ec2:sa-east-1::image/ami-0e8559b0c262915a8,arn:aws:ec2:sa-east-1:877001948254:instance/i-03f1d647bbbe2d4fc,Default-Bkp,COMPLETED,EC2,40.0,,arn:aws:kms:sa-east-1:877001948254:key/5aff9933-4b81-42c7-b410-2161b12d63bc,,,,
ssrmprod,sa-east-1,backup,arn:aws:ec2:sa-east-1::image/ami-0df534b8f8781d3e5,arn:aws:ec2:sa-east-1:877001948254:instance/i-042673892af195f71,Default-Bkp,COMPLETED,EC2,40.0,,arn:aws:kms:sa-east-1:877001948254:key/5aff9933-4b81-42c7-b410-2161b12d63bc,,,,
ssrmprod,sa-east-1,backup,arn:aws:ec2:sa-east-1::image/ami-0e1ec7fb71b892e8b,arn:aws:ec2:sa-east-1:877001948254:instance/i-09ee64877d87075cc,Default-Bkp,COMPLETED,EC2,220.0,,arn:aws:kms:sa-east-1:877001948254:key/5aff9933-4b81-42c7-b410-2161b12d63bc,,,,
ssrmprod,sa-east-1,backup,arn:aws:ec2:sa-east-1::image/ami-0e828432ecafc4ace,arn:aws:ec2:sa-east-1:877001948254:instance/i-0db217cc4192a62c0,Default-Bkp,COMPLETED,EC2,476.0,,arn:aws:kms:sa-east-1:877001948254:key/5aff9933-4b81-42c7-b410-2161b12d63bc,,,,
ssrmprod,sa-east-1,backup,arn:aws:ec2:sa-east-1::image/ami-07467555867b98a11,arn:aws:ec2:sa-east-1:877001948254:instance/i-01307af2232e38d00,Default-Bkp,COMPLETED,EC2,578.0,,arn:aws:kms:sa-east-1:877001948254:key/5aff9933-4b81-42c7-b410-2161b12d63bc,,,,
ssrmprod,sa-east-1,backup,arn:aws:ec2:sa-east-1::image/ami-0157dc75ade498ea3,arn:aws:ec2:sa-east-1:877001948254:instance/i-019c43be077fab936,Default-Bkp,COMPLETED,EC2,250.0,,arn:aws:kms:sa-east-1:877001948254:key/5aff9933-4b81-42c7-b410-2161b12d63bc,,,,
ssrmprod,sa-east-1,backup,arn:aws:ec2:sa-east-1::image/ami-0d20dee2100fd0422,arn:aws:ec2:sa-east-1:877001948254:instance/i-042673892af195f71,Default-Bkp,COMPLETED,EC2,40.0,,arn:aws:kms:sa-east-1:877001948254:key/5aff9933-4b81-42c7-b410-2161b12d63bc,,,,
ssrmprod,sa-east-1,backup,arn:aws:ec2:sa-east-1::image/ami-0c5c7ebf8b9bccda9,arn:aws:ec2:sa-east-1:877001948254:instance/i-019c43be077fab936,Default-Bkp,COMPLETED,EC2,250.0,,arn:aws:kms:sa-east-1:877001948254:key/5aff9933-4b81-42c7-b410-2161b12d63bc,,,,
ssrmprod,sa-east-1,backup,arn:aws:ec2:sa-east-1::image/ami-078778c3c611bbcc2,arn:aws:ec2:sa-east-1:877001948254:instance/i-0db217cc4192a62c0,Default-Bkp,COMPLETED,EC2,476.0,,arn:aws:kms:sa-east-1:877001948254:key/5aff9933-4b81-42c7-b410-2161b12d63bc,,,,
ssrmprod,sa-east-1,backup,arn:aws:ec2:sa-east-1::image/ami-016a2d410b4fe04a5,arn:aws:ec2:sa-east-1:877001948254:instance/i-03f1d647bbbe2d4fc,Default-Bkp,COMPLETED,EC2,40.0,,arn:aws:kms:sa-east-1:877001948254:key/5aff9933-4b81-42c7-b410-2161b12d63bc,,,,
ssrmprod,sa-east-1,backup,arn:aws:ec2:sa-east-1::image/ami-0e090f85025ab72a8,arn:aws:ec2:sa-east-1:877001948254:instance/i-09ee64877d87075cc,Default-Bkp,COMPLETED,EC2,220.0,,arn:aws:kms:sa-east-1:877001948254:key/5aff9933-4b81-42c7-b410-2161b12d63bc,,,,
ssrmprod,sa-east-1,backup,arn:aws:ec2:sa-east-1::image/ami-0be2903045373539b,arn:aws:ec2:sa-east-1:877001948254:instance/i-01307af2232e38d00,Default-Bkp,COMPLETED,EC2,578.0,,arn:aws:kms:sa-east-1:877001948254:key/5aff9933-4b81-42c7-b410-2161b12d63bc,,,,
ssrmprod,sa-east-1,backup,arn:aws:ec2:sa-east-1::image/ami-0b0fa637d06bb2c25,arn:aws:ec2:sa-east-1:877001948254:instance/i-09ee64877d87075cc,Default-Bkp,COMPLETED,EC2,220.0,,arn:aws:kms:sa-east-1:877001948254:key/5aff9933-4b81-42c7-b410-2161b12d63bc,,,,
ssrmprod,sa-east-1,backup,arn:aws:ec2:sa-east-1::image/ami-0dd965caa2bcb001f,arn:aws:ec2:sa-east-1:877001948254:instance/i-01307af2232e38d00,Default-Bkp,COMPLETED,EC2,578.0,,arn:aws:kms:sa-east-1:877001948254:key/5aff9933-4b81-42c7-b410-2161b12d63bc,,,,
ssrmprod,sa-east-1,backup,arn:aws:ec2:sa-east-1::image/ami-0de15e4cb2db3888b,arn:aws:ec2:sa-east-1:877001948254:instance/i-0db217cc4192a62c0,Default-Bkp,COMPLETED,EC2,476.0,,arn:aws:kms:sa-east-1:877001948254:key/5aff9933-4b81-42c7-b410-2161b12d63bc,,,,
ssrmprod,sa-east-1,backup,arn:aws:ec2:sa-east-1::image/ami-0f4e447bd85f31402,arn:aws:ec2:sa-east-1:877001948254:instance/i-019c43be077fab936,Default-Bkp,COMPLETED,EC2,250.0,,arn:aws:kms:sa-east-1:877001948254:key/5aff9933-4b81-42c7-b410-2161b12d63bc,,,,
ssrmprod,sa-east-1,backup,arn:aws:ec2:sa-east-1::image/ami-05e267bd05e3338cb,arn:aws:ec2:sa-east-1:877001948254:instance/i-042673892af195f71,Default-Bkp,COMPLETED,EC2,40.0,,arn:aws:kms:sa-east-1:877001948254:key/5aff9933-4b81-42c7-b410-2161b12d63bc,,,,
ssrmprod,sa-east-1,backup,arn:aws:ec2:sa-east-1::image/ami-005343176ac3a4a6c,arn:aws:ec2:sa-east-1:877001948254:instance/i-03f1d647bbbe2d4fc,Default-Bkp,COMPLETED,EC2,40.0,,arn:aws:kms:sa-east-1:877001948254:key/5aff9933-4b81-42c7-b410-2161b12d63bc,,,,
ssrmprod,sa-east-1,backup,arn:aws:ec2:sa-east-1::image/ami-09ee157243fd088f0,arn:aws:ec2:sa-east-1:877001948254:instance/i-03f1d647bbbe2d4fc,Default-Bkp,COMPLETED,EC2,40.0,,arn:aws:kms:sa-east-1:877001948254:key/5aff9933-4b81-42c7-b410-2161b12d63bc,,,,
ssrmprod,sa-east-1,backup,arn:aws:ec2:sa-east-1::image/ami-08a01d84a4cb09eda,arn:aws:ec2:sa-east-1:877001948254:instance/i-019c43be077fab936,Default-Bkp,COMPLETED,EC2,250.0,,arn:aws:kms:sa-east-1:877001948254:key/5aff9933-4b81-42c7-b410-2161b12d63bc,,,,
ssrmprod,sa-east-1,backup,arn:aws:ec2:sa-east-1::image/ami-0980da110b5b7c720,arn:aws:ec2:sa-east-1:877001948254:instance/i-01307af2232e38d00,Default-Bkp,COMPLETED,EC2,578.0,,arn:aws:kms:sa-east-1:877001948254:key/5aff9933-4b81-42c7-b410-2161b12d63bc,,,,
ssrmprod,sa-east-1,backup,arn:aws:ec2:sa-east-1::image/ami-0fda4b29a1a8e85a9,arn:aws:ec2:sa-east-1:877001948254:instance/i-042673892af195f71,Default-Bkp,COMPLETED,EC2,40.0,,arn:aws:kms:sa-east-1:877001948254:key/5aff9933-4b81-42c7-b410-2161b12d63bc,,,,
ssrmprod,sa-east-1,backup,arn:aws:ec2:sa-east-1::image/ami-08680d04f3e2e9e17,arn:aws:ec2:sa-east-1:877001948254:instance/i-09ee64877d87075cc,Default-Bkp,COMPLETED,EC2,220.0,,arn:aws:kms:sa-east-1:877001948254:key/5aff9933-4b81-42c7-b410-2161b12d63bc,,,,
ssrmprod,sa-east-1,backup,arn:aws:ec2:sa-east-1::image/ami-034d91459d761ceae,arn:aws:ec2:sa-east-1:877001948254:instance/i-0db217cc4192a62c0,Default-Bkp,COMPLETED,EC2,476.0,,arn:aws:kms:sa-east-1:877001948254:key/5aff9933-4b81-42c7-b410-2161b12d63bc,,,,
ssrmprod,sa-east-1,backup,arn:aws:ec2:sa-east-1::image/ami-0413bfe462f9714ba,arn:aws:ec2:sa-east-1:877001948254:instance/i-09ee64877d87075cc,Default-Bkp,COMPLETED,EC2,220.0,,arn:aws:kms:sa-east-1:877001948254:key/5aff9933-4b81-42c7-b410-2161b12d63bc,,,,
ssrmprod,sa-east-1,backup,arn:aws:ec2:sa-east-1::image/ami-0f06e36609c2e5468,arn:aws:ec2:sa-east-1:877001948254:instance/i-019c43be077fab936,Default-Bkp,COMPLETED,EC2,250.0,,arn:aws:kms:sa-east-1:877001948254:key/5aff9933-4b81-42c7-b410-2161b12d63bc,,,,
ssrmprod,sa-east-1,backup,arn:aws:ec2:sa-east-1::image/ami-021ad7d94794b1358,arn:aws:ec2:sa-east-1:877001948254:instance/i-042673892af195f71,Default-Bkp,COMPLETED,EC2,40.0,,arn:aws:kms:sa-east-1:877001948254:key/5aff9933-4b81-42c7-b410-2161b12d63bc,,,,
ssrmprod,sa-east-1,backup,arn:aws:ec2:sa-east-1::image/ami-0a654563bbc0f6344,arn:aws:ec2:sa-east-1:877001948254:instance/i-01307af2232e38d00,Default-Bkp,COMPLETED,EC2,578.0,,arn:aws:kms:sa-east-1:877001948254:key/5aff9933-4b81-42c7-b410-2161b12d63bc,,,,
ssrmprod,sa-east-1,backup,arn:aws:ec2:sa-east-1::image/ami-02f258b4069ae0c09,arn:aws:ec2:sa-east-1:877001948254:instance/i-03f1d647bbbe2d4fc,Default-Bkp,COMPLETED,EC2,40.0,,arn:aws:kms:sa-east-1:877001948254:key/5aff9933-4b81-42c7-b410-2161b12d63bc,,,,
ssrmprod,sa-east-1,backup,arn:aws:ec2:sa-east-1::image/ami-07934046f0920861f,arn:aws:ec2:sa-east-1:877001948254:instance/i-0db217cc4192a62c0,Default-Bkp,COMPLETED,EC2,476.0,,arn:aws:kms:sa-east-1:877001948254:key/5aff9933-4b81-42c7-b410-2161b12d63bc,,,,
ssrmprod,sa-east-1,backup,arn:aws:ec2:sa-east-1::image/ami-074d51cafdcfda5fe,arn:aws:ec2:sa-east-1:877001948254:instance/i-01307af2232e38d00,Default-Bkp,COMPLETED,EC2,578.0,,arn:aws:kms:sa-east-1:877001948254:key/5aff9933-4b81-42c7-b410-2161b12d63bc,,,,
ssrmprod,sa-east-1,backup,arn:aws:ec2:sa-east-1::image/ami-00bb4c27d86fd864a,arn:aws:ec2:sa-east-1:877001948254:instance/i-042673892af195f71,Default-Bkp,COMPLETED,EC2,40.0,,arn:aws:kms:sa-east-1:877001948254:key/5aff9933-4b81-42c7-b410-2161b12d63bc,,,,
ssrmprod,sa-east-1,backup,arn:aws:ec2:sa-east-1::image/ami-06450864aa2259ff7,arn:aws:ec2:sa-east-1:877001948254:instance/i-03f1d647bbbe2d4fc,Default-Bkp,COMPLETED,EC2,40.0,,arn:aws:kms:sa-east-1:877001948254:key/5aff9933-4b81-42c7-b410-2161b12d63bc,,,,
ssrmprod,sa-east-1,backup,arn:aws:ec2:sa-east-1::image/ami-0a5e41bb230bcf594,arn:aws:ec2:sa-east-1:877001948254:instance/i-09ee64877d87075cc,Default-Bkp,COMPLETED,EC2,220.0,,arn:aws:kms:sa-east-1:877001948254:key/5aff9933-4b81-42c7-b410-2161b12d63bc,,,,
ssrmprod,sa-east-1,backup,arn:aws:ec2:sa-east-1::image/ami-0589663270d60ed7b,arn:aws:ec2:sa-east-1:877001948254:instance/i-019c43be077fab936,Default-Bkp,COMPLETED,EC2,250.0,,arn:aws:kms:sa-east-1:877001948254:key/5aff9933-4b81-42c7-b410-2161b12d63bc,,,,
ssrmprod,sa-east-1,backup,arn:aws:ec2:sa-east-1::image/ami-0b600403582abe9a3,arn:aws:ec2:sa-east-1:877001948254:instance/i-0db217cc4192a62c0,Default-Bkp,COMPLETED,EC2,476.0,,arn:aws:kms:sa-east-1:877001948254:key/5aff9933-4b81-42c7-b410-2161b12d63bc,,,,
ssrmprod,sa-east-1,backup,arn:aws:ec2:sa-east-1::image/ami-0392de886ab2320f8,arn:aws:ec2:sa-east-1:877001948254:instance/i-042673892af195f71,Default-Bkp,COMPLETED,EC2,40.0,,arn:aws:kms:sa-east-1:877001948254:key/5aff9933-4b81-42c7-b410-2161b12d63bc,,,,
ssrmprod,sa-east-1,backup,arn:aws:ec2:sa-east-1::image/ami-0f2afe8840be80af8,arn:aws:ec2:sa-east-1:877001948254:instance/i-03f1d647bbbe2d4fc,Default-Bkp,COMPLETED,EC2,40.0,,arn:aws:kms:sa-east-1:877001948254:key/5aff9933-4b81-42c7-b410-2161b12d63bc,,,,
ssrmprod,sa-east-1,backup,arn:aws:ec2:sa-east-1::image/ami-0cab9b527f1755bdc,arn:aws:ec2:sa-east-1:877001948254:instance/i-0db217cc4192a62c0,Default-Bkp,COMPLETED,EC2,476.0,,arn:aws:kms:sa-east-1:877001948254:key/5aff9933-4b81-42c7-b410-2161b12d63bc,,,,
ssrmprod,sa-east-1,backup,arn:aws:ec2:sa-east-1::image/ami-07883caa676a445f1,arn:aws:ec2:sa-east-1:877001948254:instance/i-019c43be077fab936,Default-Bkp,COMPLETED,EC2,250.0,,arn:aws:kms:sa-east-1:877001948254:key/5aff9933-4b81-42c7-b410-2161b12d63bc,,,,
ssrmprod,sa-east-1,backup,arn:aws:ec2:sa-east-1::image/ami-0c837bebbe16139b4,arn:aws:ec2:sa-east-1:877001948254:instance/i-09ee64877d87075cc,Default-Bkp,COMPLETED,EC2,220.0,,arn:aws:kms:sa-east-1:877001948254:key/5aff9933-4b81-42c7-b410-2161b12d63bc,,,,
ssrmprod,sa-east-1,backup,arn:aws:ec2:sa-east-1::image/ami-03f64442e66090515,arn:aws:ec2:sa-east-1:877001948254:instance/i-01307af2232e38d00,Default-Bkp,COMPLETED,EC2,578.0,,arn:aws:kms:sa-east-1:877001948254:key/5aff9933-4b81-42c7-b410-2161b12d63bc,,,,
ssrmprod,sa-east-1,backup,arn:aws:ec2:sa-east-1::image/ami-022506583efba34be,arn:aws:ec2:sa-east-1:877001948254:instance/i-0db217cc4192a62c0,Default-Bkp,COMPLETED,EC2,476.0,,arn:aws:kms:sa-east-1:877001948254:key/5aff9933-4b81-42c7-b410-2161b12d63bc,,,,
ssrmprod,sa-east-1,backup,arn:aws:ec2:sa-east-1::image/ami-0940db05a05a956dd,arn:aws:ec2:sa-east-1:877001948254:instance/i-03f1d647bbbe2d4fc,Default-Bkp,COMPLETED,EC2,40.0,,arn:aws:kms:sa-east-1:877001948254:key/5aff9933-4b81-42c7-b410-2161b12d63bc,,,,
ssrmprod,sa-east-1,backup,arn:aws:ec2:sa-east-1::image/ami-08b5740042483676d,arn:aws:ec2:sa-east-1:877001948254:instance/i-042673892af195f71,Default-Bkp,COMPLETED,EC2,40.0,,arn:aws:kms:sa-east-1:877001948254:key/5aff9933-4b81-42c7-b410-2161b12d63bc,,,,
ssrmprod,sa-east-1,backup,arn:aws:ec2:sa-east-1::image/ami-0dd664b7556d607bd,arn:aws:ec2:sa-east-1:877001948254:instance/i-019c43be077fab936,Default-Bkp,COMPLETED,EC2,250.0,,arn:aws:kms:sa-east-1:877001948254:key/5aff9933-4b81-42c7-b410-2161b12d63bc,,,,
ssrmprod,sa-east-1,backup,arn:aws:ec2:sa-east-1::image/ami-0e8422a68fc765a48,arn:aws:ec2:sa-east-1:877001948254:instance/i-09ee64877d87075cc,Default-Bkp,COMPLETED,EC2,220.0,,arn:aws:kms:sa-east-1:877001948254:key/5aff9933-4b81-42c7-b410-2161b12d63bc,,,,
ssrmprod,sa-east-1,backup,arn:aws:ec2:sa-east-1::image/ami-08736586017085a56,arn:aws:ec2:sa-east-1:877001948254:instance/i-01307af2232e38d00,Default-Bkp,COMPLETED,EC2,578.0,,arn:aws:kms:sa-east-1:877001948254:key/5aff9933-4b81-42c7-b410-2161b12d63bc,,,,
ssrmprod,sa-east-1,backup,arn:aws:ec2:sa-east-1::image/ami-0194ce6f6a7b59b33,arn:aws:ec2:sa-east-1:877001948254:instance/i-09ee64877d87075cc,Default-Bkp,COMPLETED,EC2,220.0,,arn:aws:kms:sa-east-1:877001948254:key/5aff9933-4b81-42c7-b410-2161b12d63bc,,,,
ssrmprod,sa-east-1,backup,arn:aws:ec2:sa-east-1::image/ami-01f3a66129e758c3c,arn:aws:ec2:sa-east-1:877001948254:instance/i-01307af2232e38d00,Default-Bkp,COMPLETED,EC2,578.0,,arn:aws:kms:sa-east-1:877001948254:key/5aff9933-4b81-42c7-b410-2161b12d63bc,,,,
ssrmprod,sa-east-1,backup,arn:aws:ec2:sa-east-1::image/ami-060e4c9d56630b0f1,arn:aws:ec2:sa-east-1:877001948254:instance/i-0db217cc4192a62c0,Default-Bkp,COMPLETED,EC2,476.0,,arn:aws:kms:sa-east-1:877001948254:key/5aff9933-4b81-42c7-b410-2161b12d63bc,,,,
ssrmprod,sa-east-1,backup,arn:aws:ec2:sa-east-1::image/ami-03efdb400f6f7bef8,arn:aws:ec2:sa-east-1:877001948254:instance/i-03f1d647bbbe2d4fc,Default-Bkp,COMPLETED,EC2,40.0,,arn:aws:kms:sa-east-1:877001948254:key/5aff9933-4b81-42c7-b410-2161b12d63bc,,,,
ssrmprod,sa-east-1,backup,arn:aws:ec2:sa-east-1::image/ami-03798341f5d75d911,arn:aws:ec2:sa-east-1:877001948254:instance/i-042673892af195f71,Default-Bkp,COMPLETED,EC2,40.0,,arn:aws:kms:sa-east-1:877001948254:key/5aff9933-4b81-42c7-b410-2161b12d63bc,,,,
ssrmprod,sa-east-1,backup,arn:aws:ec2:sa-east-1::image/ami-020d64730ee4e24cf,arn:aws:ec2:sa-east-1:877001948254:instance/i-019c43be077fab936,Default-Bkp,COMPLETED,EC2,250.0,,arn:aws:kms:sa-east-1:877001948254:key/5aff9933-4b81-42c7-b410-2161b12d63bc,,,,
ssrmprod,sa-east-1,backup,arn:aws:ec2:sa-east-1::image/ami-00c2abe3c2ec4ae2d,arn:aws:ec2:sa-east-1:877001948254:instance/i-09ee64877d87075cc,Default-Bkp,COMPLETED,EC2,220.0,,arn:aws:kms:sa-east-1:877001948254:key/5aff9933-4b81-42c7-b410-2161b12d63bc,,,,
ssrmprod,sa-east-1,backup,arn:aws:ec2:sa-east-1::image/ami-016edc1fd3deee5f9,arn:aws:ec2:sa-east-1:877001948254:instance/i-0db217cc4192a62c0,Default-Bkp,COMPLETED,EC2,476.0,,arn:aws:kms:sa-east-1:877001948254:key/5aff9933-4b81-42c7-b410-2161b12d63bc,,,,
ssrmprod,sa-east-1,backup,arn:aws:ec2:sa-east-1::image/ami-00d2e6f388b94105b,arn:aws:ec2:sa-east-1:877001948254:instance/i-042673892af195f71,Default-Bkp,COMPLETED,EC2,40.0,,arn:aws:kms:sa-east-1:877001948254:key/5aff9933-4b81-42c7-b410-2161b12d63bc,,,,
ssrmprod,sa-east-1,backup,arn:aws:ec2:sa-east-1::image/ami-07561c9cdc8cfb7ed,arn:aws:ec2:sa-east-1:877001948254:instance/i-019c43be077fab936,Default-Bkp,COMPLETED,EC2,250.0,,arn:aws:kms:sa-east-1:877001948254:key/5aff9933-4b81-42c7-b410-2161b12d63bc,,,,
ssrmprod,sa-east-1,backup,arn:aws:ec2:sa-east-1::image/ami-0442fd438a0d36ff4,arn:aws:ec2:sa-east-1:877001948254:instance/i-01307af2232e38d00,Default-Bkp,COMPLETED,EC2,578.0,,arn:aws:kms:sa-east-1:877001948254:key/5aff9933-4b81-42c7-b410-2161b12d63bc,,,,
ssrmprod,sa-east-1,backup,arn:aws:ec2:sa-east-1::image/ami-004c16117434e1cd0,arn:aws:ec2:sa-east-1:877001948254:instance/i-03f1d647bbbe2d4fc,Default-Bkp,COMPLETED,EC2,40.0,,arn:aws:kms:sa-east-1:877001948254:key/5aff9933-4b81-42c7-b410-2161b12d63bc,,,,
ssrmprod,sa-east-1,backup,arn:aws:ec2:sa-east-1::image/ami-00dd7d9aad554463b,arn:aws:ec2:sa-east-1:877001948254:instance/i-01307af2232e38d00,Default-Bkp,COMPLETED,EC2,578.0,,arn:aws:kms:sa-east-1:877001948254:key/5aff9933-4b81-42c7-b410-2161b12d63bc,,,,
ssrmprod,sa-east-1,backup,arn:aws:ec2:sa-east-1::image/ami-0cfcb15ff2305ef74,arn:aws:ec2:sa-east-1:877001948254:instance/i-019c43be077fab936,Default-Bkp,COMPLETED,EC2,250.0,,arn:aws:kms:sa-east-1:877001948254:key/5aff9933-4b81-42c7-b410-2161b12d63bc,,,,
ssrmprod,sa-east-1,backup,arn:aws:ec2:sa-east-1::image/ami-0455db40bad2aa212,arn:aws:ec2:sa-east-1:877001948254:instance/i-09ee64877d87075cc,Default-Bkp,COMPLETED,EC2,220.0,,arn:aws:kms:sa-east-1:877001948254:key/5aff9933-4b81-42c7-b410-2161b12d63bc,,,,
ssrmprod,sa-east-1,backup,arn:aws:ec2:sa-east-1::image/ami-09425e080c5ee148c,arn:aws:ec2:sa-east-1:877001948254:instance/i-03f1d647bbbe2d4fc,Default-Bkp,COMPLETED,EC2,40.0,,arn:aws:kms:sa-east-1:877001948254:key/5aff9933-4b81-42c7-b410-2161b12d63bc,,,,
ssrmprod,sa-east-1,backup,arn:aws:ec2:sa-east-1::image/ami-05a706ec41bfa5955,arn:aws:ec2:sa-east-1:877001948254:instance/i-042673892af195f71,Default-Bkp,COMPLETED,EC2,40.0,,arn:aws:kms:sa-east-1:877001948254:key/5aff9933-4b81-42c7-b410-2161b12d63bc,,,,
ssrmprod,sa-east-1,backup,arn:aws:ec2:sa-east-1::image/ami-0f4a97ae25ccc3434,arn:aws:ec2:sa-east-1:877001948254:instance/i-0db217cc4192a62c0,Default-Bkp,COMPLETED,EC2,476.0,,arn:aws:kms:sa-east-1:877001948254:key/5aff9933-4b81-42c7-b410-2161b12d63bc,,,,
ssrmprod,sa-east-1,backup,arn:aws:ec2:sa-east-1::image/ami-08ae578ef18805179,arn:aws:ec2:sa-east-1:877001948254:instance/i-03f1d647bbbe2d4fc,Default-Bkp,COMPLETED,EC2,40.0,,arn:aws:kms:sa-east-1:877001948254:key/5aff9933-4b81-42c7-b410-2161b12d63bc,,,,
ssrmprod,sa-east-1,backup,arn:aws:ec2:sa-east-1::image/ami-06d948096902faa40,arn:aws:ec2:sa-east-1:877001948254:instance/i-01307af2232e38d00,Default-Bkp,COMPLETED,EC2,578.0,,arn:aws:kms:sa-east-1:877001948254:key/5aff9933-4b81-42c7-b410-2161b12d63bc,,,,
ssrmprod,sa-east-1,backup,arn:aws:ec2:sa-east-1::image/ami-07d98010296bcd12b,arn:aws:ec2:sa-east-1:877001948254:instance/i-0db217cc4192a62c0,Default-Bkp,COMPLETED,EC2,476.0,,arn:aws:kms:sa-east-1:877001948254:key/5aff9933-4b81-42c7-b410-2161b12d63bc,,,,
ssrmprod,sa-east-1,backup,arn:aws:ec2:sa-east-1::image/ami-047854c5d4c55a774,arn:aws:ec2:sa-east-1:877001948254:instance/i-09ee64877d87075cc,Default-Bkp,COMPLETED,EC2,220.0,,arn:aws:kms:sa-east-1:877001948254:key/5aff9933-4b81-42c7-b410-2161b12d63bc,,,,
ssrmprod,sa-east-1,backup,arn:aws:ec2:sa-east-1::image/ami-0d7445d6e5e45ce5c,arn:aws:ec2:sa-east-1:877001948254:instance/i-019c43be077fab936,Default-Bkp,COMPLETED,EC2,250.0,,arn:aws:kms:sa-east-1:877001948254:key/5aff9933-4b81-42c7-b410-2161b12d63bc,,,,
ssrmprod,sa-east-1,backup,arn:aws:ec2:sa-east-1::image/ami-0fee1dcb61e45ccfd,arn:aws:ec2:sa-east-1:877001948254:instance/i-042673892af195f71,Default-Bkp,COMPLETED,EC2,40.0,,arn:aws:kms:sa-east-1:877001948254:key/5aff9933-4b81-42c7-b410-2161b12d63bc,,,,
ssrmprod,sa-east-1,backup,arn:aws:ec2:sa-east-1::image/ami-02248c1447cf022a0,arn:aws:ec2:sa-east-1:877001948254:instance/i-042673892af195f71,Default-Bkp,COMPLETED,EC2,40.0,,arn:aws:kms:sa-east-1:877001948254:key/5aff9933-4b81-42c7-b410-2161b12d63bc,,,,
ssrmprod,sa-east-1,backup,arn:aws:ec2:sa-east-1::image/ami-04981c63f09af5409,arn:aws:ec2:sa-east-1:877001948254:instance/i-019c43be077fab936,Default-Bkp,COMPLETED,EC2,250.0,,arn:aws:kms:sa-east-1:877001948254:key/5aff9933-4b81-42c7-b410-2161b12d63bc,,,,
ssrmprod,sa-east-1,backup,arn:aws:ec2:sa-east-1::image/ami-08ccd0cd4d4708b21,arn:aws:ec2:sa-east-1:877001948254:instance/i-0db217cc4192a62c0,Default-Bkp,COMPLETED,EC2,476.0,,arn:aws:kms:sa-east-1:877001948254:key/5aff9933-4b81-42c7-b410-2161b12d63bc,,,,
ssrmprod,sa-east-1,backup,arn:aws:ec2:sa-east-1::image/ami-07a6bfaef70a9bf7e,arn:aws:ec2:sa-east-1:877001948254:instance/i-01307af2232e38d00,Default-Bkp,COMPLETED,EC2,578.0,,arn:aws:kms:sa-east-1:877001948254:key/5aff9933-4b81-42c7-b410-2161b12d63bc,,,,
ssrmprod,sa-east-1,backup,arn:aws:ec2:sa-east-1::image/ami-066d87af14afc3c66,arn:aws:ec2:sa-east-1:877001948254:instance/i-09ee64877d87075cc,Default-Bkp,COMPLETED,EC2,220.0,,arn:aws:kms:sa-east-1:877001948254:key/5aff9933-4b81-42c7-b410-2161b12d63bc,,,,
ssrmprod,sa-east-1,backup,arn:aws:ec2:sa-east-1::image/ami-01ef7b8f19508881c,arn:aws:ec2:sa-east-1:877001948254:instance/i-03f1d647bbbe2d4fc,Default-Bkp,COMPLETED,EC2,40.0,,arn:aws:kms:sa-east-1:877001948254:key/5aff9933-4b81-42c7-b410-2161b12d63bc,,,,
ssrmprod,sa-east-1,backup,arn:aws:ec2:sa-east-1::image/ami-0c83f5ef8aff681e5,arn:aws:ec2:sa-east-1:877001948254:instance/i-09ee64877d87075cc,Default-Bkp,COMPLETED,EC2,220.0,,arn:aws:kms:sa-east-1:877001948254:key/5aff9933-4b81-42c7-b410-2161b12d63bc,,,,
ssrmprod,sa-east-1,backup,arn:aws:ec2:sa-east-1::image/ami-00c826d83acfd088a,arn:aws:ec2:sa-east-1:877001948254:instance/i-019c43be077fab936,Default-Bkp,COMPLETED,EC2,250.0,,arn:aws:kms:sa-east-1:877001948254:key/5aff9933-4b81-42c7-b410-2161b12d63bc,,,,
ssrmprod,sa-east-1,backup,arn:aws:ec2:sa-east-1::image/ami-047eecb69b95bfd1b,arn:aws:ec2:sa-east-1:877001948254:instance/i-01307af2232e38d00,Default-Bkp,COMPLETED,EC2,578.0,,arn:aws:kms:sa-east-1:877001948254:key/5aff9933-4b81-42c7-b410-2161b12d63bc,,,,
ssrmprod,sa-east-1,backup,arn:aws:ec2:sa-east-1::image/ami-09810399f38b867cd,arn:aws:ec2:sa-east-1:877001948254:instance/i-0db217cc4192a62c0,Default-Bkp,COMPLETED,EC2,476.0,,arn:aws:kms:sa-east-1:877001948254:key/5aff9933-4b81-42c7-b410-2161b12d63bc,,,,
ssrmprod,sa-east-1,backup,arn:aws:ec2:sa-east-1::image/ami-0c8686fb1a101ea36,arn:aws:ec2:sa-east-1:877001948254:instance/i-03f1d647bbbe2d4fc,Default-Bkp,COMPLETED,EC2,40.0,,arn:aws:kms:sa-east-1:877001948254:key/5aff9933-4b81-42c7-b410-2161b12d63bc,,,,
ssrmprod,sa-east-1,backup,arn:aws:ec2:sa-east-1::image/ami-09027e459059a85fb,arn:aws:ec2:sa-east-1:877001948254:instance/i-042673892af195f71,Default-Bkp,COMPLETED,EC2,40.0,,arn:aws:kms:sa-east-1:877001948254:key/5aff9933-4b81-42c7-b410-2161b12d63bc,,,,
ssrmprod,sa-east-1,backup,arn:aws:ec2:sa-east-1::image/ami-09d28e79451c3767c,arn:aws:ec2:sa-east-1:877001948254:instance/i-0db217cc4192a62c0,Default-Bkp,COMPLETED,EC2,476.0,,arn:aws:kms:sa-east-1:877001948254:key/5aff9933-4b81-42c7-b410-2161b12d63bc,,,,
ssrmprod,sa-east-1,backup,arn:aws:ec2:sa-east-1::image/ami-00c0ff38be205b606,arn:aws:ec2:sa-east-1:877001948254:instance/i-09ee64877d87075cc,Default-Bkp,COMPLETED,EC2,220.0,,arn:aws:kms:sa-east-1:877001948254:key/5aff9933-4b81-42c7-b410-2161b12d63bc,,,,
ssrmprod,sa-east-1,backup,arn:aws:ec2:sa-east-1::image/ami-0a937a3b6f47ce274,arn:aws:ec2:sa-east-1:877001948254:instance/i-042673892af195f71,Default-Bkp,COMPLETED,EC2,40.0,,arn:aws:kms:sa-east-1:877001948254:key/5aff9933-4b81-42c7-b410-2161b12d63bc,,,,
ssrmprod,sa-east-1,backup,arn:aws:ec2:sa-east-1::image/ami-0157cd418df7f593b,arn:aws:ec2:sa-east-1:877001948254:instance/i-03f1d647bbbe2d4fc,Default-Bkp,COMPLETED,EC2,40.0,,arn:aws:kms:sa-east-1:877001948254:key/5aff9933-4b81-42c7-b410-2161b12d63bc,,,,
ssrmprod,sa-east-1,backup,arn:aws:ec2:sa-east-1::image/ami-0a939c4bcb2d94e22,arn:aws:ec2:sa-east-1:877001948254:instance/i-019c43be077fab936,Default-Bkp,COMPLETED,EC2,250.0,,arn:aws:kms:sa-east-1:877001948254:key/5aff9933-4b81-42c7-b410-2161b12d63bc,,,,
ssrmprod,sa-east-1,backup,arn:aws:ec2:sa-east-1::image/ami-02ee759f2d4027b02,arn:aws:ec2:sa-east-1:877001948254:instance/i-01307af2232e38d00,Default-Bkp,COMPLETED,EC2,578.0,,arn:aws:kms:sa-east-1:877001948254:key/5aff9933-4b81-42c7-b410-2161b12d63bc,,,,
ssrmprod,sa-east-1,backup,arn:aws:ec2:sa-east-1::image/ami-07eea3789ed4a38ae,arn:aws:ec2:sa-east-1:877001948254:instance/i-03f1d647bbbe2d4fc,Default-Bkp,COMPLETED,EC2,40.0,,arn:aws:kms:sa-east-1:877001948254:key/5aff9933-4b81-42c7-b410-2161b12d63bc,,,,
ssrmprod,sa-east-1,backup,arn:aws:ec2:sa-east-1::image/ami-0c7fc41b2d91bcb3b,arn:aws:ec2:sa-east-1:877001948254:instance/i-042673892af195f71,Default-Bkp,COMPLETED,EC2,40.0,,arn:aws:kms:sa-east-1:877001948254:key/5aff9933-4b81-42c7-b410-2161b12d63bc,,,,
ssrmprod,sa-east-1,backup,arn:aws:ec2:sa-east-1::image/ami-0c3c4f949d6287273,arn:aws:ec2:sa-east-1:877001948254:instance/i-0db217cc4192a62c0,Default-Bkp,COMPLETED,EC2,476.0,,arn:aws:kms:sa-east-1:877001948254:key/5aff9933-4b81-42c7-b410-2161b12d63bc,,,,
ssrmprod,sa-east-1,backup,arn:aws:ec2:sa-east-1::image/ami-01236081f82286c04,arn:aws:ec2:sa-east-1:877001948254:instance/i-019c43be077fab936,Default-Bkp,COMPLETED,EC2,250.0,,arn:aws:kms:sa-east-1:877001948254:key/5aff9933-4b81-42c7-b410-2161b12d63bc,,,,
ssrmprod,sa-east-1,backup,arn:aws:ec2:sa-east-1::image/ami-048e8a6acd4c9e86f,arn:aws:ec2:sa-east-1:877001948254:instance/i-01307af2232e38d00,Default-Bkp,COMPLETED,EC2,578.0,,arn:aws:kms:sa-east-1:877001948254:key/5aff9933-4b81-42c7-b410-2161b12d63bc,,,,
ssrmprod,sa-east-1,backup,arn:aws:ec2:sa-east-1::image/ami-0bbf5fcde4b90f541,arn:aws:ec2:sa-east-1:877001948254:instance/i-09ee64877d87075cc,Default-Bkp,COMPLETED,EC2,220.0,,arn:aws:kms:sa-east-1:877001948254:key/5aff9933-4b81-42c7-b410-2161b12d63bc,,,,
ssrmprod,sa-east-1,backup,arn:aws:ec2:sa-east-1::image/ami-020b34e24d3dd03ef,arn:aws:ec2:sa-east-1:877001948254:instance/i-09ee64877d87075cc,Default-Bkp,COMPLETED,EC2,220.0,,arn:aws:kms:sa-east-1:877001948254:key/5aff9933-4b81-42c7-b410-2161b12d63bc,,,,
ssrmprod,sa-east-1,backup,arn:aws:ec2:sa-east-1::image/ami-0292d64cca0b10c89,arn:aws:ec2:sa-east-1:877001948254:instance/i-03f1d647bbbe2d4fc,Default-Bkp,COMPLETED,EC2,40.0,,arn:aws:kms:sa-east-1:877001948254:key/5aff9933-4b81-42c7-b410-2161b12d63bc,,,,
ssrmprod,sa-east-1,backup,arn:aws:ec2:sa-east-1::image/ami-0a1f917a9b5653554,arn:aws:ec2:sa-east-1:877001948254:instance/i-042673892af195f71,Default-Bkp,COMPLETED,EC2,40.0,,arn:aws:kms:sa-east-1:877001948254:key/5aff9933-4b81-42c7-b410-2161b12d63bc,,,,
ssrmprod,sa-east-1,backup,arn:aws:ec2:sa-east-1::image/ami-0ffb88b84e4eea675,arn:aws:ec2:sa-east-1:877001948254:instance/i-019c43be077fab936,Default-Bkp,COMPLETED,EC2,250.0,,arn:aws:kms:sa-east-1:877001948254:key/5aff9933-4b81-42c7-b410-2161b12d63bc,,,,
ssrmprod,sa-east-1,backup,arn:aws:ec2:sa-east-1::image/ami-002235488061a6757,arn:aws:ec2:sa-east-1:877001948254:instance/i-01307af2232e38d00,Default-Bkp,COMPLETED,EC2,578.0,,arn:aws:kms:sa-east-1:877001948254:key/5aff9933-4b81-42c7-b410-2161b12d63bc,,,,
ssrmprod,sa-east-1,backup,arn:aws:ec2:sa-east-1::image/ami-0430421ef667bdd4e,arn:aws:ec2:sa-east-1:877001948254:instance/i-0db217cc4192a62c0,Default-Bkp,COMPLETED,EC2,476.0,,arn:aws:kms:sa-east-1:877001948254:key/5aff9933-4b81-42c7-b410-2161b12d63bc,,,,
ssrmprod,sa-east-1,backup,arn:aws:ec2:sa-east-1::image/ami-042c2e3c38161fa51,arn:aws:ec2:sa-east-1:877001948254:instance/i-019c43be077fab936,Default-Bkp,COMPLETED,EC2,250.0,,arn:aws:kms:sa-east-1:877001948254:key/5aff9933-4b81-42c7-b410-2161b12d63bc,,,,
ssrmprod,sa-east-1,backup,arn:aws:ec2:sa-east-1::image/ami-0c0bd9f103c4584a6,arn:aws:ec2:sa-east-1:877001948254:instance/i-09ee64877d87075cc,Default-Bkp,COMPLETED,EC2,220.0,,arn:aws:kms:sa-east-1:877001948254:key/5aff9933-4b81-42c7-b410-2161b12d63bc,,,,
ssrmprod,sa-east-1,backup,arn:aws:ec2:sa-east-1::image/ami-071f8c7f169e38f62,arn:aws:ec2:sa-east-1:877001948254:instance/i-0db217cc4192a62c0,Default-Bkp,COMPLETED,EC2,476.0,,arn:aws:kms:sa-east-1:877001948254:key/5aff9933-4b81-42c7-b410-2161b12d63bc,,,,
ssrmprod,sa-east-1,backup,arn:aws:ec2:sa-east-1::image/ami-0152ffb68993eea8d,arn:aws:ec2:sa-east-1:877001948254:instance/i-03f1d647bbbe2d4fc,Default-Bkp,COMPLETED,EC2,40.0,,arn:aws:kms:sa-east-1:877001948254:key/5aff9933-4b81-42c7-b410-2161b12d63bc,,,,
ssrmprod,sa-east-1,backup,arn:aws:ec2:sa-east-1::image/ami-02fe478a0a7893764,arn:aws:ec2:sa-east-1:877001948254:instance/i-042673892af195f71,Default-Bkp,COMPLETED,EC2,40.0,,arn:aws:kms:sa-east-1:877001948254:key/5aff9933-4b81-42c7-b410-2161b12d63bc,,,,
ssrmprod,sa-east-1,backup,arn:aws:ec2:sa-east-1::image/ami-0a2f1b4abec26737c,arn:aws:ec2:sa-east-1:877001948254:instance/i-01307af2232e38d00,Default-Bkp,COMPLETED,EC2,578.0,,arn:aws:kms:sa-east-1:877001948254:key/5aff9933-4b81-42c7-b410-2161b12d63bc,,,,
ssrmprod,sa-east-1,backup,arn:aws:ec2:sa-east-1::image/ami-01c92e37aadc92f38,arn:aws:ec2:sa-east-1:877001948254:instance/i-01307af2232e38d00,Default-Bkp,COMPLETED,EC2,578.0,,arn:aws:kms:sa-east-1:877001948254:key/5aff9933-4b81-42c7-b410-2161b12d63bc,,,,
ssrmprod,sa-east-1,backup,arn:aws:ec2:sa-east-1::image/ami-06316f7d9ac63e6b3,arn:aws:ec2:sa-east-1:877001948254:instance/i-0db217cc4192a62c0,Default-Bkp,COMPLETED,EC2,476.0,,arn:aws:kms:sa-east-1:877001948254:key/5aff9933-4b81-42c7-b410-2161b12d63bc,,,,
ssrmprod,sa-east-1,backup,arn:aws:ec2:sa-east-1::image/ami-017f8046d62de4736,arn:aws:ec2:sa-east-1:877001948254:instance/i-019c43be077fab936,Default-Bkp,COMPLETED,EC2,250.0,,arn:aws:kms:sa-east-1:877001948254:key/5aff9933-4b81-42c7-b410-2161b12d63bc,,,,
ssrmprod,sa-east-1,backup,arn:aws:ec2:sa-east-1::image/ami-0dfdfb87a72f71461,arn:aws:ec2:sa-east-1:877001948254:instance/i-09ee64877d87075cc,Default-Bkp,COMPLETED,EC2,220.0,,arn:aws:kms:sa-east-1:877001948254:key/5aff9933-4b81-42c7-b410-2161b12d63bc,,,,
ssrmprod,sa-east-1,backup,arn:aws:ec2:sa-east-1::image/ami-0e49990a4525c3cc0,arn:aws:ec2:sa-east-1:877001948254:instance/i-042673892af195f71,Default-Bkp,COMPLETED,EC2,40.0,,arn:aws:kms:sa-east-1:877001948254:key/5aff9933-4b81-42c7-b410-2161b12d63bc,,,,
ssrmprod,sa-east-1,backup,arn:aws:ec2:sa-east-1::image/ami-063f5f97972a6f1f5,arn:aws:ec2:sa-east-1:877001948254:instance/i-03f1d647bbbe2d4fc,Default-Bkp,COMPLETED,EC2,40.0,,arn:aws:kms:sa-east-1:877001948254:key/5aff9933-4b81-42c7-b410-2161b12d63bc,,,,
ssrmprod,sa-east-1,backup,arn:aws:ec2:sa-east-1::image/ami-014a3cb605a4463fb,arn:aws:ec2:sa-east-1:877001948254:instance/i-09ee64877d87075cc,Default-Bkp,COMPLETED,EC2,220.0,,arn:aws:kms:sa-east-1:877001948254:key/5aff9933-4b81-42c7-b410-2161b12d63bc,,,,
ssrmprod,sa-east-1,backup,arn:aws:ec2:sa-east-1::image/ami-062ee5f395849401e,arn:aws:ec2:sa-east-1:877001948254:instance/i-03f1d647bbbe2d4fc,Default-Bkp,COMPLETED,EC2,40.0,,arn:aws:kms:sa-east-1:877001948254:key/5aff9933-4b81-42c7-b410-2161b12d63bc,,,,
ssrmprod,sa-east-1,backup,arn:aws:ec2:sa-east-1::image/ami-0d2e2006ae12186af,arn:aws:ec2:sa-east-1:877001948254:instance/i-0db217cc4192a62c0,Default-Bkp,COMPLETED,EC2,476.0,,arn:aws:kms:sa-east-1:877001948254:key/5aff9933-4b81-42c7-b410-2161b12d63bc,,,,
ssrmprod,sa-east-1,backup,arn:aws:ec2:sa-east-1::image/ami-068dea63610ee1790,arn:aws:ec2:sa-east-1:877001948254:instance/i-019c43be077fab936,Default-Bkp,COMPLETED,EC2,250.0,,arn:aws:kms:sa-east-1:877001948254:key/5aff9933-4b81-42c7-b410-2161b12d63bc,,,,
ssrmprod,sa-east-1,backup,arn:aws:ec2:sa-east-1::image/ami-0c579e8aed673bb5b,arn:aws:ec2:sa-east-1:877001948254:instance/i-042673892af195f71,Default-Bkp,COMPLETED,EC2,40.0,,arn:aws:kms:sa-east-1:877001948254:key/5aff9933-4b81-42c7-b410-2161b12d63bc,,,,
ssrmprod,sa-east-1,backup,arn:aws:ec2:sa-east-1::image/ami-034198a3c43303ab1,arn:aws:ec2:sa-east-1:877001948254:instance/i-01307af2232e38d00,Default-Bkp,COMPLETED,EC2,578.0,,arn:aws:kms:sa-east-1:877001948254:key/5aff9933-4b81-42c7-b410-2161b12d63bc,,,,
ssrmprod,sa-east-1,backup,arn:aws:ec2:sa-east-1::image/ami-0a69c26d6aa2335b6,arn:aws:ec2:sa-east-1:877001948254:instance/i-042673892af195f71,Default-Bkp,COMPLETED,EC2,40.0,,arn:aws:kms:sa-east-1:877001948254:key/5aff9933-4b81-42c7-b410-2161b12d63bc,,,,
ssrmprod,sa-east-1,backup,arn:aws:ec2:sa-east-1::image/ami-06cf2ab8402c55d01,arn:aws:ec2:sa-east-1:877001948254:instance/i-01307af2232e38d00,Default-Bkp,COMPLETED,EC2,578.0,,arn:aws:kms:sa-east-1:877001948254:key/5aff9933-4b81-42c7-b410-2161b12d63bc,,,,
ssrmprod,sa-east-1,backup,arn:aws:ec2:sa-east-1::image/ami-0b33a7fcb594f078a,arn:aws:ec2:sa-east-1:877001948254:instance/i-03f1d647bbbe2d4fc,Default-Bkp,COMPLETED,EC2,40.0,,arn:aws:kms:sa-east-1:877001948254:key/5aff9933-4b81-42c7-b410-2161b12d63bc,,,,
ssrmprod,sa-east-1,backup,arn:aws:ec2:sa-east-1::image/ami-09e9a036519098a54,arn:aws:ec2:sa-east-1:877001948254:instance/i-09ee64877d87075cc,Default-Bkp,COMPLETED,EC2,220.0,,arn:aws:kms:sa-east-1:877001948254:key/5aff9933-4b81-42c7-b410-2161b12d63bc,,,,
ssrmprod,sa-east-1,backup,arn:aws:ec2:sa-east-1::image/ami-09dfcceb8bdf39dbf,arn:aws:ec2:sa-east-1:877001948254:instance/i-0db217cc4192a62c0,Default-Bkp,COMPLETED,EC2,476.0,,arn:aws:kms:sa-east-1:877001948254:key/5aff9933-4b81-42c7-b410-2161b12d63bc,,,,
ssrmprod,sa-east-1,backup,arn:aws:ec2:sa-east-1::image/ami-0bb6a93284efbb9f8,arn:aws:ec2:sa-east-1:877001948254:instance/i-019c43be077fab936,Default-Bkp,COMPLETED,EC2,250.0,,arn:aws:kms:sa-east-1:877001948254:key/5aff9933-4b81-42c7-b410-2161b12d63bc,,,,
ssrmprod,sa-east-1,backup,arn:aws:ec2:sa-east-1::image/ami-09b2790708e0e6824,arn:aws:ec2:sa-east-1:877001948254:instance/i-01307af2232e38d00,Default-Bkp,COMPLETED,EC2,578.0,,arn:aws:kms:sa-east-1:877001948254:key/5aff9933-4b81-42c7-b410-2161b12d63bc,,,,
ssrmprod,sa-east-1,backup,arn:aws:ec2:sa-east-1::image/ami-02ef3ba97555ffb3e,arn:aws:ec2:sa-east-1:877001948254:instance/i-09ee64877d87075cc,Default-Bkp,COMPLETED,EC2,220.0,,arn:aws:kms:sa-east-1:877001948254:key/5aff9933-4b81-42c7-b410-2161b12d63bc,,,,
ssrmprod,sa-east-1,backup,arn:aws:ec2:sa-east-1::image/ami-07195b74d07270a34,arn:aws:ec2:sa-east-1:877001948254:instance/i-019c43be077fab936,Default-Bkp,COMPLETED,EC2,250.0,,arn:aws:kms:sa-east-1:877001948254:key/5aff9933-4b81-42c7-b410-2161b12d63bc,,,,
ssrmprod,sa-east-1,backup,arn:aws:ec2:sa-east-1::image/ami-025fd86c5031989d5,arn:aws:ec2:sa-east-1:877001948254:instance/i-0db217cc4192a62c0,Default-Bkp,COMPLETED,EC2,476.0,,arn:aws:kms:sa-east-1:877001948254:key/5aff9933-4b81-42c7-b410-2161b12d63bc,,,,
ssrmprod,sa-east-1,backup,arn:aws:ec2:sa-east-1::image/ami-0ce9c0e6f26325a3f,arn:aws:ec2:sa-east-1:877001948254:instance/i-03f1d647bbbe2d4fc,Default-Bkp,COMPLETED,EC2,40.0,,arn:aws:kms:sa-east-1:877001948254:key/5aff9933-4b81-42c7-b410-2161b12d63bc,,,,
ssrmprod,sa-east-1,backup,arn:aws:ec2:sa-east-1::image/ami-07794a2930bd2ead1,arn:aws:ec2:sa-east-1:877001948254:instance/i-042673892af195f71,Default-Bkp,COMPLETED,EC2,40.0,,arn:aws:kms:sa-east-1:877001948254:key/5aff9933-4b81-42c7-b410-2161b12d63bc,,,,
ssrmprod,sa-east-1,backup,arn:aws:ec2:sa-east-1::image/ami-0dbf449ed7ed89478,arn:aws:ec2:sa-east-1:877001948254:instance/i-09ee64877d87075cc,Default-Bkp,COMPLETED,EC2,220.0,,arn:aws:kms:sa-east-1:877001948254:key/5aff9933-4b81-42c7-b410-2161b12d63bc,,,,
ssrmprod,sa-east-1,backup,arn:aws:ec2:sa-east-1::image/ami-0b64515dd819a1666,arn:aws:ec2:sa-east-1:877001948254:instance/i-01307af2232e38d00,Default-Bkp,COMPLETED,EC2,578.0,,arn:aws:kms:sa-east-1:877001948254:key/5aff9933-4b81-42c7-b410-2161b12d63bc,,,,
ssrmprod,sa-east-1,backup,arn:aws:ec2:sa-east-1::image/ami-072cb6839da3d2451,arn:aws:ec2:sa-east-1:877001948254:instance/i-0db217cc4192a62c0,Default-Bkp,COMPLETED,EC2,476.0,,arn:aws:kms:sa-east-1:877001948254:key/5aff9933-4b81-42c7-b410-2161b12d63bc,,,,
ssrmprod,sa-east-1,backup,arn:aws:ec2:sa-east-1::image/ami-01791308446a06d17,arn:aws:ec2:sa-east-1:877001948254:instance/i-03f1d647bbbe2d4fc,Default-Bkp,COMPLETED,EC2,40.0,,arn:aws:kms:sa-east-1:877001948254:key/5aff9933-4b81-42c7-b410-2161b12d63bc,,,,
ssrmprod,sa-east-1,backup,arn:aws:ec2:sa-east-1::image/ami-087214f09a7eb9447,arn:aws:ec2:sa-east-1:877001948254:instance/i-042673892af195f71,Default-Bkp,COMPLETED,EC2,40.0,,arn:aws:kms:sa-east-1:877001948254:key/5aff9933-4b81-42c7-b410-2161b12d63bc,,,,
ssrmprod,sa-east-1,backup,arn:aws:ec2:sa-east-1::image/ami-03fb97443328b3dd8,arn:aws:ec2:sa-east-1:877001948254:instance/i-019c43be077fab936,Default-Bkp,COMPLETED,EC2,250.0,,arn:aws:kms:sa-east-1:877001948254:key/5aff9933-4b81-42c7-b410-2161b12d63bc,,,,
ssrmprod,sa-east-1,backup,arn:aws:ec2:sa-east-1::image/ami-072763dcca9997cc5,arn:aws:ec2:sa-east-1:877001948254:instance/i-0db217cc4192a62c0,Default-Bkp,COMPLETED,EC2,476.0,,arn:aws:kms:sa-east-1:877001948254:key/5aff9933-4b81-42c7-b410-2161b12d63bc,,,,
ssrmprod,sa-east-1,backup,arn:aws:ec2:sa-east-1::image/ami-003f4ea6a46fd2581,arn:aws:ec2:sa-east-1:877001948254:instance/i-09ee64877d87075cc,Default-Bkp,COMPLETED,EC2,220.0,,arn:aws:kms:sa-east-1:877001948254:key/5aff9933-4b81-42c7-b410-2161b12d63bc,,,,
ssrmprod,sa-east-1,backup,arn:aws:ec2:sa-east-1::image/ami-0358c0795ed7437b4,arn:aws:ec2:sa-east-1:877001948254:instance/i-01307af2232e38d00,Default-Bkp,COMPLETED,EC2,578.0,,arn:aws:kms:sa-east-1:877001948254:key/5aff9933-4b81-42c7-b410-2161b12d63bc,,,,
ssrmprod,sa-east-1,backup,arn:aws:ec2:sa-east-1::image/ami-0c46b36fd8476930d,arn:aws:ec2:sa-east-1:877001948254:instance/i-042673892af195f71,Default-Bkp,COMPLETED,EC2,40.0,,arn:aws:kms:sa-east-1:877001948254:key/5aff9933-4b81-42c7-b410-2161b12d63bc,,,,
ssrmprod,sa-east-1,backup,arn:aws:ec2:sa-east-1::image/ami-026f999fdd9d945fa,arn:aws:ec2:sa-east-1:877001948254:instance/i-03f1d647bbbe2d4fc,Default-Bkp,COMPLETED,EC2,40.0,,arn:aws:kms:sa-east-1:877001948254:key/5aff9933-4b81-42c7-b410-2161b12d63bc,,,,
ssrmprod,sa-east-1,backup,arn:aws:ec2:sa-east-1::image/ami-08ddc9c4baf70bca0,arn:aws:ec2:sa-east-1:877001948254:instance/i-019c43be077fab936,Default-Bkp,COMPLETED,EC2,250.0,,arn:aws:kms:sa-east-1:877001948254:key/5aff9933-4b81-42c7-b410-2161b12d63bc,,,,
ssrmprod,sa-east-1,backup,arn:aws:ec2:sa-east-1::image/ami-0ce417ba96f3daf00,arn:aws:ec2:sa-east-1:877001948254:instance/i-019c43be077fab936,Default-Bkp,COMPLETED,EC2,250.0,,arn:aws:kms:sa-east-1:877001948254:key/5aff9933-4b81-42c7-b410-2161b12d63bc,,,,
ssrmprod,sa-east-1,backup,arn:aws:ec2:sa-east-1::image/ami-0f97250eff2e1f505,arn:aws:ec2:sa-east-1:877001948254:instance/i-03f1d647bbbe2d4fc,Default-Bkp,COMPLETED,EC2,40.0,,arn:aws:kms:sa-east-1:877001948254:key/5aff9933-4b81-42c7-b410-2161b12d63bc,,,,
ssrmprod,sa-east-1,backup,arn:aws:ec2:sa-east-1::image/ami-0a79cbe5d0163db8d,arn:aws:ec2:sa-east-1:877001948254:instance/i-042673892af195f71,Default-Bkp,COMPLETED,EC2,40.0,,arn:aws:kms:sa-east-1:877001948254:key/5aff9933-4b81-42c7-b410-2161b12d63bc,,,,
ssrmprod,sa-east-1,backup,arn:aws:ec2:sa-east-1::image/ami-02ae8bf16c88889d8,arn:aws:ec2:sa-east-1:877001948254:instance/i-01307af2232e38d00,Default-Bkp,COMPLETED,EC2,578.0,,arn:aws:kms:sa-east-1:877001948254:key/5aff9933-4b81-42c7-b410-2161b12d63bc,,,,
ssrmprod,sa-east-1,backup,arn:aws:ec2:sa-east-1::image/ami-07c31bab6d88ca6fb,arn:aws:ec2:sa-east-1:877001948254:instance/i-09ee64877d87075cc,Default-Bkp,COMPLETED,EC2,220.0,,arn:aws:kms:sa-east-1:877001948254:key/5aff9933-4b81-42c7-b410-2161b12d63bc,,,,
ssrmprod,sa-east-1,backup,arn:aws:ec2:sa-east-1::image/ami-02e6ee8bf395201aa,arn:aws:ec2:sa-east-1:877001948254:instance/i-0db217cc4192a62c0,Default-Bkp,COMPLETED,EC2,476.0,,arn:aws:kms:sa-east-1:877001948254:key/5aff9933-4b81-42c7-b410-2161b12d63bc,,,,
ssrmprod,sa-east-1,backup,arn:aws:ec2:sa-east-1::image/ami-0c37298f15362fab6,arn:aws:ec2:sa-east-1:877001948254:instance/i-01307af2232e38d00,Default-Bkp,COMPLETED,EC2,578.0,,arn:aws:kms:sa-east-1:877001948254:key/5aff9933-4b81-42c7-b410-2161b12d63bc,,,,
ssrmprod,sa-east-1,backup,arn:aws:ec2:sa-east-1::image/ami-0d0a5c1790bd20b5f,arn:aws:ec2:sa-east-1:877001948254:instance/i-03f1d647bbbe2d4fc,Default-Bkp,COMPLETED,EC2,40.0,,arn:aws:kms:sa-east-1:877001948254:key/5aff9933-4b81-42c7-b410-2161b12d63bc,,,,
ssrmprod,sa-east-1,backup,arn:aws:ec2:sa-east-1::image/ami-0805dfafb2a87c152,arn:aws:ec2:sa-east-1:877001948254:instance/i-0db217cc4192a62c0,Default-Bkp,COMPLETED,EC2,476.0,,arn:aws:kms:sa-east-1:877001948254:key/5aff9933-4b81-42c7-b410-2161b12d63bc,,,,
ssrmprod,sa-east-1,backup,arn:aws:ec2:sa-east-1::image/ami-0be0769b7893c77e0,arn:aws:ec2:sa-east-1:877001948254:instance/i-09ee64877d87075cc,Default-Bkp,COMPLETED,EC2,220.0,,arn:aws:kms:sa-east-1:877001948254:key/5aff9933-4b81-42c7-b410-2161b12d63bc,,,,
ssrmprod,sa-east-1,backup,arn:aws:ec2:sa-east-1::image/ami-0cecd12d0b7559bd5,arn:aws:ec2:sa-east-1:877001948254:instance/i-042673892af195f71,Default-Bkp,COMPLETED,EC2,40.0,,arn:aws:kms:sa-east-1:877001948254:key/5aff9933-4b81-42c7-b410-2161b12d63bc,,,,
ssrmprod,sa-east-1,backup,arn:aws:ec2:sa-east-1::image/ami-02aeab20c1d1a4abf,arn:aws:ec2:sa-east-1:877001948254:instance/i-019c43be077fab936,Default-Bkp,COMPLETED,EC2,250.0,,arn:aws:kms:sa-east-1:877001948254:key/5aff9933-4b81-42c7-b410-2161b12d63bc,,,,
ssrmprod,sa-east-1,backup,arn:aws:ec2:sa-east-1::image/ami-028fd4f74a8598d33,arn:aws:ec2:sa-east-1:877001948254:instance/i-03f1d647bbbe2d4fc,Default-Bkp,COMPLETED,EC2,40.0,,arn:aws:kms:sa-east-1:877001948254:key/5aff9933-4b81-42c7-b410-2161b12d63bc,,,,
ssrmprod,sa-east-1,backup,arn:aws:ec2:sa-east-1::image/ami-0a9c837e5e14a8a2f,arn:aws:ec2:sa-east-1:877001948254:instance/i-0db217cc4192a62c0,Default-Bkp,COMPLETED,EC2,476.0,,arn:aws:kms:sa-east-1:877001948254:key/5aff9933-4b81-42c7-b410-2161b12d63bc,,,,
ssrmprod,sa-east-1,backup,arn:aws:ec2:sa-east-1::image/ami-04e76ddadc7c04d02,arn:aws:ec2:sa-east-1:877001948254:instance/i-09ee64877d87075cc,Default-Bkp,COMPLETED,EC2,220.0,,arn:aws:kms:sa-east-1:877001948254:key/5aff9933-4b81-42c7-b410-2161b12d63bc,,,,
ssrmprod,sa-east-1,backup,arn:aws:ec2:sa-east-1::image/ami-0a111e41296519e56,arn:aws:ec2:sa-east-1:877001948254:instance/i-01307af2232e38d00,Default-Bkp,COMPLETED,EC2,578.0,,arn:aws:kms:sa-east-1:877001948254:key/5aff9933-4b81-42c7-b410-2161b12d63bc,,,,
ssrmprod,sa-east-1,backup,arn:aws:ec2:sa-east-1::image/ami-02e6e45bc2ca5d69a,arn:aws:ec2:sa-east-1:877001948254:instance/i-042673892af195f71,Default-Bkp,COMPLETED,EC2,40.0,,arn:aws:kms:sa-east-1:877001948254:key/5aff9933-4b81-42c7-b410-2161b12d63bc,,,,
ssrmprod,sa-east-1,backup,arn:aws:ec2:sa-east-1::image/ami-0aa4442ccddcf54ec,arn:aws:ec2:sa-east-1:877001948254:instance/i-019c43be077fab936,Default-Bkp,COMPLETED,EC2,250.0,,arn:aws:kms:sa-east-1:877001948254:key/5aff9933-4b81-42c7-b410-2161b12d63bc,,,,
ssrmprod,sa-east-1,backup,arn:aws:ec2:sa-east-1::image/ami-00dda67f0fb9616be,arn:aws:ec2:sa-east-1:877001948254:instance/i-0db217cc4192a62c0,Default-Bkp,COMPLETED,EC2,476.0,,arn:aws:kms:sa-east-1:877001948254:key/5aff9933-4b81-42c7-b410-2161b12d63bc,,,,
ssrmprod,sa-east-1,backup,arn:aws:ec2:sa-east-1::image/ami-031e84281e2607f70,arn:aws:ec2:sa-east-1:877001948254:instance/i-042673892af195f71,Default-Bkp,COMPLETED,EC2,40.0,,arn:aws:kms:sa-east-1:877001948254:key/5aff9933-4b81-42c7-b410-2161b12d63bc,,,,
ssrmprod,sa-east-1,backup,arn:aws:ec2:sa-east-1::image/ami-0d71b53990387259e,arn:aws:ec2:sa-east-1:877001948254:instance/i-03f1d647bbbe2d4fc,Default-Bkp,COMPLETED,EC2,40.0,,arn:aws:kms:sa-east-1:877001948254:key/5aff9933-4b81-42c7-b410-2161b12d63bc,,,,
ssrmprod,sa-east-1,backup,arn:aws:ec2:sa-east-1::image/ami-026ebb40fa8765411,arn:aws:ec2:sa-east-1:877001948254:instance/i-019c43be077fab936,Default-Bkp,COMPLETED,EC2,250.0,,arn:aws:kms:sa-east-1:877001948254:key/5aff9933-4b81-42c7-b410-2161b12d63bc,,,,
ssrmprod,sa-east-1,backup,arn:aws:ec2:sa-east-1::image/ami-04d002a09c38d50b4,arn:aws:ec2:sa-east-1:877001948254:instance/i-09ee64877d87075cc,Default-Bkp,COMPLETED,EC2,220.0,,arn:aws:kms:sa-east-1:877001948254:key/5aff9933-4b81-42c7-b410-2161b12d63bc,,,,
ssrmprod,sa-east-1,backup,arn:aws:ec2:sa-east-1::image/ami-04e24b0521ac7dd63,arn:aws:ec2:sa-east-1:877001948254:instance/i-01307af2232e38d00,Default-Bkp,COMPLETED,EC2,578.0,,arn:aws:kms:sa-east-1:877001948254:key/5aff9933-4b81-42c7-b410-2161b12d63bc,,,,
ssrmprod,sa-east-1,backup,arn:aws:ec2:sa-east-1::image/ami-0e4e0990eb8d5c215,arn:aws:ec2:sa-east-1:877001948254:instance/i-019c43be077fab936,Default-Bkp,COMPLETED,EC2,250.0,,arn:aws:kms:sa-east-1:877001948254:key/5aff9933-4b81-42c7-b410-2161b12d63bc,,,,
ssrmprod,sa-east-1,backup,arn:aws:ec2:sa-east-1::image/ami-0fa78efdaa345da6e,arn:aws:ec2:sa-east-1:877001948254:instance/i-042673892af195f71,Default-Bkp,COMPLETED,EC2,40.0,,arn:aws:kms:sa-east-1:877001948254:key/5aff9933-4b81-42c7-b410-2161b12d63bc,,,,
ssrmprod,sa-east-1,backup,arn:aws:ec2:sa-east-1::image/ami-0127860b0346f9f6d,arn:aws:ec2:sa-east-1:877001948254:instance/i-09ee64877d87075cc,Default-Bkp,COMPLETED,EC2,220.0,,arn:aws:kms:sa-east-1:877001948254:key/5aff9933-4b81-42c7-b410-2161b12d63bc,,,,
ssrmprod,sa-east-1,backup,arn:aws:ec2:sa-east-1::image/ami-0719e86b141dc38a0,arn:aws:ec2:sa-east-1:877001948254:instance/i-0db217cc4192a62c0,Default-Bkp,COMPLETED,EC2,476.0,,arn:aws:kms:sa-east-1:877001948254:key/5aff9933-4b81-42c7-b410-2161b12d63bc,,,,
ssrmprod,sa-east-1,backup,arn:aws:ec2:sa-east-1::image/ami-0afec9330eb199d51,arn:aws:ec2:sa-east-1:877001948254:instance/i-03f1d647bbbe2d4fc,Default-Bkp,COMPLETED,EC2,40.0,,arn:aws:kms:sa-east-1:877001948254:key/5aff9933-4b81-42c7-b410-2161b12d63bc,,,,
ssrmprod,sa-east-1,backup,arn:aws:ec2:sa-east-1::image/ami-0bbcef03dfbf7301e,arn:aws:ec2:sa-east-1:877001948254:instance/i-01307af2232e38d00,Default-Bkp,COMPLETED,EC2,578.0,,arn:aws:kms:sa-east-1:877001948254:key/5aff9933-4b81-42c7-b410-2161b12d63bc,,,,
ssrmprod,sa-east-1,backup,arn:aws:ec2:sa-east-1::image/ami-0c5150e99da8f165f,arn:aws:ec2:sa-east-1:877001948254:instance/i-042673892af195f71,Default-Bkp,COMPLETED,EC2,40.0,,arn:aws:kms:sa-east-1:877001948254:key/5aff9933-4b81-42c7-b410-2161b12d63bc,,,,
ssrmprod,sa-east-1,backup,arn:aws:ec2:sa-east-1::image/ami-0370b5b91f71e7a67,arn:aws:ec2:sa-east-1:877001948254:instance/i-019c43be077fab936,Default-Bkp,COMPLETED,EC2,250.0,,arn:aws:kms:sa-east-1:877001948254:key/5aff9933-4b81-42c7-b410-2161b12d63bc,,,,
ssrmprod,sa-east-1,backup,arn:aws:ec2:sa-east-1::image/ami-0512343d8fa943532,arn:aws:ec2:sa-east-1:877001948254:instance/i-03f1d647bbbe2d4fc,Default-Bkp,COMPLETED,EC2,40.0,,arn:aws:kms:sa-east-1:877001948254:key/5aff9933-4b81-42c7-b410-2161b12d63bc,,,,
ssrmprod,sa-east-1,backup,arn:aws:ec2:sa-east-1::image/ami-01140577dc4a408dc,arn:aws:ec2:sa-east-1:877001948254:instance/i-01307af2232e38d00,Default-Bkp,COMPLETED,EC2,578.0,,arn:aws:kms:sa-east-1:877001948254:key/5aff9933-4b81-42c7-b410-2161b12d63bc,,,,
ssrmprod,sa-east-1,backup,arn:aws:ec2:sa-east-1::image/ami-0d451b1f2d81aeccf,arn:aws:ec2:sa-east-1:877001948254:instance/i-09ee64877d87075cc,Default-Bkp,COMPLETED,EC2,220.0,,arn:aws:kms:sa-east-1:877001948254:key/5aff9933-4b81-42c7-b410-2161b12d63bc,,,,
ssrmprod,sa-east-1,backup,arn:aws:ec2:sa-east-1::image/ami-03f54ca303aa9e3a0,arn:aws:ec2:sa-east-1:877001948254:instance/i-0db217cc4192a62c0,Default-Bkp,COMPLETED,EC2,476.0,,arn:aws:kms:sa-east-1:877001948254:key/5aff9933-4b81-42c7-b410-2161b12d63bc,,,,
ssrmprod,sa-east-1,backup,arn:aws:ec2:sa-east-1::image/ami-094a3ef2878e5385b,arn:aws:ec2:sa-east-1:877001948254:instance/i-09ee64877d87075cc,Default-Bkp,COMPLETED,EC2,220.0,,arn:aws:kms:sa-east-1:877001948254:key/5aff9933-4b81-42c7-b410-2161b12d63bc,,,,
ssrmprod,sa-east-1,backup,arn:aws:ec2:sa-east-1::image/ami-088602019db32fa01,arn:aws:ec2:sa-east-1:877001948254:instance/i-0db217cc4192a62c0,Default-Bkp,COMPLETED,EC2,476.0,,arn:aws:kms:sa-east-1:877001948254:key/5aff9933-4b81-42c7-b410-2161b12d63bc,,,,
ssrmprod,sa-east-1,backup,arn:aws:ec2:sa-east-1::image/ami-01c2e0c9c9b4d834c,arn:aws:ec2:sa-east-1:877001948254:instance/i-03f1d647bbbe2d4fc,Default-Bkp,COMPLETED,EC2,40.0,,arn:aws:kms:sa-east-1:877001948254:key/5aff9933-4b81-42c7-b410-2161b12d63bc,,,,
ssrmprod,sa-east-1,backup,arn:aws:ec2:sa-east-1::image/ami-07810fc723407776a,arn:aws:ec2:sa-east-1:877001948254:instance/i-01307af2232e38d00,Default-Bkp,COMPLETED,EC2,578.0,,arn:aws:kms:sa-east-1:877001948254:key/5aff9933-4b81-42c7-b410-2161b12d63bc,,,,
ssrmprod,sa-east-1,backup,arn:aws:ec2:sa-east-1::image/ami-011d61e5f509d18ef,arn:aws:ec2:sa-east-1:877001948254:instance/i-019c43be077fab936,Default-Bkp,COMPLETED,EC2,250.0,,arn:aws:kms:sa-east-1:877001948254:key/5aff9933-4b81-42c7-b410-2161b12d63bc,,,,
ssrmprod,sa-east-1,backup,arn:aws:ec2:sa-east-1::image/ami-05d3e53dbaf9f60bc,arn:aws:ec2:sa-east-1:877001948254:instance/i-042673892af195f71,Default-Bkp,COMPLETED,EC2,40.0,,arn:aws:kms:sa-east-1:877001948254:key/5aff9933-4b81-42c7-b410-2161b12d63bc,,,,
ssrmprod,sa-east-1,backup,arn:aws:ec2:sa-east-1::image/ami-05f7093b193010552,arn:aws:ec2:sa-east-1:877001948254:instance/i-09ee64877d87075cc,Default-Bkp,COMPLETED,EC2,220.0,,arn:aws:kms:sa-east-1:877001948254:key/5aff9933-4b81-42c7-b410-2161b12d63bc,,,,
ssrmprod,sa-east-1,backup,arn:aws:ec2:sa-east-1::image/ami-07b6007f7feb47e06,arn:aws:ec2:sa-east-1:877001948254:instance/i-019c43be077fab936,Default-Bkp,COMPLETED,EC2,250.0,,arn:aws:kms:sa-east-1:877001948254:key/5aff9933-4b81-42c7-b410-2161b12d63bc,,,,
ssrmprod,sa-east-1,backup,arn:aws:ec2:sa-east-1::image/ami-04a84c1ce2f511868,arn:aws:ec2:sa-east-1:877001948254:instance/i-03f1d647bbbe2d4fc,Default-Bkp,COMPLETED,EC2,40.0,,arn:aws:kms:sa-east-1:877001948254:key/5aff9933-4b81-42c7-b410-2161b12d63bc,,,,
ssrmprod,sa-east-1,backup,arn:aws:ec2:sa-east-1::image/ami-06be0f247814a29ca,arn:aws:ec2:sa-east-1:877001948254:instance/i-01307af2232e38d00,Default-Bkp,COMPLETED,EC2,578.0,,arn:aws:kms:sa-east-1:877001948254:key/5aff9933-4b81-42c7-b410-2161b12d63bc,,,,
ssrmprod,sa-east-1,backup,arn:aws:ec2:sa-east-1::image/ami-0a8be57a962ac0d51,arn:aws:ec2:sa-east-1:877001948254:instance/i-042673892af195f71,Default-Bkp,COMPLETED,EC2,40.0,,arn:aws:kms:sa-east-1:877001948254:key/5aff9933-4b81-42c7-b410-2161b12d63bc,,,,
ssrmprod,sa-east-1,backup,arn:aws:ec2:sa-east-1::image/ami-089fe162172c01d48,arn:aws:ec2:sa-east-1:877001948254:instance/i-0db217cc4192a62c0,Default-Bkp,COMPLETED,EC2,476.0,,arn:aws:kms:sa-east-1:877001948254:key/5aff9933-4b81-42c7-b410-2161b12d63bc,,,,
ssrmprod,sa-east-1,backup,arn:aws:ec2:sa-east-1::image/ami-0aa318e8b531027ca,arn:aws:ec2:sa-east-1:877001948254:instance/i-03f1d647bbbe2d4fc,Default-Bkp,COMPLETED,EC2,40.0,,arn:aws:kms:sa-east-1:877001948254:key/5aff9933-4b81-42c7-b410-2161b12d63bc,,,,
ssrmprod,sa-east-1,backup,arn:aws:ec2:sa-east-1::image/ami-091a3ba2e2f44abd3,arn:aws:ec2:sa-east-1:877001948254:instance/i-019c43be077fab936,Default-Bkp,COMPLETED,EC2,250.0,,arn:aws:kms:sa-east-1:877001948254:key/5aff9933-4b81-42c7-b410-2161b12d63bc,,,,
ssrmprod,sa-east-1,backup,arn:aws:ec2:sa-east-1::image/ami-0960e817bddfb2f82,arn:aws:ec2:sa-east-1:877001948254:instance/i-042673892af195f71,Default-Bkp,COMPLETED,EC2,40.0,,arn:aws:kms:sa-east-1:877001948254:key/5aff9933-4b81-42c7-b410-2161b12d63bc,,,,
ssrmprod,sa-east-1,backup,arn:aws:ec2:sa-east-1::image/ami-05b254c5db5d7ff7e,arn:aws:ec2:sa-east-1:877001948254:instance/i-01307af2232e38d00,Default-Bkp,COMPLETED,EC2,578.0,,arn:aws:kms:sa-east-1:877001948254:key/5aff9933-4b81-42c7-b410-2161b12d63bc,,,,
ssrmprod,sa-east-1,backup,arn:aws:ec2:sa-east-1::image/ami-0f5a1341b46c2efd6,arn:aws:ec2:sa-east-1:877001948254:instance/i-0db217cc4192a62c0,Default-Bkp,COMPLETED,EC2,476.0,,arn:aws:kms:sa-east-1:877001948254:key/5aff9933-4b81-42c7-b410-2161b12d63bc,,,,
ssrmprod,sa-east-1,backup,arn:aws:ec2:sa-east-1::image/ami-04a53a4eecbe66d39,arn:aws:ec2:sa-east-1:877001948254:instance/i-09ee64877d87075cc,Default-Bkp,COMPLETED,EC2,220.0,,arn:aws:kms:sa-east-1:877001948254:key/5aff9933-4b81-42c7-b410-2161b12d63bc,,,,
ssrmprod,sa-east-1,backup,arn:aws:ec2:sa-east-1::image/ami-0537c3dfd25046112,arn:aws:ec2:sa-east-1:877001948254:instance/i-0db217cc4192a62c0,Default-Bkp,COMPLETED,EC2,476.0,,arn:aws:kms:sa-east-1:877001948254:key/5aff9933-4b81-42c7-b410-2161b12d63bc,,,,
ssrmprod,sa-east-1,backup,arn:aws:ec2:sa-east-1::image/ami-00f0e92f3329d749e,arn:aws:ec2:sa-east-1:877001948254:instance/i-03f1d647bbbe2d4fc,Default-Bkp,COMPLETED,EC2,40.0,,arn:aws:kms:sa-east-1:877001948254:key/5aff9933-4b81-42c7-b410-2161b12d63bc,,,,
ssrmprod,sa-east-1,backup,arn:aws:ec2:sa-east-1::image/ami-08b3f02e8dbf3dd17,arn:aws:ec2:sa-east-1:877001948254:instance/i-09ee64877d87075cc,Default-Bkp,COMPLETED,EC2,220.0,,arn:aws:kms:sa-east-1:877001948254:key/5aff9933-4b81-42c7-b410-2161b12d63bc,,,,
ssrmprod,sa-east-1,backup,arn:aws:ec2:sa-east-1::image/ami-0a6fdcd2d1cc0bad5,arn:aws:ec2:sa-east-1:877001948254:instance/i-019c43be077fab936,Default-Bkp,COMPLETED,EC2,250.0,,arn:aws:kms:sa-east-1:877001948254:key/5aff9933-4b81-42c7-b410-2161b12d63bc,,,,
ssrmprod,sa-east-1,backup,arn:aws:ec2:sa-east-1::image/ami-07a620e230342efe7,arn:aws:ec2:sa-east-1:877001948254:instance/i-042673892af195f71,Default-Bkp,COMPLETED,EC2,40.0,,arn:aws:kms:sa-east-1:877001948254:key/5aff9933-4b81-42c7-b410-2161b12d63bc,,,,
ssrmprod,sa-east-1,backup,arn:aws:ec2:sa-east-1::image/ami-05a82354421359d43,arn:aws:ec2:sa-east-1:877001948254:instance/i-01307af2232e38d00,Default-Bkp,COMPLETED,EC2,578.0,,arn:aws:kms:sa-east-1:877001948254:key/5aff9933-4b81-42c7-b410-2161b12d63bc,,,,
ssrmprod,sa-east-1,backup,arn:aws:ec2:sa-east-1::image/ami-0d94d2c3c1b3d534b,arn:aws:ec2:sa-east-1:877001948254:instance/i-042673892af195f71,Default-Bkp,COMPLETED,EC2,40.0,,arn:aws:kms:sa-east-1:877001948254:key/5aff9933-4b81-42c7-b410-2161b12d63bc,,,,
ssrmprod,sa-east-1,backup,arn:aws:ec2:sa-east-1::image/ami-005569035ff4bbfa9,arn:aws:ec2:sa-east-1:877001948254:instance/i-019c43be077fab936,Default-Bkp,COMPLETED,EC2,250.0,,arn:aws:kms:sa-east-1:877001948254:key/5aff9933-4b81-42c7-b410-2161b12d63bc,,,,
ssrmprod,sa-east-1,backup,arn:aws:ec2:sa-east-1::image/ami-05d64063c28f42091,arn:aws:ec2:sa-east-1:877001948254:instance/i-01307af2232e38d00,Default-Bkp,COMPLETED,EC2,578.0,,arn:aws:kms:sa-east-1:877001948254:key/5aff9933-4b81-42c7-b410-2161b12d63bc,,,,
ssrmprod,sa-east-1,backup,arn:aws:ec2:sa-east-1::image/ami-0e99c93cb0e15d290,arn:aws:ec2:sa-east-1:877001948254:instance/i-09ee64877d87075cc,Default-Bkp,COMPLETED,EC2,220.0,,arn:aws:kms:sa-east-1:877001948254:key/5aff9933-4b81-42c7-b410-2161b12d63bc,,,,
ssrmprod,sa-east-1,backup,arn:aws:ec2:sa-east-1::image/ami-014e0d0dc68030944,arn:aws:ec2:sa-east-1:877001948254:instance/i-03f1d647bbbe2d4fc,Default-Bkp,COMPLETED,EC2,40.0,,arn:aws:kms:sa-east-1:877001948254:key/5aff9933-4b81-42c7-b410-2161b12d63bc,,,,
ssrmprod,sa-east-1,backup,arn:aws:ec2:sa-east-1::image/ami-0ba1dd75c277a0ddf,arn:aws:ec2:sa-east-1:877001948254:instance/i-0db217cc4192a62c0,Default-Bkp,COMPLETED,EC2,476.0,,arn:aws:kms:sa-east-1:877001948254:key/5aff9933-4b81-42c7-b410-2161b12d63bc,,,,
ssrmprod,sa-east-1,backup,arn:aws:backup:sa-east-1:877001948254:recovery-point:f69306b0-906f-4157-8d2e-bcc5409e1bf8,arn:aws:elasticfilesystem:sa-east-1:877001948254:file-system/fs-02f1560f4b39438e0,aws/efs/automatic-backup-vault,COMPLETED,EFS,,,arn:aws:kms:sa-east-1:877001948254:key/8fddc277-1ae5-4000-a3e8-2a749c8f2e4a,,,,
ssrmprod,sa-east-1,backup,arn:aws:backup:sa-east-1:877001948254:recovery-point:42169ca0-94dc-444f-88ed-466cff895409,arn:aws:elasticfilesystem:sa-east-1:877001948254:file-system/fs-09b05508a300e07f1,aws/efs/automatic-backup-vault,COMPLETED,EFS,,,arn:aws:kms:sa-east-1:877001948254:key/8fddc277-1ae5-4000-a3e8-2a749c8f2e4a,,,,
ssrmprod,sa-east-1,backup,arn:aws:backup:sa-east-1:877001948254:recovery-point:c101ef38-7b1e-4d9c-bd41-44122dd3d0c4,arn:aws:elasticfilesystem:sa-east-1:877001948254:file-system/fs-06b8d37bfe1aa355a,aws/efs/automatic-backup-vault,COMPLETED,EFS,60.92,,arn:aws:kms:sa-east-1:877001948254:key/8fddc277-1ae5-4000-a3e8-2a749c8f2e4a,,,,
ssrmprod,sa-east-1,backup,arn:aws:backup:sa-east-1:877001948254:recovery-point:ba68bdc0-4544-4af4-ae7e-57010618baae,arn:aws:elasticfilesystem:sa-east-1:877001948254:file-system/fs-02f1560f4b39438e0,aws/efs/automatic-backup-vault,COMPLETED,EFS,,,arn:aws:kms:sa-east-1:877001948254:key/8fddc277-1ae5-4000-a3e8-2a749c8f2e4a,,,,
ssrmprod,sa-east-1,backup,arn:aws:backup:sa-east-1:877001948254:recovery-point:4ac48e54-7d54-4159-87c0-d1312ab4b955,arn:aws:elasticfilesystem:sa-east-1:877001948254:file-system/fs-06b8d37bfe1aa355a,aws/efs/automatic-backup-vault,COMPLETED,EFS,41.51,,arn:aws:kms:sa-east-1:877001948254:key/8fddc277-1ae5-4000-a3e8-2a749c8f2e4a,,,,
ssrmprod,sa-east-1,backup,arn:aws:backup:sa-east-1:877001948254:recovery-point:8f270597-c039-47b6-a368-2754ae01fccf,arn:aws:elasticfilesystem:sa-east-1:877001948254:file-system/fs-09b05508a300e07f1,aws/efs/automatic-backup-vault,COMPLETED,EFS,,,arn:aws:kms:sa-east-1:877001948254:key/8fddc277-1ae5-4000-a3e8-2a749c8f2e4a,,,,
ssrmprod,sa-east-1,backup,arn:aws:backup:sa-east-1:877001948254:recovery-point:83601b4f-33e9-435e-8f79-05f567278333,arn:aws:elasticfilesystem:sa-east-1:877001948254:file-system/fs-02f1560f4b39438e0,aws/efs/automatic-backup-vault,COMPLETED,EFS,,,arn:aws:kms:sa-east-1:877001948254:key/8fddc277-1ae5-4000-a3e8-2a749c8f2e4a,,,,
ssrmprod,sa-east-1,backup,arn:aws:backup:sa-east-1:877001948254:recovery-point:e3319351-afbb-4348-af8f-2c0dc46351ab,arn:aws:elasticfilesystem:sa-east-1:877001948254:file-system/fs-06b8d37bfe1aa355a,aws/efs/automatic-backup-vault,COMPLETED,EFS,48.23,,arn:aws:kms:sa-east-1:877001948254:key/8fddc277-1ae5-4000-a3e8-2a749c8f2e4a,,,,
ssrmprod,sa-east-1,backup,arn:aws:backup:sa-east-1:877001948254:recovery-point:722babcc-fc16-477a-9966-c232ffe6c4cd,arn:aws:elasticfilesystem:sa-east-1:877001948254:file-system/fs-09b05508a300e07f1,aws/efs/automatic-backup-vault,COMPLETED,EFS,,,arn:aws:kms:sa-east-1:877001948254:key/8fddc277-1ae5-4000-a3e8-2a749c8f2e4a,,,,
ssrmprod,sa-east-1,backup,arn:aws:backup:sa-east-1:877001948254:recovery-point:fcc0fa01-48f6-40c9-86f4-6476e554a4a3,arn:aws:elasticfilesystem:sa-east-1:877001948254:file-system/fs-06b8d37bfe1aa355a,aws/efs/automatic-backup-vault,COMPLETED,EFS,60.16,,arn:aws:kms:sa-east-1:877001948254:key/8fddc277-1ae5-4000-a3e8-2a749c8f2e4a,,,,
ssrmprod,sa-east-1,backup,arn:aws:backup:sa-east-1:877001948254:recovery-point:69eaf842-2708-478e-ba48-5566339b3c6c,arn:aws:elasticfilesystem:sa-east-1:877001948254:file-system/fs-09b05508a300e07f1,aws/efs/automatic-backup-vault,COMPLETED,EFS,,,arn:aws:kms:sa-east-1:877001948254:key/8fddc277-1ae5-4000-a3e8-2a749c8f2e4a,,,,
ssrmprod,sa-east-1,backup,arn:aws:backup:sa-east-1:877001948254:recovery-point:486d248c-779c-4554-ac0a-1604759f5a34,arn:aws:elasticfilesystem:sa-east-1:877001948254:file-system/fs-02f1560f4b39438e0,aws/efs/automatic-backup-vault,COMPLETED,EFS,,,arn:aws:kms:sa-east-1:877001948254:key/8fddc277-1ae5-4000-a3e8-2a749c8f2e4a,,,,
ssrmprod,sa-east-1,backup,arn:aws:backup:sa-east-1:877001948254:recovery-point:5dfeeaa9-c4c9-483f-8747-097834d412bc,arn:aws:elasticfilesystem:sa-east-1:877001948254:file-system/fs-02f1560f4b39438e0,aws/efs/automatic-backup-vault,COMPLETED,EFS,,,arn:aws:kms:sa-east-1:877001948254:key/8fddc277-1ae5-4000-a3e8-2a749c8f2e4a,,,,
ssrmprod,sa-east-1,backup,arn:aws:backup:sa-east-1:877001948254:recovery-point:03179773-e829-4fd3-a7b3-6c41e2d91e16,arn:aws:elasticfilesystem:sa-east-1:877001948254:file-system/fs-09b05508a300e07f1,aws/efs/automatic-backup-vault,COMPLETED,EFS,,,arn:aws:kms:sa-east-1:877001948254:key/8fddc277-1ae5-4000-a3e8-2a749c8f2e4a,,,,
ssrmprod,sa-east-1,backup,arn:aws:backup:sa-east-1:877001948254:recovery-point:13a68497-c19e-47b7-8718-93716c010d6d,arn:aws:elasticfilesystem:sa-east-1:877001948254:file-system/fs-06b8d37bfe1aa355a,aws/efs/automatic-backup-vault,COMPLETED,EFS,59.06,,arn:aws:kms:sa-east-1:877001948254:key/8fddc277-1ae5-4000-a3e8-2a749c8f2e4a,,,,
ssrmprod,sa-east-1,backup,arn:aws:backup:sa-east-1:877001948254:recovery-point:5b535145-b0d4-4c5a-ab8d-9be989983569,arn:aws:elasticfilesystem:sa-east-1:877001948254:file-system/fs-02f1560f4b39438e0,aws/efs/automatic-backup-vault,COMPLETED,EFS,,,arn:aws:kms:sa-east-1:877001948254:key/8fddc277-1ae5-4000-a3e8-2a749c8f2e4a,,,,
ssrmprod,sa-east-1,backup,arn:aws:backup:sa-east-1:877001948254:recovery-point:d59d451b-8f0f-493f-9e1b-626cd7cb50ad,arn:aws:elasticfilesystem:sa-east-1:877001948254:file-system/fs-09b05508a300e07f1,aws/efs/automatic-backup-vault,COMPLETED,EFS,,,arn:aws:kms:sa-east-1:877001948254:key/8fddc277-1ae5-4000-a3e8-2a749c8f2e4a,,,,
ssrmprod,sa-east-1,backup,arn:aws:backup:sa-east-1:877001948254:recovery-point:7f5e0753-b712-44d3-83c5-14d0d6000275,arn:aws:elasticfilesystem:sa-east-1:877001948254:file-system/fs-06b8d37bfe1aa355a,aws/efs/automatic-backup-vault,COMPLETED,EFS,71.9,,arn:aws:kms:sa-east-1:877001948254:key/8fddc277-1ae5-4000-a3e8-2a749c8f2e4a,,,,
ssrmprod,sa-east-1,backup,arn:aws:backup:sa-east-1:877001948254:recovery-point:7b44bbf7-83d5-4464-b27a-d0894e70bcd2,arn:aws:elasticfilesystem:sa-east-1:877001948254:file-system/fs-09b05508a300e07f1,aws/efs/automatic-backup-vault,COMPLETED,EFS,,,arn:aws:kms:sa-east-1:877001948254:key/8fddc277-1ae5-4000-a3e8-2a749c8f2e4a,,,,
ssrmprod,sa-east-1,backup,arn:aws:backup:sa-east-1:877001948254:recovery-point:49e87750-edd6-4293-833a-abdc8ed20c4f,arn:aws:elasticfilesystem:sa-east-1:877001948254:file-system/fs-02f1560f4b39438e0,aws/efs/automatic-backup-vault,COMPLETED,EFS,,,arn:aws:kms:sa-east-1:877001948254:key/8fddc277-1ae5-4000-a3e8-2a749c8f2e4a,,,,
ssrmprod,sa-east-1,backup,arn:aws:backup:sa-east-1:877001948254:recovery-point:b0e2dda3-8b53-45a9-8ece-47a5b4268c91,arn:aws:elasticfilesystem:sa-east-1:877001948254:file-system/fs-06b8d37bfe1aa355a,aws/efs/automatic-backup-vault,COMPLETED,EFS,53.2,,arn:aws:kms:sa-east-1:877001948254:key/8fddc277-1ae5-4000-a3e8-2a749c8f2e4a,,,,
ssrmprod,sa-east-1,backup,arn:aws:backup:sa-east-1:877001948254:recovery-point:19656f7e-22fa-4044-b0bc-119496b436ab,arn:aws:elasticfilesystem:sa-east-1:877001948254:file-system/fs-02f1560f4b39438e0,aws/efs/automatic-backup-vault,COMPLETED,EFS,,,arn:aws:kms:sa-east-1:877001948254:key/8fddc277-1ae5-4000-a3e8-2a749c8f2e4a,,,,
ssrmprod,sa-east-1,backup,arn:aws:backup:sa-east-1:877001948254:recovery-point:42aca857-971a-4b47-a294-145807a94e35,arn:aws:elasticfilesystem:sa-east-1:877001948254:file-system/fs-06b8d37bfe1aa355a,aws/efs/automatic-backup-vault,COMPLETED,EFS,58.01,,arn:aws:kms:sa-east-1:877001948254:key/8fddc277-1ae5-4000-a3e8-2a749c8f2e4a,,,,
ssrmprod,sa-east-1,backup,arn:aws:backup:sa-east-1:877001948254:recovery-point:00404387-63dc-4496-accd-489ab42d5a1f,arn:aws:elasticfilesystem:sa-east-1:877001948254:file-system/fs-09b05508a300e07f1,aws/efs/automatic-backup-vault,COMPLETED,EFS,,,arn:aws:kms:sa-east-1:877001948254:key/8fddc277-1ae5-4000-a3e8-2a749c8f2e4a,,,,
ssrmprod,sa-east-1,backup,arn:aws:backup:sa-east-1:877001948254:recovery-point:8afd3199-6a9a-4978-992e-b323a4c45fdd,arn:aws:elasticfilesystem:sa-east-1:877001948254:file-system/fs-06b8d37bfe1aa355a,aws/efs/automatic-backup-vault,COMPLETED,EFS,40.66,,arn:aws:kms:sa-east-1:877001948254:key/8fddc277-1ae5-4000-a3e8-2a749c8f2e4a,,,,
ssrmprod,sa-east-1,backup,arn:aws:backup:sa-east-1:877001948254:recovery-point:10f69838-0298-4907-b855-fd808c2d6cfd,arn:aws:elasticfilesystem:sa-east-1:877001948254:file-system/fs-02f1560f4b39438e0,aws/efs/automatic-backup-vault,COMPLETED,EFS,,,arn:aws:kms:sa-east-1:877001948254:key/8fddc277-1ae5-4000-a3e8-2a749c8f2e4a,,,,
ssrmprod,sa-east-1,backup,arn:aws:backup:sa-east-1:877001948254:recovery-point:6e687f81-6542-4316-8485-e6141d17ac10,arn:aws:elasticfilesystem:sa-east-1:877001948254:file-system/fs-09b05508a300e07f1,aws/efs/automatic-backup-vault,COMPLETED,EFS,,,arn:aws:kms:sa-east-1:877001948254:key/8fddc277-1ae5-4000-a3e8-2a749c8f2e4a,,,,
ssrmprod,sa-east-1,backup,arn:aws:backup:sa-east-1:877001948254:recovery-point:24b4b259-edff-4c9c-abf8-3d31ffa8f84e,arn:aws:elasticfilesystem:sa-east-1:877001948254:file-system/fs-09b05508a300e07f1,aws/efs/automatic-backup-vault,COMPLETED,EFS,,,arn:aws:kms:sa-east-1:877001948254:key/8fddc277-1ae5-4000-a3e8-2a749c8f2e4a,,,,
ssrmprod,sa-east-1,backup,arn:aws:backup:sa-east-1:877001948254:recovery-point:d47ac6eb-935c-417d-88dd-3224a9334958,arn:aws:elasticfilesystem:sa-east-1:877001948254:file-system/fs-06b8d37bfe1aa355a,aws/efs/automatic-backup-vault,COMPLETED,EFS,48.22,,arn:aws:kms:sa-east-1:877001948254:key/8fddc277-1ae5-4000-a3e8-2a749c8f2e4a,,,,
ssrmprod,sa-east-1,backup,arn:aws:backup:sa-east-1:877001948254:recovery-point:4f9dfab4-ce1a-49c9-9793-23f179610c2e,arn:aws:elasticfilesystem:sa-east-1:877001948254:file-system/fs-02f1560f4b39438e0,aws/efs/automatic-backup-vault,COMPLETED,EFS,,,arn:aws:kms:sa-east-1:877001948254:key/8fddc277-1ae5-4000-a3e8-2a749c8f2e4a,,,,
ssrmprod,sa-east-1,backup,arn:aws:backup:sa-east-1:877001948254:recovery-point:abb32626-d9da-4949-b977-d46d2a042a9e,arn:aws:elasticfilesystem:sa-east-1:877001948254:file-system/fs-09b05508a300e07f1,aws/efs/automatic-backup-vault,COMPLETED,EFS,,,arn:aws:kms:sa-east-1:877001948254:key/8fddc277-1ae5-4000-a3e8-2a749c8f2e4a,,,,
ssrmprod,sa-east-1,backup,arn:aws:backup:sa-east-1:877001948254:recovery-point:71d2a245-1b90-4354-a709-c5536b395196,arn:aws:elasticfilesystem:sa-east-1:877001948254:file-system/fs-02f1560f4b39438e0,aws/efs/automatic-backup-vault,COMPLETED,EFS,,,arn:aws:kms:sa-east-1:877001948254:key/8fddc277-1ae5-4000-a3e8-2a749c8f2e4a,,,,
ssrmprod,sa-east-1,backup,arn:aws:backup:sa-east-1:877001948254:recovery-point:566566f1-7a21-49a9-8acb-26eb58e5992f,arn:aws:elasticfilesystem:sa-east-1:877001948254:file-system/fs-06b8d37bfe1aa355a,aws/efs/automatic-backup-vault,COMPLETED,EFS,58.07,,arn:aws:kms:sa-east-1:877001948254:key/8fddc277-1ae5-4000-a3e8-2a749c8f2e4a,,,,
ssrmprod,sa-east-1,backup,arn:aws:backup:sa-east-1:877001948254:recovery-point:f01afa6a-0c4a-4d32-84ac-6fcd8f65b5c8,arn:aws:elasticfilesystem:sa-east-1:877001948254:file-system/fs-09b05508a300e07f1,aws/efs/automatic-backup-vault,COMPLETED,EFS,,,arn:aws:kms:sa-east-1:877001948254:key/8fddc277-1ae5-4000-a3e8-2a749c8f2e4a,,,,
ssrmprod,sa-east-1,backup,arn:aws:backup:sa-east-1:877001948254:recovery-point:5328e995-ef79-421e-8594-6679bd3183f0,arn:aws:elasticfilesystem:sa-east-1:877001948254:file-system/fs-02f1560f4b39438e0,aws/efs/automatic-backup-vault,COMPLETED,EFS,,,arn:aws:kms:sa-east-1:877001948254:key/8fddc277-1ae5-4000-a3e8-2a749c8f2e4a,,,,
ssrmprod,sa-east-1,backup,arn:aws:backup:sa-east-1:877001948254:recovery-point:bdf008c0-4aca-4f28-ad37-5e99ff7bd2c0,arn:aws:elasticfilesystem:sa-east-1:877001948254:file-system/fs-06b8d37bfe1aa355a,aws/efs/automatic-backup-vault,COMPLETED,EFS,62.12,,arn:aws:kms:sa-east-1:877001948254:key/8fddc277-1ae5-4000-a3e8-2a749c8f2e4a,,,,
ssrmprod,sa-east-1,backup,arn:aws:backup:sa-east-1:877001948254:recovery-point:303636b8-1fc6-4ec2-8f0f-b7ef95efdafb,arn:aws:elasticfilesystem:sa-east-1:877001948254:file-system/fs-06b8d37bfe1aa355a,aws/efs/automatic-backup-vault,COMPLETED,EFS,63.37,,arn:aws:kms:sa-east-1:877001948254:key/8fddc277-1ae5-4000-a3e8-2a749c8f2e4a,,,,
ssrmprod,sa-east-1,backup,arn:aws:backup:sa-east-1:877001948254:recovery-point:9fd6bdad-9ccb-435a-99af-ce52a242015d,arn:aws:elasticfilesystem:sa-east-1:877001948254:file-system/fs-02f1560f4b39438e0,aws/efs/automatic-backup-vault,COMPLETED,EFS,,,arn:aws:kms:sa-east-1:877001948254:key/8fddc277-1ae5-4000-a3e8-2a749c8f2e4a,,,,
ssrmprod,sa-east-1,backup,arn:aws:backup:sa-east-1:877001948254:recovery-point:39f4b814-8805-47f1-9481-000ddc80730e,arn:aws:elasticfilesystem:sa-east-1:877001948254:file-system/fs-09b05508a300e07f1,aws/efs/automatic-backup-vault,COMPLETED,EFS,,,arn:aws:kms:sa-east-1:877001948254:key/8fddc277-1ae5-4000-a3e8-2a749c8f2e4a,,,,
ssrmprod,sa-east-1,backup,arn:aws:backup:sa-east-1:877001948254:recovery-point:356481c1-9074-4cd9-9427-43c5d880a317,arn:aws:elasticfilesystem:sa-east-1:877001948254:file-system/fs-06b8d37bfe1aa355a,aws/efs/automatic-backup-vault,COMPLETED,EFS,65.86,,arn:aws:kms:sa-east-1:877001948254:key/8fddc277-1ae5-4000-a3e8-2a749c8f2e4a,,,,
ssrmprod,sa-east-1,backup,arn:aws:backup:sa-east-1:877001948254:recovery-point:597d2d8b-cbf8-45df-9662-d5f143bf9c48,arn:aws:elasticfilesystem:sa-east-1:877001948254:file-system/fs-02f1560f4b39438e0,aws/efs/automatic-backup-vault,COMPLETED,EFS,,,arn:aws:kms:sa-east-1:877001948254:key/8fddc277-1ae5-4000-a3e8-2a749c8f2e4a,,,,
ssrmprod,sa-east-1,backup,arn:aws:backup:sa-east-1:877001948254:recovery-point:039e6a57-485f-49e1-b021-f5a0ff96fb17,arn:aws:elasticfilesystem:sa-east-1:877001948254:file-system/fs-09b05508a300e07f1,aws/efs/automatic-backup-vault,COMPLETED,EFS,,,arn:aws:kms:sa-east-1:877001948254:key/8fddc277-1ae5-4000-a3e8-2a749c8f2e4a,,,,
ssrmprod,sa-east-1,backup,arn:aws:backup:sa-east-1:877001948254:recovery-point:d1f73227-7e19-4ac0-8e0e-4ebbcd8f43f7,arn:aws:elasticfilesystem:sa-east-1:877001948254:file-system/fs-09b05508a300e07f1,aws/efs/automatic-backup-vault,COMPLETED,EFS,,,arn:aws:kms:sa-east-1:877001948254:key/8fddc277-1ae5-4000-a3e8-2a749c8f2e4a,,,,
ssrmprod,sa-east-1,backup,arn:aws:backup:sa-east-1:877001948254:recovery-point:d63eeadb-0376-47bf-8a2c-c266a9d13fce,arn:aws:elasticfilesystem:sa-east-1:877001948254:file-system/fs-06b8d37bfe1aa355a,aws/efs/automatic-backup-vault,COMPLETED,EFS,64.01,,arn:aws:kms:sa-east-1:877001948254:key/8fddc277-1ae5-4000-a3e8-2a749c8f2e4a,,,,
ssrmprod,sa-east-1,backup,arn:aws:backup:sa-east-1:877001948254:recovery-point:a456d885-077a-4337-91a9-f73e281780c9,arn:aws:elasticfilesystem:sa-east-1:877001948254:file-system/fs-02f1560f4b39438e0,aws/efs/automatic-backup-vault,COMPLETED,EFS,,,arn:aws:kms:sa-east-1:877001948254:key/8fddc277-1ae5-4000-a3e8-2a749c8f2e4a,,,,
ssrmprod,sa-east-1,backup,arn:aws:backup:sa-east-1:877001948254:recovery-point:8d29017d-7903-4f66-b24d-1f711a80bdf7,arn:aws:elasticfilesystem:sa-east-1:877001948254:file-system/fs-06b8d37bfe1aa355a,aws/efs/automatic-backup-vault,COMPLETED,EFS,43.7,,arn:aws:kms:sa-east-1:877001948254:key/8fddc277-1ae5-4000-a3e8-2a749c8f2e4a,,,,
ssrmprod,sa-east-1,backup,arn:aws:backup:sa-east-1:877001948254:recovery-point:19617109-d199-4b94-931c-d7ecd802704e,arn:aws:elasticfilesystem:sa-east-1:877001948254:file-system/fs-02f1560f4b39438e0,aws/efs/automatic-backup-vault,COMPLETED,EFS,,,arn:aws:kms:sa-east-1:877001948254:key/8fddc277-1ae5-4000-a3e8-2a749c8f2e4a,,,,
ssrmprod,sa-east-1,backup,arn:aws:backup:sa-east-1:877001948254:recovery-point:656ee496-f283-44c4-b83c-0c170cf3fedf,arn:aws:elasticfilesystem:sa-east-1:877001948254:file-system/fs-09b05508a300e07f1,aws/efs/automatic-backup-vault,COMPLETED,EFS,,,arn:aws:kms:sa-east-1:877001948254:key/8fddc277-1ae5-4000-a3e8-2a749c8f2e4a,,,,
ssrmprod,sa-east-1,backup,arn:aws:backup:sa-east-1:877001948254:recovery-point:e5e8c285-fbdc-4830-a8ab-bc5e53d24e42,arn:aws:elasticfilesystem:sa-east-1:877001948254:file-system/fs-09b05508a300e07f1,aws/efs/automatic-backup-vault,COMPLETED,EFS,,,arn:aws:kms:sa-east-1:877001948254:key/8fddc277-1ae5-4000-a3e8-2a749c8f2e4a,,,,
ssrmprod,sa-east-1,backup,arn:aws:backup:sa-east-1:877001948254:recovery-point:6e107692-c92a-4917-b088-57710b1e670f,arn:aws:elasticfilesystem:sa-east-1:877001948254:file-system/fs-06b8d37bfe1aa355a,aws/efs/automatic-backup-vault,COMPLETED,EFS,45.3,,arn:aws:kms:sa-east-1:877001948254:key/8fddc277-1ae5-4000-a3e8-2a749c8f2e4a,,,,
ssrmprod,sa-east-1,backup,arn:aws:backup:sa-east-1:877001948254:recovery-point:8e0c1cbc-274d-47f0-932d-bee467e5e690,arn:aws:elasticfilesystem:sa-east-1:877001948254:file-system/fs-02f1560f4b39438e0,aws/efs/automatic-backup-vault,COMPLETED,EFS,,,arn:aws:kms:sa-east-1:877001948254:key/8fddc277-1ae5-4000-a3e8-2a749c8f2e4a,,,,
ssrmprod,sa-east-1,backup,arn:aws:backup:sa-east-1:877001948254:recovery-point:cd0c78b8-b8eb-4890-9d46-acbda8f37263,arn:aws:elasticfilesystem:sa-east-1:877001948254:file-system/fs-09b05508a300e07f1,aws/efs/automatic-backup-vault,COMPLETED,EFS,,,arn:aws:kms:sa-east-1:877001948254:key/8fddc277-1ae5-4000-a3e8-2a749c8f2e4a,,,,
ssrmprod,sa-east-1,backup,arn:aws:backup:sa-east-1:877001948254:recovery-point:9ded2dd9-33bd-42e2-b394-427f90301aaf,arn:aws:elasticfilesystem:sa-east-1:877001948254:file-system/fs-06b8d37bfe1aa355a,aws/efs/automatic-backup-vault,COMPLETED,EFS,65.0,,arn:aws:kms:sa-east-1:877001948254:key/8fddc277-1ae5-4000-a3e8-2a749c8f2e4a,,,,
ssrmprod,sa-east-1,backup,arn:aws:backup:sa-east-1:877001948254:recovery-point:6ca5fcbd-56c1-403c-9a14-5eb0f8ae852e,arn:aws:elasticfilesystem:sa-east-1:877001948254:file-system/fs-02f1560f4b39438e0,aws/efs/automatic-backup-vault,COMPLETED,EFS,,,arn:aws:kms:sa-east-1:877001948254:key/8fddc277-1ae5-4000-a3e8-2a749c8f2e4a,,,,
ssrmprod,sa-east-1,backup,arn:aws:backup:sa-east-1:877001948254:recovery-point:e8b387e2-9dc7-46e1-a8e1-7dc6ec7fe58d,arn:aws:elasticfilesystem:sa-east-1:877001948254:file-system/fs-09b05508a300e07f1,aws/efs/automatic-backup-vault,COMPLETED,EFS,,,arn:aws:kms:sa-east-1:877001948254:key/8fddc277-1ae5-4000-a3e8-2a749c8f2e4a,,,,
ssrmprod,sa-east-1,backup,arn:aws:backup:sa-east-1:877001948254:recovery-point:31f2de99-219c-4c9c-87b6-ddce287f8243,arn:aws:elasticfilesystem:sa-east-1:877001948254:file-system/fs-02f1560f4b39438e0,aws/efs/automatic-backup-vault,COMPLETED,EFS,,,arn:aws:kms:sa-east-1:877001948254:key/8fddc277-1ae5-4000-a3e8-2a749c8f2e4a,,,,
ssrmprod,sa-east-1,backup,arn:aws:backup:sa-east-1:877001948254:recovery-point:f511e767-8c7f-4602-8315-2d97a315e7b3,arn:aws:elasticfilesystem:sa-east-1:877001948254:file-system/fs-06b8d37bfe1aa355a,aws/efs/automatic-backup-vault,COMPLETED,EFS,62.84,,arn:aws:kms:sa-east-1:877001948254:key/8fddc277-1ae5-4000-a3e8-2a749c8f2e4a,,,,
ssrmprod,sa-east-1,backup,arn:aws:backup:sa-east-1:877001948254:recovery-point:f071547a-9fae-4929-9349-7f8c42653da9,arn:aws:elasticfilesystem:sa-east-1:877001948254:file-system/fs-02f1560f4b39438e0,aws/efs/automatic-backup-vault,COMPLETED,EFS,,,arn:aws:kms:sa-east-1:877001948254:key/8fddc277-1ae5-4000-a3e8-2a749c8f2e4a,,,,
ssrmprod,sa-east-1,backup,arn:aws:backup:sa-east-1:877001948254:recovery-point:aa778398-86be-41c2-b081-6bc279718176,arn:aws:elasticfilesystem:sa-east-1:877001948254:file-system/fs-09b05508a300e07f1,aws/efs/automatic-backup-vault,COMPLETED,EFS,,,arn:aws:kms:sa-east-1:877001948254:key/8fddc277-1ae5-4000-a3e8-2a749c8f2e4a,,,,
ssrmprod,sa-east-1,backup,arn:aws:backup:sa-east-1:877001948254:recovery-point:043594be-1fd7-4560-aa3a-bd51d90e260b,arn:aws:elasticfilesystem:sa-east-1:877001948254:file-system/fs-06b8d37bfe1aa355a,aws/efs/automatic-backup-vault,COMPLETED,EFS,64.14,,arn:aws:kms:sa-east-1:877001948254:key/8fddc277-1ae5-4000-a3e8-2a749c8f2e4a,,,,
ssrmprod,sa-east-1,backup,arn:aws:backup:sa-east-1:877001948254:recovery-point:7f22d161-c553-453b-acb7-be8ed98a3f3d,arn:aws:elasticfilesystem:sa-east-1:877001948254:file-system/fs-09b05508a300e07f1,aws/efs/automatic-backup-vault,COMPLETED,EFS,,,arn:aws:kms:sa-east-1:877001948254:key/8fddc277-1ae5-4000-a3e8-2a749c8f2e4a,,,,
ssrmprod,sa-east-1,backup,arn:aws:backup:sa-east-1:877001948254:recovery-point:03c66470-a9cb-4c83-b0b9-16c677c5b380,arn:aws:elasticfilesystem:sa-east-1:877001948254:file-system/fs-02f1560f4b39438e0,aws/efs/automatic-backup-vault,COMPLETED,EFS,,,arn:aws:kms:sa-east-1:877001948254:key/8fddc277-1ae5-4000-a3e8-2a749c8f2e4a,,,,
ssrmprod,sa-east-1,backup,arn:aws:backup:sa-east-1:877001948254:recovery-point:68b6e3e6-2ac5-4f91-935d-7ada2fc5cc68,arn:aws:elasticfilesystem:sa-east-1:877001948254:file-system/fs-06b8d37bfe1aa355a,aws/efs/automatic-backup-vault,COMPLETED,EFS,63.36,,arn:aws:kms:sa-east-1:877001948254:key/8fddc277-1ae5-4000-a3e8-2a749c8f2e4a,,,,
ssrmprod,sa-east-1,backup,arn:aws:backup:sa-east-1:877001948254:recovery-point:895eb29f-64d9-4b4b-bd36-dc8f5819ee49,arn:aws:elasticfilesystem:sa-east-1:877001948254:file-system/fs-02f1560f4b39438e0,aws/efs/automatic-backup-vault,COMPLETED,EFS,,,arn:aws:kms:sa-east-1:877001948254:key/8fddc277-1ae5-4000-a3e8-2a749c8f2e4a,,,,
ssrmprod,sa-east-1,backup,arn:aws:backup:sa-east-1:877001948254:recovery-point:7b7df3d4-863f-423b-b51d-2cde38adb989,arn:aws:elasticfilesystem:sa-east-1:877001948254:file-system/fs-06b8d37bfe1aa355a,aws/efs/automatic-backup-vault,COMPLETED,EFS,57.9,,arn:aws:kms:sa-east-1:877001948254:key/8fddc277-1ae5-4000-a3e8-2a749c8f2e4a,,,,
ssrmprod,sa-east-1,backup,arn:aws:backup:sa-east-1:877001948254:recovery-point:81396c6e-bc0c-4cc7-9b30-2647b3ce151a,arn:aws:elasticfilesystem:sa-east-1:877001948254:file-system/fs-09b05508a300e07f1,aws/efs/automatic-backup-vault,COMPLETED,EFS,,,arn:aws:kms:sa-east-1:877001948254:key/8fddc277-1ae5-4000-a3e8-2a749c8f2e4a,,,,
ssrmprod,sa-east-1,backup,arn:aws:backup:sa-east-1:877001948254:recovery-point:a69bb024-e2b1-4f11-853b-d12243733532,arn:aws:elasticfilesystem:sa-east-1:877001948254:file-system/fs-06b8d37bfe1aa355a,aws/efs/automatic-backup-vault,COMPLETED,EFS,36.89,,arn:aws:kms:sa-east-1:877001948254:key/8fddc277-1ae5-4000-a3e8-2a749c8f2e4a,,,,
ssrmprod,sa-east-1,backup,arn:aws:backup:sa-east-1:877001948254:recovery-point:47700611-8979-4a96-9a3a-9f2dd510bfdb,arn:aws:elasticfilesystem:sa-east-1:877001948254:file-system/fs-09b05508a300e07f1,aws/efs/automatic-backup-vault,COMPLETED,EFS,,,arn:aws:kms:sa-east-1:877001948254:key/8fddc277-1ae5-4000-a3e8-2a749c8f2e4a,,,,
ssrmprod,sa-east-1,backup,arn:aws:backup:sa-east-1:877001948254:recovery-point:e8839512-ee2a-442e-8cfe-2e8aac4d011a,arn:aws:elasticfilesystem:sa-east-1:877001948254:file-system/fs-02f1560f4b39438e0,aws/efs/automatic-backup-vault,COMPLETED,EFS,,,arn:aws:kms:sa-east-1:877001948254:key/8fddc277-1ae5-4000-a3e8-2a749c8f2e4a,,,,
ssrmprod,sa-east-1,backup,arn:aws:backup:sa-east-1:877001948254:recovery-point:5b5536b7-9ae2-4250-841a-52b6794f8746,arn:aws:elasticfilesystem:sa-east-1:877001948254:file-system/fs-09b05508a300e07f1,aws/efs/automatic-backup-vault,COMPLETED,EFS,,,arn:aws:kms:sa-east-1:877001948254:key/8fddc277-1ae5-4000-a3e8-2a749c8f2e4a,,,,
ssrmprod,sa-east-1,backup,arn:aws:backup:sa-east-1:877001948254:recovery-point:a78159e9-3362-459f-a7a7-21ff99b0cfac,arn:aws:elasticfilesystem:sa-east-1:877001948254:file-system/fs-06b8d37bfe1aa355a,aws/efs/automatic-backup-vault,COMPLETED,EFS,44.21,,arn:aws:kms:sa-east-1:877001948254:key/8fddc277-1ae5-4000-a3e8-2a749c8f2e4a,,,,
ssrmprod,sa-east-1,backup,arn:aws:backup:sa-east-1:877001948254:recovery-point:8c432d6e-014f-4f17-85f2-71f95ebbe8cf,arn:aws:elasticfilesystem:sa-east-1:877001948254:file-system/fs-02f1560f4b39438e0,aws/efs/automatic-backup-vault,COMPLETED,EFS,,,arn:aws:kms:sa-east-1:877001948254:key/8fddc277-1ae5-4000-a3e8-2a749c8f2e4a,,,,
ssrmprod,sa-east-1,backup,arn:aws:backup:sa-east-1:877001948254:recovery-point:cc1b2722-a980-4c1b-a782-273efcbfec5a,arn:aws:elasticfilesystem:sa-east-1:877001948254:file-system/fs-06b8d37bfe1aa355a,aws/efs/automatic-backup-vault,COMPLETED,EFS,61.0,,arn:aws:kms:sa-east-1:877001948254:key/8fddc277-1ae5-4000-a3e8-2a749c8f2e4a,,,,
ssrmprod,sa-east-1,backup,arn:aws:backup:sa-east-1:877001948254:recovery-point:020182f5-b3ae-464f-953f-a5af7a422347,arn:aws:elasticfilesystem:sa-east-1:877001948254:file-system/fs-02f1560f4b39438e0,aws/efs/automatic-backup-vault,COMPLETED,EFS,,,arn:aws:kms:sa-east-1:877001948254:key/8fddc277-1ae5-4000-a3e8-2a749c8f2e4a,,,,
ssrmprod,sa-east-1,backup,arn:aws:backup:sa-east-1:877001948254:recovery-point:5a30c70d-fc7f-4b48-9ed9-e13070caebf1,arn:aws:elasticfilesystem:sa-east-1:877001948254:file-system/fs-09b05508a300e07f1,aws/efs/automatic-backup-vault,COMPLETED,EFS,,,arn:aws:kms:sa-east-1:877001948254:key/8fddc277-1ae5-4000-a3e8-2a749c8f2e4a,,,,
ssrmprod,sa-east-1,backup,arn:aws:backup:sa-east-1:877001948254:recovery-point:3d3256d8-a2cf-4567-b39b-72a82643d4cb,arn:aws:elasticfilesystem:sa-east-1:877001948254:file-system/fs-02f1560f4b39438e0,aws/efs/automatic-backup-vault,COMPLETED,EFS,,,arn:aws:kms:sa-east-1:877001948254:key/8fddc277-1ae5-4000-a3e8-2a749c8f2e4a,,,,
ssrmprod,sa-east-1,backup,arn:aws:backup:sa-east-1:877001948254:recovery-point:599ff9af-e52f-41ec-97f4-0ce2b5359282,arn:aws:elasticfilesystem:sa-east-1:877001948254:file-system/fs-09b05508a300e07f1,aws/efs/automatic-backup-vault,COMPLETED,EFS,,,arn:aws:kms:sa-east-1:877001948254:key/8fddc277-1ae5-4000-a3e8-2a749c8f2e4a,,,,
ssrmprod,sa-east-1,backup,arn:aws:backup:sa-east-1:877001948254:recovery-point:4cabd8b5-8caa-4cfa-97cd-fcf199236fdf,arn:aws:elasticfilesystem:sa-east-1:877001948254:file-system/fs-06b8d37bfe1aa355a,aws/efs/automatic-backup-vault,COMPLETED,EFS,42.96,,arn:aws:kms:sa-east-1:877001948254:key/8fddc277-1ae5-4000-a3e8-2a749c8f2e4a,,,,
ssrmprod,sa-east-1,backup,arn:aws:backup:sa-east-1:877001948254:recovery-point:c78e0490-41f6-4f8c-85d7-2633e0841c53,arn:aws:elasticfilesystem:sa-east-1:877001948254:file-system/fs-02f1560f4b39438e0,aws/efs/automatic-backup-vault,COMPLETED,EFS,,,arn:aws:kms:sa-east-1:877001948254:key/8fddc277-1ae5-4000-a3e8-2a749c8f2e4a,,,,
ssrmprod,sa-east-1,backup,arn:aws:backup:sa-east-1:877001948254:recovery-point:89cba791-162a-4ba0-bc9a-1956c993b50b,arn:aws:elasticfilesystem:sa-east-1:877001948254:file-system/fs-06b8d37bfe1aa355a,aws/efs/automatic-backup-vault,COMPLETED,EFS,62.52,,arn:aws:kms:sa-east-1:877001948254:key/8fddc277-1ae5-4000-a3e8-2a749c8f2e4a,,,,
ssrmprod,sa-east-1,backup,arn:aws:backup:sa-east-1:877001948254:recovery-point:6ae0d345-e84d-4e30-964b-cac93046a725,arn:aws:elasticfilesystem:sa-east-1:877001948254:file-system/fs-09b05508a300e07f1,aws/efs/automatic-backup-vault,COMPLETED,EFS,,,arn:aws:kms:sa-east-1:877001948254:key/8fddc277-1ae5-4000-a3e8-2a749c8f2e4a,,,,
ssrmprod,sa-east-1,backup,arn:aws:backup:sa-east-1:877001948254:recovery-point:6aff8c75-c72d-4aa0-9960-46045c38d5d4,arn:aws:elasticfilesystem:sa-east-1:877001948254:file-system/fs-02f1560f4b39438e0,aws/efs/automatic-backup-vault,COMPLETED,EFS,,,arn:aws:kms:sa-east-1:877001948254:key/8fddc277-1ae5-4000-a3e8-2a749c8f2e4a,,,,
ssrmprod,sa-east-1,backup,arn:aws:backup:sa-east-1:877001948254:recovery-point:679a41b7-8277-4dcb-8c52-5f70a3c837e5,arn:aws:elasticfilesystem:sa-east-1:877001948254:file-system/fs-06b8d37bfe1aa355a,aws/efs/automatic-backup-vault,COMPLETED,EFS,70.6,,arn:aws:kms:sa-east-1:877001948254:key/8fddc277-1ae5-4000-a3e8-2a749c8f2e4a,,,,
ssrmprod,sa-east-1,backup,arn:aws:backup:sa-east-1:877001948254:recovery-point:486c0cba-99b1-4cbb-a248-f08799c5d4bd,arn:aws:elasticfilesystem:sa-east-1:877001948254:file-system/fs-09b05508a300e07f1,aws/efs/automatic-backup-vault,COMPLETED,EFS,,,arn:aws:kms:sa-east-1:877001948254:key/8fddc277-1ae5-4000-a3e8-2a749c8f2e4a,,,,
ssrmprod,sa-east-1,backup,arn:aws:backup:sa-east-1:877001948254:recovery-point:6f4c0137-3bd1-4479-94dd-705bce85d8a0,arn:aws:elasticfilesystem:sa-east-1:877001948254:file-system/fs-06b8d37bfe1aa355a,aws/efs/automatic-backup-vault,COMPLETED,EFS,66.92,,arn:aws:kms:sa-east-1:877001948254:key/8fddc277-1ae5-4000-a3e8-2a749c8f2e4a,,,,
ssrmprod,sa-east-1,backup,arn:aws:backup:sa-east-1:877001948254:recovery-point:6272d6b9-402e-4980-9e4e-96c9f6ef7aa1,arn:aws:elasticfilesystem:sa-east-1:877001948254:file-system/fs-02f1560f4b39438e0,aws/efs/automatic-backup-vault,COMPLETED,EFS,,,arn:aws:kms:sa-east-1:877001948254:key/8fddc277-1ae5-4000-a3e8-2a749c8f2e4a,,,,
ssrmprod,sa-east-1,backup,arn:aws:backup:sa-east-1:877001948254:recovery-point:ed8a7280-694c-4d90-8d28-30b4c296a2d0,arn:aws:elasticfilesystem:sa-east-1:877001948254:file-system/fs-09b05508a300e07f1,aws/efs/automatic-backup-vault,COMPLETED,EFS,,,arn:aws:kms:sa-east-1:877001948254:key/8fddc277-1ae5-4000-a3e8-2a749c8f2e4a,,,,
ssrmprod,sa-east-1,backup,arn:aws:backup:sa-east-1:877001948254:recovery-point:0bd5d20d-e142-4167-900d-3978c7a848b5,arn:aws:elasticfilesystem:sa-east-1:877001948254:file-system/fs-09b05508a300e07f1,aws/efs/automatic-backup-vault,COMPLETED,EFS,,,arn:aws:kms:sa-east-1:877001948254:key/8fddc277-1ae5-4000-a3e8-2a749c8f2e4a,,,,
ssrmprod,sa-east-1,backup,arn:aws:backup:sa-east-1:877001948254:recovery-point:223e443e-cd31-4d64-9b58-044e9a77453a,arn:aws:elasticfilesystem:sa-east-1:877001948254:file-system/fs-02f1560f4b39438e0,aws/efs/automatic-backup-vault,COMPLETED,EFS,,,arn:aws:kms:sa-east-1:877001948254:key/8fddc277-1ae5-4000-a3e8-2a749c8f2e4a,,,,
ssrmprod,sa-east-1,backup,arn:aws:backup:sa-east-1:877001948254:recovery-point:a2a76b45-4935-449c-b8d1-e1a849255fac,arn:aws:elasticfilesystem:sa-east-1:877001948254:file-system/fs-06b8d37bfe1aa355a,aws/efs/automatic-backup-vault,COMPLETED,EFS,43.18,,arn:aws:kms:sa-east-1:877001948254:key/8fddc277-1ae5-4000-a3e8-2a749c8f2e4a,,,,
ssrmprod,sa-east-1,backup,arn:aws:backup:sa-east-1:877001948254:recovery-point:5ab3a137-77ed-4544-9aae-2fde33ea78cb,arn:aws:elasticfilesystem:sa-east-1:877001948254:file-system/fs-09b05508a300e07f1,aws/efs/automatic-backup-vault,COMPLETED,EFS,,,arn:aws:kms:sa-east-1:877001948254:key/8fddc277-1ae5-4000-a3e8-2a749c8f2e4a,,,,
ssrmprod,sa-east-1,backup,arn:aws:backup:sa-east-1:877001948254:recovery-point:aeabbbd9-380d-49f8-bdfe-3fb88871bdfb,arn:aws:elasticfilesystem:sa-east-1:877001948254:file-system/fs-02f1560f4b39438e0,aws/efs/automatic-backup-vault,COMPLETED,EFS,,,arn:aws:kms:sa-east-1:877001948254:key/8fddc277-1ae5-4000-a3e8-2a749c8f2e4a,,,,
ssrmprod,sa-east-1,backup,arn:aws:backup:sa-east-1:877001948254:recovery-point:77e66147-ec25-44e5-b692-ef8df76bbd76,arn:aws:elasticfilesystem:sa-east-1:877001948254:file-system/fs-06b8d37bfe1aa355a,aws/efs/automatic-backup-vault,COMPLETED,EFS,54.0,,arn:aws:kms:sa-east-1:877001948254:key/8fddc277-1ae5-4000-a3e8-2a749c8f2e4a,,,,
ssrmprod,sa-east-1,backup,arn:aws:backup:sa-east-1:877001948254:recovery-point:4a89dff0-f5c0-4733-9932-e5629fc114d5,arn:aws:elasticfilesystem:sa-east-1:877001948254:file-system/fs-09b05508a300e07f1,aws/efs/automatic-backup-vault,COMPLETED,EFS,,,arn:aws:kms:sa-east-1:877001948254:key/8fddc277-1ae5-4000-a3e8-2a749c8f2e4a,,,,
ssrmprod,sa-east-1,backup,arn:aws:backup:sa-east-1:877001948254:recovery-point:3acf2a5c-513c-476f-aa98-0d89e7242bfb,arn:aws:elasticfilesystem:sa-east-1:877001948254:file-system/fs-06b8d37bfe1aa355a,aws/efs/automatic-backup-vault,COMPLETED,EFS,114.92,,arn:aws:kms:sa-east-1:877001948254:key/8fddc277-1ae5-4000-a3e8-2a749c8f2e4a,,,,
ssrmprod,sa-east-1,backup,arn:aws:backup:sa-east-1:877001948254:recovery-point:6875ef06-7b6b-410e-afbe-60a4e5743b13,arn:aws:elasticfilesystem:sa-east-1:877001948254:file-system/fs-02f1560f4b39438e0,aws/efs/automatic-backup-vault,COMPLETED,EFS,,,arn:aws:kms:sa-east-1:877001948254:key/8fddc277-1ae5-4000-a3e8-2a749c8f2e4a,,,,
ssrmprod,sa-east-1,backup,arn:aws:backup:sa-east-1:877001948254:recovery-point:a9c701cd-00d8-4e5d-9300-bbcf8731387c,arn:aws:elasticfilesystem:sa-east-1:877001948254:file-system/fs-02f1560f4b39438e0,aws/efs/automatic-backup-vault,COMPLETED,EFS,,,arn:aws:kms:sa-east-1:877001948254:key/8fddc277-1ae5-4000-a3e8-2a749c8f2e4a,,,,
ssrmprod,sa-east-1,backup,arn:aws:backup:sa-east-1:877001948254:recovery-point:ff1a7ecf-2461-4b0b-abd4-6e9d17afbc67,arn:aws:elasticfilesystem:sa-east-1:877001948254:file-system/fs-09b05508a300e07f1,aws/efs/automatic-backup-vault,COMPLETED,EFS,,,arn:aws:kms:sa-east-1:877001948254:key/8fddc277-1ae5-4000-a3e8-2a749c8f2e4a,,,,
ssrmprod,sa-east-1,backup,arn:aws:backup:sa-east-1:877001948254:recovery-point:290c49c6-7c40-4966-aa23-b4dd65248232,arn:aws:elasticfilesystem:sa-east-1:877001948254:file-system/fs-06b8d37bfe1aa355a,aws/efs/automatic-backup-vault,COMPLETED,EFS,67.0,,arn:aws:kms:sa-east-1:877001948254:key/8fddc277-1ae5-4000-a3e8-2a749c8f2e4a,,,,
ssrmprod,sa-east-1,backup,arn:aws:backup:sa-east-1:877001948254:recovery-point:ee34df95-6af8-4503-bfa7-7c4cf5f2efa8,arn:aws:elasticfilesystem:sa-east-1:877001948254:file-system/fs-09b05508a300e07f1,aws/efs/automatic-backup-vault,COMPLETED,EFS,,,arn:aws:kms:sa-east-1:877001948254:key/8fddc277-1ae5-4000-a3e8-2a749c8f2e4a,,,,
ssrmprod,sa-east-1,backup,arn:aws:backup:sa-east-1:877001948254:recovery-point:af6d962b-88e5-430e-8f6b-48b603372633,arn:aws:elasticfilesystem:sa-east-1:877001948254:file-system/fs-06b8d37bfe1aa355a,aws/efs/automatic-backup-vault,COMPLETED,EFS,56.63,,arn:aws:kms:sa-east-1:877001948254:key/8fddc277-1ae5-4000-a3e8-2a749c8f2e4a,,,,
ssrmprod,sa-east-1,backup,arn:aws:backup:sa-east-1:877001948254:recovery-point:c6701659-4aa8-494c-88ba-fc3a020ce735,arn:aws:elasticfilesystem:sa-east-1:877001948254:file-system/fs-02f1560f4b39438e0,aws/efs/automatic-backup-vault,COMPLETED,EFS,,,arn:aws:kms:sa-east-1:877001948254:key/8fddc277-1ae5-4000-a3e8-2a749c8f2e4a,,,,
ssrmprod,sa-east-1,backup,arn:aws:backup:sa-east-1:877001948254:recovery-point:0c58654b-33ce-4850-8e2a-260efb52c92c,arn:aws:elasticfilesystem:sa-east-1:877001948254:file-system/fs-02f1560f4b39438e0,aws/efs/automatic-backup-vault,COMPLETED,EFS,,,arn:aws:kms:sa-east-1:877001948254:key/8fddc277-1ae5-4000-a3e8-2a749c8f2e4a,,,,
ssrmprod,sa-east-1,backup,arn:aws:backup:sa-east-1:877001948254:recovery-point:dda08139-ddb2-4afc-9ea1-cd09ebfcd70a,arn:aws:elasticfilesystem:sa-east-1:877001948254:file-system/fs-06b8d37bfe1aa355a,aws/efs/automatic-backup-vault,COMPLETED,EFS,57.62,,arn:aws:kms:sa-east-1:877001948254:key/8fddc277-1ae5-4000-a3e8-2a749c8f2e4a,,,,
ssrmprod,sa-east-1,backup,arn:aws:backup:sa-east-1:877001948254:recovery-point:8e06456c-b169-44a9-9b7f-30bdb35996ee,arn:aws:elasticfilesystem:sa-east-1:877001948254:file-system/fs-09b05508a300e07f1,aws/efs/automatic-backup-vault,COMPLETED,EFS,,,arn:aws:kms:sa-east-1:877001948254:key/8fddc277-1ae5-4000-a3e8-2a749c8f2e4a,,,,
