account;cluster;;sha;namespace;deployment;pod_name
corporateprod;eks-nike-tech-01-prod;sha256:614e2a378d2c55b588ea02eab6a6ec9eb4e4281ad731955dc67442c4c2ff35bb;gcr.io/apigee-microgateway/edgemicro@sha256:614e2a378d2c55b588ea02eab6a6ec9eb4e4281ad731955dc67442c4c2ff35bb;apigee-system;eks-nike-tech-01-prod-microgateway-ddb785cf8;eks-nike-tech-01-prod-microgateway-ddb785cf8-8t964
corporateprod;eks-nike-tech-01-prod;sha256:b68f8ab06808890dff627d8fff67a3375fb8d38b83d1c79ea0684cfbb7702ba9;docker.io/bitnami/cassandra@sha256:b68f8ab06808890dff627d8fff67a3375fb8d38b83d1c79ea0684cfbb7702ba9;cassandra-uat;N/A;cassandra-uat-0
corporateprod;eks-nike-tech-01-prod;sha256:c5e0e5dca7503a8371b8d366db0f49e3fc68f62ea480262e39b6cc277991c97c;quay.io/strimzi/operator@sha256:c5e0e5dca7503a8371b8d366db0f49e3fc68f62ea480262e39b6cc277991c97c;default;strimzi-cluster-operator-5dc9798fb4;strimzi-cluster-operator-5dc9798fb4-gbknc
corporateprod;eks-nike-tech-01-prod;sha256:bfb1d7950ea02c875c7061a98e1714b017d8e2a6e74df0c07611c546b6d4f8b6;ghcr.io/fluxcd/flagger@sha256:bfb1d7950ea02c875c7061a98e1714b017d8e2a6e74df0c07611c546b6d4f8b6;istio-system;flagger-8b945cf6b;flagger-8b945cf6b-6jn8n
corporateprod;eks-nike-tech-01-prod;sha256:2152aea5fbe2de20f08f3e0412ad7a4cd54a492240ff40974261ee4bdb43871d;docker.io/istio/proxyv2@sha256:2152aea5fbe2de20f08f3e0412ad7a4cd54a492240ff40974261ee4bdb43871d;istio-system;istio-ingress-65cc558668;istio-ingress-65cc558668-rxzqd
corporateprod;eks-nike-tech-01-prod;sha256:ce9d876067018d5217836ffd28e5767e64937c573f5ac7d421be860857d0b266;docker.io/istio/pilot@sha256:ce9d876067018d5217836ffd28e5767e64937c573f5ac7d421be860857d0b266;istio-system;istiod-649844d58b;istiod-649844d58b-bh5dk
corporateprod;eks-nike-tech-01-prod;sha256:0e0c081fd0cf40e9028533d386177fc2492e4e839e1151237e847b2c9486715b;docker.io/jaegertracing/all-in-one@sha256:0e0c081fd0cf40e9028533d386177fc2492e4e839e1151237e847b2c9486715b;istio-system;jaeger-8559896dfc;jaeger-8559896dfc-v2t2j
corporateprod;eks-nike-tech-01-prod;sha256:fa494cb4ef3f3e4f593f3b12f77fced35fe1dff3c7c97e5f54f3f834d778e18d;quay.io/kiali/kiali@sha256:fa494cb4ef3f3e4f593f3b12f77fced35fe1dff3c7c97e5f54f3f834d778e18d;istio-system;kiali-65fcd75bd;kiali-65fcd75bd-qnvd9
corporateprod;eks-nike-tech-01-prod;sha256:680ae1958dbcb9da8ee4128a67c1163a6ee2744221f7d29f73d8bcc237fd0173;quay.io/strimzi/kafka@sha256:680ae1958dbcb9da8ee4128a67c1163a6ee2744221f7d29f73d8bcc237fd0173;kafka-dev;kafka-cluster-entity-operator-7d4b5dcddf;kafka-cluster-entity-operator-7d4b5dcddf-bbdvl
corporateprod;eks-nike-tech-01-prod;sha256:c5e0e5dca7503a8371b8d366db0f49e3fc68f62ea480262e39b6cc277991c97c;quay.io/strimzi/operator@sha256:c5e0e5dca7503a8371b8d366db0f49e3fc68f62ea480262e39b6cc277991c97c;kafka-dev;kafka-cluster-entity-operator-7d4b5dcddf;kafka-cluster-entity-operator-7d4b5dcddf-bbdvl
corporateprod;eks-nike-tech-01-prod;sha256:c5e0e5dca7503a8371b8d366db0f49e3fc68f62ea480262e39b6cc277991c97c;quay.io/strimzi/operator@sha256:c5e0e5dca7503a8371b8d366db0f49e3fc68f62ea480262e39b6cc277991c97c;kafka-dev;kafka-cluster-entity-operator-7d4b5dcddf;kafka-cluster-entity-operator-7d4b5dcddf-bbdvl
corporateprod;eks-nike-tech-01-prod;sha256:680ae1958dbcb9da8ee4128a67c1163a6ee2744221f7d29f73d8bcc237fd0173;quay.io/strimzi/kafka@sha256:680ae1958dbcb9da8ee4128a67c1163a6ee2744221f7d29f73d8bcc237fd0173;kafka-dev;N/A;kafka-cluster-kafka-0
corporateprod;eks-nike-tech-01-prod;sha256:680ae1958dbcb9da8ee4128a67c1163a6ee2744221f7d29f73d8bcc237fd0173;quay.io/strimzi/kafka@sha256:680ae1958dbcb9da8ee4128a67c1163a6ee2744221f7d29f73d8bcc237fd0173;kafka-dev;N/A;kafka-cluster-zookeeper-0
corporateprod;eks-nike-tech-01-prod;sha256:680ae1958dbcb9da8ee4128a67c1163a6ee2744221f7d29f73d8bcc237fd0173;quay.io/strimzi/kafka@sha256:680ae1958dbcb9da8ee4128a67c1163a6ee2744221f7d29f73d8bcc237fd0173;kafka-dev;N/A;kafka-cluster-zookeeper-1
corporateprod;eks-nike-tech-01-prod;sha256:680ae1958dbcb9da8ee4128a67c1163a6ee2744221f7d29f73d8bcc237fd0173;quay.io/strimzi/kafka@sha256:680ae1958dbcb9da8ee4128a67c1163a6ee2744221f7d29f73d8bcc237fd0173;kafka-dev;N/A;kafka-cluster-zookeeper-2
corporateprod;eks-nike-tech-01-prod;sha256:680ae1958dbcb9da8ee4128a67c1163a6ee2744221f7d29f73d8bcc237fd0173;quay.io/strimzi/kafka@sha256:680ae1958dbcb9da8ee4128a67c1163a6ee2744221f7d29f73d8bcc237fd0173;kafka-uat;kafka-cluster-entity-operator-9f495578;kafka-cluster-entity-operator-9f495578-l64r4
corporateprod;eks-nike-tech-01-prod;sha256:c5e0e5dca7503a8371b8d366db0f49e3fc68f62ea480262e39b6cc277991c97c;quay.io/strimzi/operator@sha256:c5e0e5dca7503a8371b8d366db0f49e3fc68f62ea480262e39b6cc277991c97c;kafka-uat;kafka-cluster-entity-operator-9f495578;kafka-cluster-entity-operator-9f495578-l64r4
corporateprod;eks-nike-tech-01-prod;sha256:c5e0e5dca7503a8371b8d366db0f49e3fc68f62ea480262e39b6cc277991c97c;quay.io/strimzi/operator@sha256:c5e0e5dca7503a8371b8d366db0f49e3fc68f62ea480262e39b6cc277991c97c;kafka-uat;kafka-cluster-entity-operator-9f495578;kafka-cluster-entity-operator-9f495578-l64r4
corporateprod;eks-nike-tech-01-prod;sha256:680ae1958dbcb9da8ee4128a67c1163a6ee2744221f7d29f73d8bcc237fd0173;quay.io/strimzi/kafka@sha256:680ae1958dbcb9da8ee4128a67c1163a6ee2744221f7d29f73d8bcc237fd0173;kafka-uat;N/A;kafka-cluster-kafka-0
corporateprod;eks-nike-tech-01-prod;sha256:680ae1958dbcb9da8ee4128a67c1163a6ee2744221f7d29f73d8bcc237fd0173;quay.io/strimzi/kafka@sha256:680ae1958dbcb9da8ee4128a67c1163a6ee2744221f7d29f73d8bcc237fd0173;kafka-uat;N/A;kafka-cluster-zookeeper-0
corporateprod;eks-nike-tech-01-prod;sha256:680ae1958dbcb9da8ee4128a67c1163a6ee2744221f7d29f73d8bcc237fd0173;quay.io/strimzi/kafka@sha256:680ae1958dbcb9da8ee4128a67c1163a6ee2744221f7d29f73d8bcc237fd0173;kafka-uat;N/A;kafka-cluster-zookeeper-1
corporateprod;eks-nike-tech-01-prod;sha256:680ae1958dbcb9da8ee4128a67c1163a6ee2744221f7d29f73d8bcc237fd0173;quay.io/strimzi/kafka@sha256:680ae1958dbcb9da8ee4128a67c1163a6ee2744221f7d29f73d8bcc237fd0173;kafka-uat;N/A;kafka-cluster-zookeeper-2
corporateprod;eks-nike-tech-01-prod;sha256:4e71a9aaf6e6c5ad0515c8ca04385920a69d8c4588738e5fbaff957d5cf283a5;602401143452.dkr.ecr.sa-east-1.amazonaws.com/amazon-k8s-cni@sha256:4e71a9aaf6e6c5ad0515c8ca04385920a69d8c4588738e5fbaff957d5cf283a5;kube-system;N/A;aws-node-92vct
corporateprod;eks-nike-tech-01-prod;sha256:4e71a9aaf6e6c5ad0515c8ca04385920a69d8c4588738e5fbaff957d5cf283a5;602401143452.dkr.ecr.sa-east-1.amazonaws.com/amazon-k8s-cni@sha256:4e71a9aaf6e6c5ad0515c8ca04385920a69d8c4588738e5fbaff957d5cf283a5;kube-system;N/A;aws-node-n64g5
corporateprod;eks-nike-tech-01-prod;sha256:4e71a9aaf6e6c5ad0515c8ca04385920a69d8c4588738e5fbaff957d5cf283a5;602401143452.dkr.ecr.sa-east-1.amazonaws.com/amazon-k8s-cni@sha256:4e71a9aaf6e6c5ad0515c8ca04385920a69d8c4588738e5fbaff957d5cf283a5;kube-system;N/A;aws-node-rsl95
corporateprod;eks-nike-tech-01-prod;sha256:4e71a9aaf6e6c5ad0515c8ca04385920a69d8c4588738e5fbaff957d5cf283a5;602401143452.dkr.ecr.sa-east-1.amazonaws.com/amazon-k8s-cni@sha256:4e71a9aaf6e6c5ad0515c8ca04385920a69d8c4588738e5fbaff957d5cf283a5;kube-system;N/A;aws-node-spmrs
corporateprod;eks-nike-tech-01-prod;sha256:4e71a9aaf6e6c5ad0515c8ca04385920a69d8c4588738e5fbaff957d5cf283a5;602401143452.dkr.ecr.sa-east-1.amazonaws.com/amazon-k8s-cni@sha256:4e71a9aaf6e6c5ad0515c8ca04385920a69d8c4588738e5fbaff957d5cf283a5;kube-system;N/A;aws-node-x4zzq
corporateprod;eks-nike-tech-01-prod;sha256:f46687231c2c1bfa139f2b18275b123222c8cf6a288bb9c8145932bd14ac3deb;k8s.gcr.io/autoscaling/cluster-autoscaler@sha256:f46687231c2c1bfa139f2b18275b123222c8cf6a288bb9c8145932bd14ac3deb;kube-system;cluster-autoscaler-aws-cluster-autoscaler-6c5c48ffbb;cluster-autoscaler-aws-cluster-autoscaler-6c5c48ffbb-ktbf9
corporateprod;eks-nike-tech-01-prod;sha256:283e342425558e69cc2e709337347e446d20604f544b2f98dd6f03dab7cd805a;602401143452.dkr.ecr.sa-east-1.amazonaws.com/eks/coredns@sha256:283e342425558e69cc2e709337347e446d20604f544b2f98dd6f03dab7cd805a;kube-system;coredns-87d7c8c9;coredns-87d7c8c9-2nlfx
corporateprod;eks-nike-tech-01-prod;sha256:283e342425558e69cc2e709337347e446d20604f544b2f98dd6f03dab7cd805a;602401143452.dkr.ecr.sa-east-1.amazonaws.com/eks/coredns@sha256:283e342425558e69cc2e709337347e446d20604f544b2f98dd6f03dab7cd805a;kube-system;coredns-87d7c8c9;coredns-87d7c8c9-kh4fm
corporateprod;eks-nike-tech-01-prod;sha256:69f580b92c80c38e1339b55ad38043efeb0b721ae4cd351d3ac6685b323b3157;602401143452.dkr.ecr.sa-east-1.amazonaws.com/eks/csi-attacher@sha256:69f580b92c80c38e1339b55ad38043efeb0b721ae4cd351d3ac6685b323b3157;kube-system;ebs-csi-controller-6b8dfdc68b;ebs-csi-controller-6b8dfdc68b-gnwmj
corporateprod;eks-nike-tech-01-prod;sha256:5ad11decb148950bdae987c7f938427a661d7ae60850e6c56f40314392eb7a5f;602401143452.dkr.ecr.sa-east-1.amazonaws.com/eks/csi-provisioner@sha256:5ad11decb148950bdae987c7f938427a661d7ae60850e6c56f40314392eb7a5f;kube-system;ebs-csi-controller-6b8dfdc68b;ebs-csi-controller-6b8dfdc68b-gnwmj
corporateprod;eks-nike-tech-01-prod;sha256:b2eefd692d1b4decf97f5bf785b50bc2b0338a2df66840d2679b6abf28a013cb;602401143452.dkr.ecr.sa-east-1.amazonaws.com/eks/csi-resizer@sha256:b2eefd692d1b4decf97f5bf785b50bc2b0338a2df66840d2679b6abf28a013cb;kube-system;ebs-csi-controller-6b8dfdc68b;ebs-csi-controller-6b8dfdc68b-gnwmj
corporateprod;eks-nike-tech-01-prod;sha256:b52d3e46d63c8991d10858a4c3e2417a2ab84d990ec41036119fc8235697dd8d;602401143452.dkr.ecr.sa-east-1.amazonaws.com/eks/csi-snapshotter@sha256:b52d3e46d63c8991d10858a4c3e2417a2ab84d990ec41036119fc8235697dd8d;kube-system;ebs-csi-controller-6b8dfdc68b;ebs-csi-controller-6b8dfdc68b-gnwmj
corporateprod;eks-nike-tech-01-prod;sha256:1564359e1e0e7cb577c77219541c423e782b726f603fde4fcfa0c1eafbc50320;602401143452.dkr.ecr.sa-east-1.amazonaws.com/eks/aws-ebs-csi-driver@sha256:1564359e1e0e7cb577c77219541c423e782b726f603fde4fcfa0c1eafbc50320;kube-system;ebs-csi-controller-6b8dfdc68b;ebs-csi-controller-6b8dfdc68b-gnwmj
corporateprod;eks-nike-tech-01-prod;sha256:5aa45f506d50b63acf32fae45c56e31de7567c5a8c2a55e810db138e7adf0789;602401143452.dkr.ecr.sa-east-1.amazonaws.com/eks/livenessprobe@sha256:5aa45f506d50b63acf32fae45c56e31de7567c5a8c2a55e810db138e7adf0789;kube-system;ebs-csi-controller-6b8dfdc68b;ebs-csi-controller-6b8dfdc68b-gnwmj
corporateprod;eks-nike-tech-01-prod;sha256:69f580b92c80c38e1339b55ad38043efeb0b721ae4cd351d3ac6685b323b3157;602401143452.dkr.ecr.sa-east-1.amazonaws.com/eks/csi-attacher@sha256:69f580b92c80c38e1339b55ad38043efeb0b721ae4cd351d3ac6685b323b3157;kube-system;ebs-csi-controller-6b8dfdc68b;ebs-csi-controller-6b8dfdc68b-vxlhv
corporateprod;eks-nike-tech-01-prod;sha256:5ad11decb148950bdae987c7f938427a661d7ae60850e6c56f40314392eb7a5f;602401143452.dkr.ecr.sa-east-1.amazonaws.com/eks/csi-provisioner@sha256:5ad11decb148950bdae987c7f938427a661d7ae60850e6c56f40314392eb7a5f;kube-system;ebs-csi-controller-6b8dfdc68b;ebs-csi-controller-6b8dfdc68b-vxlhv
corporateprod;eks-nike-tech-01-prod;sha256:b2eefd692d1b4decf97f5bf785b50bc2b0338a2df66840d2679b6abf28a013cb;602401143452.dkr.ecr.sa-east-1.amazonaws.com/eks/csi-resizer@sha256:b2eefd692d1b4decf97f5bf785b50bc2b0338a2df66840d2679b6abf28a013cb;kube-system;ebs-csi-controller-6b8dfdc68b;ebs-csi-controller-6b8dfdc68b-vxlhv
corporateprod;eks-nike-tech-01-prod;sha256:b52d3e46d63c8991d10858a4c3e2417a2ab84d990ec41036119fc8235697dd8d;602401143452.dkr.ecr.sa-east-1.amazonaws.com/eks/csi-snapshotter@sha256:b52d3e46d63c8991d10858a4c3e2417a2ab84d990ec41036119fc8235697dd8d;kube-system;ebs-csi-controller-6b8dfdc68b;ebs-csi-controller-6b8dfdc68b-vxlhv
corporateprod;eks-nike-tech-01-prod;sha256:1564359e1e0e7cb577c77219541c423e782b726f603fde4fcfa0c1eafbc50320;602401143452.dkr.ecr.sa-east-1.amazonaws.com/eks/aws-ebs-csi-driver@sha256:1564359e1e0e7cb577c77219541c423e782b726f603fde4fcfa0c1eafbc50320;kube-system;ebs-csi-controller-6b8dfdc68b;ebs-csi-controller-6b8dfdc68b-vxlhv
corporateprod;eks-nike-tech-01-prod;sha256:5aa45f506d50b63acf32fae45c56e31de7567c5a8c2a55e810db138e7adf0789;602401143452.dkr.ecr.sa-east-1.amazonaws.com/eks/livenessprobe@sha256:5aa45f506d50b63acf32fae45c56e31de7567c5a8c2a55e810db138e7adf0789;kube-system;ebs-csi-controller-6b8dfdc68b;ebs-csi-controller-6b8dfdc68b-vxlhv
corporateprod;eks-nike-tech-01-prod;sha256:1564359e1e0e7cb577c77219541c423e782b726f603fde4fcfa0c1eafbc50320;602401143452.dkr.ecr.sa-east-1.amazonaws.com/eks/aws-ebs-csi-driver@sha256:1564359e1e0e7cb577c77219541c423e782b726f603fde4fcfa0c1eafbc50320;kube-system;N/A;ebs-csi-node-88kqc
corporateprod;eks-nike-tech-01-prod;sha256:5aa45f506d50b63acf32fae45c56e31de7567c5a8c2a55e810db138e7adf0789;602401143452.dkr.ecr.sa-east-1.amazonaws.com/eks/livenessprobe@sha256:5aa45f506d50b63acf32fae45c56e31de7567c5a8c2a55e810db138e7adf0789;kube-system;N/A;ebs-csi-node-88kqc
corporateprod;eks-nike-tech-01-prod;sha256:d99f0bb1a918f0b8f144aa1e4785460924af946b1e0bb7a23996780358238951;602401143452.dkr.ecr.sa-east-1.amazonaws.com/eks/csi-node-driver-registrar@sha256:d99f0bb1a918f0b8f144aa1e4785460924af946b1e0bb7a23996780358238951;kube-system;N/A;ebs-csi-node-88kqc
corporateprod;eks-nike-tech-01-prod;sha256:1564359e1e0e7cb577c77219541c423e782b726f603fde4fcfa0c1eafbc50320;602401143452.dkr.ecr.sa-east-1.amazonaws.com/eks/aws-ebs-csi-driver@sha256:1564359e1e0e7cb577c77219541c423e782b726f603fde4fcfa0c1eafbc50320;kube-system;N/A;ebs-csi-node-dtkwg
corporateprod;eks-nike-tech-01-prod;sha256:5aa45f506d50b63acf32fae45c56e31de7567c5a8c2a55e810db138e7adf0789;602401143452.dkr.ecr.sa-east-1.amazonaws.com/eks/livenessprobe@sha256:5aa45f506d50b63acf32fae45c56e31de7567c5a8c2a55e810db138e7adf0789;kube-system;N/A;ebs-csi-node-dtkwg
corporateprod;eks-nike-tech-01-prod;sha256:d99f0bb1a918f0b8f144aa1e4785460924af946b1e0bb7a23996780358238951;602401143452.dkr.ecr.sa-east-1.amazonaws.com/eks/csi-node-driver-registrar@sha256:d99f0bb1a918f0b8f144aa1e4785460924af946b1e0bb7a23996780358238951;kube-system;N/A;ebs-csi-node-dtkwg
corporateprod;eks-nike-tech-01-prod;sha256:1564359e1e0e7cb577c77219541c423e782b726f603fde4fcfa0c1eafbc50320;602401143452.dkr.ecr.sa-east-1.amazonaws.com/eks/aws-ebs-csi-driver@sha256:1564359e1e0e7cb577c77219541c423e782b726f603fde4fcfa0c1eafbc50320;kube-system;N/A;ebs-csi-node-dz4fg
corporateprod;eks-nike-tech-01-prod;sha256:5aa45f506d50b63acf32fae45c56e31de7567c5a8c2a55e810db138e7adf0789;602401143452.dkr.ecr.sa-east-1.amazonaws.com/eks/livenessprobe@sha256:5aa45f506d50b63acf32fae45c56e31de7567c5a8c2a55e810db138e7adf0789;kube-system;N/A;ebs-csi-node-dz4fg
corporateprod;eks-nike-tech-01-prod;sha256:d99f0bb1a918f0b8f144aa1e4785460924af946b1e0bb7a23996780358238951;602401143452.dkr.ecr.sa-east-1.amazonaws.com/eks/csi-node-driver-registrar@sha256:d99f0bb1a918f0b8f144aa1e4785460924af946b1e0bb7a23996780358238951;kube-system;N/A;ebs-csi-node-dz4fg
corporateprod;eks-nike-tech-01-prod;sha256:1564359e1e0e7cb577c77219541c423e782b726f603fde4fcfa0c1eafbc50320;602401143452.dkr.ecr.sa-east-1.amazonaws.com/eks/aws-ebs-csi-driver@sha256:1564359e1e0e7cb577c77219541c423e782b726f603fde4fcfa0c1eafbc50320;kube-system;N/A;ebs-csi-node-ntqbq
corporateprod;eks-nike-tech-01-prod;sha256:5aa45f506d50b63acf32fae45c56e31de7567c5a8c2a55e810db138e7adf0789;602401143452.dkr.ecr.sa-east-1.amazonaws.com/eks/livenessprobe@sha256:5aa45f506d50b63acf32fae45c56e31de7567c5a8c2a55e810db138e7adf0789;kube-system;N/A;ebs-csi-node-ntqbq
corporateprod;eks-nike-tech-01-prod;sha256:d99f0bb1a918f0b8f144aa1e4785460924af946b1e0bb7a23996780358238951;602401143452.dkr.ecr.sa-east-1.amazonaws.com/eks/csi-node-driver-registrar@sha256:d99f0bb1a918f0b8f144aa1e4785460924af946b1e0bb7a23996780358238951;kube-system;N/A;ebs-csi-node-ntqbq
corporateprod;eks-nike-tech-01-prod;sha256:1564359e1e0e7cb577c77219541c423e782b726f603fde4fcfa0c1eafbc50320;602401143452.dkr.ecr.sa-east-1.amazonaws.com/eks/aws-ebs-csi-driver@sha256:1564359e1e0e7cb577c77219541c423e782b726f603fde4fcfa0c1eafbc50320;kube-system;N/A;ebs-csi-node-vww65
corporateprod;eks-nike-tech-01-prod;sha256:5aa45f506d50b63acf32fae45c56e31de7567c5a8c2a55e810db138e7adf0789;602401143452.dkr.ecr.sa-east-1.amazonaws.com/eks/livenessprobe@sha256:5aa45f506d50b63acf32fae45c56e31de7567c5a8c2a55e810db138e7adf0789;kube-system;N/A;ebs-csi-node-vww65
corporateprod;eks-nike-tech-01-prod;sha256:d99f0bb1a918f0b8f144aa1e4785460924af946b1e0bb7a23996780358238951;602401143452.dkr.ecr.sa-east-1.amazonaws.com/eks/csi-node-driver-registrar@sha256:d99f0bb1a918f0b8f144aa1e4785460924af946b1e0bb7a23996780358238951;kube-system;N/A;ebs-csi-node-vww65
corporateprod;eks-nike-tech-01-prod;sha256:e677f72d499e09557e20ba9b5ade9fbbc70b73f658b95226963215eaa9fdb1ad;564593125549.dkr.ecr.sa-east-1.amazonaws.com/aws-public/eks-distro/kubernetes-csi/external-provisioner@sha256:e677f72d499e09557e20ba9b5ade9fbbc70b73f658b95226963215eaa9fdb1ad;kube-system;efs-csi-controller-6f75577dbb;efs-csi-controller-6f75577dbb-6d8pb
corporateprod;eks-nike-tech-01-prod;sha256:4db1a50a1583c662643b4a24a7940c7e347ef22f3c6f83f825587c3b904abe87;602401143452.dkr.ecr.sa-east-1.amazonaws.com/eks/aws-efs-csi-driver@sha256:4db1a50a1583c662643b4a24a7940c7e347ef22f3c6f83f825587c3b904abe87;kube-system;efs-csi-controller-6f75577dbb;efs-csi-controller-6f75577dbb-6d8pb
corporateprod;eks-nike-tech-01-prod;sha256:d790820d19a6253ee31418be4d1a9ae023d4a6b64c5591f8f031b4194828cc5b;564593125549.dkr.ecr.sa-east-1.amazonaws.com/aws-public/eks-distro/kubernetes-csi/livenessprobe@sha256:d790820d19a6253ee31418be4d1a9ae023d4a6b64c5591f8f031b4194828cc5b;kube-system;efs-csi-controller-6f75577dbb;efs-csi-controller-6f75577dbb-6d8pb
corporateprod;eks-nike-tech-01-prod;sha256:e677f72d499e09557e20ba9b5ade9fbbc70b73f658b95226963215eaa9fdb1ad;564593125549.dkr.ecr.sa-east-1.amazonaws.com/aws-public/eks-distro/kubernetes-csi/external-provisioner@sha256:e677f72d499e09557e20ba9b5ade9fbbc70b73f658b95226963215eaa9fdb1ad;kube-system;efs-csi-controller-6f75577dbb;efs-csi-controller-6f75577dbb-mmmm7
corporateprod;eks-nike-tech-01-prod;sha256:4db1a50a1583c662643b4a24a7940c7e347ef22f3c6f83f825587c3b904abe87;602401143452.dkr.ecr.sa-east-1.amazonaws.com/eks/aws-efs-csi-driver@sha256:4db1a50a1583c662643b4a24a7940c7e347ef22f3c6f83f825587c3b904abe87;kube-system;efs-csi-controller-6f75577dbb;efs-csi-controller-6f75577dbb-mmmm7
corporateprod;eks-nike-tech-01-prod;sha256:d790820d19a6253ee31418be4d1a9ae023d4a6b64c5591f8f031b4194828cc5b;564593125549.dkr.ecr.sa-east-1.amazonaws.com/aws-public/eks-distro/kubernetes-csi/livenessprobe@sha256:d790820d19a6253ee31418be4d1a9ae023d4a6b64c5591f8f031b4194828cc5b;kube-system;efs-csi-controller-6f75577dbb;efs-csi-controller-6f75577dbb-mmmm7
corporateprod;eks-nike-tech-01-prod;sha256:9cd9ef74078997d4d05f5061b6a4948b54b591bb5152675f45a183c3a1cbbfd8;564593125549.dkr.ecr.sa-east-1.amazonaws.com/aws-public/eks-distro/kubernetes-csi/node-driver-registrar@sha256:9cd9ef74078997d4d05f5061b6a4948b54b591bb5152675f45a183c3a1cbbfd8;kube-system;N/A;efs-csi-node-4qd9f
corporateprod;eks-nike-tech-01-prod;sha256:4db1a50a1583c662643b4a24a7940c7e347ef22f3c6f83f825587c3b904abe87;602401143452.dkr.ecr.sa-east-1.amazonaws.com/eks/aws-efs-csi-driver@sha256:4db1a50a1583c662643b4a24a7940c7e347ef22f3c6f83f825587c3b904abe87;kube-system;N/A;efs-csi-node-4qd9f
corporateprod;eks-nike-tech-01-prod;sha256:d790820d19a6253ee31418be4d1a9ae023d4a6b64c5591f8f031b4194828cc5b;564593125549.dkr.ecr.sa-east-1.amazonaws.com/aws-public/eks-distro/kubernetes-csi/livenessprobe@sha256:d790820d19a6253ee31418be4d1a9ae023d4a6b64c5591f8f031b4194828cc5b;kube-system;N/A;efs-csi-node-4qd9f
corporateprod;eks-nike-tech-01-prod;sha256:9cd9ef74078997d4d05f5061b6a4948b54b591bb5152675f45a183c3a1cbbfd8;564593125549.dkr.ecr.sa-east-1.amazonaws.com/aws-public/eks-distro/kubernetes-csi/node-driver-registrar@sha256:9cd9ef74078997d4d05f5061b6a4948b54b591bb5152675f45a183c3a1cbbfd8;kube-system;N/A;efs-csi-node-6wccb
corporateprod;eks-nike-tech-01-prod;sha256:4db1a50a1583c662643b4a24a7940c7e347ef22f3c6f83f825587c3b904abe87;602401143452.dkr.ecr.sa-east-1.amazonaws.com/eks/aws-efs-csi-driver@sha256:4db1a50a1583c662643b4a24a7940c7e347ef22f3c6f83f825587c3b904abe87;kube-system;N/A;efs-csi-node-6wccb
corporateprod;eks-nike-tech-01-prod;sha256:d790820d19a6253ee31418be4d1a9ae023d4a6b64c5591f8f031b4194828cc5b;564593125549.dkr.ecr.sa-east-1.amazonaws.com/aws-public/eks-distro/kubernetes-csi/livenessprobe@sha256:d790820d19a6253ee31418be4d1a9ae023d4a6b64c5591f8f031b4194828cc5b;kube-system;N/A;efs-csi-node-6wccb
corporateprod;eks-nike-tech-01-prod;sha256:9cd9ef74078997d4d05f5061b6a4948b54b591bb5152675f45a183c3a1cbbfd8;564593125549.dkr.ecr.sa-east-1.amazonaws.com/aws-public/eks-distro/kubernetes-csi/node-driver-registrar@sha256:9cd9ef74078997d4d05f5061b6a4948b54b591bb5152675f45a183c3a1cbbfd8;kube-system;N/A;efs-csi-node-cgszj
corporateprod;eks-nike-tech-01-prod;sha256:4db1a50a1583c662643b4a24a7940c7e347ef22f3c6f83f825587c3b904abe87;602401143452.dkr.ecr.sa-east-1.amazonaws.com/eks/aws-efs-csi-driver@sha256:4db1a50a1583c662643b4a24a7940c7e347ef22f3c6f83f825587c3b904abe87;kube-system;N/A;efs-csi-node-cgszj
corporateprod;eks-nike-tech-01-prod;sha256:d790820d19a6253ee31418be4d1a9ae023d4a6b64c5591f8f031b4194828cc5b;564593125549.dkr.ecr.sa-east-1.amazonaws.com/aws-public/eks-distro/kubernetes-csi/livenessprobe@sha256:d790820d19a6253ee31418be4d1a9ae023d4a6b64c5591f8f031b4194828cc5b;kube-system;N/A;efs-csi-node-cgszj
corporateprod;eks-nike-tech-01-prod;sha256:9cd9ef74078997d4d05f5061b6a4948b54b591bb5152675f45a183c3a1cbbfd8;564593125549.dkr.ecr.sa-east-1.amazonaws.com/aws-public/eks-distro/kubernetes-csi/node-driver-registrar@sha256:9cd9ef74078997d4d05f5061b6a4948b54b591bb5152675f45a183c3a1cbbfd8;kube-system;N/A;efs-csi-node-sr75j
corporateprod;eks-nike-tech-01-prod;sha256:4db1a50a1583c662643b4a24a7940c7e347ef22f3c6f83f825587c3b904abe87;602401143452.dkr.ecr.sa-east-1.amazonaws.com/eks/aws-efs-csi-driver@sha256:4db1a50a1583c662643b4a24a7940c7e347ef22f3c6f83f825587c3b904abe87;kube-system;N/A;efs-csi-node-sr75j
corporateprod;eks-nike-tech-01-prod;sha256:d790820d19a6253ee31418be4d1a9ae023d4a6b64c5591f8f031b4194828cc5b;564593125549.dkr.ecr.sa-east-1.amazonaws.com/aws-public/eks-distro/kubernetes-csi/livenessprobe@sha256:d790820d19a6253ee31418be4d1a9ae023d4a6b64c5591f8f031b4194828cc5b;kube-system;N/A;efs-csi-node-sr75j
corporateprod;eks-nike-tech-01-prod;sha256:9cd9ef74078997d4d05f5061b6a4948b54b591bb5152675f45a183c3a1cbbfd8;564593125549.dkr.ecr.sa-east-1.amazonaws.com/aws-public/eks-distro/kubernetes-csi/node-driver-registrar@sha256:9cd9ef74078997d4d05f5061b6a4948b54b591bb5152675f45a183c3a1cbbfd8;kube-system;N/A;efs-csi-node-zpn79
corporateprod;eks-nike-tech-01-prod;sha256:4db1a50a1583c662643b4a24a7940c7e347ef22f3c6f83f825587c3b904abe87;602401143452.dkr.ecr.sa-east-1.amazonaws.com/eks/aws-efs-csi-driver@sha256:4db1a50a1583c662643b4a24a7940c7e347ef22f3c6f83f825587c3b904abe87;kube-system;N/A;efs-csi-node-zpn79
corporateprod;eks-nike-tech-01-prod;sha256:d790820d19a6253ee31418be4d1a9ae023d4a6b64c5591f8f031b4194828cc5b;564593125549.dkr.ecr.sa-east-1.amazonaws.com/aws-public/eks-distro/kubernetes-csi/livenessprobe@sha256:d790820d19a6253ee31418be4d1a9ae023d4a6b64c5591f8f031b4194828cc5b;kube-system;N/A;efs-csi-node-zpn79
corporateprod;eks-nike-tech-01-prod;sha256:1529982e95d0c9a1f0543360939108cf8276507fb6639e367a0198d3b25570b0;k8s.gcr.io/external-dns/external-dns@sha256:1529982e95d0c9a1f0543360939108cf8276507fb6639e367a0198d3b25570b0;kube-system;external-dns-94756556;external-dns-94756556-l9qx9
corporateprod;eks-nike-tech-01-prod;sha256:8ac03ffed11ba8e3b77ffca82f6ee1ef9598181da04cc50545ca1c739ddf5bbb;602401143452.dkr.ecr.sa-east-1.amazonaws.com/eks/kube-proxy@sha256:8ac03ffed11ba8e3b77ffca82f6ee1ef9598181da04cc50545ca1c739ddf5bbb;kube-system;N/A;kube-proxy-226cq
corporateprod;eks-nike-tech-01-prod;sha256:8ac03ffed11ba8e3b77ffca82f6ee1ef9598181da04cc50545ca1c739ddf5bbb;602401143452.dkr.ecr.sa-east-1.amazonaws.com/eks/kube-proxy@sha256:8ac03ffed11ba8e3b77ffca82f6ee1ef9598181da04cc50545ca1c739ddf5bbb;kube-system;N/A;kube-proxy-8mc8c
corporateprod;eks-nike-tech-01-prod;sha256:8ac03ffed11ba8e3b77ffca82f6ee1ef9598181da04cc50545ca1c739ddf5bbb;602401143452.dkr.ecr.sa-east-1.amazonaws.com/eks/kube-proxy@sha256:8ac03ffed11ba8e3b77ffca82f6ee1ef9598181da04cc50545ca1c739ddf5bbb;kube-system;N/A;kube-proxy-w7c29
corporateprod;eks-nike-tech-01-prod;sha256:8ac03ffed11ba8e3b77ffca82f6ee1ef9598181da04cc50545ca1c739ddf5bbb;602401143452.dkr.ecr.sa-east-1.amazonaws.com/eks/kube-proxy@sha256:8ac03ffed11ba8e3b77ffca82f6ee1ef9598181da04cc50545ca1c739ddf5bbb;kube-system;N/A;kube-proxy-wcf79
corporateprod;eks-nike-tech-01-prod;sha256:8ac03ffed11ba8e3b77ffca82f6ee1ef9598181da04cc50545ca1c739ddf5bbb;602401143452.dkr.ecr.sa-east-1.amazonaws.com/eks/kube-proxy@sha256:8ac03ffed11ba8e3b77ffca82f6ee1ef9598181da04cc50545ca1c739ddf5bbb;kube-system;N/A;kube-proxy-xf278
corporateprod;eks-nike-tech-01-prod;sha256:76049887f07a0476dc93efc2d3569b9529bf982b22d29f356092ce206e98765c;docker.io/kubernetesui/metrics-scraper@sha256:76049887f07a0476dc93efc2d3569b9529bf982b22d29f356092ce206e98765c;kube-system;kubernetes-dashboard-7cd8c87c5f;kubernetes-dashboard-7cd8c87c5f-gnlbf
corporateprod;eks-nike-tech-01-prod;sha256:290bebc3cd96c22b6f89e7b21f5c2b16ce5c275a0ec2c2de10e0d8b9dd110289;docker.io/kubernetesui/dashboard@sha256:290bebc3cd96c22b6f89e7b21f5c2b16ce5c275a0ec2c2de10e0d8b9dd110289;kube-system;kubernetes-dashboard-7cd8c87c5f;kubernetes-dashboard-7cd8c87c5f-gnlbf
corporateprod;eks-nike-tech-01-prod;sha256:f977ad859fb500c1302d9c3428c6271db031bb7431e7076213b676b345a88dc2;k8s.gcr.io/metrics-server/metrics-server@sha256:f977ad859fb500c1302d9c3428c6271db031bb7431e7076213b676b345a88dc2;kube-system;metrics-server-8694655b79;metrics-server-8694655b79-9cq9x
corporateprod;eks-nike-tech-01-prod;sha256:8c21390be87dbbee337c5b867254906b900bb52adb405b3a67134e17b7705973;quay.io/oauth2-proxy/oauth2-proxy@sha256:8c21390be87dbbee337c5b867254906b900bb52adb405b3a67134e17b7705973;kube-system;oauth2-proxy-764d678d5b;oauth2-proxy-764d678d5b-bdssl
corporateprod;eks-nike-tech-01-prod;sha256:10e3e43b37bef778c5f1606f9078ac5935c52654598d6ffe7dfadbb25a888c1a;564593125549.dkr.ecr.sa-east-1.amazonaws.com/logstash@sha256:10e3e43b37bef778c5f1606f9078ac5935c52654598d6ffe7dfadbb25a888c1a;logstash-nike-smartproxy-infobusca-uat;N/A;logstash-logstash-0
corporateprod;eks-nike-tech-01-prod;sha256:10e3e43b37bef778c5f1606f9078ac5935c52654598d6ffe7dfadbb25a888c1a;564593125549.dkr.ecr.sa-east-1.amazonaws.com/logstash@sha256:10e3e43b37bef778c5f1606f9078ac5935c52654598d6ffe7dfadbb25a888c1a;logstash-nike-smartproxy-infobusca;N/A;logstash-logstash-0
corporateprod;eks-nike-tech-01-prod;sha256:10e3e43b37bef778c5f1606f9078ac5935c52654598d6ffe7dfadbb25a888c1a;564593125549.dkr.ecr.sa-east-1.amazonaws.com/logstash@sha256:10e3e43b37bef778c5f1606f9078ac5935c52654598d6ffe7dfadbb25a888c1a;logstash-nike-smartproxy-infomais-uat;N/A;logstash-logstash-0
corporateprod;eks-nike-tech-01-prod;sha256:10e3e43b37bef778c5f1606f9078ac5935c52654598d6ffe7dfadbb25a888c1a;564593125549.dkr.ecr.sa-east-1.amazonaws.com/logstash@sha256:10e3e43b37bef778c5f1606f9078ac5935c52654598d6ffe7dfadbb25a888c1a;logstash-nike-smartproxy-infomais;N/A;logstash-logstash-0
corporateprod;eks-nike-tech-01-prod;sha256:10e3e43b37bef778c5f1606f9078ac5935c52654598d6ffe7dfadbb25a888c1a;564593125549.dkr.ecr.sa-east-1.amazonaws.com/logstash@sha256:10e3e43b37bef778c5f1606f9078ac5935c52654598d6ffe7dfadbb25a888c1a;logstash-nike-smartproxy-uat;N/A;logstash-logstash-0
corporateprod;eks-nike-tech-01-prod;sha256:10e3e43b37bef778c5f1606f9078ac5935c52654598d6ffe7dfadbb25a888c1a;564593125549.dkr.ecr.sa-east-1.amazonaws.com/logstash@sha256:10e3e43b37bef778c5f1606f9078ac5935c52654598d6ffe7dfadbb25a888c1a;logstash-nike-smartproxy;N/A;logstash-logstash-0
corporateprod;eks-nike-tech-01-prod;sha256:088464f949de8065b9da7dfce7302a633d700e9d598e2bebc03310712f083b31;quay.io/prometheus/alertmanager@sha256:088464f949de8065b9da7dfce7302a633d700e9d598e2bebc03310712f083b31;monitoring-system;N/A;alertmanager-kube-prometheus-stack-alertmanager-0
corporateprod;eks-nike-tech-01-prod;sha256:d0aee3f816725cb130121f3ea67979160bdc79fe616efa077c9b15cab4689504;quay.io/prometheus-operator/prometheus-config-reloader@sha256:d0aee3f816725cb130121f3ea67979160bdc79fe616efa077c9b15cab4689504;monitoring-system;N/A;alertmanager-kube-prometheus-stack-alertmanager-0
corporateprod;eks-nike-tech-01-prod;sha256:ecc1b80b8ca27743e48033c6d4c9d9f658b0837f9bea7dc5afeec0f857357267;docker.io/grafana/grafana@sha256:ecc1b80b8ca27743e48033c6d4c9d9f658b0837f9bea7dc5afeec0f857357267;monitoring-system;kube-prometheus-stack-grafana-74d44b84;kube-prometheus-stack-grafana-74d44b84-6xcs5
corporateprod;eks-nike-tech-01-prod;sha256:1f025ae37b7b20d63bffd179e5e6f972039dd53d9646388c0a8c456229c7bbcb;quay.io/kiwigrid/k8s-sidecar@sha256:1f025ae37b7b20d63bffd179e5e6f972039dd53d9646388c0a8c456229c7bbcb;monitoring-system;kube-prometheus-stack-grafana-74d44b84;kube-prometheus-stack-grafana-74d44b84-6xcs5
corporateprod;eks-nike-tech-01-prod;sha256:1f025ae37b7b20d63bffd179e5e6f972039dd53d9646388c0a8c456229c7bbcb;quay.io/kiwigrid/k8s-sidecar@sha256:1f025ae37b7b20d63bffd179e5e6f972039dd53d9646388c0a8c456229c7bbcb;monitoring-system;kube-prometheus-stack-grafana-74d44b84;kube-prometheus-stack-grafana-74d44b84-6xcs5
corporateprod;eks-nike-tech-01-prod;sha256:69a18fa1e0d0c9f972a64e69ca13b65451b8c5e79ae8dccf3a77968be4a301df;k8s.gcr.io/kube-state-metrics/kube-state-metrics@sha256:69a18fa1e0d0c9f972a64e69ca13b65451b8c5e79ae8dccf3a77968be4a301df;monitoring-system;kube-prometheus-stack-kube-state-metrics-5bd844ff8c;kube-prometheus-stack-kube-state-metrics-5bd844ff8c-np5vg
corporateprod;eks-nike-tech-01-prod;sha256:4817ed76bbac6726228bc0cb1bb7f78a1084ab8367e3a7daa9d6119eb470cfa5;quay.io/prometheus-operator/prometheus-operator@sha256:4817ed76bbac6726228bc0cb1bb7f78a1084ab8367e3a7daa9d6119eb470cfa5;monitoring-system;kube-prometheus-stack-operator-7447c85fbc;kube-prometheus-stack-operator-7447c85fbc-lmz6d
corporateprod;eks-nike-tech-01-prod;sha256:f2269e73124dd0f60a7d19a2ce1264d33d08a985aed0ee6b0b89d0be470592cd;quay.io/prometheus/node-exporter@sha256:f2269e73124dd0f60a7d19a2ce1264d33d08a985aed0ee6b0b89d0be470592cd;monitoring-system;N/A;kube-prometheus-stack-prometheus-node-exporter-24p9k
corporateprod;eks-nike-tech-01-prod;sha256:f2269e73124dd0f60a7d19a2ce1264d33d08a985aed0ee6b0b89d0be470592cd;quay.io/prometheus/node-exporter@sha256:f2269e73124dd0f60a7d19a2ce1264d33d08a985aed0ee6b0b89d0be470592cd;monitoring-system;N/A;kube-prometheus-stack-prometheus-node-exporter-5lqvr
corporateprod;eks-nike-tech-01-prod;sha256:f2269e73124dd0f60a7d19a2ce1264d33d08a985aed0ee6b0b89d0be470592cd;quay.io/prometheus/node-exporter@sha256:f2269e73124dd0f60a7d19a2ce1264d33d08a985aed0ee6b0b89d0be470592cd;monitoring-system;N/A;kube-prometheus-stack-prometheus-node-exporter-ldgcg
corporateprod;eks-nike-tech-01-prod;sha256:f2269e73124dd0f60a7d19a2ce1264d33d08a985aed0ee6b0b89d0be470592cd;quay.io/prometheus/node-exporter@sha256:f2269e73124dd0f60a7d19a2ce1264d33d08a985aed0ee6b0b89d0be470592cd;monitoring-system;N/A;kube-prometheus-stack-prometheus-node-exporter-nsrdr
corporateprod;eks-nike-tech-01-prod;sha256:f2269e73124dd0f60a7d19a2ce1264d33d08a985aed0ee6b0b89d0be470592cd;quay.io/prometheus/node-exporter@sha256:f2269e73124dd0f60a7d19a2ce1264d33d08a985aed0ee6b0b89d0be470592cd;monitoring-system;N/A;kube-prometheus-stack-prometheus-node-exporter-z7fqm
corporateprod;eks-nike-tech-01-prod;sha256:eb350a428127cf111a39fae466ebbbc2aade66a64ddf61b47df4ceaacf207d19;gcr.io/kubecost1/frontend@sha256:eb350a428127cf111a39fae466ebbbc2aade66a64ddf61b47df4ceaacf207d19;monitoring-system;kubecost-cost-analyzer-58d9f66469;kubecost-cost-analyzer-58d9f66469-dp4lr
corporateprod;eks-nike-tech-01-prod;sha256:7737e3448e35d1fd6fb715b986d2d665bf28b5fb2e9e8db87bd0985347d46e16;gcr.io/kubecost1/cost-model@sha256:7737e3448e35d1fd6fb715b986d2d665bf28b5fb2e9e8db87bd0985347d46e16;monitoring-system;kubecost-cost-analyzer-58d9f66469;kubecost-cost-analyzer-58d9f66469-dp4lr
corporateprod;eks-nike-tech-01-prod;sha256:1ee60f980950b00e505bd564b40f720132a0653b110e993043bb5940673d060a;docker.io/grafana/loki@sha256:1ee60f980950b00e505bd564b40f720132a0653b110e993043bb5940673d060a;monitoring-system;N/A;loki-stack-0
corporateprod;eks-nike-tech-01-prod;sha256:072527b12cdfa1393d04a08aeba6b0eb42fd6921426ea14eaf8c828953771749;docker.io/grafana/promtail@sha256:072527b12cdfa1393d04a08aeba6b0eb42fd6921426ea14eaf8c828953771749;monitoring-system;N/A;loki-stack-promtail-4vtl5
corporateprod;eks-nike-tech-01-prod;sha256:072527b12cdfa1393d04a08aeba6b0eb42fd6921426ea14eaf8c828953771749;docker.io/grafana/promtail@sha256:072527b12cdfa1393d04a08aeba6b0eb42fd6921426ea14eaf8c828953771749;monitoring-system;N/A;loki-stack-promtail-bhhrp
corporateprod;eks-nike-tech-01-prod;sha256:072527b12cdfa1393d04a08aeba6b0eb42fd6921426ea14eaf8c828953771749;docker.io/grafana/promtail@sha256:072527b12cdfa1393d04a08aeba6b0eb42fd6921426ea14eaf8c828953771749;monitoring-system;N/A;loki-stack-promtail-cbxtf
corporateprod;eks-nike-tech-01-prod;sha256:072527b12cdfa1393d04a08aeba6b0eb42fd6921426ea14eaf8c828953771749;docker.io/grafana/promtail@sha256:072527b12cdfa1393d04a08aeba6b0eb42fd6921426ea14eaf8c828953771749;monitoring-system;N/A;loki-stack-promtail-l58z7
corporateprod;eks-nike-tech-01-prod;sha256:072527b12cdfa1393d04a08aeba6b0eb42fd6921426ea14eaf8c828953771749;docker.io/grafana/promtail@sha256:072527b12cdfa1393d04a08aeba6b0eb42fd6921426ea14eaf8c828953771749;monitoring-system;N/A;loki-stack-promtail-ppbfs
corporateprod;eks-nike-tech-01-prod;sha256:d0aee3f816725cb130121f3ea67979160bdc79fe616efa077c9b15cab4689504;quay.io/prometheus-operator/prometheus-config-reloader@sha256:d0aee3f816725cb130121f3ea67979160bdc79fe616efa077c9b15cab4689504;monitoring-system;N/A;prometheus-kube-prometheus-stack-prometheus-0
corporateprod;eks-nike-tech-01-prod;sha256:2acfab1966f0dbecc6afbead13eca7f47062cfe8726bb9db25e39e0c0b88e9c3;quay.io/prometheus/prometheus@sha256:2acfab1966f0dbecc6afbead13eca7f47062cfe8726bb9db25e39e0c0b88e9c3;monitoring-system;N/A;prometheus-kube-prometheus-stack-prometheus-0
corporateprod;eks-nike-tech-01-prod;sha256:477d4c3d896a0deefdcccf0e08e8fb0d4258e5340d34f3c3513f75073de5835c;docker.io/provectuslabs/kafka-ui@sha256:477d4c3d896a0deefdcccf0e08e8fb0d4258e5340d34f3c3513f75073de5835c;msk-smartproxy;kafka-ui-logs-554bf7d9b5;kafka-ui-logs-554bf7d9b5-zqrd9
corporateprod;eks-nike-tech-01-prod;sha256:477d4c3d896a0deefdcccf0e08e8fb0d4258e5340d34f3c3513f75073de5835c;docker.io/provectuslabs/kafka-ui@sha256:477d4c3d896a0deefdcccf0e08e8fb0d4258e5340d34f3c3513f75073de5835c;observability;kafka-ui-logs-744758849f;kafka-ui-logs-744758849f-qg4z9
corporateprod;eks-nike-tech-01-prod;sha256:a0351c8e7e72c761c347bdcb8808c95912fe83c460a3cecd3e953348a655abde;docker.io/clickhouse/clickhouse-server@sha256:a0351c8e7e72c761c347bdcb8808c95912fe83c460a3cecd3e953348a655abde;posthog-prd;N/A;chi-posthog-posthog-0-0-0
corporateprod;eks-nike-tech-01-prod;sha256:7a85f522c5bc68ba155878966be356654e367568672e21c2dba2c930490db195;docker.io/altinity/clickhouse-operator@sha256:7a85f522c5bc68ba155878966be356654e367568672e21c2dba2c930490db195;posthog-prd;clickhouse-operator-5f85977dd9;clickhouse-operator-5f85977dd9-n557g
corporateprod;eks-nike-tech-01-prod;sha256:74a3bdfb877c98f292ceab32bab2873462ce91170815d83655fa25ccaeca6bf4;docker.io/altinity/metrics-exporter@sha256:74a3bdfb877c98f292ceab32bab2873462ce91170815d83655fa25ccaeca6bf4;posthog-prd;clickhouse-operator-5f85977dd9;clickhouse-operator-5f85977dd9-n557g
corporateprod;eks-nike-tech-01-prod;sha256:fef465f62524ed89c27451752385ab69e5c35ea4bc48b62bf61f733916ea674c;quay.io/jetstack/cert-manager-controller@sha256:fef465f62524ed89c27451752385ab69e5c35ea4bc48b62bf61f733916ea674c;posthog-prd;posthog-cert-manager-7475999fdd;posthog-cert-manager-7475999fdd-8jkr7
corporateprod;eks-nike-tech-01-prod;sha256:916ef12af73c8a4cbdfb6127d6f513f476f3aeed2447ec7f1a58a95113bda713;quay.io/jetstack/cert-manager-cainjector@sha256:916ef12af73c8a4cbdfb6127d6f513f476f3aeed2447ec7f1a58a95113bda713;posthog-prd;posthog-cert-manager-cainjector-5c88c46999;posthog-cert-manager-cainjector-5c88c46999-vpbf6
corporateprod;eks-nike-tech-01-prod;sha256:45934ab42749e8c90da0726734155374f4ea55d7796246264e7adea87569918a;quay.io/jetstack/cert-manager-webhook@sha256:45934ab42749e8c90da0726734155374f4ea55d7796246264e7adea87569918a;posthog-prd;posthog-cert-manager-webhook-d9c47f758;posthog-cert-manager-webhook-d9c47f758-j6zrh
corporateprod;eks-nike-tech-01-prod;sha256:74441a9fa04a5af78bf76a5af909f88592033c03ce6f1e14f343cd53d0266827;docker.io/posthog/posthog@sha256:74441a9fa04a5af78bf76a5af909f88592033c03ce6f1e14f343cd53d0266827;posthog-prd;posthog-events-7d79dcb856;posthog-events-7d79dcb856-csfqk
corporateprod;eks-nike-tech-01-prod;sha256:f766669fdcf3dc26347ed273a55e754b427eb4411ee075a53f30718b4499076a;k8s.gcr.io/ingress-nginx/controller@sha256:f766669fdcf3dc26347ed273a55e754b427eb4411ee075a53f30718b4499076a;posthog-prd;posthog-ingress-nginx-controller-6ff869d4fc;posthog-ingress-nginx-controller-6ff869d4fc-8tqhz
corporateprod;eks-nike-tech-01-prod;sha256:e17b61c1b97eeecb562b33215456f02609db9b98c1e414f9a29ac46ec0a38a85;docker.io/bitnami/pgbouncer@sha256:e17b61c1b97eeecb562b33215456f02609db9b98c1e414f9a29ac46ec0a38a85;posthog-prd;posthog-pgbouncer-55fff8c6b6;posthog-pgbouncer-55fff8c6b6-jnvp2
corporateprod;eks-nike-tech-01-prod;sha256:74441a9fa04a5af78bf76a5af909f88592033c03ce6f1e14f343cd53d0266827;docker.io/posthog/posthog@sha256:74441a9fa04a5af78bf76a5af909f88592033c03ce6f1e14f343cd53d0266827;posthog-prd;posthog-plugins-8655c9f97d;posthog-plugins-8655c9f97d-vlh9l
corporateprod;eks-nike-tech-01-prod;sha256:5a85aeb27ffad227df55f7253a5b3634472d9d028ca20da0d6b9e7bb049d41e9;docker.io/bitnami/kafka@sha256:5a85aeb27ffad227df55f7253a5b3634472d9d028ca20da0d6b9e7bb049d41e9;posthog-prd;N/A;posthog-posthog-kafka-0
corporateprod;eks-nike-tech-01-prod;sha256:a97dd274c972cb39c8bfbf6f551fd80a9279b564e4713f4a2f02d213c033ae79;docker.io/bitnami/redis@sha256:a97dd274c972cb39c8bfbf6f551fd80a9279b564e4713f4a2f02d213c033ae79;posthog-prd;N/A;posthog-posthog-redis-master-0
corporateprod;eks-nike-tech-01-prod;sha256:061e22290d520d3c1536bbb2d6ed29e284f47b46d5035b6b6de1424658f2153c;docker.io/bitnami/zookeeper@sha256:061e22290d520d3c1536bbb2d6ed29e284f47b46d5035b6b6de1424658f2153c;posthog-prd;N/A;posthog-posthog-zookeeper-0
corporateprod;eks-nike-tech-01-prod;sha256:74441a9fa04a5af78bf76a5af909f88592033c03ce6f1e14f343cd53d0266827;docker.io/posthog/posthog@sha256:74441a9fa04a5af78bf76a5af909f88592033c03ce6f1e14f343cd53d0266827;posthog-prd;posthog-web-5ccc5f6458;posthog-web-5ccc5f6458-bjbht
corporateprod;eks-nike-tech-01-prod;sha256:74441a9fa04a5af78bf76a5af909f88592033c03ce6f1e14f343cd53d0266827;docker.io/posthog/posthog@sha256:74441a9fa04a5af78bf76a5af909f88592033c03ce6f1e14f343cd53d0266827;posthog-prd;posthog-worker-648556846;posthog-worker-648556846-4fmmx
corporateprod;eks-nike-tech-01-prod;sha256:27c454768ae8f434e587f87d14ce49d574d46a37a322b8839e1352a344dcff75;docker.io/apache/camel-k@sha256:27c454768ae8f434e587f87d14ce49d574d46a37a322b8839e1352a344dcff75;smartproxy-dev;camel-k-operator-688d5cb466;camel-k-operator-688d5cb466-k8ff7
corporateprod;eks-nike-tech-01-prod;sha256:27c454768ae8f434e587f87d14ce49d574d46a37a322b8839e1352a344dcff75;docker.io/apache/camel-k@sha256:27c454768ae8f434e587f87d14ce49d574d46a37a322b8839e1352a344dcff75;smartproxy-uat;camel-k-operator-688d5cb466;camel-k-operator-688d5cb466-r9lq2
corporateprod;eks-nike-tech-01-prod;sha256:27c454768ae8f434e587f87d14ce49d574d46a37a322b8839e1352a344dcff75;docker.io/apache/camel-k@sha256:27c454768ae8f434e587f87d14ce49d574d46a37a322b8839e1352a344dcff75;smartproxy;camel-k-operator-688d5cb466;camel-k-operator-688d5cb466-xf44n
corporateprod;eks-nike-tech-01-prod;sha256:6845f3ea66c0711b93e423e6c7f481e4527b4b7afeee23e12bdd3c86ead100a4;564593125549.dkr.ecr.sa-east-1.amazonaws.com/techdocs-preview-nginx@sha256:6845f3ea66c0711b93e423e6c7f481e4527b4b7afeee23e12bdd3c86ead100a4;techdocs-preview;techdocs-preview-7fdfb67dc;techdocs-preview-7fdfb67dc-v7zsb
corporateprod;eks-nike-tech-01-prod;sha256:f635442a0f47bbc8d1d868ca2b50d06e028d2c5048fd73a5986c92df317aff26;docker.io/velero/velero@sha256:f635442a0f47bbc8d1d868ca2b50d06e028d2c5048fd73a5986c92df317aff26;velero;velero-559c8cb49;velero-559c8cb49-wqqvl
account;cluster;sha;sha;namespace;deployment;pod_name
arcsandbox;nike-tech-dev;sha256:614e2a378d2c55b588ea02eab6a6ec9eb4e4281ad731955dc67442c4c2ff35bb;gcr.io/apigee-microgateway/edgemicro@sha256:614e2a378d2c55b588ea02eab6a6ec9eb4e4281ad731955dc67442c4c2ff35bb;apigee-system;eks-nike-tech-01-prod-microgateway-ddb785cf8;eks-nike-tech-01-prod-microgateway-ddb785cf8-8t964
arcsandbox;nike-tech-dev;sha256:b68f8ab06808890dff627d8fff67a3375fb8d38b83d1c79ea0684cfbb7702ba9;docker.io/bitnami/cassandra@sha256:b68f8ab06808890dff627d8fff67a3375fb8d38b83d1c79ea0684cfbb7702ba9;cassandra-uat;N/A;cassandra-uat-0
arcsandbox;nike-tech-dev;sha256:c5e0e5dca7503a8371b8d366db0f49e3fc68f62ea480262e39b6cc277991c97c;quay.io/strimzi/operator@sha256:c5e0e5dca7503a8371b8d366db0f49e3fc68f62ea480262e39b6cc277991c97c;default;strimzi-cluster-operator-5dc9798fb4;strimzi-cluster-operator-5dc9798fb4-gbknc
arcsandbox;nike-tech-dev;sha256:bfb1d7950ea02c875c7061a98e1714b017d8e2a6e74df0c07611c546b6d4f8b6;ghcr.io/fluxcd/flagger@sha256:bfb1d7950ea02c875c7061a98e1714b017d8e2a6e74df0c07611c546b6d4f8b6;istio-system;flagger-8b945cf6b;flagger-8b945cf6b-6jn8n
arcsandbox;nike-tech-dev;sha256:2152aea5fbe2de20f08f3e0412ad7a4cd54a492240ff40974261ee4bdb43871d;docker.io/istio/proxyv2@sha256:2152aea5fbe2de20f08f3e0412ad7a4cd54a492240ff40974261ee4bdb43871d;istio-system;istio-ingress-65cc558668;istio-ingress-65cc558668-rxzqd
arcsandbox;nike-tech-dev;sha256:ce9d876067018d5217836ffd28e5767e64937c573f5ac7d421be860857d0b266;docker.io/istio/pilot@sha256:ce9d876067018d5217836ffd28e5767e64937c573f5ac7d421be860857d0b266;istio-system;istiod-649844d58b;istiod-649844d58b-bh5dk
arcsandbox;nike-tech-dev;sha256:0e0c081fd0cf40e9028533d386177fc2492e4e839e1151237e847b2c9486715b;docker.io/jaegertracing/all-in-one@sha256:0e0c081fd0cf40e9028533d386177fc2492e4e839e1151237e847b2c9486715b;istio-system;jaeger-8559896dfc;jaeger-8559896dfc-v2t2j
arcsandbox;nike-tech-dev;sha256:fa494cb4ef3f3e4f593f3b12f77fced35fe1dff3c7c97e5f54f3f834d778e18d;quay.io/kiali/kiali@sha256:fa494cb4ef3f3e4f593f3b12f77fced35fe1dff3c7c97e5f54f3f834d778e18d;istio-system;kiali-65fcd75bd;kiali-65fcd75bd-qnvd9
arcsandbox;nike-tech-dev;sha256:680ae1958dbcb9da8ee4128a67c1163a6ee2744221f7d29f73d8bcc237fd0173;quay.io/strimzi/kafka@sha256:680ae1958dbcb9da8ee4128a67c1163a6ee2744221f7d29f73d8bcc237fd0173;kafka-dev;kafka-cluster-entity-operator-7d4b5dcddf;kafka-cluster-entity-operator-7d4b5dcddf-bbdvl
arcsandbox;nike-tech-dev;sha256:c5e0e5dca7503a8371b8d366db0f49e3fc68f62ea480262e39b6cc277991c97c;quay.io/strimzi/operator@sha256:c5e0e5dca7503a8371b8d366db0f49e3fc68f62ea480262e39b6cc277991c97c;kafka-dev;kafka-cluster-entity-operator-7d4b5dcddf;kafka-cluster-entity-operator-7d4b5dcddf-bbdvl
arcsandbox;nike-tech-dev;sha256:c5e0e5dca7503a8371b8d366db0f49e3fc68f62ea480262e39b6cc277991c97c;quay.io/strimzi/operator@sha256:c5e0e5dca7503a8371b8d366db0f49e3fc68f62ea480262e39b6cc277991c97c;kafka-dev;kafka-cluster-entity-operator-7d4b5dcddf;kafka-cluster-entity-operator-7d4b5dcddf-bbdvl
arcsandbox;nike-tech-dev;sha256:680ae1958dbcb9da8ee4128a67c1163a6ee2744221f7d29f73d8bcc237fd0173;quay.io/strimzi/kafka@sha256:680ae1958dbcb9da8ee4128a67c1163a6ee2744221f7d29f73d8bcc237fd0173;kafka-dev;N/A;kafka-cluster-kafka-0
arcsandbox;nike-tech-dev;sha256:680ae1958dbcb9da8ee4128a67c1163a6ee2744221f7d29f73d8bcc237fd0173;quay.io/strimzi/kafka@sha256:680ae1958dbcb9da8ee4128a67c1163a6ee2744221f7d29f73d8bcc237fd0173;kafka-dev;N/A;kafka-cluster-zookeeper-0
arcsandbox;nike-tech-dev;sha256:680ae1958dbcb9da8ee4128a67c1163a6ee2744221f7d29f73d8bcc237fd0173;quay.io/strimzi/kafka@sha256:680ae1958dbcb9da8ee4128a67c1163a6ee2744221f7d29f73d8bcc237fd0173;kafka-dev;N/A;kafka-cluster-zookeeper-1
arcsandbox;nike-tech-dev;sha256:680ae1958dbcb9da8ee4128a67c1163a6ee2744221f7d29f73d8bcc237fd0173;quay.io/strimzi/kafka@sha256:680ae1958dbcb9da8ee4128a67c1163a6ee2744221f7d29f73d8bcc237fd0173;kafka-dev;N/A;kafka-cluster-zookeeper-2
arcsandbox;nike-tech-dev;sha256:680ae1958dbcb9da8ee4128a67c1163a6ee2744221f7d29f73d8bcc237fd0173;quay.io/strimzi/kafka@sha256:680ae1958dbcb9da8ee4128a67c1163a6ee2744221f7d29f73d8bcc237fd0173;kafka-uat;kafka-cluster-entity-operator-9f495578;kafka-cluster-entity-operator-9f495578-l64r4
arcsandbox;nike-tech-dev;sha256:c5e0e5dca7503a8371b8d366db0f49e3fc68f62ea480262e39b6cc277991c97c;quay.io/strimzi/operator@sha256:c5e0e5dca7503a8371b8d366db0f49e3fc68f62ea480262e39b6cc277991c97c;kafka-uat;kafka-cluster-entity-operator-9f495578;kafka-cluster-entity-operator-9f495578-l64r4
arcsandbox;nike-tech-dev;sha256:c5e0e5dca7503a8371b8d366db0f49e3fc68f62ea480262e39b6cc277991c97c;quay.io/strimzi/operator@sha256:c5e0e5dca7503a8371b8d366db0f49e3fc68f62ea480262e39b6cc277991c97c;kafka-uat;kafka-cluster-entity-operator-9f495578;kafka-cluster-entity-operator-9f495578-l64r4
arcsandbox;nike-tech-dev;sha256:680ae1958dbcb9da8ee4128a67c1163a6ee2744221f7d29f73d8bcc237fd0173;quay.io/strimzi/kafka@sha256:680ae1958dbcb9da8ee4128a67c1163a6ee2744221f7d29f73d8bcc237fd0173;kafka-uat;N/A;kafka-cluster-kafka-0
arcsandbox;nike-tech-dev;sha256:680ae1958dbcb9da8ee4128a67c1163a6ee2744221f7d29f73d8bcc237fd0173;quay.io/strimzi/kafka@sha256:680ae1958dbcb9da8ee4128a67c1163a6ee2744221f7d29f73d8bcc237fd0173;kafka-uat;N/A;kafka-cluster-zookeeper-0
arcsandbox;nike-tech-dev;sha256:680ae1958dbcb9da8ee4128a67c1163a6ee2744221f7d29f73d8bcc237fd0173;quay.io/strimzi/kafka@sha256:680ae1958dbcb9da8ee4128a67c1163a6ee2744221f7d29f73d8bcc237fd0173;kafka-uat;N/A;kafka-cluster-zookeeper-1
arcsandbox;nike-tech-dev;sha256:680ae1958dbcb9da8ee4128a67c1163a6ee2744221f7d29f73d8bcc237fd0173;quay.io/strimzi/kafka@sha256:680ae1958dbcb9da8ee4128a67c1163a6ee2744221f7d29f73d8bcc237fd0173;kafka-uat;N/A;kafka-cluster-zookeeper-2
arcsandbox;nike-tech-dev;sha256:4e71a9aaf6e6c5ad0515c8ca04385920a69d8c4588738e5fbaff957d5cf283a5;602401143452.dkr.ecr.sa-east-1.amazonaws.com/amazon-k8s-cni@sha256:4e71a9aaf6e6c5ad0515c8ca04385920a69d8c4588738e5fbaff957d5cf283a5;kube-system;N/A;aws-node-92vct
arcsandbox;nike-tech-dev;sha256:4e71a9aaf6e6c5ad0515c8ca04385920a69d8c4588738e5fbaff957d5cf283a5;602401143452.dkr.ecr.sa-east-1.amazonaws.com/amazon-k8s-cni@sha256:4e71a9aaf6e6c5ad0515c8ca04385920a69d8c4588738e5fbaff957d5cf283a5;kube-system;N/A;aws-node-n64g5
arcsandbox;nike-tech-dev;sha256:4e71a9aaf6e6c5ad0515c8ca04385920a69d8c4588738e5fbaff957d5cf283a5;602401143452.dkr.ecr.sa-east-1.amazonaws.com/amazon-k8s-cni@sha256:4e71a9aaf6e6c5ad0515c8ca04385920a69d8c4588738e5fbaff957d5cf283a5;kube-system;N/A;aws-node-rsl95
arcsandbox;nike-tech-dev;sha256:4e71a9aaf6e6c5ad0515c8ca04385920a69d8c4588738e5fbaff957d5cf283a5;602401143452.dkr.ecr.sa-east-1.amazonaws.com/amazon-k8s-cni@sha256:4e71a9aaf6e6c5ad0515c8ca04385920a69d8c4588738e5fbaff957d5cf283a5;kube-system;N/A;aws-node-spmrs
arcsandbox;nike-tech-dev;sha256:4e71a9aaf6e6c5ad0515c8ca04385920a69d8c4588738e5fbaff957d5cf283a5;602401143452.dkr.ecr.sa-east-1.amazonaws.com/amazon-k8s-cni@sha256:4e71a9aaf6e6c5ad0515c8ca04385920a69d8c4588738e5fbaff957d5cf283a5;kube-system;N/A;aws-node-x4zzq
arcsandbox;nike-tech-dev;sha256:f46687231c2c1bfa139f2b18275b123222c8cf6a288bb9c8145932bd14ac3deb;k8s.gcr.io/autoscaling/cluster-autoscaler@sha256:f46687231c2c1bfa139f2b18275b123222c8cf6a288bb9c8145932bd14ac3deb;kube-system;cluster-autoscaler-aws-cluster-autoscaler-6c5c48ffbb;cluster-autoscaler-aws-cluster-autoscaler-6c5c48ffbb-ktbf9
arcsandbox;nike-tech-dev;sha256:283e342425558e69cc2e709337347e446d20604f544b2f98dd6f03dab7cd805a;602401143452.dkr.ecr.sa-east-1.amazonaws.com/eks/coredns@sha256:283e342425558e69cc2e709337347e446d20604f544b2f98dd6f03dab7cd805a;kube-system;coredns-87d7c8c9;coredns-87d7c8c9-2nlfx
arcsandbox;nike-tech-dev;sha256:283e342425558e69cc2e709337347e446d20604f544b2f98dd6f03dab7cd805a;602401143452.dkr.ecr.sa-east-1.amazonaws.com/eks/coredns@sha256:283e342425558e69cc2e709337347e446d20604f544b2f98dd6f03dab7cd805a;kube-system;coredns-87d7c8c9;coredns-87d7c8c9-kh4fm
arcsandbox;nike-tech-dev;sha256:69f580b92c80c38e1339b55ad38043efeb0b721ae4cd351d3ac6685b323b3157;602401143452.dkr.ecr.sa-east-1.amazonaws.com/eks/csi-attacher@sha256:69f580b92c80c38e1339b55ad38043efeb0b721ae4cd351d3ac6685b323b3157;kube-system;ebs-csi-controller-6b8dfdc68b;ebs-csi-controller-6b8dfdc68b-gnwmj
arcsandbox;nike-tech-dev;sha256:5ad11decb148950bdae987c7f938427a661d7ae60850e6c56f40314392eb7a5f;602401143452.dkr.ecr.sa-east-1.amazonaws.com/eks/csi-provisioner@sha256:5ad11decb148950bdae987c7f938427a661d7ae60850e6c56f40314392eb7a5f;kube-system;ebs-csi-controller-6b8dfdc68b;ebs-csi-controller-6b8dfdc68b-gnwmj
arcsandbox;nike-tech-dev;sha256:b2eefd692d1b4decf97f5bf785b50bc2b0338a2df66840d2679b6abf28a013cb;602401143452.dkr.ecr.sa-east-1.amazonaws.com/eks/csi-resizer@sha256:b2eefd692d1b4decf97f5bf785b50bc2b0338a2df66840d2679b6abf28a013cb;kube-system;ebs-csi-controller-6b8dfdc68b;ebs-csi-controller-6b8dfdc68b-gnwmj
arcsandbox;nike-tech-dev;sha256:b52d3e46d63c8991d10858a4c3e2417a2ab84d990ec41036119fc8235697dd8d;602401143452.dkr.ecr.sa-east-1.amazonaws.com/eks/csi-snapshotter@sha256:b52d3e46d63c8991d10858a4c3e2417a2ab84d990ec41036119fc8235697dd8d;kube-system;ebs-csi-controller-6b8dfdc68b;ebs-csi-controller-6b8dfdc68b-gnwmj
arcsandbox;nike-tech-dev;sha256:1564359e1e0e7cb577c77219541c423e782b726f603fde4fcfa0c1eafbc50320;602401143452.dkr.ecr.sa-east-1.amazonaws.com/eks/aws-ebs-csi-driver@sha256:1564359e1e0e7cb577c77219541c423e782b726f603fde4fcfa0c1eafbc50320;kube-system;ebs-csi-controller-6b8dfdc68b;ebs-csi-controller-6b8dfdc68b-gnwmj
arcsandbox;nike-tech-dev;sha256:5aa45f506d50b63acf32fae45c56e31de7567c5a8c2a55e810db138e7adf0789;602401143452.dkr.ecr.sa-east-1.amazonaws.com/eks/livenessprobe@sha256:5aa45f506d50b63acf32fae45c56e31de7567c5a8c2a55e810db138e7adf0789;kube-system;ebs-csi-controller-6b8dfdc68b;ebs-csi-controller-6b8dfdc68b-gnwmj
arcsandbox;nike-tech-dev;sha256:69f580b92c80c38e1339b55ad38043efeb0b721ae4cd351d3ac6685b323b3157;602401143452.dkr.ecr.sa-east-1.amazonaws.com/eks/csi-attacher@sha256:69f580b92c80c38e1339b55ad38043efeb0b721ae4cd351d3ac6685b323b3157;kube-system;ebs-csi-controller-6b8dfdc68b;ebs-csi-controller-6b8dfdc68b-vxlhv
arcsandbox;nike-tech-dev;sha256:5ad11decb148950bdae987c7f938427a661d7ae60850e6c56f40314392eb7a5f;602401143452.dkr.ecr.sa-east-1.amazonaws.com/eks/csi-provisioner@sha256:5ad11decb148950bdae987c7f938427a661d7ae60850e6c56f40314392eb7a5f;kube-system;ebs-csi-controller-6b8dfdc68b;ebs-csi-controller-6b8dfdc68b-vxlhv
arcsandbox;nike-tech-dev;sha256:b2eefd692d1b4decf97f5bf785b50bc2b0338a2df66840d2679b6abf28a013cb;602401143452.dkr.ecr.sa-east-1.amazonaws.com/eks/csi-resizer@sha256:b2eefd692d1b4decf97f5bf785b50bc2b0338a2df66840d2679b6abf28a013cb;kube-system;ebs-csi-controller-6b8dfdc68b;ebs-csi-controller-6b8dfdc68b-vxlhv
arcsandbox;nike-tech-dev;sha256:b52d3e46d63c8991d10858a4c3e2417a2ab84d990ec41036119fc8235697dd8d;602401143452.dkr.ecr.sa-east-1.amazonaws.com/eks/csi-snapshotter@sha256:b52d3e46d63c8991d10858a4c3e2417a2ab84d990ec41036119fc8235697dd8d;kube-system;ebs-csi-controller-6b8dfdc68b;ebs-csi-controller-6b8dfdc68b-vxlhv
arcsandbox;nike-tech-dev;sha256:1564359e1e0e7cb577c77219541c423e782b726f603fde4fcfa0c1eafbc50320;602401143452.dkr.ecr.sa-east-1.amazonaws.com/eks/aws-ebs-csi-driver@sha256:1564359e1e0e7cb577c77219541c423e782b726f603fde4fcfa0c1eafbc50320;kube-system;ebs-csi-controller-6b8dfdc68b;ebs-csi-controller-6b8dfdc68b-vxlhv
arcsandbox;nike-tech-dev;sha256:5aa45f506d50b63acf32fae45c56e31de7567c5a8c2a55e810db138e7adf0789;602401143452.dkr.ecr.sa-east-1.amazonaws.com/eks/livenessprobe@sha256:5aa45f506d50b63acf32fae45c56e31de7567c5a8c2a55e810db138e7adf0789;kube-system;ebs-csi-controller-6b8dfdc68b;ebs-csi-controller-6b8dfdc68b-vxlhv
arcsandbox;nike-tech-dev;sha256:1564359e1e0e7cb577c77219541c423e782b726f603fde4fcfa0c1eafbc50320;602401143452.dkr.ecr.sa-east-1.amazonaws.com/eks/aws-ebs-csi-driver@sha256:1564359e1e0e7cb577c77219541c423e782b726f603fde4fcfa0c1eafbc50320;kube-system;N/A;ebs-csi-node-88kqc
arcsandbox;nike-tech-dev;sha256:5aa45f506d50b63acf32fae45c56e31de7567c5a8c2a55e810db138e7adf0789;602401143452.dkr.ecr.sa-east-1.amazonaws.com/eks/livenessprobe@sha256:5aa45f506d50b63acf32fae45c56e31de7567c5a8c2a55e810db138e7adf0789;kube-system;N/A;ebs-csi-node-88kqc
arcsandbox;nike-tech-dev;sha256:d99f0bb1a918f0b8f144aa1e4785460924af946b1e0bb7a23996780358238951;602401143452.dkr.ecr.sa-east-1.amazonaws.com/eks/csi-node-driver-registrar@sha256:d99f0bb1a918f0b8f144aa1e4785460924af946b1e0bb7a23996780358238951;kube-system;N/A;ebs-csi-node-88kqc
arcsandbox;nike-tech-dev;sha256:1564359e1e0e7cb577c77219541c423e782b726f603fde4fcfa0c1eafbc50320;602401143452.dkr.ecr.sa-east-1.amazonaws.com/eks/aws-ebs-csi-driver@sha256:1564359e1e0e7cb577c77219541c423e782b726f603fde4fcfa0c1eafbc50320;kube-system;N/A;ebs-csi-node-dtkwg
arcsandbox;nike-tech-dev;sha256:5aa45f506d50b63acf32fae45c56e31de7567c5a8c2a55e810db138e7adf0789;602401143452.dkr.ecr.sa-east-1.amazonaws.com/eks/livenessprobe@sha256:5aa45f506d50b63acf32fae45c56e31de7567c5a8c2a55e810db138e7adf0789;kube-system;N/A;ebs-csi-node-dtkwg
arcsandbox;nike-tech-dev;sha256:d99f0bb1a918f0b8f144aa1e4785460924af946b1e0bb7a23996780358238951;602401143452.dkr.ecr.sa-east-1.amazonaws.com/eks/csi-node-driver-registrar@sha256:d99f0bb1a918f0b8f144aa1e4785460924af946b1e0bb7a23996780358238951;kube-system;N/A;ebs-csi-node-dtkwg
arcsandbox;nike-tech-dev;sha256:1564359e1e0e7cb577c77219541c423e782b726f603fde4fcfa0c1eafbc50320;602401143452.dkr.ecr.sa-east-1.amazonaws.com/eks/aws-ebs-csi-driver@sha256:1564359e1e0e7cb577c77219541c423e782b726f603fde4fcfa0c1eafbc50320;kube-system;N/A;ebs-csi-node-dz4fg
arcsandbox;nike-tech-dev;sha256:5aa45f506d50b63acf32fae45c56e31de7567c5a8c2a55e810db138e7adf0789;602401143452.dkr.ecr.sa-east-1.amazonaws.com/eks/livenessprobe@sha256:5aa45f506d50b63acf32fae45c56e31de7567c5a8c2a55e810db138e7adf0789;kube-system;N/A;ebs-csi-node-dz4fg
arcsandbox;nike-tech-dev;sha256:d99f0bb1a918f0b8f144aa1e4785460924af946b1e0bb7a23996780358238951;602401143452.dkr.ecr.sa-east-1.amazonaws.com/eks/csi-node-driver-registrar@sha256:d99f0bb1a918f0b8f144aa1e4785460924af946b1e0bb7a23996780358238951;kube-system;N/A;ebs-csi-node-dz4fg
arcsandbox;nike-tech-dev;sha256:1564359e1e0e7cb577c77219541c423e782b726f603fde4fcfa0c1eafbc50320;602401143452.dkr.ecr.sa-east-1.amazonaws.com/eks/aws-ebs-csi-driver@sha256:1564359e1e0e7cb577c77219541c423e782b726f603fde4fcfa0c1eafbc50320;kube-system;N/A;ebs-csi-node-ntqbq
arcsandbox;nike-tech-dev;sha256:5aa45f506d50b63acf32fae45c56e31de7567c5a8c2a55e810db138e7adf0789;602401143452.dkr.ecr.sa-east-1.amazonaws.com/eks/livenessprobe@sha256:5aa45f506d50b63acf32fae45c56e31de7567c5a8c2a55e810db138e7adf0789;kube-system;N/A;ebs-csi-node-ntqbq
arcsandbox;nike-tech-dev;sha256:d99f0bb1a918f0b8f144aa1e4785460924af946b1e0bb7a23996780358238951;602401143452.dkr.ecr.sa-east-1.amazonaws.com/eks/csi-node-driver-registrar@sha256:d99f0bb1a918f0b8f144aa1e4785460924af946b1e0bb7a23996780358238951;kube-system;N/A;ebs-csi-node-ntqbq
arcsandbox;nike-tech-dev;sha256:1564359e1e0e7cb577c77219541c423e782b726f603fde4fcfa0c1eafbc50320;602401143452.dkr.ecr.sa-east-1.amazonaws.com/eks/aws-ebs-csi-driver@sha256:1564359e1e0e7cb577c77219541c423e782b726f603fde4fcfa0c1eafbc50320;kube-system;N/A;ebs-csi-node-vww65
arcsandbox;nike-tech-dev;sha256:5aa45f506d50b63acf32fae45c56e31de7567c5a8c2a55e810db138e7adf0789;602401143452.dkr.ecr.sa-east-1.amazonaws.com/eks/livenessprobe@sha256:5aa45f506d50b63acf32fae45c56e31de7567c5a8c2a55e810db138e7adf0789;kube-system;N/A;ebs-csi-node-vww65
arcsandbox;nike-tech-dev;sha256:d99f0bb1a918f0b8f144aa1e4785460924af946b1e0bb7a23996780358238951;602401143452.dkr.ecr.sa-east-1.amazonaws.com/eks/csi-node-driver-registrar@sha256:d99f0bb1a918f0b8f144aa1e4785460924af946b1e0bb7a23996780358238951;kube-system;N/A;ebs-csi-node-vww65
arcsandbox;nike-tech-dev;sha256:e677f72d499e09557e20ba9b5ade9fbbc70b73f658b95226963215eaa9fdb1ad;564593125549.dkr.ecr.sa-east-1.amazonaws.com/aws-public/eks-distro/kubernetes-csi/external-provisioner@sha256:e677f72d499e09557e20ba9b5ade9fbbc70b73f658b95226963215eaa9fdb1ad;kube-system;efs-csi-controller-6f75577dbb;efs-csi-controller-6f75577dbb-6d8pb
arcsandbox;nike-tech-dev;sha256:4db1a50a1583c662643b4a24a7940c7e347ef22f3c6f83f825587c3b904abe87;602401143452.dkr.ecr.sa-east-1.amazonaws.com/eks/aws-efs-csi-driver@sha256:4db1a50a1583c662643b4a24a7940c7e347ef22f3c6f83f825587c3b904abe87;kube-system;efs-csi-controller-6f75577dbb;efs-csi-controller-6f75577dbb-6d8pb
arcsandbox;nike-tech-dev;sha256:d790820d19a6253ee31418be4d1a9ae023d4a6b64c5591f8f031b4194828cc5b;564593125549.dkr.ecr.sa-east-1.amazonaws.com/aws-public/eks-distro/kubernetes-csi/livenessprobe@sha256:d790820d19a6253ee31418be4d1a9ae023d4a6b64c5591f8f031b4194828cc5b;kube-system;efs-csi-controller-6f75577dbb;efs-csi-controller-6f75577dbb-6d8pb
arcsandbox;nike-tech-dev;sha256:e677f72d499e09557e20ba9b5ade9fbbc70b73f658b95226963215eaa9fdb1ad;564593125549.dkr.ecr.sa-east-1.amazonaws.com/aws-public/eks-distro/kubernetes-csi/external-provisioner@sha256:e677f72d499e09557e20ba9b5ade9fbbc70b73f658b95226963215eaa9fdb1ad;kube-system;efs-csi-controller-6f75577dbb;efs-csi-controller-6f75577dbb-mmmm7
arcsandbox;nike-tech-dev;sha256:4db1a50a1583c662643b4a24a7940c7e347ef22f3c6f83f825587c3b904abe87;602401143452.dkr.ecr.sa-east-1.amazonaws.com/eks/aws-efs-csi-driver@sha256:4db1a50a1583c662643b4a24a7940c7e347ef22f3c6f83f825587c3b904abe87;kube-system;efs-csi-controller-6f75577dbb;efs-csi-controller-6f75577dbb-mmmm7
arcsandbox;nike-tech-dev;sha256:d790820d19a6253ee31418be4d1a9ae023d4a6b64c5591f8f031b4194828cc5b;564593125549.dkr.ecr.sa-east-1.amazonaws.com/aws-public/eks-distro/kubernetes-csi/livenessprobe@sha256:d790820d19a6253ee31418be4d1a9ae023d4a6b64c5591f8f031b4194828cc5b;kube-system;efs-csi-controller-6f75577dbb;efs-csi-controller-6f75577dbb-mmmm7
arcsandbox;nike-tech-dev;sha256:9cd9ef74078997d4d05f5061b6a4948b54b591bb5152675f45a183c3a1cbbfd8;564593125549.dkr.ecr.sa-east-1.amazonaws.com/aws-public/eks-distro/kubernetes-csi/node-driver-registrar@sha256:9cd9ef74078997d4d05f5061b6a4948b54b591bb5152675f45a183c3a1cbbfd8;kube-system;N/A;efs-csi-node-4qd9f
arcsandbox;nike-tech-dev;sha256:4db1a50a1583c662643b4a24a7940c7e347ef22f3c6f83f825587c3b904abe87;602401143452.dkr.ecr.sa-east-1.amazonaws.com/eks/aws-efs-csi-driver@sha256:4db1a50a1583c662643b4a24a7940c7e347ef22f3c6f83f825587c3b904abe87;kube-system;N/A;efs-csi-node-4qd9f
arcsandbox;nike-tech-dev;sha256:d790820d19a6253ee31418be4d1a9ae023d4a6b64c5591f8f031b4194828cc5b;564593125549.dkr.ecr.sa-east-1.amazonaws.com/aws-public/eks-distro/kubernetes-csi/livenessprobe@sha256:d790820d19a6253ee31418be4d1a9ae023d4a6b64c5591f8f031b4194828cc5b;kube-system;N/A;efs-csi-node-4qd9f
arcsandbox;nike-tech-dev;sha256:9cd9ef74078997d4d05f5061b6a4948b54b591bb5152675f45a183c3a1cbbfd8;564593125549.dkr.ecr.sa-east-1.amazonaws.com/aws-public/eks-distro/kubernetes-csi/node-driver-registrar@sha256:9cd9ef74078997d4d05f5061b6a4948b54b591bb5152675f45a183c3a1cbbfd8;kube-system;N/A;efs-csi-node-6wccb
arcsandbox;nike-tech-dev;sha256:4db1a50a1583c662643b4a24a7940c7e347ef22f3c6f83f825587c3b904abe87;602401143452.dkr.ecr.sa-east-1.amazonaws.com/eks/aws-efs-csi-driver@sha256:4db1a50a1583c662643b4a24a7940c7e347ef22f3c6f83f825587c3b904abe87;kube-system;N/A;efs-csi-node-6wccb
arcsandbox;nike-tech-dev;sha256:d790820d19a6253ee31418be4d1a9ae023d4a6b64c5591f8f031b4194828cc5b;564593125549.dkr.ecr.sa-east-1.amazonaws.com/aws-public/eks-distro/kubernetes-csi/livenessprobe@sha256:d790820d19a6253ee31418be4d1a9ae023d4a6b64c5591f8f031b4194828cc5b;kube-system;N/A;efs-csi-node-6wccb
arcsandbox;nike-tech-dev;sha256:9cd9ef74078997d4d05f5061b6a4948b54b591bb5152675f45a183c3a1cbbfd8;564593125549.dkr.ecr.sa-east-1.amazonaws.com/aws-public/eks-distro/kubernetes-csi/node-driver-registrar@sha256:9cd9ef74078997d4d05f5061b6a4948b54b591bb5152675f45a183c3a1cbbfd8;kube-system;N/A;efs-csi-node-cgszj
arcsandbox;nike-tech-dev;sha256:4db1a50a1583c662643b4a24a7940c7e347ef22f3c6f83f825587c3b904abe87;602401143452.dkr.ecr.sa-east-1.amazonaws.com/eks/aws-efs-csi-driver@sha256:4db1a50a1583c662643b4a24a7940c7e347ef22f3c6f83f825587c3b904abe87;kube-system;N/A;efs-csi-node-cgszj
arcsandbox;nike-tech-dev;sha256:d790820d19a6253ee31418be4d1a9ae023d4a6b64c5591f8f031b4194828cc5b;564593125549.dkr.ecr.sa-east-1.amazonaws.com/aws-public/eks-distro/kubernetes-csi/livenessprobe@sha256:d790820d19a6253ee31418be4d1a9ae023d4a6b64c5591f8f031b4194828cc5b;kube-system;N/A;efs-csi-node-cgszj
arcsandbox;nike-tech-dev;sha256:9cd9ef74078997d4d05f5061b6a4948b54b591bb5152675f45a183c3a1cbbfd8;564593125549.dkr.ecr.sa-east-1.amazonaws.com/aws-public/eks-distro/kubernetes-csi/node-driver-registrar@sha256:9cd9ef74078997d4d05f5061b6a4948b54b591bb5152675f45a183c3a1cbbfd8;kube-system;N/A;efs-csi-node-sr75j
arcsandbox;nike-tech-dev;sha256:4db1a50a1583c662643b4a24a7940c7e347ef22f3c6f83f825587c3b904abe87;602401143452.dkr.ecr.sa-east-1.amazonaws.com/eks/aws-efs-csi-driver@sha256:4db1a50a1583c662643b4a24a7940c7e347ef22f3c6f83f825587c3b904abe87;kube-system;N/A;efs-csi-node-sr75j
arcsandbox;nike-tech-dev;sha256:d790820d19a6253ee31418be4d1a9ae023d4a6b64c5591f8f031b4194828cc5b;564593125549.dkr.ecr.sa-east-1.amazonaws.com/aws-public/eks-distro/kubernetes-csi/livenessprobe@sha256:d790820d19a6253ee31418be4d1a9ae023d4a6b64c5591f8f031b4194828cc5b;kube-system;N/A;efs-csi-node-sr75j
arcsandbox;nike-tech-dev;sha256:9cd9ef74078997d4d05f5061b6a4948b54b591bb5152675f45a183c3a1cbbfd8;564593125549.dkr.ecr.sa-east-1.amazonaws.com/aws-public/eks-distro/kubernetes-csi/node-driver-registrar@sha256:9cd9ef74078997d4d05f5061b6a4948b54b591bb5152675f45a183c3a1cbbfd8;kube-system;N/A;efs-csi-node-zpn79
arcsandbox;nike-tech-dev;sha256:4db1a50a1583c662643b4a24a7940c7e347ef22f3c6f83f825587c3b904abe87;602401143452.dkr.ecr.sa-east-1.amazonaws.com/eks/aws-efs-csi-driver@sha256:4db1a50a1583c662643b4a24a7940c7e347ef22f3c6f83f825587c3b904abe87;kube-system;N/A;efs-csi-node-zpn79
arcsandbox;nike-tech-dev;sha256:d790820d19a6253ee31418be4d1a9ae023d4a6b64c5591f8f031b4194828cc5b;564593125549.dkr.ecr.sa-east-1.amazonaws.com/aws-public/eks-distro/kubernetes-csi/livenessprobe@sha256:d790820d19a6253ee31418be4d1a9ae023d4a6b64c5591f8f031b4194828cc5b;kube-system;N/A;efs-csi-node-zpn79
arcsandbox;nike-tech-dev;sha256:1529982e95d0c9a1f0543360939108cf8276507fb6639e367a0198d3b25570b0;k8s.gcr.io/external-dns/external-dns@sha256:1529982e95d0c9a1f0543360939108cf8276507fb6639e367a0198d3b25570b0;kube-system;external-dns-94756556;external-dns-94756556-l9qx9
arcsandbox;nike-tech-dev;sha256:8ac03ffed11ba8e3b77ffca82f6ee1ef9598181da04cc50545ca1c739ddf5bbb;602401143452.dkr.ecr.sa-east-1.amazonaws.com/eks/kube-proxy@sha256:8ac03ffed11ba8e3b77ffca82f6ee1ef9598181da04cc50545ca1c739ddf5bbb;kube-system;N/A;kube-proxy-226cq
arcsandbox;nike-tech-dev;sha256:8ac03ffed11ba8e3b77ffca82f6ee1ef9598181da04cc50545ca1c739ddf5bbb;602401143452.dkr.ecr.sa-east-1.amazonaws.com/eks/kube-proxy@sha256:8ac03ffed11ba8e3b77ffca82f6ee1ef9598181da04cc50545ca1c739ddf5bbb;kube-system;N/A;kube-proxy-8mc8c
arcsandbox;nike-tech-dev;sha256:8ac03ffed11ba8e3b77ffca82f6ee1ef9598181da04cc50545ca1c739ddf5bbb;602401143452.dkr.ecr.sa-east-1.amazonaws.com/eks/kube-proxy@sha256:8ac03ffed11ba8e3b77ffca82f6ee1ef9598181da04cc50545ca1c739ddf5bbb;kube-system;N/A;kube-proxy-w7c29
arcsandbox;nike-tech-dev;sha256:8ac03ffed11ba8e3b77ffca82f6ee1ef9598181da04cc50545ca1c739ddf5bbb;602401143452.dkr.ecr.sa-east-1.amazonaws.com/eks/kube-proxy@sha256:8ac03ffed11ba8e3b77ffca82f6ee1ef9598181da04cc50545ca1c739ddf5bbb;kube-system;N/A;kube-proxy-wcf79
arcsandbox;nike-tech-dev;sha256:8ac03ffed11ba8e3b77ffca82f6ee1ef9598181da04cc50545ca1c739ddf5bbb;602401143452.dkr.ecr.sa-east-1.amazonaws.com/eks/kube-proxy@sha256:8ac03ffed11ba8e3b77ffca82f6ee1ef9598181da04cc50545ca1c739ddf5bbb;kube-system;N/A;kube-proxy-xf278
arcsandbox;nike-tech-dev;sha256:76049887f07a0476dc93efc2d3569b9529bf982b22d29f356092ce206e98765c;docker.io/kubernetesui/metrics-scraper@sha256:76049887f07a0476dc93efc2d3569b9529bf982b22d29f356092ce206e98765c;kube-system;kubernetes-dashboard-7cd8c87c5f;kubernetes-dashboard-7cd8c87c5f-gnlbf
arcsandbox;nike-tech-dev;sha256:290bebc3cd96c22b6f89e7b21f5c2b16ce5c275a0ec2c2de10e0d8b9dd110289;docker.io/kubernetesui/dashboard@sha256:290bebc3cd96c22b6f89e7b21f5c2b16ce5c275a0ec2c2de10e0d8b9dd110289;kube-system;kubernetes-dashboard-7cd8c87c5f;kubernetes-dashboard-7cd8c87c5f-gnlbf
arcsandbox;nike-tech-dev;sha256:f977ad859fb500c1302d9c3428c6271db031bb7431e7076213b676b345a88dc2;k8s.gcr.io/metrics-server/metrics-server@sha256:f977ad859fb500c1302d9c3428c6271db031bb7431e7076213b676b345a88dc2;kube-system;metrics-server-8694655b79;metrics-server-8694655b79-9cq9x
arcsandbox;nike-tech-dev;sha256:8c21390be87dbbee337c5b867254906b900bb52adb405b3a67134e17b7705973;quay.io/oauth2-proxy/oauth2-proxy@sha256:8c21390be87dbbee337c5b867254906b900bb52adb405b3a67134e17b7705973;kube-system;oauth2-proxy-764d678d5b;oauth2-proxy-764d678d5b-bdssl
arcsandbox;nike-tech-dev;sha256:10e3e43b37bef778c5f1606f9078ac5935c52654598d6ffe7dfadbb25a888c1a;564593125549.dkr.ecr.sa-east-1.amazonaws.com/logstash@sha256:10e3e43b37bef778c5f1606f9078ac5935c52654598d6ffe7dfadbb25a888c1a;logstash-nike-smartproxy-infobusca-uat;N/A;logstash-logstash-0
arcsandbox;nike-tech-dev;sha256:10e3e43b37bef778c5f1606f9078ac5935c52654598d6ffe7dfadbb25a888c1a;564593125549.dkr.ecr.sa-east-1.amazonaws.com/logstash@sha256:10e3e43b37bef778c5f1606f9078ac5935c52654598d6ffe7dfadbb25a888c1a;logstash-nike-smartproxy-infobusca;N/A;logstash-logstash-0
arcsandbox;nike-tech-dev;sha256:10e3e43b37bef778c5f1606f9078ac5935c52654598d6ffe7dfadbb25a888c1a;564593125549.dkr.ecr.sa-east-1.amazonaws.com/logstash@sha256:10e3e43b37bef778c5f1606f9078ac5935c52654598d6ffe7dfadbb25a888c1a;logstash-nike-smartproxy-infomais-uat;N/A;logstash-logstash-0
arcsandbox;nike-tech-dev;sha256:10e3e43b37bef778c5f1606f9078ac5935c52654598d6ffe7dfadbb25a888c1a;564593125549.dkr.ecr.sa-east-1.amazonaws.com/logstash@sha256:10e3e43b37bef778c5f1606f9078ac5935c52654598d6ffe7dfadbb25a888c1a;logstash-nike-smartproxy-infomais;N/A;logstash-logstash-0
arcsandbox;nike-tech-dev;sha256:10e3e43b37bef778c5f1606f9078ac5935c52654598d6ffe7dfadbb25a888c1a;564593125549.dkr.ecr.sa-east-1.amazonaws.com/logstash@sha256:10e3e43b37bef778c5f1606f9078ac5935c52654598d6ffe7dfadbb25a888c1a;logstash-nike-smartproxy-uat;N/A;logstash-logstash-0
arcsandbox;nike-tech-dev;sha256:10e3e43b37bef778c5f1606f9078ac5935c52654598d6ffe7dfadbb25a888c1a;564593125549.dkr.ecr.sa-east-1.amazonaws.com/logstash@sha256:10e3e43b37bef778c5f1606f9078ac5935c52654598d6ffe7dfadbb25a888c1a;logstash-nike-smartproxy;N/A;logstash-logstash-0
arcsandbox;nike-tech-dev;sha256:088464f949de8065b9da7dfce7302a633d700e9d598e2bebc03310712f083b31;quay.io/prometheus/alertmanager@sha256:088464f949de8065b9da7dfce7302a633d700e9d598e2bebc03310712f083b31;monitoring-system;N/A;alertmanager-kube-prometheus-stack-alertmanager-0
arcsandbox;nike-tech-dev;sha256:d0aee3f816725cb130121f3ea67979160bdc79fe616efa077c9b15cab4689504;quay.io/prometheus-operator/prometheus-config-reloader@sha256:d0aee3f816725cb130121f3ea67979160bdc79fe616efa077c9b15cab4689504;monitoring-system;N/A;alertmanager-kube-prometheus-stack-alertmanager-0
arcsandbox;nike-tech-dev;sha256:ecc1b80b8ca27743e48033c6d4c9d9f658b0837f9bea7dc5afeec0f857357267;docker.io/grafana/grafana@sha256:ecc1b80b8ca27743e48033c6d4c9d9f658b0837f9bea7dc5afeec0f857357267;monitoring-system;kube-prometheus-stack-grafana-74d44b84;kube-prometheus-stack-grafana-74d44b84-6xcs5
arcsandbox;nike-tech-dev;sha256:1f025ae37b7b20d63bffd179e5e6f972039dd53d9646388c0a8c456229c7bbcb;quay.io/kiwigrid/k8s-sidecar@sha256:1f025ae37b7b20d63bffd179e5e6f972039dd53d9646388c0a8c456229c7bbcb;monitoring-system;kube-prometheus-stack-grafana-74d44b84;kube-prometheus-stack-grafana-74d44b84-6xcs5
arcsandbox;nike-tech-dev;sha256:1f025ae37b7b20d63bffd179e5e6f972039dd53d9646388c0a8c456229c7bbcb;quay.io/kiwigrid/k8s-sidecar@sha256:1f025ae37b7b20d63bffd179e5e6f972039dd53d9646388c0a8c456229c7bbcb;monitoring-system;kube-prometheus-stack-grafana-74d44b84;kube-prometheus-stack-grafana-74d44b84-6xcs5
arcsandbox;nike-tech-dev;sha256:69a18fa1e0d0c9f972a64e69ca13b65451b8c5e79ae8dccf3a77968be4a301df;k8s.gcr.io/kube-state-metrics/kube-state-metrics@sha256:69a18fa1e0d0c9f972a64e69ca13b65451b8c5e79ae8dccf3a77968be4a301df;monitoring-system;kube-prometheus-stack-kube-state-metrics-5bd844ff8c;kube-prometheus-stack-kube-state-metrics-5bd844ff8c-np5vg
arcsandbox;nike-tech-dev;sha256:4817ed76bbac6726228bc0cb1bb7f78a1084ab8367e3a7daa9d6119eb470cfa5;quay.io/prometheus-operator/prometheus-operator@sha256:4817ed76bbac6726228bc0cb1bb7f78a1084ab8367e3a7daa9d6119eb470cfa5;monitoring-system;kube-prometheus-stack-operator-7447c85fbc;kube-prometheus-stack-operator-7447c85fbc-lmz6d
arcsandbox;nike-tech-dev;sha256:f2269e73124dd0f60a7d19a2ce1264d33d08a985aed0ee6b0b89d0be470592cd;quay.io/prometheus/node-exporter@sha256:f2269e73124dd0f60a7d19a2ce1264d33d08a985aed0ee6b0b89d0be470592cd;monitoring-system;N/A;kube-prometheus-stack-prometheus-node-exporter-24p9k
arcsandbox;nike-tech-dev;sha256:f2269e73124dd0f60a7d19a2ce1264d33d08a985aed0ee6b0b89d0be470592cd;quay.io/prometheus/node-exporter@sha256:f2269e73124dd0f60a7d19a2ce1264d33d08a985aed0ee6b0b89d0be470592cd;monitoring-system;N/A;kube-prometheus-stack-prometheus-node-exporter-5lqvr
arcsandbox;nike-tech-dev;sha256:f2269e73124dd0f60a7d19a2ce1264d33d08a985aed0ee6b0b89d0be470592cd;quay.io/prometheus/node-exporter@sha256:f2269e73124dd0f60a7d19a2ce1264d33d08a985aed0ee6b0b89d0be470592cd;monitoring-system;N/A;kube-prometheus-stack-prometheus-node-exporter-ldgcg
arcsandbox;nike-tech-dev;sha256:f2269e73124dd0f60a7d19a2ce1264d33d08a985aed0ee6b0b89d0be470592cd;quay.io/prometheus/node-exporter@sha256:f2269e73124dd0f60a7d19a2ce1264d33d08a985aed0ee6b0b89d0be470592cd;monitoring-system;N/A;kube-prometheus-stack-prometheus-node-exporter-nsrdr
arcsandbox;nike-tech-dev;sha256:f2269e73124dd0f60a7d19a2ce1264d33d08a985aed0ee6b0b89d0be470592cd;quay.io/prometheus/node-exporter@sha256:f2269e73124dd0f60a7d19a2ce1264d33d08a985aed0ee6b0b89d0be470592cd;monitoring-system;N/A;kube-prometheus-stack-prometheus-node-exporter-z7fqm
arcsandbox;nike-tech-dev;sha256:eb350a428127cf111a39fae466ebbbc2aade66a64ddf61b47df4ceaacf207d19;gcr.io/kubecost1/frontend@sha256:eb350a428127cf111a39fae466ebbbc2aade66a64ddf61b47df4ceaacf207d19;monitoring-system;kubecost-cost-analyzer-58d9f66469;kubecost-cost-analyzer-58d9f66469-dp4lr
arcsandbox;nike-tech-dev;sha256:7737e3448e35d1fd6fb715b986d2d665bf28b5fb2e9e8db87bd0985347d46e16;gcr.io/kubecost1/cost-model@sha256:7737e3448e35d1fd6fb715b986d2d665bf28b5fb2e9e8db87bd0985347d46e16;monitoring-system;kubecost-cost-analyzer-58d9f66469;kubecost-cost-analyzer-58d9f66469-dp4lr
arcsandbox;nike-tech-dev;sha256:1ee60f980950b00e505bd564b40f720132a0653b110e993043bb5940673d060a;docker.io/grafana/loki@sha256:1ee60f980950b00e505bd564b40f720132a0653b110e993043bb5940673d060a;monitoring-system;N/A;loki-stack-0
arcsandbox;nike-tech-dev;sha256:072527b12cdfa1393d04a08aeba6b0eb42fd6921426ea14eaf8c828953771749;docker.io/grafana/promtail@sha256:072527b12cdfa1393d04a08aeba6b0eb42fd6921426ea14eaf8c828953771749;monitoring-system;N/A;loki-stack-promtail-4vtl5
arcsandbox;nike-tech-dev;sha256:072527b12cdfa1393d04a08aeba6b0eb42fd6921426ea14eaf8c828953771749;docker.io/grafana/promtail@sha256:072527b12cdfa1393d04a08aeba6b0eb42fd6921426ea14eaf8c828953771749;monitoring-system;N/A;loki-stack-promtail-bhhrp
arcsandbox;nike-tech-dev;sha256:072527b12cdfa1393d04a08aeba6b0eb42fd6921426ea14eaf8c828953771749;docker.io/grafana/promtail@sha256:072527b12cdfa1393d04a08aeba6b0eb42fd6921426ea14eaf8c828953771749;monitoring-system;N/A;loki-stack-promtail-cbxtf
arcsandbox;nike-tech-dev;sha256:072527b12cdfa1393d04a08aeba6b0eb42fd6921426ea14eaf8c828953771749;docker.io/grafana/promtail@sha256:072527b12cdfa1393d04a08aeba6b0eb42fd6921426ea14eaf8c828953771749;monitoring-system;N/A;loki-stack-promtail-l58z7
arcsandbox;nike-tech-dev;sha256:072527b12cdfa1393d04a08aeba6b0eb42fd6921426ea14eaf8c828953771749;docker.io/grafana/promtail@sha256:072527b12cdfa1393d04a08aeba6b0eb42fd6921426ea14eaf8c828953771749;monitoring-system;N/A;loki-stack-promtail-ppbfs
arcsandbox;nike-tech-dev;sha256:d0aee3f816725cb130121f3ea67979160bdc79fe616efa077c9b15cab4689504;quay.io/prometheus-operator/prometheus-config-reloader@sha256:d0aee3f816725cb130121f3ea67979160bdc79fe616efa077c9b15cab4689504;monitoring-system;N/A;prometheus-kube-prometheus-stack-prometheus-0
arcsandbox;nike-tech-dev;sha256:2acfab1966f0dbecc6afbead13eca7f47062cfe8726bb9db25e39e0c0b88e9c3;quay.io/prometheus/prometheus@sha256:2acfab1966f0dbecc6afbead13eca7f47062cfe8726bb9db25e39e0c0b88e9c3;monitoring-system;N/A;prometheus-kube-prometheus-stack-prometheus-0
arcsandbox;nike-tech-dev;sha256:477d4c3d896a0deefdcccf0e08e8fb0d4258e5340d34f3c3513f75073de5835c;docker.io/provectuslabs/kafka-ui@sha256:477d4c3d896a0deefdcccf0e08e8fb0d4258e5340d34f3c3513f75073de5835c;msk-smartproxy;kafka-ui-logs-554bf7d9b5;kafka-ui-logs-554bf7d9b5-zqrd9
arcsandbox;nike-tech-dev;sha256:477d4c3d896a0deefdcccf0e08e8fb0d4258e5340d34f3c3513f75073de5835c;docker.io/provectuslabs/kafka-ui@sha256:477d4c3d896a0deefdcccf0e08e8fb0d4258e5340d34f3c3513f75073de5835c;observability;kafka-ui-logs-744758849f;kafka-ui-logs-744758849f-qg4z9
arcsandbox;nike-tech-dev;sha256:a0351c8e7e72c761c347bdcb8808c95912fe83c460a3cecd3e953348a655abde;docker.io/clickhouse/clickhouse-server@sha256:a0351c8e7e72c761c347bdcb8808c95912fe83c460a3cecd3e953348a655abde;posthog-prd;N/A;chi-posthog-posthog-0-0-0
arcsandbox;nike-tech-dev;sha256:7a85f522c5bc68ba155878966be356654e367568672e21c2dba2c930490db195;docker.io/altinity/clickhouse-operator@sha256:7a85f522c5bc68ba155878966be356654e367568672e21c2dba2c930490db195;posthog-prd;clickhouse-operator-5f85977dd9;clickhouse-operator-5f85977dd9-n557g
arcsandbox;nike-tech-dev;sha256:74a3bdfb877c98f292ceab32bab2873462ce91170815d83655fa25ccaeca6bf4;docker.io/altinity/metrics-exporter@sha256:74a3bdfb877c98f292ceab32bab2873462ce91170815d83655fa25ccaeca6bf4;posthog-prd;clickhouse-operator-5f85977dd9;clickhouse-operator-5f85977dd9-n557g
arcsandbox;nike-tech-dev;sha256:fef465f62524ed89c27451752385ab69e5c35ea4bc48b62bf61f733916ea674c;quay.io/jetstack/cert-manager-controller@sha256:fef465f62524ed89c27451752385ab69e5c35ea4bc48b62bf61f733916ea674c;posthog-prd;posthog-cert-manager-7475999fdd;posthog-cert-manager-7475999fdd-8jkr7
arcsandbox;nike-tech-dev;sha256:916ef12af73c8a4cbdfb6127d6f513f476f3aeed2447ec7f1a58a95113bda713;quay.io/jetstack/cert-manager-cainjector@sha256:916ef12af73c8a4cbdfb6127d6f513f476f3aeed2447ec7f1a58a95113bda713;posthog-prd;posthog-cert-manager-cainjector-5c88c46999;posthog-cert-manager-cainjector-5c88c46999-vpbf6
arcsandbox;nike-tech-dev;sha256:45934ab42749e8c90da0726734155374f4ea55d7796246264e7adea87569918a;quay.io/jetstack/cert-manager-webhook@sha256:45934ab42749e8c90da0726734155374f4ea55d7796246264e7adea87569918a;posthog-prd;posthog-cert-manager-webhook-d9c47f758;posthog-cert-manager-webhook-d9c47f758-j6zrh
arcsandbox;nike-tech-dev;sha256:74441a9fa04a5af78bf76a5af909f88592033c03ce6f1e14f343cd53d0266827;docker.io/posthog/posthog@sha256:74441a9fa04a5af78bf76a5af909f88592033c03ce6f1e14f343cd53d0266827;posthog-prd;posthog-events-7d79dcb856;posthog-events-7d79dcb856-csfqk
arcsandbox;nike-tech-dev;sha256:f766669fdcf3dc26347ed273a55e754b427eb4411ee075a53f30718b4499076a;k8s.gcr.io/ingress-nginx/controller@sha256:f766669fdcf3dc26347ed273a55e754b427eb4411ee075a53f30718b4499076a;posthog-prd;posthog-ingress-nginx-controller-6ff869d4fc;posthog-ingress-nginx-controller-6ff869d4fc-8tqhz
arcsandbox;nike-tech-dev;sha256:e17b61c1b97eeecb562b33215456f02609db9b98c1e414f9a29ac46ec0a38a85;docker.io/bitnami/pgbouncer@sha256:e17b61c1b97eeecb562b33215456f02609db9b98c1e414f9a29ac46ec0a38a85;posthog-prd;posthog-pgbouncer-55fff8c6b6;posthog-pgbouncer-55fff8c6b6-jnvp2
arcsandbox;nike-tech-dev;sha256:74441a9fa04a5af78bf76a5af909f88592033c03ce6f1e14f343cd53d0266827;docker.io/posthog/posthog@sha256:74441a9fa04a5af78bf76a5af909f88592033c03ce6f1e14f343cd53d0266827;posthog-prd;posthog-plugins-8655c9f97d;posthog-plugins-8655c9f97d-vlh9l
arcsandbox;nike-tech-dev;sha256:5a85aeb27ffad227df55f7253a5b3634472d9d028ca20da0d6b9e7bb049d41e9;docker.io/bitnami/kafka@sha256:5a85aeb27ffad227df55f7253a5b3634472d9d028ca20da0d6b9e7bb049d41e9;posthog-prd;N/A;posthog-posthog-kafka-0
arcsandbox;nike-tech-dev;sha256:a97dd274c972cb39c8bfbf6f551fd80a9279b564e4713f4a2f02d213c033ae79;docker.io/bitnami/redis@sha256:a97dd274c972cb39c8bfbf6f551fd80a9279b564e4713f4a2f02d213c033ae79;posthog-prd;N/A;posthog-posthog-redis-master-0
arcsandbox;nike-tech-dev;sha256:061e22290d520d3c1536bbb2d6ed29e284f47b46d5035b6b6de1424658f2153c;docker.io/bitnami/zookeeper@sha256:061e22290d520d3c1536bbb2d6ed29e284f47b46d5035b6b6de1424658f2153c;posthog-prd;N/A;posthog-posthog-zookeeper-0
arcsandbox;nike-tech-dev;sha256:74441a9fa04a5af78bf76a5af909f88592033c03ce6f1e14f343cd53d0266827;docker.io/posthog/posthog@sha256:74441a9fa04a5af78bf76a5af909f88592033c03ce6f1e14f343cd53d0266827;posthog-prd;posthog-web-5ccc5f6458;posthog-web-5ccc5f6458-bjbht
arcsandbox;nike-tech-dev;sha256:74441a9fa04a5af78bf76a5af909f88592033c03ce6f1e14f343cd53d0266827;docker.io/posthog/posthog@sha256:74441a9fa04a5af78bf76a5af909f88592033c03ce6f1e14f343cd53d0266827;posthog-prd;posthog-worker-648556846;posthog-worker-648556846-4fmmx
arcsandbox;nike-tech-dev;sha256:27c454768ae8f434e587f87d14ce49d574d46a37a322b8839e1352a344dcff75;docker.io/apache/camel-k@sha256:27c454768ae8f434e587f87d14ce49d574d46a37a322b8839e1352a344dcff75;smartproxy-dev;camel-k-operator-688d5cb466;camel-k-operator-688d5cb466-k8ff7
arcsandbox;nike-tech-dev;sha256:27c454768ae8f434e587f87d14ce49d574d46a37a322b8839e1352a344dcff75;docker.io/apache/camel-k@sha256:27c454768ae8f434e587f87d14ce49d574d46a37a322b8839e1352a344dcff75;smartproxy-uat;camel-k-operator-688d5cb466;camel-k-operator-688d5cb466-r9lq2
arcsandbox;nike-tech-dev;sha256:27c454768ae8f434e587f87d14ce49d574d46a37a322b8839e1352a344dcff75;docker.io/apache/camel-k@sha256:27c454768ae8f434e587f87d14ce49d574d46a37a322b8839e1352a344dcff75;smartproxy;camel-k-operator-688d5cb466;camel-k-operator-688d5cb466-xf44n
arcsandbox;nike-tech-dev;sha256:6845f3ea66c0711b93e423e6c7f481e4527b4b7afeee23e12bdd3c86ead100a4;564593125549.dkr.ecr.sa-east-1.amazonaws.com/techdocs-preview-nginx@sha256:6845f3ea66c0711b93e423e6c7f481e4527b4b7afeee23e12bdd3c86ead100a4;techdocs-preview;techdocs-preview-7fdfb67dc;techdocs-preview-7fdfb67dc-v7zsb
arcsandbox;nike-tech-dev;sha256:f635442a0f47bbc8d1d868ca2b50d06e028d2c5048fd73a5986c92df317aff26;docker.io/velero/velero@sha256:f635442a0f47bbc8d1d868ca2b50d06e028d2c5048fd73a5986c92df317aff26;velero;velero-559c8cb49;velero-559c8cb49-wqqvl
account;cluster;sha;sha;namespace;deployment;pod_name
ssrmsandbox;ssrm-eks-01-sandbox;sha256:614e2a378d2c55b588ea02eab6a6ec9eb4e4281ad731955dc67442c4c2ff35bb;gcr.io/apigee-microgateway/edgemicro@sha256:614e2a378d2c55b588ea02eab6a6ec9eb4e4281ad731955dc67442c4c2ff35bb;apigee-system;eks-nike-tech-01-prod-microgateway-ddb785cf8;eks-nike-tech-01-prod-microgateway-ddb785cf8-8t964
ssrmsandbox;ssrm-eks-01-sandbox;sha256:b68f8ab06808890dff627d8fff67a3375fb8d38b83d1c79ea0684cfbb7702ba9;docker.io/bitnami/cassandra@sha256:b68f8ab06808890dff627d8fff67a3375fb8d38b83d1c79ea0684cfbb7702ba9;cassandra-uat;N/A;cassandra-uat-0
ssrmsandbox;ssrm-eks-01-sandbox;sha256:c5e0e5dca7503a8371b8d366db0f49e3fc68f62ea480262e39b6cc277991c97c;quay.io/strimzi/operator@sha256:c5e0e5dca7503a8371b8d366db0f49e3fc68f62ea480262e39b6cc277991c97c;default;strimzi-cluster-operator-5dc9798fb4;strimzi-cluster-operator-5dc9798fb4-gbknc
ssrmsandbox;ssrm-eks-01-sandbox;sha256:bfb1d7950ea02c875c7061a98e1714b017d8e2a6e74df0c07611c546b6d4f8b6;ghcr.io/fluxcd/flagger@sha256:bfb1d7950ea02c875c7061a98e1714b017d8e2a6e74df0c07611c546b6d4f8b6;istio-system;flagger-8b945cf6b;flagger-8b945cf6b-6jn8n
ssrmsandbox;ssrm-eks-01-sandbox;sha256:2152aea5fbe2de20f08f3e0412ad7a4cd54a492240ff40974261ee4bdb43871d;docker.io/istio/proxyv2@sha256:2152aea5fbe2de20f08f3e0412ad7a4cd54a492240ff40974261ee4bdb43871d;istio-system;istio-ingress-65cc558668;istio-ingress-65cc558668-rxzqd
ssrmsandbox;ssrm-eks-01-sandbox;sha256:ce9d876067018d5217836ffd28e5767e64937c573f5ac7d421be860857d0b266;docker.io/istio/pilot@sha256:ce9d876067018d5217836ffd28e5767e64937c573f5ac7d421be860857d0b266;istio-system;istiod-649844d58b;istiod-649844d58b-bh5dk
ssrmsandbox;ssrm-eks-01-sandbox;sha256:0e0c081fd0cf40e9028533d386177fc2492e4e839e1151237e847b2c9486715b;docker.io/jaegertracing/all-in-one@sha256:0e0c081fd0cf40e9028533d386177fc2492e4e839e1151237e847b2c9486715b;istio-system;jaeger-8559896dfc;jaeger-8559896dfc-v2t2j
ssrmsandbox;ssrm-eks-01-sandbox;sha256:fa494cb4ef3f3e4f593f3b12f77fced35fe1dff3c7c97e5f54f3f834d778e18d;quay.io/kiali/kiali@sha256:fa494cb4ef3f3e4f593f3b12f77fced35fe1dff3c7c97e5f54f3f834d778e18d;istio-system;kiali-65fcd75bd;kiali-65fcd75bd-qnvd9
ssrmsandbox;ssrm-eks-01-sandbox;sha256:680ae1958dbcb9da8ee4128a67c1163a6ee2744221f7d29f73d8bcc237fd0173;quay.io/strimzi/kafka@sha256:680ae1958dbcb9da8ee4128a67c1163a6ee2744221f7d29f73d8bcc237fd0173;kafka-dev;kafka-cluster-entity-operator-7d4b5dcddf;kafka-cluster-entity-operator-7d4b5dcddf-bbdvl
ssrmsandbox;ssrm-eks-01-sandbox;sha256:c5e0e5dca7503a8371b8d366db0f49e3fc68f62ea480262e39b6cc277991c97c;quay.io/strimzi/operator@sha256:c5e0e5dca7503a8371b8d366db0f49e3fc68f62ea480262e39b6cc277991c97c;kafka-dev;kafka-cluster-entity-operator-7d4b5dcddf;kafka-cluster-entity-operator-7d4b5dcddf-bbdvl
ssrmsandbox;ssrm-eks-01-sandbox;sha256:c5e0e5dca7503a8371b8d366db0f49e3fc68f62ea480262e39b6cc277991c97c;quay.io/strimzi/operator@sha256:c5e0e5dca7503a8371b8d366db0f49e3fc68f62ea480262e39b6cc277991c97c;kafka-dev;kafka-cluster-entity-operator-7d4b5dcddf;kafka-cluster-entity-operator-7d4b5dcddf-bbdvl
ssrmsandbox;ssrm-eks-01-sandbox;sha256:680ae1958dbcb9da8ee4128a67c1163a6ee2744221f7d29f73d8bcc237fd0173;quay.io/strimzi/kafka@sha256:680ae1958dbcb9da8ee4128a67c1163a6ee2744221f7d29f73d8bcc237fd0173;kafka-dev;N/A;kafka-cluster-kafka-0
ssrmsandbox;ssrm-eks-01-sandbox;sha256:680ae1958dbcb9da8ee4128a67c1163a6ee2744221f7d29f73d8bcc237fd0173;quay.io/strimzi/kafka@sha256:680ae1958dbcb9da8ee4128a67c1163a6ee2744221f7d29f73d8bcc237fd0173;kafka-dev;N/A;kafka-cluster-zookeeper-0
ssrmsandbox;ssrm-eks-01-sandbox;sha256:680ae1958dbcb9da8ee4128a67c1163a6ee2744221f7d29f73d8bcc237fd0173;quay.io/strimzi/kafka@sha256:680ae1958dbcb9da8ee4128a67c1163a6ee2744221f7d29f73d8bcc237fd0173;kafka-dev;N/A;kafka-cluster-zookeeper-1
ssrmsandbox;ssrm-eks-01-sandbox;sha256:680ae1958dbcb9da8ee4128a67c1163a6ee2744221f7d29f73d8bcc237fd0173;quay.io/strimzi/kafka@sha256:680ae1958dbcb9da8ee4128a67c1163a6ee2744221f7d29f73d8bcc237fd0173;kafka-dev;N/A;kafka-cluster-zookeeper-2
ssrmsandbox;ssrm-eks-01-sandbox;sha256:680ae1958dbcb9da8ee4128a67c1163a6ee2744221f7d29f73d8bcc237fd0173;quay.io/strimzi/kafka@sha256:680ae1958dbcb9da8ee4128a67c1163a6ee2744221f7d29f73d8bcc237fd0173;kafka-uat;kafka-cluster-entity-operator-9f495578;kafka-cluster-entity-operator-9f495578-l64r4
ssrmsandbox;ssrm-eks-01-sandbox;sha256:c5e0e5dca7503a8371b8d366db0f49e3fc68f62ea480262e39b6cc277991c97c;quay.io/strimzi/operator@sha256:c5e0e5dca7503a8371b8d366db0f49e3fc68f62ea480262e39b6cc277991c97c;kafka-uat;kafka-cluster-entity-operator-9f495578;kafka-cluster-entity-operator-9f495578-l64r4
ssrmsandbox;ssrm-eks-01-sandbox;sha256:c5e0e5dca7503a8371b8d366db0f49e3fc68f62ea480262e39b6cc277991c97c;quay.io/strimzi/operator@sha256:c5e0e5dca7503a8371b8d366db0f49e3fc68f62ea480262e39b6cc277991c97c;kafka-uat;kafka-cluster-entity-operator-9f495578;kafka-cluster-entity-operator-9f495578-l64r4
ssrmsandbox;ssrm-eks-01-sandbox;sha256:680ae1958dbcb9da8ee4128a67c1163a6ee2744221f7d29f73d8bcc237fd0173;quay.io/strimzi/kafka@sha256:680ae1958dbcb9da8ee4128a67c1163a6ee2744221f7d29f73d8bcc237fd0173;kafka-uat;N/A;kafka-cluster-kafka-0
ssrmsandbox;ssrm-eks-01-sandbox;sha256:680ae1958dbcb9da8ee4128a67c1163a6ee2744221f7d29f73d8bcc237fd0173;quay.io/strimzi/kafka@sha256:680ae1958dbcb9da8ee4128a67c1163a6ee2744221f7d29f73d8bcc237fd0173;kafka-uat;N/A;kafka-cluster-zookeeper-0
ssrmsandbox;ssrm-eks-01-sandbox;sha256:680ae1958dbcb9da8ee4128a67c1163a6ee2744221f7d29f73d8bcc237fd0173;quay.io/strimzi/kafka@sha256:680ae1958dbcb9da8ee4128a67c1163a6ee2744221f7d29f73d8bcc237fd0173;kafka-uat;N/A;kafka-cluster-zookeeper-1
ssrmsandbox;ssrm-eks-01-sandbox;sha256:680ae1958dbcb9da8ee4128a67c1163a6ee2744221f7d29f73d8bcc237fd0173;quay.io/strimzi/kafka@sha256:680ae1958dbcb9da8ee4128a67c1163a6ee2744221f7d29f73d8bcc237fd0173;kafka-uat;N/A;kafka-cluster-zookeeper-2
ssrmsandbox;ssrm-eks-01-sandbox;sha256:4e71a9aaf6e6c5ad0515c8ca04385920a69d8c4588738e5fbaff957d5cf283a5;602401143452.dkr.ecr.sa-east-1.amazonaws.com/amazon-k8s-cni@sha256:4e71a9aaf6e6c5ad0515c8ca04385920a69d8c4588738e5fbaff957d5cf283a5;kube-system;N/A;aws-node-92vct
ssrmsandbox;ssrm-eks-01-sandbox;sha256:4e71a9aaf6e6c5ad0515c8ca04385920a69d8c4588738e5fbaff957d5cf283a5;602401143452.dkr.ecr.sa-east-1.amazonaws.com/amazon-k8s-cni@sha256:4e71a9aaf6e6c5ad0515c8ca04385920a69d8c4588738e5fbaff957d5cf283a5;kube-system;N/A;aws-node-n64g5
ssrmsandbox;ssrm-eks-01-sandbox;sha256:4e71a9aaf6e6c5ad0515c8ca04385920a69d8c4588738e5fbaff957d5cf283a5;602401143452.dkr.ecr.sa-east-1.amazonaws.com/amazon-k8s-cni@sha256:4e71a9aaf6e6c5ad0515c8ca04385920a69d8c4588738e5fbaff957d5cf283a5;kube-system;N/A;aws-node-rsl95
ssrmsandbox;ssrm-eks-01-sandbox;sha256:4e71a9aaf6e6c5ad0515c8ca04385920a69d8c4588738e5fbaff957d5cf283a5;602401143452.dkr.ecr.sa-east-1.amazonaws.com/amazon-k8s-cni@sha256:4e71a9aaf6e6c5ad0515c8ca04385920a69d8c4588738e5fbaff957d5cf283a5;kube-system;N/A;aws-node-spmrs
ssrmsandbox;ssrm-eks-01-sandbox;sha256:4e71a9aaf6e6c5ad0515c8ca04385920a69d8c4588738e5fbaff957d5cf283a5;602401143452.dkr.ecr.sa-east-1.amazonaws.com/amazon-k8s-cni@sha256:4e71a9aaf6e6c5ad0515c8ca04385920a69d8c4588738e5fbaff957d5cf283a5;kube-system;N/A;aws-node-x4zzq
ssrmsandbox;ssrm-eks-01-sandbox;sha256:f46687231c2c1bfa139f2b18275b123222c8cf6a288bb9c8145932bd14ac3deb;k8s.gcr.io/autoscaling/cluster-autoscaler@sha256:f46687231c2c1bfa139f2b18275b123222c8cf6a288bb9c8145932bd14ac3deb;kube-system;cluster-autoscaler-aws-cluster-autoscaler-6c5c48ffbb;cluster-autoscaler-aws-cluster-autoscaler-6c5c48ffbb-ktbf9
ssrmsandbox;ssrm-eks-01-sandbox;sha256:283e342425558e69cc2e709337347e446d20604f544b2f98dd6f03dab7cd805a;602401143452.dkr.ecr.sa-east-1.amazonaws.com/eks/coredns@sha256:283e342425558e69cc2e709337347e446d20604f544b2f98dd6f03dab7cd805a;kube-system;coredns-87d7c8c9;coredns-87d7c8c9-2nlfx
ssrmsandbox;ssrm-eks-01-sandbox;sha256:283e342425558e69cc2e709337347e446d20604f544b2f98dd6f03dab7cd805a;602401143452.dkr.ecr.sa-east-1.amazonaws.com/eks/coredns@sha256:283e342425558e69cc2e709337347e446d20604f544b2f98dd6f03dab7cd805a;kube-system;coredns-87d7c8c9;coredns-87d7c8c9-kh4fm
ssrmsandbox;ssrm-eks-01-sandbox;sha256:69f580b92c80c38e1339b55ad38043efeb0b721ae4cd351d3ac6685b323b3157;602401143452.dkr.ecr.sa-east-1.amazonaws.com/eks/csi-attacher@sha256:69f580b92c80c38e1339b55ad38043efeb0b721ae4cd351d3ac6685b323b3157;kube-system;ebs-csi-controller-6b8dfdc68b;ebs-csi-controller-6b8dfdc68b-gnwmj
ssrmsandbox;ssrm-eks-01-sandbox;sha256:5ad11decb148950bdae987c7f938427a661d7ae60850e6c56f40314392eb7a5f;602401143452.dkr.ecr.sa-east-1.amazonaws.com/eks/csi-provisioner@sha256:5ad11decb148950bdae987c7f938427a661d7ae60850e6c56f40314392eb7a5f;kube-system;ebs-csi-controller-6b8dfdc68b;ebs-csi-controller-6b8dfdc68b-gnwmj
ssrmsandbox;ssrm-eks-01-sandbox;sha256:b2eefd692d1b4decf97f5bf785b50bc2b0338a2df66840d2679b6abf28a013cb;602401143452.dkr.ecr.sa-east-1.amazonaws.com/eks/csi-resizer@sha256:b2eefd692d1b4decf97f5bf785b50bc2b0338a2df66840d2679b6abf28a013cb;kube-system;ebs-csi-controller-6b8dfdc68b;ebs-csi-controller-6b8dfdc68b-gnwmj
ssrmsandbox;ssrm-eks-01-sandbox;sha256:b52d3e46d63c8991d10858a4c3e2417a2ab84d990ec41036119fc8235697dd8d;602401143452.dkr.ecr.sa-east-1.amazonaws.com/eks/csi-snapshotter@sha256:b52d3e46d63c8991d10858a4c3e2417a2ab84d990ec41036119fc8235697dd8d;kube-system;ebs-csi-controller-6b8dfdc68b;ebs-csi-controller-6b8dfdc68b-gnwmj
ssrmsandbox;ssrm-eks-01-sandbox;sha256:1564359e1e0e7cb577c77219541c423e782b726f603fde4fcfa0c1eafbc50320;602401143452.dkr.ecr.sa-east-1.amazonaws.com/eks/aws-ebs-csi-driver@sha256:1564359e1e0e7cb577c77219541c423e782b726f603fde4fcfa0c1eafbc50320;kube-system;ebs-csi-controller-6b8dfdc68b;ebs-csi-controller-6b8dfdc68b-gnwmj
ssrmsandbox;ssrm-eks-01-sandbox;sha256:5aa45f506d50b63acf32fae45c56e31de7567c5a8c2a55e810db138e7adf0789;602401143452.dkr.ecr.sa-east-1.amazonaws.com/eks/livenessprobe@sha256:5aa45f506d50b63acf32fae45c56e31de7567c5a8c2a55e810db138e7adf0789;kube-system;ebs-csi-controller-6b8dfdc68b;ebs-csi-controller-6b8dfdc68b-gnwmj
ssrmsandbox;ssrm-eks-01-sandbox;sha256:69f580b92c80c38e1339b55ad38043efeb0b721ae4cd351d3ac6685b323b3157;602401143452.dkr.ecr.sa-east-1.amazonaws.com/eks/csi-attacher@sha256:69f580b92c80c38e1339b55ad38043efeb0b721ae4cd351d3ac6685b323b3157;kube-system;ebs-csi-controller-6b8dfdc68b;ebs-csi-controller-6b8dfdc68b-vxlhv
ssrmsandbox;ssrm-eks-01-sandbox;sha256:5ad11decb148950bdae987c7f938427a661d7ae60850e6c56f40314392eb7a5f;602401143452.dkr.ecr.sa-east-1.amazonaws.com/eks/csi-provisioner@sha256:5ad11decb148950bdae987c7f938427a661d7ae60850e6c56f40314392eb7a5f;kube-system;ebs-csi-controller-6b8dfdc68b;ebs-csi-controller-6b8dfdc68b-vxlhv
ssrmsandbox;ssrm-eks-01-sandbox;sha256:b2eefd692d1b4decf97f5bf785b50bc2b0338a2df66840d2679b6abf28a013cb;602401143452.dkr.ecr.sa-east-1.amazonaws.com/eks/csi-resizer@sha256:b2eefd692d1b4decf97f5bf785b50bc2b0338a2df66840d2679b6abf28a013cb;kube-system;ebs-csi-controller-6b8dfdc68b;ebs-csi-controller-6b8dfdc68b-vxlhv
ssrmsandbox;ssrm-eks-01-sandbox;sha256:b52d3e46d63c8991d10858a4c3e2417a2ab84d990ec41036119fc8235697dd8d;602401143452.dkr.ecr.sa-east-1.amazonaws.com/eks/csi-snapshotter@sha256:b52d3e46d63c8991d10858a4c3e2417a2ab84d990ec41036119fc8235697dd8d;kube-system;ebs-csi-controller-6b8dfdc68b;ebs-csi-controller-6b8dfdc68b-vxlhv
ssrmsandbox;ssrm-eks-01-sandbox;sha256:1564359e1e0e7cb577c77219541c423e782b726f603fde4fcfa0c1eafbc50320;602401143452.dkr.ecr.sa-east-1.amazonaws.com/eks/aws-ebs-csi-driver@sha256:1564359e1e0e7cb577c77219541c423e782b726f603fde4fcfa0c1eafbc50320;kube-system;ebs-csi-controller-6b8dfdc68b;ebs-csi-controller-6b8dfdc68b-vxlhv
ssrmsandbox;ssrm-eks-01-sandbox;sha256:5aa45f506d50b63acf32fae45c56e31de7567c5a8c2a55e810db138e7adf0789;602401143452.dkr.ecr.sa-east-1.amazonaws.com/eks/livenessprobe@sha256:5aa45f506d50b63acf32fae45c56e31de7567c5a8c2a55e810db138e7adf0789;kube-system;ebs-csi-controller-6b8dfdc68b;ebs-csi-controller-6b8dfdc68b-vxlhv
ssrmsandbox;ssrm-eks-01-sandbox;sha256:1564359e1e0e7cb577c77219541c423e782b726f603fde4fcfa0c1eafbc50320;602401143452.dkr.ecr.sa-east-1.amazonaws.com/eks/aws-ebs-csi-driver@sha256:1564359e1e0e7cb577c77219541c423e782b726f603fde4fcfa0c1eafbc50320;kube-system;N/A;ebs-csi-node-88kqc
ssrmsandbox;ssrm-eks-01-sandbox;sha256:5aa45f506d50b63acf32fae45c56e31de7567c5a8c2a55e810db138e7adf0789;602401143452.dkr.ecr.sa-east-1.amazonaws.com/eks/livenessprobe@sha256:5aa45f506d50b63acf32fae45c56e31de7567c5a8c2a55e810db138e7adf0789;kube-system;N/A;ebs-csi-node-88kqc
ssrmsandbox;ssrm-eks-01-sandbox;sha256:d99f0bb1a918f0b8f144aa1e4785460924af946b1e0bb7a23996780358238951;602401143452.dkr.ecr.sa-east-1.amazonaws.com/eks/csi-node-driver-registrar@sha256:d99f0bb1a918f0b8f144aa1e4785460924af946b1e0bb7a23996780358238951;kube-system;N/A;ebs-csi-node-88kqc
ssrmsandbox;ssrm-eks-01-sandbox;sha256:1564359e1e0e7cb577c77219541c423e782b726f603fde4fcfa0c1eafbc50320;602401143452.dkr.ecr.sa-east-1.amazonaws.com/eks/aws-ebs-csi-driver@sha256:1564359e1e0e7cb577c77219541c423e782b726f603fde4fcfa0c1eafbc50320;kube-system;N/A;ebs-csi-node-dtkwg
ssrmsandbox;ssrm-eks-01-sandbox;sha256:5aa45f506d50b63acf32fae45c56e31de7567c5a8c2a55e810db138e7adf0789;602401143452.dkr.ecr.sa-east-1.amazonaws.com/eks/livenessprobe@sha256:5aa45f506d50b63acf32fae45c56e31de7567c5a8c2a55e810db138e7adf0789;kube-system;N/A;ebs-csi-node-dtkwg
ssrmsandbox;ssrm-eks-01-sandbox;sha256:d99f0bb1a918f0b8f144aa1e4785460924af946b1e0bb7a23996780358238951;602401143452.dkr.ecr.sa-east-1.amazonaws.com/eks/csi-node-driver-registrar@sha256:d99f0bb1a918f0b8f144aa1e4785460924af946b1e0bb7a23996780358238951;kube-system;N/A;ebs-csi-node-dtkwg
ssrmsandbox;ssrm-eks-01-sandbox;sha256:1564359e1e0e7cb577c77219541c423e782b726f603fde4fcfa0c1eafbc50320;602401143452.dkr.ecr.sa-east-1.amazonaws.com/eks/aws-ebs-csi-driver@sha256:1564359e1e0e7cb577c77219541c423e782b726f603fde4fcfa0c1eafbc50320;kube-system;N/A;ebs-csi-node-dz4fg
ssrmsandbox;ssrm-eks-01-sandbox;sha256:5aa45f506d50b63acf32fae45c56e31de7567c5a8c2a55e810db138e7adf0789;602401143452.dkr.ecr.sa-east-1.amazonaws.com/eks/livenessprobe@sha256:5aa45f506d50b63acf32fae45c56e31de7567c5a8c2a55e810db138e7adf0789;kube-system;N/A;ebs-csi-node-dz4fg
ssrmsandbox;ssrm-eks-01-sandbox;sha256:d99f0bb1a918f0b8f144aa1e4785460924af946b1e0bb7a23996780358238951;602401143452.dkr.ecr.sa-east-1.amazonaws.com/eks/csi-node-driver-registrar@sha256:d99f0bb1a918f0b8f144aa1e4785460924af946b1e0bb7a23996780358238951;kube-system;N/A;ebs-csi-node-dz4fg
ssrmsandbox;ssrm-eks-01-sandbox;sha256:1564359e1e0e7cb577c77219541c423e782b726f603fde4fcfa0c1eafbc50320;602401143452.dkr.ecr.sa-east-1.amazonaws.com/eks/aws-ebs-csi-driver@sha256:1564359e1e0e7cb577c77219541c423e782b726f603fde4fcfa0c1eafbc50320;kube-system;N/A;ebs-csi-node-ntqbq
ssrmsandbox;ssrm-eks-01-sandbox;sha256:5aa45f506d50b63acf32fae45c56e31de7567c5a8c2a55e810db138e7adf0789;602401143452.dkr.ecr.sa-east-1.amazonaws.com/eks/livenessprobe@sha256:5aa45f506d50b63acf32fae45c56e31de7567c5a8c2a55e810db138e7adf0789;kube-system;N/A;ebs-csi-node-ntqbq
ssrmsandbox;ssrm-eks-01-sandbox;sha256:d99f0bb1a918f0b8f144aa1e4785460924af946b1e0bb7a23996780358238951;602401143452.dkr.ecr.sa-east-1.amazonaws.com/eks/csi-node-driver-registrar@sha256:d99f0bb1a918f0b8f144aa1e4785460924af946b1e0bb7a23996780358238951;kube-system;N/A;ebs-csi-node-ntqbq
ssrmsandbox;ssrm-eks-01-sandbox;sha256:1564359e1e0e7cb577c77219541c423e782b726f603fde4fcfa0c1eafbc50320;602401143452.dkr.ecr.sa-east-1.amazonaws.com/eks/aws-ebs-csi-driver@sha256:1564359e1e0e7cb577c77219541c423e782b726f603fde4fcfa0c1eafbc50320;kube-system;N/A;ebs-csi-node-vww65
ssrmsandbox;ssrm-eks-01-sandbox;sha256:5aa45f506d50b63acf32fae45c56e31de7567c5a8c2a55e810db138e7adf0789;602401143452.dkr.ecr.sa-east-1.amazonaws.com/eks/livenessprobe@sha256:5aa45f506d50b63acf32fae45c56e31de7567c5a8c2a55e810db138e7adf0789;kube-system;N/A;ebs-csi-node-vww65
ssrmsandbox;ssrm-eks-01-sandbox;sha256:d99f0bb1a918f0b8f144aa1e4785460924af946b1e0bb7a23996780358238951;602401143452.dkr.ecr.sa-east-1.amazonaws.com/eks/csi-node-driver-registrar@sha256:d99f0bb1a918f0b8f144aa1e4785460924af946b1e0bb7a23996780358238951;kube-system;N/A;ebs-csi-node-vww65
ssrmsandbox;ssrm-eks-01-sandbox;sha256:e677f72d499e09557e20ba9b5ade9fbbc70b73f658b95226963215eaa9fdb1ad;564593125549.dkr.ecr.sa-east-1.amazonaws.com/aws-public/eks-distro/kubernetes-csi/external-provisioner@sha256:e677f72d499e09557e20ba9b5ade9fbbc70b73f658b95226963215eaa9fdb1ad;kube-system;efs-csi-controller-6f75577dbb;efs-csi-controller-6f75577dbb-6d8pb
ssrmsandbox;ssrm-eks-01-sandbox;sha256:4db1a50a1583c662643b4a24a7940c7e347ef22f3c6f83f825587c3b904abe87;602401143452.dkr.ecr.sa-east-1.amazonaws.com/eks/aws-efs-csi-driver@sha256:4db1a50a1583c662643b4a24a7940c7e347ef22f3c6f83f825587c3b904abe87;kube-system;efs-csi-controller-6f75577dbb;efs-csi-controller-6f75577dbb-6d8pb
ssrmsandbox;ssrm-eks-01-sandbox;sha256:d790820d19a6253ee31418be4d1a9ae023d4a6b64c5591f8f031b4194828cc5b;564593125549.dkr.ecr.sa-east-1.amazonaws.com/aws-public/eks-distro/kubernetes-csi/livenessprobe@sha256:d790820d19a6253ee31418be4d1a9ae023d4a6b64c5591f8f031b4194828cc5b;kube-system;efs-csi-controller-6f75577dbb;efs-csi-controller-6f75577dbb-6d8pb
ssrmsandbox;ssrm-eks-01-sandbox;sha256:e677f72d499e09557e20ba9b5ade9fbbc70b73f658b95226963215eaa9fdb1ad;564593125549.dkr.ecr.sa-east-1.amazonaws.com/aws-public/eks-distro/kubernetes-csi/external-provisioner@sha256:e677f72d499e09557e20ba9b5ade9fbbc70b73f658b95226963215eaa9fdb1ad;kube-system;efs-csi-controller-6f75577dbb;efs-csi-controller-6f75577dbb-mmmm7
ssrmsandbox;ssrm-eks-01-sandbox;sha256:4db1a50a1583c662643b4a24a7940c7e347ef22f3c6f83f825587c3b904abe87;602401143452.dkr.ecr.sa-east-1.amazonaws.com/eks/aws-efs-csi-driver@sha256:4db1a50a1583c662643b4a24a7940c7e347ef22f3c6f83f825587c3b904abe87;kube-system;efs-csi-controller-6f75577dbb;efs-csi-controller-6f75577dbb-mmmm7
ssrmsandbox;ssrm-eks-01-sandbox;sha256:d790820d19a6253ee31418be4d1a9ae023d4a6b64c5591f8f031b4194828cc5b;564593125549.dkr.ecr.sa-east-1.amazonaws.com/aws-public/eks-distro/kubernetes-csi/livenessprobe@sha256:d790820d19a6253ee31418be4d1a9ae023d4a6b64c5591f8f031b4194828cc5b;kube-system;efs-csi-controller-6f75577dbb;efs-csi-controller-6f75577dbb-mmmm7
ssrmsandbox;ssrm-eks-01-sandbox;sha256:9cd9ef74078997d4d05f5061b6a4948b54b591bb5152675f45a183c3a1cbbfd8;564593125549.dkr.ecr.sa-east-1.amazonaws.com/aws-public/eks-distro/kubernetes-csi/node-driver-registrar@sha256:9cd9ef74078997d4d05f5061b6a4948b54b591bb5152675f45a183c3a1cbbfd8;kube-system;N/A;efs-csi-node-4qd9f
ssrmsandbox;ssrm-eks-01-sandbox;sha256:4db1a50a1583c662643b4a24a7940c7e347ef22f3c6f83f825587c3b904abe87;602401143452.dkr.ecr.sa-east-1.amazonaws.com/eks/aws-efs-csi-driver@sha256:4db1a50a1583c662643b4a24a7940c7e347ef22f3c6f83f825587c3b904abe87;kube-system;N/A;efs-csi-node-4qd9f
ssrmsandbox;ssrm-eks-01-sandbox;sha256:d790820d19a6253ee31418be4d1a9ae023d4a6b64c5591f8f031b4194828cc5b;564593125549.dkr.ecr.sa-east-1.amazonaws.com/aws-public/eks-distro/kubernetes-csi/livenessprobe@sha256:d790820d19a6253ee31418be4d1a9ae023d4a6b64c5591f8f031b4194828cc5b;kube-system;N/A;efs-csi-node-4qd9f
ssrmsandbox;ssrm-eks-01-sandbox;sha256:9cd9ef74078997d4d05f5061b6a4948b54b591bb5152675f45a183c3a1cbbfd8;564593125549.dkr.ecr.sa-east-1.amazonaws.com/aws-public/eks-distro/kubernetes-csi/node-driver-registrar@sha256:9cd9ef74078997d4d05f5061b6a4948b54b591bb5152675f45a183c3a1cbbfd8;kube-system;N/A;efs-csi-node-6wccb
ssrmsandbox;ssrm-eks-01-sandbox;sha256:4db1a50a1583c662643b4a24a7940c7e347ef22f3c6f83f825587c3b904abe87;602401143452.dkr.ecr.sa-east-1.amazonaws.com/eks/aws-efs-csi-driver@sha256:4db1a50a1583c662643b4a24a7940c7e347ef22f3c6f83f825587c3b904abe87;kube-system;N/A;efs-csi-node-6wccb
ssrmsandbox;ssrm-eks-01-sandbox;sha256:d790820d19a6253ee31418be4d1a9ae023d4a6b64c5591f8f031b4194828cc5b;564593125549.dkr.ecr.sa-east-1.amazonaws.com/aws-public/eks-distro/kubernetes-csi/livenessprobe@sha256:d790820d19a6253ee31418be4d1a9ae023d4a6b64c5591f8f031b4194828cc5b;kube-system;N/A;efs-csi-node-6wccb
ssrmsandbox;ssrm-eks-01-sandbox;sha256:9cd9ef74078997d4d05f5061b6a4948b54b591bb5152675f45a183c3a1cbbfd8;564593125549.dkr.ecr.sa-east-1.amazonaws.com/aws-public/eks-distro/kubernetes-csi/node-driver-registrar@sha256:9cd9ef74078997d4d05f5061b6a4948b54b591bb5152675f45a183c3a1cbbfd8;kube-system;N/A;efs-csi-node-cgszj
ssrmsandbox;ssrm-eks-01-sandbox;sha256:4db1a50a1583c662643b4a24a7940c7e347ef22f3c6f83f825587c3b904abe87;602401143452.dkr.ecr.sa-east-1.amazonaws.com/eks/aws-efs-csi-driver@sha256:4db1a50a1583c662643b4a24a7940c7e347ef22f3c6f83f825587c3b904abe87;kube-system;N/A;efs-csi-node-cgszj
ssrmsandbox;ssrm-eks-01-sandbox;sha256:d790820d19a6253ee31418be4d1a9ae023d4a6b64c5591f8f031b4194828cc5b;564593125549.dkr.ecr.sa-east-1.amazonaws.com/aws-public/eks-distro/kubernetes-csi/livenessprobe@sha256:d790820d19a6253ee31418be4d1a9ae023d4a6b64c5591f8f031b4194828cc5b;kube-system;N/A;efs-csi-node-cgszj
ssrmsandbox;ssrm-eks-01-sandbox;sha256:9cd9ef74078997d4d05f5061b6a4948b54b591bb5152675f45a183c3a1cbbfd8;564593125549.dkr.ecr.sa-east-1.amazonaws.com/aws-public/eks-distro/kubernetes-csi/node-driver-registrar@sha256:9cd9ef74078997d4d05f5061b6a4948b54b591bb5152675f45a183c3a1cbbfd8;kube-system;N/A;efs-csi-node-sr75j
ssrmsandbox;ssrm-eks-01-sandbox;sha256:4db1a50a1583c662643b4a24a7940c7e347ef22f3c6f83f825587c3b904abe87;602401143452.dkr.ecr.sa-east-1.amazonaws.com/eks/aws-efs-csi-driver@sha256:4db1a50a1583c662643b4a24a7940c7e347ef22f3c6f83f825587c3b904abe87;kube-system;N/A;efs-csi-node-sr75j
ssrmsandbox;ssrm-eks-01-sandbox;sha256:d790820d19a6253ee31418be4d1a9ae023d4a6b64c5591f8f031b4194828cc5b;564593125549.dkr.ecr.sa-east-1.amazonaws.com/aws-public/eks-distro/kubernetes-csi/livenessprobe@sha256:d790820d19a6253ee31418be4d1a9ae023d4a6b64c5591f8f031b4194828cc5b;kube-system;N/A;efs-csi-node-sr75j
ssrmsandbox;ssrm-eks-01-sandbox;sha256:9cd9ef74078997d4d05f5061b6a4948b54b591bb5152675f45a183c3a1cbbfd8;564593125549.dkr.ecr.sa-east-1.amazonaws.com/aws-public/eks-distro/kubernetes-csi/node-driver-registrar@sha256:9cd9ef74078997d4d05f5061b6a4948b54b591bb5152675f45a183c3a1cbbfd8;kube-system;N/A;efs-csi-node-zpn79
ssrmsandbox;ssrm-eks-01-sandbox;sha256:4db1a50a1583c662643b4a24a7940c7e347ef22f3c6f83f825587c3b904abe87;602401143452.dkr.ecr.sa-east-1.amazonaws.com/eks/aws-efs-csi-driver@sha256:4db1a50a1583c662643b4a24a7940c7e347ef22f3c6f83f825587c3b904abe87;kube-system;N/A;efs-csi-node-zpn79
ssrmsandbox;ssrm-eks-01-sandbox;sha256:d790820d19a6253ee31418be4d1a9ae023d4a6b64c5591f8f031b4194828cc5b;564593125549.dkr.ecr.sa-east-1.amazonaws.com/aws-public/eks-distro/kubernetes-csi/livenessprobe@sha256:d790820d19a6253ee31418be4d1a9ae023d4a6b64c5591f8f031b4194828cc5b;kube-system;N/A;efs-csi-node-zpn79
ssrmsandbox;ssrm-eks-01-sandbox;sha256:1529982e95d0c9a1f0543360939108cf8276507fb6639e367a0198d3b25570b0;k8s.gcr.io/external-dns/external-dns@sha256:1529982e95d0c9a1f0543360939108cf8276507fb6639e367a0198d3b25570b0;kube-system;external-dns-94756556;external-dns-94756556-l9qx9
ssrmsandbox;ssrm-eks-01-sandbox;sha256:8ac03ffed11ba8e3b77ffca82f6ee1ef9598181da04cc50545ca1c739ddf5bbb;602401143452.dkr.ecr.sa-east-1.amazonaws.com/eks/kube-proxy@sha256:8ac03ffed11ba8e3b77ffca82f6ee1ef9598181da04cc50545ca1c739ddf5bbb;kube-system;N/A;kube-proxy-226cq
ssrmsandbox;ssrm-eks-01-sandbox;sha256:8ac03ffed11ba8e3b77ffca82f6ee1ef9598181da04cc50545ca1c739ddf5bbb;602401143452.dkr.ecr.sa-east-1.amazonaws.com/eks/kube-proxy@sha256:8ac03ffed11ba8e3b77ffca82f6ee1ef9598181da04cc50545ca1c739ddf5bbb;kube-system;N/A;kube-proxy-8mc8c
ssrmsandbox;ssrm-eks-01-sandbox;sha256:8ac03ffed11ba8e3b77ffca82f6ee1ef9598181da04cc50545ca1c739ddf5bbb;602401143452.dkr.ecr.sa-east-1.amazonaws.com/eks/kube-proxy@sha256:8ac03ffed11ba8e3b77ffca82f6ee1ef9598181da04cc50545ca1c739ddf5bbb;kube-system;N/A;kube-proxy-w7c29
ssrmsandbox;ssrm-eks-01-sandbox;sha256:8ac03ffed11ba8e3b77ffca82f6ee1ef9598181da04cc50545ca1c739ddf5bbb;602401143452.dkr.ecr.sa-east-1.amazonaws.com/eks/kube-proxy@sha256:8ac03ffed11ba8e3b77ffca82f6ee1ef9598181da04cc50545ca1c739ddf5bbb;kube-system;N/A;kube-proxy-wcf79
ssrmsandbox;ssrm-eks-01-sandbox;sha256:8ac03ffed11ba8e3b77ffca82f6ee1ef9598181da04cc50545ca1c739ddf5bbb;602401143452.dkr.ecr.sa-east-1.amazonaws.com/eks/kube-proxy@sha256:8ac03ffed11ba8e3b77ffca82f6ee1ef9598181da04cc50545ca1c739ddf5bbb;kube-system;N/A;kube-proxy-xf278
ssrmsandbox;ssrm-eks-01-sandbox;sha256:76049887f07a0476dc93efc2d3569b9529bf982b22d29f356092ce206e98765c;docker.io/kubernetesui/metrics-scraper@sha256:76049887f07a0476dc93efc2d3569b9529bf982b22d29f356092ce206e98765c;kube-system;kubernetes-dashboard-7cd8c87c5f;kubernetes-dashboard-7cd8c87c5f-gnlbf
ssrmsandbox;ssrm-eks-01-sandbox;sha256:290bebc3cd96c22b6f89e7b21f5c2b16ce5c275a0ec2c2de10e0d8b9dd110289;docker.io/kubernetesui/dashboard@sha256:290bebc3cd96c22b6f89e7b21f5c2b16ce5c275a0ec2c2de10e0d8b9dd110289;kube-system;kubernetes-dashboard-7cd8c87c5f;kubernetes-dashboard-7cd8c87c5f-gnlbf
ssrmsandbox;ssrm-eks-01-sandbox;sha256:f977ad859fb500c1302d9c3428c6271db031bb7431e7076213b676b345a88dc2;k8s.gcr.io/metrics-server/metrics-server@sha256:f977ad859fb500c1302d9c3428c6271db031bb7431e7076213b676b345a88dc2;kube-system;metrics-server-8694655b79;metrics-server-8694655b79-9cq9x
ssrmsandbox;ssrm-eks-01-sandbox;sha256:8c21390be87dbbee337c5b867254906b900bb52adb405b3a67134e17b7705973;quay.io/oauth2-proxy/oauth2-proxy@sha256:8c21390be87dbbee337c5b867254906b900bb52adb405b3a67134e17b7705973;kube-system;oauth2-proxy-764d678d5b;oauth2-proxy-764d678d5b-bdssl
ssrmsandbox;ssrm-eks-01-sandbox;sha256:10e3e43b37bef778c5f1606f9078ac5935c52654598d6ffe7dfadbb25a888c1a;564593125549.dkr.ecr.sa-east-1.amazonaws.com/logstash@sha256:10e3e43b37bef778c5f1606f9078ac5935c52654598d6ffe7dfadbb25a888c1a;logstash-nike-smartproxy-infobusca-uat;N/A;logstash-logstash-0
ssrmsandbox;ssrm-eks-01-sandbox;sha256:10e3e43b37bef778c5f1606f9078ac5935c52654598d6ffe7dfadbb25a888c1a;564593125549.dkr.ecr.sa-east-1.amazonaws.com/logstash@sha256:10e3e43b37bef778c5f1606f9078ac5935c52654598d6ffe7dfadbb25a888c1a;logstash-nike-smartproxy-infobusca;N/A;logstash-logstash-0
ssrmsandbox;ssrm-eks-01-sandbox;sha256:10e3e43b37bef778c5f1606f9078ac5935c52654598d6ffe7dfadbb25a888c1a;564593125549.dkr.ecr.sa-east-1.amazonaws.com/logstash@sha256:10e3e43b37bef778c5f1606f9078ac5935c52654598d6ffe7dfadbb25a888c1a;logstash-nike-smartproxy-infomais-uat;N/A;logstash-logstash-0
ssrmsandbox;ssrm-eks-01-sandbox;sha256:10e3e43b37bef778c5f1606f9078ac5935c52654598d6ffe7dfadbb25a888c1a;564593125549.dkr.ecr.sa-east-1.amazonaws.com/logstash@sha256:10e3e43b37bef778c5f1606f9078ac5935c52654598d6ffe7dfadbb25a888c1a;logstash-nike-smartproxy-infomais;N/A;logstash-logstash-0
ssrmsandbox;ssrm-eks-01-sandbox;sha256:10e3e43b37bef778c5f1606f9078ac5935c52654598d6ffe7dfadbb25a888c1a;564593125549.dkr.ecr.sa-east-1.amazonaws.com/logstash@sha256:10e3e43b37bef778c5f1606f9078ac5935c52654598d6ffe7dfadbb25a888c1a;logstash-nike-smartproxy-uat;N/A;logstash-logstash-0
ssrmsandbox;ssrm-eks-01-sandbox;sha256:10e3e43b37bef778c5f1606f9078ac5935c52654598d6ffe7dfadbb25a888c1a;564593125549.dkr.ecr.sa-east-1.amazonaws.com/logstash@sha256:10e3e43b37bef778c5f1606f9078ac5935c52654598d6ffe7dfadbb25a888c1a;logstash-nike-smartproxy;N/A;logstash-logstash-0
ssrmsandbox;ssrm-eks-01-sandbox;sha256:088464f949de8065b9da7dfce7302a633d700e9d598e2bebc03310712f083b31;quay.io/prometheus/alertmanager@sha256:088464f949de8065b9da7dfce7302a633d700e9d598e2bebc03310712f083b31;monitoring-system;N/A;alertmanager-kube-prometheus-stack-alertmanager-0
ssrmsandbox;ssrm-eks-01-sandbox;sha256:d0aee3f816725cb130121f3ea67979160bdc79fe616efa077c9b15cab4689504;quay.io/prometheus-operator/prometheus-config-reloader@sha256:d0aee3f816725cb130121f3ea67979160bdc79fe616efa077c9b15cab4689504;monitoring-system;N/A;alertmanager-kube-prometheus-stack-alertmanager-0
ssrmsandbox;ssrm-eks-01-sandbox;sha256:ecc1b80b8ca27743e48033c6d4c9d9f658b0837f9bea7dc5afeec0f857357267;docker.io/grafana/grafana@sha256:ecc1b80b8ca27743e48033c6d4c9d9f658b0837f9bea7dc5afeec0f857357267;monitoring-system;kube-prometheus-stack-grafana-74d44b84;kube-prometheus-stack-grafana-74d44b84-6xcs5
ssrmsandbox;ssrm-eks-01-sandbox;sha256:1f025ae37b7b20d63bffd179e5e6f972039dd53d9646388c0a8c456229c7bbcb;quay.io/kiwigrid/k8s-sidecar@sha256:1f025ae37b7b20d63bffd179e5e6f972039dd53d9646388c0a8c456229c7bbcb;monitoring-system;kube-prometheus-stack-grafana-74d44b84;kube-prometheus-stack-grafana-74d44b84-6xcs5
ssrmsandbox;ssrm-eks-01-sandbox;sha256:1f025ae37b7b20d63bffd179e5e6f972039dd53d9646388c0a8c456229c7bbcb;quay.io/kiwigrid/k8s-sidecar@sha256:1f025ae37b7b20d63bffd179e5e6f972039dd53d9646388c0a8c456229c7bbcb;monitoring-system;kube-prometheus-stack-grafana-74d44b84;kube-prometheus-stack-grafana-74d44b84-6xcs5
ssrmsandbox;ssrm-eks-01-sandbox;sha256:69a18fa1e0d0c9f972a64e69ca13b65451b8c5e79ae8dccf3a77968be4a301df;k8s.gcr.io/kube-state-metrics/kube-state-metrics@sha256:69a18fa1e0d0c9f972a64e69ca13b65451b8c5e79ae8dccf3a77968be4a301df;monitoring-system;kube-prometheus-stack-kube-state-metrics-5bd844ff8c;kube-prometheus-stack-kube-state-metrics-5bd844ff8c-np5vg
ssrmsandbox;ssrm-eks-01-sandbox;sha256:4817ed76bbac6726228bc0cb1bb7f78a1084ab8367e3a7daa9d6119eb470cfa5;quay.io/prometheus-operator/prometheus-operator@sha256:4817ed76bbac6726228bc0cb1bb7f78a1084ab8367e3a7daa9d6119eb470cfa5;monitoring-system;kube-prometheus-stack-operator-7447c85fbc;kube-prometheus-stack-operator-7447c85fbc-lmz6d
ssrmsandbox;ssrm-eks-01-sandbox;sha256:f2269e73124dd0f60a7d19a2ce1264d33d08a985aed0ee6b0b89d0be470592cd;quay.io/prometheus/node-exporter@sha256:f2269e73124dd0f60a7d19a2ce1264d33d08a985aed0ee6b0b89d0be470592cd;monitoring-system;N/A;kube-prometheus-stack-prometheus-node-exporter-24p9k
ssrmsandbox;ssrm-eks-01-sandbox;sha256:f2269e73124dd0f60a7d19a2ce1264d33d08a985aed0ee6b0b89d0be470592cd;quay.io/prometheus/node-exporter@sha256:f2269e73124dd0f60a7d19a2ce1264d33d08a985aed0ee6b0b89d0be470592cd;monitoring-system;N/A;kube-prometheus-stack-prometheus-node-exporter-5lqvr
ssrmsandbox;ssrm-eks-01-sandbox;sha256:f2269e73124dd0f60a7d19a2ce1264d33d08a985aed0ee6b0b89d0be470592cd;quay.io/prometheus/node-exporter@sha256:f2269e73124dd0f60a7d19a2ce1264d33d08a985aed0ee6b0b89d0be470592cd;monitoring-system;N/A;kube-prometheus-stack-prometheus-node-exporter-ldgcg
ssrmsandbox;ssrm-eks-01-sandbox;sha256:f2269e73124dd0f60a7d19a2ce1264d33d08a985aed0ee6b0b89d0be470592cd;quay.io/prometheus/node-exporter@sha256:f2269e73124dd0f60a7d19a2ce1264d33d08a985aed0ee6b0b89d0be470592cd;monitoring-system;N/A;kube-prometheus-stack-prometheus-node-exporter-nsrdr
ssrmsandbox;ssrm-eks-01-sandbox;sha256:f2269e73124dd0f60a7d19a2ce1264d33d08a985aed0ee6b0b89d0be470592cd;quay.io/prometheus/node-exporter@sha256:f2269e73124dd0f60a7d19a2ce1264d33d08a985aed0ee6b0b89d0be470592cd;monitoring-system;N/A;kube-prometheus-stack-prometheus-node-exporter-z7fqm
ssrmsandbox;ssrm-eks-01-sandbox;sha256:eb350a428127cf111a39fae466ebbbc2aade66a64ddf61b47df4ceaacf207d19;gcr.io/kubecost1/frontend@sha256:eb350a428127cf111a39fae466ebbbc2aade66a64ddf61b47df4ceaacf207d19;monitoring-system;kubecost-cost-analyzer-58d9f66469;kubecost-cost-analyzer-58d9f66469-dp4lr
ssrmsandbox;ssrm-eks-01-sandbox;sha256:7737e3448e35d1fd6fb715b986d2d665bf28b5fb2e9e8db87bd0985347d46e16;gcr.io/kubecost1/cost-model@sha256:7737e3448e35d1fd6fb715b986d2d665bf28b5fb2e9e8db87bd0985347d46e16;monitoring-system;kubecost-cost-analyzer-58d9f66469;kubecost-cost-analyzer-58d9f66469-dp4lr
ssrmsandbox;ssrm-eks-01-sandbox;sha256:1ee60f980950b00e505bd564b40f720132a0653b110e993043bb5940673d060a;docker.io/grafana/loki@sha256:1ee60f980950b00e505bd564b40f720132a0653b110e993043bb5940673d060a;monitoring-system;N/A;loki-stack-0
ssrmsandbox;ssrm-eks-01-sandbox;sha256:072527b12cdfa1393d04a08aeba6b0eb42fd6921426ea14eaf8c828953771749;docker.io/grafana/promtail@sha256:072527b12cdfa1393d04a08aeba6b0eb42fd6921426ea14eaf8c828953771749;monitoring-system;N/A;loki-stack-promtail-4vtl5
ssrmsandbox;ssrm-eks-01-sandbox;sha256:072527b12cdfa1393d04a08aeba6b0eb42fd6921426ea14eaf8c828953771749;docker.io/grafana/promtail@sha256:072527b12cdfa1393d04a08aeba6b0eb42fd6921426ea14eaf8c828953771749;monitoring-system;N/A;loki-stack-promtail-bhhrp
ssrmsandbox;ssrm-eks-01-sandbox;sha256:072527b12cdfa1393d04a08aeba6b0eb42fd6921426ea14eaf8c828953771749;docker.io/grafana/promtail@sha256:072527b12cdfa1393d04a08aeba6b0eb42fd6921426ea14eaf8c828953771749;monitoring-system;N/A;loki-stack-promtail-cbxtf
ssrmsandbox;ssrm-eks-01-sandbox;sha256:072527b12cdfa1393d04a08aeba6b0eb42fd6921426ea14eaf8c828953771749;docker.io/grafana/promtail@sha256:072527b12cdfa1393d04a08aeba6b0eb42fd6921426ea14eaf8c828953771749;monitoring-system;N/A;loki-stack-promtail-l58z7
ssrmsandbox;ssrm-eks-01-sandbox;sha256:072527b12cdfa1393d04a08aeba6b0eb42fd6921426ea14eaf8c828953771749;docker.io/grafana/promtail@sha256:072527b12cdfa1393d04a08aeba6b0eb42fd6921426ea14eaf8c828953771749;monitoring-system;N/A;loki-stack-promtail-ppbfs
ssrmsandbox;ssrm-eks-01-sandbox;sha256:d0aee3f816725cb130121f3ea67979160bdc79fe616efa077c9b15cab4689504;quay.io/prometheus-operator/prometheus-config-reloader@sha256:d0aee3f816725cb130121f3ea67979160bdc79fe616efa077c9b15cab4689504;monitoring-system;N/A;prometheus-kube-prometheus-stack-prometheus-0
ssrmsandbox;ssrm-eks-01-sandbox;sha256:2acfab1966f0dbecc6afbead13eca7f47062cfe8726bb9db25e39e0c0b88e9c3;quay.io/prometheus/prometheus@sha256:2acfab1966f0dbecc6afbead13eca7f47062cfe8726bb9db25e39e0c0b88e9c3;monitoring-system;N/A;prometheus-kube-prometheus-stack-prometheus-0
ssrmsandbox;ssrm-eks-01-sandbox;sha256:477d4c3d896a0deefdcccf0e08e8fb0d4258e5340d34f3c3513f75073de5835c;docker.io/provectuslabs/kafka-ui@sha256:477d4c3d896a0deefdcccf0e08e8fb0d4258e5340d34f3c3513f75073de5835c;msk-smartproxy;kafka-ui-logs-554bf7d9b5;kafka-ui-logs-554bf7d9b5-zqrd9
ssrmsandbox;ssrm-eks-01-sandbox;sha256:477d4c3d896a0deefdcccf0e08e8fb0d4258e5340d34f3c3513f75073de5835c;docker.io/provectuslabs/kafka-ui@sha256:477d4c3d896a0deefdcccf0e08e8fb0d4258e5340d34f3c3513f75073de5835c;observability;kafka-ui-logs-744758849f;kafka-ui-logs-744758849f-qg4z9
ssrmsandbox;ssrm-eks-01-sandbox;sha256:a0351c8e7e72c761c347bdcb8808c95912fe83c460a3cecd3e953348a655abde;docker.io/clickhouse/clickhouse-server@sha256:a0351c8e7e72c761c347bdcb8808c95912fe83c460a3cecd3e953348a655abde;posthog-prd;N/A;chi-posthog-posthog-0-0-0
ssrmsandbox;ssrm-eks-01-sandbox;sha256:7a85f522c5bc68ba155878966be356654e367568672e21c2dba2c930490db195;docker.io/altinity/clickhouse-operator@sha256:7a85f522c5bc68ba155878966be356654e367568672e21c2dba2c930490db195;posthog-prd;clickhouse-operator-5f85977dd9;clickhouse-operator-5f85977dd9-n557g
ssrmsandbox;ssrm-eks-01-sandbox;sha256:74a3bdfb877c98f292ceab32bab2873462ce91170815d83655fa25ccaeca6bf4;docker.io/altinity/metrics-exporter@sha256:74a3bdfb877c98f292ceab32bab2873462ce91170815d83655fa25ccaeca6bf4;posthog-prd;clickhouse-operator-5f85977dd9;clickhouse-operator-5f85977dd9-n557g
ssrmsandbox;ssrm-eks-01-sandbox;sha256:fef465f62524ed89c27451752385ab69e5c35ea4bc48b62bf61f733916ea674c;quay.io/jetstack/cert-manager-controller@sha256:fef465f62524ed89c27451752385ab69e5c35ea4bc48b62bf61f733916ea674c;posthog-prd;posthog-cert-manager-7475999fdd;posthog-cert-manager-7475999fdd-8jkr7
ssrmsandbox;ssrm-eks-01-sandbox;sha256:916ef12af73c8a4cbdfb6127d6f513f476f3aeed2447ec7f1a58a95113bda713;quay.io/jetstack/cert-manager-cainjector@sha256:916ef12af73c8a4cbdfb6127d6f513f476f3aeed2447ec7f1a58a95113bda713;posthog-prd;posthog-cert-manager-cainjector-5c88c46999;posthog-cert-manager-cainjector-5c88c46999-vpbf6
ssrmsandbox;ssrm-eks-01-sandbox;sha256:45934ab42749e8c90da0726734155374f4ea55d7796246264e7adea87569918a;quay.io/jetstack/cert-manager-webhook@sha256:45934ab42749e8c90da0726734155374f4ea55d7796246264e7adea87569918a;posthog-prd;posthog-cert-manager-webhook-d9c47f758;posthog-cert-manager-webhook-d9c47f758-j6zrh
ssrmsandbox;ssrm-eks-01-sandbox;sha256:74441a9fa04a5af78bf76a5af909f88592033c03ce6f1e14f343cd53d0266827;docker.io/posthog/posthog@sha256:74441a9fa04a5af78bf76a5af909f88592033c03ce6f1e14f343cd53d0266827;posthog-prd;posthog-events-7d79dcb856;posthog-events-7d79dcb856-csfqk
ssrmsandbox;ssrm-eks-01-sandbox;sha256:f766669fdcf3dc26347ed273a55e754b427eb4411ee075a53f30718b4499076a;k8s.gcr.io/ingress-nginx/controller@sha256:f766669fdcf3dc26347ed273a55e754b427eb4411ee075a53f30718b4499076a;posthog-prd;posthog-ingress-nginx-controller-6ff869d4fc;posthog-ingress-nginx-controller-6ff869d4fc-8tqhz
ssrmsandbox;ssrm-eks-01-sandbox;sha256:e17b61c1b97eeecb562b33215456f02609db9b98c1e414f9a29ac46ec0a38a85;docker.io/bitnami/pgbouncer@sha256:e17b61c1b97eeecb562b33215456f02609db9b98c1e414f9a29ac46ec0a38a85;posthog-prd;posthog-pgbouncer-55fff8c6b6;posthog-pgbouncer-55fff8c6b6-jnvp2
ssrmsandbox;ssrm-eks-01-sandbox;sha256:74441a9fa04a5af78bf76a5af909f88592033c03ce6f1e14f343cd53d0266827;docker.io/posthog/posthog@sha256:74441a9fa04a5af78bf76a5af909f88592033c03ce6f1e14f343cd53d0266827;posthog-prd;posthog-plugins-8655c9f97d;posthog-plugins-8655c9f97d-vlh9l
ssrmsandbox;ssrm-eks-01-sandbox;sha256:5a85aeb27ffad227df55f7253a5b3634472d9d028ca20da0d6b9e7bb049d41e9;docker.io/bitnami/kafka@sha256:5a85aeb27ffad227df55f7253a5b3634472d9d028ca20da0d6b9e7bb049d41e9;posthog-prd;N/A;posthog-posthog-kafka-0
ssrmsandbox;ssrm-eks-01-sandbox;sha256:a97dd274c972cb39c8bfbf6f551fd80a9279b564e4713f4a2f02d213c033ae79;docker.io/bitnami/redis@sha256:a97dd274c972cb39c8bfbf6f551fd80a9279b564e4713f4a2f02d213c033ae79;posthog-prd;N/A;posthog-posthog-redis-master-0
ssrmsandbox;ssrm-eks-01-sandbox;sha256:061e22290d520d3c1536bbb2d6ed29e284f47b46d5035b6b6de1424658f2153c;docker.io/bitnami/zookeeper@sha256:061e22290d520d3c1536bbb2d6ed29e284f47b46d5035b6b6de1424658f2153c;posthog-prd;N/A;posthog-posthog-zookeeper-0
ssrmsandbox;ssrm-eks-01-sandbox;sha256:74441a9fa04a5af78bf76a5af909f88592033c03ce6f1e14f343cd53d0266827;docker.io/posthog/posthog@sha256:74441a9fa04a5af78bf76a5af909f88592033c03ce6f1e14f343cd53d0266827;posthog-prd;posthog-web-5ccc5f6458;posthog-web-5ccc5f6458-bjbht
ssrmsandbox;ssrm-eks-01-sandbox;sha256:74441a9fa04a5af78bf76a5af909f88592033c03ce6f1e14f343cd53d0266827;docker.io/posthog/posthog@sha256:74441a9fa04a5af78bf76a5af909f88592033c03ce6f1e14f343cd53d0266827;posthog-prd;posthog-worker-648556846;posthog-worker-648556846-4fmmx
ssrmsandbox;ssrm-eks-01-sandbox;sha256:27c454768ae8f434e587f87d14ce49d574d46a37a322b8839e1352a344dcff75;docker.io/apache/camel-k@sha256:27c454768ae8f434e587f87d14ce49d574d46a37a322b8839e1352a344dcff75;smartproxy-dev;camel-k-operator-688d5cb466;camel-k-operator-688d5cb466-k8ff7
ssrmsandbox;ssrm-eks-01-sandbox;sha256:27c454768ae8f434e587f87d14ce49d574d46a37a322b8839e1352a344dcff75;docker.io/apache/camel-k@sha256:27c454768ae8f434e587f87d14ce49d574d46a37a322b8839e1352a344dcff75;smartproxy-uat;camel-k-operator-688d5cb466;camel-k-operator-688d5cb466-r9lq2
ssrmsandbox;ssrm-eks-01-sandbox;sha256:27c454768ae8f434e587f87d14ce49d574d46a37a322b8839e1352a344dcff75;docker.io/apache/camel-k@sha256:27c454768ae8f434e587f87d14ce49d574d46a37a322b8839e1352a344dcff75;smartproxy;camel-k-operator-688d5cb466;camel-k-operator-688d5cb466-xf44n
ssrmsandbox;ssrm-eks-01-sandbox;sha256:6845f3ea66c0711b93e423e6c7f481e4527b4b7afeee23e12bdd3c86ead100a4;564593125549.dkr.ecr.sa-east-1.amazonaws.com/techdocs-preview-nginx@sha256:6845f3ea66c0711b93e423e6c7f481e4527b4b7afeee23e12bdd3c86ead100a4;techdocs-preview;techdocs-preview-7fdfb67dc;techdocs-preview-7fdfb67dc-v7zsb
ssrmsandbox;ssrm-eks-01-sandbox;sha256:f635442a0f47bbc8d1d868ca2b50d06e028d2c5048fd73a5986c92df317aff26;docker.io/velero/velero@sha256:f635442a0f47bbc8d1d868ca2b50d06e028d2c5048fd73a5986c92df317aff26;velero;velero-559c8cb49;velero-559c8cb49-wqqvl
account;cluster;sha;sha;namespace;deployment;pod_name
ssrmprod;sales-eks-01-prod;sha256:614e2a378d2c55b588ea02eab6a6ec9eb4e4281ad731955dc67442c4c2ff35bb;gcr.io/apigee-microgateway/edgemicro@sha256:614e2a378d2c55b588ea02eab6a6ec9eb4e4281ad731955dc67442c4c2ff35bb;apigee-system;eks-nike-tech-01-prod-microgateway-ddb785cf8;eks-nike-tech-01-prod-microgateway-ddb785cf8-8t964
ssrmprod;sales-eks-01-prod;sha256:b68f8ab06808890dff627d8fff67a3375fb8d38b83d1c79ea0684cfbb7702ba9;docker.io/bitnami/cassandra@sha256:b68f8ab06808890dff627d8fff67a3375fb8d38b83d1c79ea0684cfbb7702ba9;cassandra-uat;N/A;cassandra-uat-0
ssrmprod;sales-eks-01-prod;sha256:c5e0e5dca7503a8371b8d366db0f49e3fc68f62ea480262e39b6cc277991c97c;quay.io/strimzi/operator@sha256:c5e0e5dca7503a8371b8d366db0f49e3fc68f62ea480262e39b6cc277991c97c;default;strimzi-cluster-operator-5dc9798fb4;strimzi-cluster-operator-5dc9798fb4-gbknc
ssrmprod;sales-eks-01-prod;sha256:bfb1d7950ea02c875c7061a98e1714b017d8e2a6e74df0c07611c546b6d4f8b6;ghcr.io/fluxcd/flagger@sha256:bfb1d7950ea02c875c7061a98e1714b017d8e2a6e74df0c07611c546b6d4f8b6;istio-system;flagger-8b945cf6b;flagger-8b945cf6b-6jn8n
ssrmprod;sales-eks-01-prod;sha256:2152aea5fbe2de20f08f3e0412ad7a4cd54a492240ff40974261ee4bdb43871d;docker.io/istio/proxyv2@sha256:2152aea5fbe2de20f08f3e0412ad7a4cd54a492240ff40974261ee4bdb43871d;istio-system;istio-ingress-65cc558668;istio-ingress-65cc558668-rxzqd
ssrmprod;sales-eks-01-prod;sha256:ce9d876067018d5217836ffd28e5767e64937c573f5ac7d421be860857d0b266;docker.io/istio/pilot@sha256:ce9d876067018d5217836ffd28e5767e64937c573f5ac7d421be860857d0b266;istio-system;istiod-649844d58b;istiod-649844d58b-bh5dk
ssrmprod;sales-eks-01-prod;sha256:0e0c081fd0cf40e9028533d386177fc2492e4e839e1151237e847b2c9486715b;docker.io/jaegertracing/all-in-one@sha256:0e0c081fd0cf40e9028533d386177fc2492e4e839e1151237e847b2c9486715b;istio-system;jaeger-8559896dfc;jaeger-8559896dfc-v2t2j
ssrmprod;sales-eks-01-prod;sha256:fa494cb4ef3f3e4f593f3b12f77fced35fe1dff3c7c97e5f54f3f834d778e18d;quay.io/kiali/kiali@sha256:fa494cb4ef3f3e4f593f3b12f77fced35fe1dff3c7c97e5f54f3f834d778e18d;istio-system;kiali-65fcd75bd;kiali-65fcd75bd-qnvd9
ssrmprod;sales-eks-01-prod;sha256:680ae1958dbcb9da8ee4128a67c1163a6ee2744221f7d29f73d8bcc237fd0173;quay.io/strimzi/kafka@sha256:680ae1958dbcb9da8ee4128a67c1163a6ee2744221f7d29f73d8bcc237fd0173;kafka-dev;kafka-cluster-entity-operator-7d4b5dcddf;kafka-cluster-entity-operator-7d4b5dcddf-bbdvl
ssrmprod;sales-eks-01-prod;sha256:c5e0e5dca7503a8371b8d366db0f49e3fc68f62ea480262e39b6cc277991c97c;quay.io/strimzi/operator@sha256:c5e0e5dca7503a8371b8d366db0f49e3fc68f62ea480262e39b6cc277991c97c;kafka-dev;kafka-cluster-entity-operator-7d4b5dcddf;kafka-cluster-entity-operator-7d4b5dcddf-bbdvl
ssrmprod;sales-eks-01-prod;sha256:c5e0e5dca7503a8371b8d366db0f49e3fc68f62ea480262e39b6cc277991c97c;quay.io/strimzi/operator@sha256:c5e0e5dca7503a8371b8d366db0f49e3fc68f62ea480262e39b6cc277991c97c;kafka-dev;kafka-cluster-entity-operator-7d4b5dcddf;kafka-cluster-entity-operator-7d4b5dcddf-bbdvl
ssrmprod;sales-eks-01-prod;sha256:680ae1958dbcb9da8ee4128a67c1163a6ee2744221f7d29f73d8bcc237fd0173;quay.io/strimzi/kafka@sha256:680ae1958dbcb9da8ee4128a67c1163a6ee2744221f7d29f73d8bcc237fd0173;kafka-dev;N/A;kafka-cluster-kafka-0
ssrmprod;sales-eks-01-prod;sha256:680ae1958dbcb9da8ee4128a67c1163a6ee2744221f7d29f73d8bcc237fd0173;quay.io/strimzi/kafka@sha256:680ae1958dbcb9da8ee4128a67c1163a6ee2744221f7d29f73d8bcc237fd0173;kafka-dev;N/A;kafka-cluster-zookeeper-0
ssrmprod;sales-eks-01-prod;sha256:680ae1958dbcb9da8ee4128a67c1163a6ee2744221f7d29f73d8bcc237fd0173;quay.io/strimzi/kafka@sha256:680ae1958dbcb9da8ee4128a67c1163a6ee2744221f7d29f73d8bcc237fd0173;kafka-dev;N/A;kafka-cluster-zookeeper-1
ssrmprod;sales-eks-01-prod;sha256:680ae1958dbcb9da8ee4128a67c1163a6ee2744221f7d29f73d8bcc237fd0173;quay.io/strimzi/kafka@sha256:680ae1958dbcb9da8ee4128a67c1163a6ee2744221f7d29f73d8bcc237fd0173;kafka-dev;N/A;kafka-cluster-zookeeper-2
ssrmprod;sales-eks-01-prod;sha256:680ae1958dbcb9da8ee4128a67c1163a6ee2744221f7d29f73d8bcc237fd0173;quay.io/strimzi/kafka@sha256:680ae1958dbcb9da8ee4128a67c1163a6ee2744221f7d29f73d8bcc237fd0173;kafka-uat;kafka-cluster-entity-operator-9f495578;kafka-cluster-entity-operator-9f495578-l64r4
ssrmprod;sales-eks-01-prod;sha256:c5e0e5dca7503a8371b8d366db0f49e3fc68f62ea480262e39b6cc277991c97c;quay.io/strimzi/operator@sha256:c5e0e5dca7503a8371b8d366db0f49e3fc68f62ea480262e39b6cc277991c97c;kafka-uat;kafka-cluster-entity-operator-9f495578;kafka-cluster-entity-operator-9f495578-l64r4
ssrmprod;sales-eks-01-prod;sha256:c5e0e5dca7503a8371b8d366db0f49e3fc68f62ea480262e39b6cc277991c97c;quay.io/strimzi/operator@sha256:c5e0e5dca7503a8371b8d366db0f49e3fc68f62ea480262e39b6cc277991c97c;kafka-uat;kafka-cluster-entity-operator-9f495578;kafka-cluster-entity-operator-9f495578-l64r4
ssrmprod;sales-eks-01-prod;sha256:680ae1958dbcb9da8ee4128a67c1163a6ee2744221f7d29f73d8bcc237fd0173;quay.io/strimzi/kafka@sha256:680ae1958dbcb9da8ee4128a67c1163a6ee2744221f7d29f73d8bcc237fd0173;kafka-uat;N/A;kafka-cluster-kafka-0
ssrmprod;sales-eks-01-prod;sha256:680ae1958dbcb9da8ee4128a67c1163a6ee2744221f7d29f73d8bcc237fd0173;quay.io/strimzi/kafka@sha256:680ae1958dbcb9da8ee4128a67c1163a6ee2744221f7d29f73d8bcc237fd0173;kafka-uat;N/A;kafka-cluster-zookeeper-0
ssrmprod;sales-eks-01-prod;sha256:680ae1958dbcb9da8ee4128a67c1163a6ee2744221f7d29f73d8bcc237fd0173;quay.io/strimzi/kafka@sha256:680ae1958dbcb9da8ee4128a67c1163a6ee2744221f7d29f73d8bcc237fd0173;kafka-uat;N/A;kafka-cluster-zookeeper-1
ssrmprod;sales-eks-01-prod;sha256:680ae1958dbcb9da8ee4128a67c1163a6ee2744221f7d29f73d8bcc237fd0173;quay.io/strimzi/kafka@sha256:680ae1958dbcb9da8ee4128a67c1163a6ee2744221f7d29f73d8bcc237fd0173;kafka-uat;N/A;kafka-cluster-zookeeper-2
ssrmprod;sales-eks-01-prod;sha256:4e71a9aaf6e6c5ad0515c8ca04385920a69d8c4588738e5fbaff957d5cf283a5;602401143452.dkr.ecr.sa-east-1.amazonaws.com/amazon-k8s-cni@sha256:4e71a9aaf6e6c5ad0515c8ca04385920a69d8c4588738e5fbaff957d5cf283a5;kube-system;N/A;aws-node-92vct
ssrmprod;sales-eks-01-prod;sha256:4e71a9aaf6e6c5ad0515c8ca04385920a69d8c4588738e5fbaff957d5cf283a5;602401143452.dkr.ecr.sa-east-1.amazonaws.com/amazon-k8s-cni@sha256:4e71a9aaf6e6c5ad0515c8ca04385920a69d8c4588738e5fbaff957d5cf283a5;kube-system;N/A;aws-node-n64g5
ssrmprod;sales-eks-01-prod;sha256:4e71a9aaf6e6c5ad0515c8ca04385920a69d8c4588738e5fbaff957d5cf283a5;602401143452.dkr.ecr.sa-east-1.amazonaws.com/amazon-k8s-cni@sha256:4e71a9aaf6e6c5ad0515c8ca04385920a69d8c4588738e5fbaff957d5cf283a5;kube-system;N/A;aws-node-rsl95
ssrmprod;sales-eks-01-prod;sha256:4e71a9aaf6e6c5ad0515c8ca04385920a69d8c4588738e5fbaff957d5cf283a5;602401143452.dkr.ecr.sa-east-1.amazonaws.com/amazon-k8s-cni@sha256:4e71a9aaf6e6c5ad0515c8ca04385920a69d8c4588738e5fbaff957d5cf283a5;kube-system;N/A;aws-node-spmrs
ssrmprod;sales-eks-01-prod;sha256:4e71a9aaf6e6c5ad0515c8ca04385920a69d8c4588738e5fbaff957d5cf283a5;602401143452.dkr.ecr.sa-east-1.amazonaws.com/amazon-k8s-cni@sha256:4e71a9aaf6e6c5ad0515c8ca04385920a69d8c4588738e5fbaff957d5cf283a5;kube-system;N/A;aws-node-x4zzq
ssrmprod;sales-eks-01-prod;sha256:f46687231c2c1bfa139f2b18275b123222c8cf6a288bb9c8145932bd14ac3deb;k8s.gcr.io/autoscaling/cluster-autoscaler@sha256:f46687231c2c1bfa139f2b18275b123222c8cf6a288bb9c8145932bd14ac3deb;kube-system;cluster-autoscaler-aws-cluster-autoscaler-6c5c48ffbb;cluster-autoscaler-aws-cluster-autoscaler-6c5c48ffbb-ktbf9
ssrmprod;sales-eks-01-prod;sha256:283e342425558e69cc2e709337347e446d20604f544b2f98dd6f03dab7cd805a;602401143452.dkr.ecr.sa-east-1.amazonaws.com/eks/coredns@sha256:283e342425558e69cc2e709337347e446d20604f544b2f98dd6f03dab7cd805a;kube-system;coredns-87d7c8c9;coredns-87d7c8c9-2nlfx
ssrmprod;sales-eks-01-prod;sha256:283e342425558e69cc2e709337347e446d20604f544b2f98dd6f03dab7cd805a;602401143452.dkr.ecr.sa-east-1.amazonaws.com/eks/coredns@sha256:283e342425558e69cc2e709337347e446d20604f544b2f98dd6f03dab7cd805a;kube-system;coredns-87d7c8c9;coredns-87d7c8c9-kh4fm
ssrmprod;sales-eks-01-prod;sha256:69f580b92c80c38e1339b55ad38043efeb0b721ae4cd351d3ac6685b323b3157;602401143452.dkr.ecr.sa-east-1.amazonaws.com/eks/csi-attacher@sha256:69f580b92c80c38e1339b55ad38043efeb0b721ae4cd351d3ac6685b323b3157;kube-system;ebs-csi-controller-6b8dfdc68b;ebs-csi-controller-6b8dfdc68b-gnwmj
ssrmprod;sales-eks-01-prod;sha256:5ad11decb148950bdae987c7f938427a661d7ae60850e6c56f40314392eb7a5f;602401143452.dkr.ecr.sa-east-1.amazonaws.com/eks/csi-provisioner@sha256:5ad11decb148950bdae987c7f938427a661d7ae60850e6c56f40314392eb7a5f;kube-system;ebs-csi-controller-6b8dfdc68b;ebs-csi-controller-6b8dfdc68b-gnwmj
ssrmprod;sales-eks-01-prod;sha256:b2eefd692d1b4decf97f5bf785b50bc2b0338a2df66840d2679b6abf28a013cb;602401143452.dkr.ecr.sa-east-1.amazonaws.com/eks/csi-resizer@sha256:b2eefd692d1b4decf97f5bf785b50bc2b0338a2df66840d2679b6abf28a013cb;kube-system;ebs-csi-controller-6b8dfdc68b;ebs-csi-controller-6b8dfdc68b-gnwmj
ssrmprod;sales-eks-01-prod;sha256:b52d3e46d63c8991d10858a4c3e2417a2ab84d990ec41036119fc8235697dd8d;602401143452.dkr.ecr.sa-east-1.amazonaws.com/eks/csi-snapshotter@sha256:b52d3e46d63c8991d10858a4c3e2417a2ab84d990ec41036119fc8235697dd8d;kube-system;ebs-csi-controller-6b8dfdc68b;ebs-csi-controller-6b8dfdc68b-gnwmj
ssrmprod;sales-eks-01-prod;sha256:1564359e1e0e7cb577c77219541c423e782b726f603fde4fcfa0c1eafbc50320;602401143452.dkr.ecr.sa-east-1.amazonaws.com/eks/aws-ebs-csi-driver@sha256:1564359e1e0e7cb577c77219541c423e782b726f603fde4fcfa0c1eafbc50320;kube-system;ebs-csi-controller-6b8dfdc68b;ebs-csi-controller-6b8dfdc68b-gnwmj
ssrmprod;sales-eks-01-prod;sha256:5aa45f506d50b63acf32fae45c56e31de7567c5a8c2a55e810db138e7adf0789;602401143452.dkr.ecr.sa-east-1.amazonaws.com/eks/livenessprobe@sha256:5aa45f506d50b63acf32fae45c56e31de7567c5a8c2a55e810db138e7adf0789;kube-system;ebs-csi-controller-6b8dfdc68b;ebs-csi-controller-6b8dfdc68b-gnwmj
ssrmprod;sales-eks-01-prod;sha256:69f580b92c80c38e1339b55ad38043efeb0b721ae4cd351d3ac6685b323b3157;602401143452.dkr.ecr.sa-east-1.amazonaws.com/eks/csi-attacher@sha256:69f580b92c80c38e1339b55ad38043efeb0b721ae4cd351d3ac6685b323b3157;kube-system;ebs-csi-controller-6b8dfdc68b;ebs-csi-controller-6b8dfdc68b-vxlhv
ssrmprod;sales-eks-01-prod;sha256:5ad11decb148950bdae987c7f938427a661d7ae60850e6c56f40314392eb7a5f;602401143452.dkr.ecr.sa-east-1.amazonaws.com/eks/csi-provisioner@sha256:5ad11decb148950bdae987c7f938427a661d7ae60850e6c56f40314392eb7a5f;kube-system;ebs-csi-controller-6b8dfdc68b;ebs-csi-controller-6b8dfdc68b-vxlhv
ssrmprod;sales-eks-01-prod;sha256:b2eefd692d1b4decf97f5bf785b50bc2b0338a2df66840d2679b6abf28a013cb;602401143452.dkr.ecr.sa-east-1.amazonaws.com/eks/csi-resizer@sha256:b2eefd692d1b4decf97f5bf785b50bc2b0338a2df66840d2679b6abf28a013cb;kube-system;ebs-csi-controller-6b8dfdc68b;ebs-csi-controller-6b8dfdc68b-vxlhv
ssrmprod;sales-eks-01-prod;sha256:b52d3e46d63c8991d10858a4c3e2417a2ab84d990ec41036119fc8235697dd8d;602401143452.dkr.ecr.sa-east-1.amazonaws.com/eks/csi-snapshotter@sha256:b52d3e46d63c8991d10858a4c3e2417a2ab84d990ec41036119fc8235697dd8d;kube-system;ebs-csi-controller-6b8dfdc68b;ebs-csi-controller-6b8dfdc68b-vxlhv
ssrmprod;sales-eks-01-prod;sha256:1564359e1e0e7cb577c77219541c423e782b726f603fde4fcfa0c1eafbc50320;602401143452.dkr.ecr.sa-east-1.amazonaws.com/eks/aws-ebs-csi-driver@sha256:1564359e1e0e7cb577c77219541c423e782b726f603fde4fcfa0c1eafbc50320;kube-system;ebs-csi-controller-6b8dfdc68b;ebs-csi-controller-6b8dfdc68b-vxlhv
ssrmprod;sales-eks-01-prod;sha256:5aa45f506d50b63acf32fae45c56e31de7567c5a8c2a55e810db138e7adf0789;602401143452.dkr.ecr.sa-east-1.amazonaws.com/eks/livenessprobe@sha256:5aa45f506d50b63acf32fae45c56e31de7567c5a8c2a55e810db138e7adf0789;kube-system;ebs-csi-controller-6b8dfdc68b;ebs-csi-controller-6b8dfdc68b-vxlhv
ssrmprod;sales-eks-01-prod;sha256:1564359e1e0e7cb577c77219541c423e782b726f603fde4fcfa0c1eafbc50320;602401143452.dkr.ecr.sa-east-1.amazonaws.com/eks/aws-ebs-csi-driver@sha256:1564359e1e0e7cb577c77219541c423e782b726f603fde4fcfa0c1eafbc50320;kube-system;N/A;ebs-csi-node-88kqc
ssrmprod;sales-eks-01-prod;sha256:5aa45f506d50b63acf32fae45c56e31de7567c5a8c2a55e810db138e7adf0789;602401143452.dkr.ecr.sa-east-1.amazonaws.com/eks/livenessprobe@sha256:5aa45f506d50b63acf32fae45c56e31de7567c5a8c2a55e810db138e7adf0789;kube-system;N/A;ebs-csi-node-88kqc
ssrmprod;sales-eks-01-prod;sha256:d99f0bb1a918f0b8f144aa1e4785460924af946b1e0bb7a23996780358238951;602401143452.dkr.ecr.sa-east-1.amazonaws.com/eks/csi-node-driver-registrar@sha256:d99f0bb1a918f0b8f144aa1e4785460924af946b1e0bb7a23996780358238951;kube-system;N/A;ebs-csi-node-88kqc
ssrmprod;sales-eks-01-prod;sha256:1564359e1e0e7cb577c77219541c423e782b726f603fde4fcfa0c1eafbc50320;602401143452.dkr.ecr.sa-east-1.amazonaws.com/eks/aws-ebs-csi-driver@sha256:1564359e1e0e7cb577c77219541c423e782b726f603fde4fcfa0c1eafbc50320;kube-system;N/A;ebs-csi-node-dtkwg
ssrmprod;sales-eks-01-prod;sha256:5aa45f506d50b63acf32fae45c56e31de7567c5a8c2a55e810db138e7adf0789;602401143452.dkr.ecr.sa-east-1.amazonaws.com/eks/livenessprobe@sha256:5aa45f506d50b63acf32fae45c56e31de7567c5a8c2a55e810db138e7adf0789;kube-system;N/A;ebs-csi-node-dtkwg
ssrmprod;sales-eks-01-prod;sha256:d99f0bb1a918f0b8f144aa1e4785460924af946b1e0bb7a23996780358238951;602401143452.dkr.ecr.sa-east-1.amazonaws.com/eks/csi-node-driver-registrar@sha256:d99f0bb1a918f0b8f144aa1e4785460924af946b1e0bb7a23996780358238951;kube-system;N/A;ebs-csi-node-dtkwg
ssrmprod;sales-eks-01-prod;sha256:1564359e1e0e7cb577c77219541c423e782b726f603fde4fcfa0c1eafbc50320;602401143452.dkr.ecr.sa-east-1.amazonaws.com/eks/aws-ebs-csi-driver@sha256:1564359e1e0e7cb577c77219541c423e782b726f603fde4fcfa0c1eafbc50320;kube-system;N/A;ebs-csi-node-dz4fg
ssrmprod;sales-eks-01-prod;sha256:5aa45f506d50b63acf32fae45c56e31de7567c5a8c2a55e810db138e7adf0789;602401143452.dkr.ecr.sa-east-1.amazonaws.com/eks/livenessprobe@sha256:5aa45f506d50b63acf32fae45c56e31de7567c5a8c2a55e810db138e7adf0789;kube-system;N/A;ebs-csi-node-dz4fg
ssrmprod;sales-eks-01-prod;sha256:d99f0bb1a918f0b8f144aa1e4785460924af946b1e0bb7a23996780358238951;602401143452.dkr.ecr.sa-east-1.amazonaws.com/eks/csi-node-driver-registrar@sha256:d99f0bb1a918f0b8f144aa1e4785460924af946b1e0bb7a23996780358238951;kube-system;N/A;ebs-csi-node-dz4fg
ssrmprod;sales-eks-01-prod;sha256:1564359e1e0e7cb577c77219541c423e782b726f603fde4fcfa0c1eafbc50320;602401143452.dkr.ecr.sa-east-1.amazonaws.com/eks/aws-ebs-csi-driver@sha256:1564359e1e0e7cb577c77219541c423e782b726f603fde4fcfa0c1eafbc50320;kube-system;N/A;ebs-csi-node-ntqbq
ssrmprod;sales-eks-01-prod;sha256:5aa45f506d50b63acf32fae45c56e31de7567c5a8c2a55e810db138e7adf0789;602401143452.dkr.ecr.sa-east-1.amazonaws.com/eks/livenessprobe@sha256:5aa45f506d50b63acf32fae45c56e31de7567c5a8c2a55e810db138e7adf0789;kube-system;N/A;ebs-csi-node-ntqbq
ssrmprod;sales-eks-01-prod;sha256:d99f0bb1a918f0b8f144aa1e4785460924af946b1e0bb7a23996780358238951;602401143452.dkr.ecr.sa-east-1.amazonaws.com/eks/csi-node-driver-registrar@sha256:d99f0bb1a918f0b8f144aa1e4785460924af946b1e0bb7a23996780358238951;kube-system;N/A;ebs-csi-node-ntqbq
ssrmprod;sales-eks-01-prod;sha256:1564359e1e0e7cb577c77219541c423e782b726f603fde4fcfa0c1eafbc50320;602401143452.dkr.ecr.sa-east-1.amazonaws.com/eks/aws-ebs-csi-driver@sha256:1564359e1e0e7cb577c77219541c423e782b726f603fde4fcfa0c1eafbc50320;kube-system;N/A;ebs-csi-node-vww65
ssrmprod;sales-eks-01-prod;sha256:5aa45f506d50b63acf32fae45c56e31de7567c5a8c2a55e810db138e7adf0789;602401143452.dkr.ecr.sa-east-1.amazonaws.com/eks/livenessprobe@sha256:5aa45f506d50b63acf32fae45c56e31de7567c5a8c2a55e810db138e7adf0789;kube-system;N/A;ebs-csi-node-vww65
ssrmprod;sales-eks-01-prod;sha256:d99f0bb1a918f0b8f144aa1e4785460924af946b1e0bb7a23996780358238951;602401143452.dkr.ecr.sa-east-1.amazonaws.com/eks/csi-node-driver-registrar@sha256:d99f0bb1a918f0b8f144aa1e4785460924af946b1e0bb7a23996780358238951;kube-system;N/A;ebs-csi-node-vww65
ssrmprod;sales-eks-01-prod;sha256:e677f72d499e09557e20ba9b5ade9fbbc70b73f658b95226963215eaa9fdb1ad;564593125549.dkr.ecr.sa-east-1.amazonaws.com/aws-public/eks-distro/kubernetes-csi/external-provisioner@sha256:e677f72d499e09557e20ba9b5ade9fbbc70b73f658b95226963215eaa9fdb1ad;kube-system;efs-csi-controller-6f75577dbb;efs-csi-controller-6f75577dbb-6d8pb
ssrmprod;sales-eks-01-prod;sha256:4db1a50a1583c662643b4a24a7940c7e347ef22f3c6f83f825587c3b904abe87;602401143452.dkr.ecr.sa-east-1.amazonaws.com/eks/aws-efs-csi-driver@sha256:4db1a50a1583c662643b4a24a7940c7e347ef22f3c6f83f825587c3b904abe87;kube-system;efs-csi-controller-6f75577dbb;efs-csi-controller-6f75577dbb-6d8pb
ssrmprod;sales-eks-01-prod;sha256:d790820d19a6253ee31418be4d1a9ae023d4a6b64c5591f8f031b4194828cc5b;564593125549.dkr.ecr.sa-east-1.amazonaws.com/aws-public/eks-distro/kubernetes-csi/livenessprobe@sha256:d790820d19a6253ee31418be4d1a9ae023d4a6b64c5591f8f031b4194828cc5b;kube-system;efs-csi-controller-6f75577dbb;efs-csi-controller-6f75577dbb-6d8pb
ssrmprod;sales-eks-01-prod;sha256:e677f72d499e09557e20ba9b5ade9fbbc70b73f658b95226963215eaa9fdb1ad;564593125549.dkr.ecr.sa-east-1.amazonaws.com/aws-public/eks-distro/kubernetes-csi/external-provisioner@sha256:e677f72d499e09557e20ba9b5ade9fbbc70b73f658b95226963215eaa9fdb1ad;kube-system;efs-csi-controller-6f75577dbb;efs-csi-controller-6f75577dbb-mmmm7
ssrmprod;sales-eks-01-prod;sha256:4db1a50a1583c662643b4a24a7940c7e347ef22f3c6f83f825587c3b904abe87;602401143452.dkr.ecr.sa-east-1.amazonaws.com/eks/aws-efs-csi-driver@sha256:4db1a50a1583c662643b4a24a7940c7e347ef22f3c6f83f825587c3b904abe87;kube-system;efs-csi-controller-6f75577dbb;efs-csi-controller-6f75577dbb-mmmm7
ssrmprod;sales-eks-01-prod;sha256:d790820d19a6253ee31418be4d1a9ae023d4a6b64c5591f8f031b4194828cc5b;564593125549.dkr.ecr.sa-east-1.amazonaws.com/aws-public/eks-distro/kubernetes-csi/livenessprobe@sha256:d790820d19a6253ee31418be4d1a9ae023d4a6b64c5591f8f031b4194828cc5b;kube-system;efs-csi-controller-6f75577dbb;efs-csi-controller-6f75577dbb-mmmm7
ssrmprod;sales-eks-01-prod;sha256:9cd9ef74078997d4d05f5061b6a4948b54b591bb5152675f45a183c3a1cbbfd8;564593125549.dkr.ecr.sa-east-1.amazonaws.com/aws-public/eks-distro/kubernetes-csi/node-driver-registrar@sha256:9cd9ef74078997d4d05f5061b6a4948b54b591bb5152675f45a183c3a1cbbfd8;kube-system;N/A;efs-csi-node-4qd9f
ssrmprod;sales-eks-01-prod;sha256:4db1a50a1583c662643b4a24a7940c7e347ef22f3c6f83f825587c3b904abe87;602401143452.dkr.ecr.sa-east-1.amazonaws.com/eks/aws-efs-csi-driver@sha256:4db1a50a1583c662643b4a24a7940c7e347ef22f3c6f83f825587c3b904abe87;kube-system;N/A;efs-csi-node-4qd9f
ssrmprod;sales-eks-01-prod;sha256:d790820d19a6253ee31418be4d1a9ae023d4a6b64c5591f8f031b4194828cc5b;564593125549.dkr.ecr.sa-east-1.amazonaws.com/aws-public/eks-distro/kubernetes-csi/livenessprobe@sha256:d790820d19a6253ee31418be4d1a9ae023d4a6b64c5591f8f031b4194828cc5b;kube-system;N/A;efs-csi-node-4qd9f
ssrmprod;sales-eks-01-prod;sha256:9cd9ef74078997d4d05f5061b6a4948b54b591bb5152675f45a183c3a1cbbfd8;564593125549.dkr.ecr.sa-east-1.amazonaws.com/aws-public/eks-distro/kubernetes-csi/node-driver-registrar@sha256:9cd9ef74078997d4d05f5061b6a4948b54b591bb5152675f45a183c3a1cbbfd8;kube-system;N/A;efs-csi-node-6wccb
ssrmprod;sales-eks-01-prod;sha256:4db1a50a1583c662643b4a24a7940c7e347ef22f3c6f83f825587c3b904abe87;602401143452.dkr.ecr.sa-east-1.amazonaws.com/eks/aws-efs-csi-driver@sha256:4db1a50a1583c662643b4a24a7940c7e347ef22f3c6f83f825587c3b904abe87;kube-system;N/A;efs-csi-node-6wccb
ssrmprod;sales-eks-01-prod;sha256:d790820d19a6253ee31418be4d1a9ae023d4a6b64c5591f8f031b4194828cc5b;564593125549.dkr.ecr.sa-east-1.amazonaws.com/aws-public/eks-distro/kubernetes-csi/livenessprobe@sha256:d790820d19a6253ee31418be4d1a9ae023d4a6b64c5591f8f031b4194828cc5b;kube-system;N/A;efs-csi-node-6wccb
ssrmprod;sales-eks-01-prod;sha256:9cd9ef74078997d4d05f5061b6a4948b54b591bb5152675f45a183c3a1cbbfd8;564593125549.dkr.ecr.sa-east-1.amazonaws.com/aws-public/eks-distro/kubernetes-csi/node-driver-registrar@sha256:9cd9ef74078997d4d05f5061b6a4948b54b591bb5152675f45a183c3a1cbbfd8;kube-system;N/A;efs-csi-node-cgszj
ssrmprod;sales-eks-01-prod;sha256:4db1a50a1583c662643b4a24a7940c7e347ef22f3c6f83f825587c3b904abe87;602401143452.dkr.ecr.sa-east-1.amazonaws.com/eks/aws-efs-csi-driver@sha256:4db1a50a1583c662643b4a24a7940c7e347ef22f3c6f83f825587c3b904abe87;kube-system;N/A;efs-csi-node-cgszj
ssrmprod;sales-eks-01-prod;sha256:d790820d19a6253ee31418be4d1a9ae023d4a6b64c5591f8f031b4194828cc5b;564593125549.dkr.ecr.sa-east-1.amazonaws.com/aws-public/eks-distro/kubernetes-csi/livenessprobe@sha256:d790820d19a6253ee31418be4d1a9ae023d4a6b64c5591f8f031b4194828cc5b;kube-system;N/A;efs-csi-node-cgszj
ssrmprod;sales-eks-01-prod;sha256:9cd9ef74078997d4d05f5061b6a4948b54b591bb5152675f45a183c3a1cbbfd8;564593125549.dkr.ecr.sa-east-1.amazonaws.com/aws-public/eks-distro/kubernetes-csi/node-driver-registrar@sha256:9cd9ef74078997d4d05f5061b6a4948b54b591bb5152675f45a183c3a1cbbfd8;kube-system;N/A;efs-csi-node-sr75j
ssrmprod;sales-eks-01-prod;sha256:4db1a50a1583c662643b4a24a7940c7e347ef22f3c6f83f825587c3b904abe87;602401143452.dkr.ecr.sa-east-1.amazonaws.com/eks/aws-efs-csi-driver@sha256:4db1a50a1583c662643b4a24a7940c7e347ef22f3c6f83f825587c3b904abe87;kube-system;N/A;efs-csi-node-sr75j
ssrmprod;sales-eks-01-prod;sha256:d790820d19a6253ee31418be4d1a9ae023d4a6b64c5591f8f031b4194828cc5b;564593125549.dkr.ecr.sa-east-1.amazonaws.com/aws-public/eks-distro/kubernetes-csi/livenessprobe@sha256:d790820d19a6253ee31418be4d1a9ae023d4a6b64c5591f8f031b4194828cc5b;kube-system;N/A;efs-csi-node-sr75j
ssrmprod;sales-eks-01-prod;sha256:9cd9ef74078997d4d05f5061b6a4948b54b591bb5152675f45a183c3a1cbbfd8;564593125549.dkr.ecr.sa-east-1.amazonaws.com/aws-public/eks-distro/kubernetes-csi/node-driver-registrar@sha256:9cd9ef74078997d4d05f5061b6a4948b54b591bb5152675f45a183c3a1cbbfd8;kube-system;N/A;efs-csi-node-zpn79
ssrmprod;sales-eks-01-prod;sha256:4db1a50a1583c662643b4a24a7940c7e347ef22f3c6f83f825587c3b904abe87;602401143452.dkr.ecr.sa-east-1.amazonaws.com/eks/aws-efs-csi-driver@sha256:4db1a50a1583c662643b4a24a7940c7e347ef22f3c6f83f825587c3b904abe87;kube-system;N/A;efs-csi-node-zpn79
ssrmprod;sales-eks-01-prod;sha256:d790820d19a6253ee31418be4d1a9ae023d4a6b64c5591f8f031b4194828cc5b;564593125549.dkr.ecr.sa-east-1.amazonaws.com/aws-public/eks-distro/kubernetes-csi/livenessprobe@sha256:d790820d19a6253ee31418be4d1a9ae023d4a6b64c5591f8f031b4194828cc5b;kube-system;N/A;efs-csi-node-zpn79
ssrmprod;sales-eks-01-prod;sha256:1529982e95d0c9a1f0543360939108cf8276507fb6639e367a0198d3b25570b0;k8s.gcr.io/external-dns/external-dns@sha256:1529982e95d0c9a1f0543360939108cf8276507fb6639e367a0198d3b25570b0;kube-system;external-dns-94756556;external-dns-94756556-l9qx9
ssrmprod;sales-eks-01-prod;sha256:8ac03ffed11ba8e3b77ffca82f6ee1ef9598181da04cc50545ca1c739ddf5bbb;602401143452.dkr.ecr.sa-east-1.amazonaws.com/eks/kube-proxy@sha256:8ac03ffed11ba8e3b77ffca82f6ee1ef9598181da04cc50545ca1c739ddf5bbb;kube-system;N/A;kube-proxy-226cq
ssrmprod;sales-eks-01-prod;sha256:8ac03ffed11ba8e3b77ffca82f6ee1ef9598181da04cc50545ca1c739ddf5bbb;602401143452.dkr.ecr.sa-east-1.amazonaws.com/eks/kube-proxy@sha256:8ac03ffed11ba8e3b77ffca82f6ee1ef9598181da04cc50545ca1c739ddf5bbb;kube-system;N/A;kube-proxy-8mc8c
ssrmprod;sales-eks-01-prod;sha256:8ac03ffed11ba8e3b77ffca82f6ee1ef9598181da04cc50545ca1c739ddf5bbb;602401143452.dkr.ecr.sa-east-1.amazonaws.com/eks/kube-proxy@sha256:8ac03ffed11ba8e3b77ffca82f6ee1ef9598181da04cc50545ca1c739ddf5bbb;kube-system;N/A;kube-proxy-w7c29
ssrmprod;sales-eks-01-prod;sha256:8ac03ffed11ba8e3b77ffca82f6ee1ef9598181da04cc50545ca1c739ddf5bbb;602401143452.dkr.ecr.sa-east-1.amazonaws.com/eks/kube-proxy@sha256:8ac03ffed11ba8e3b77ffca82f6ee1ef9598181da04cc50545ca1c739ddf5bbb;kube-system;N/A;kube-proxy-wcf79
ssrmprod;sales-eks-01-prod;sha256:8ac03ffed11ba8e3b77ffca82f6ee1ef9598181da04cc50545ca1c739ddf5bbb;602401143452.dkr.ecr.sa-east-1.amazonaws.com/eks/kube-proxy@sha256:8ac03ffed11ba8e3b77ffca82f6ee1ef9598181da04cc50545ca1c739ddf5bbb;kube-system;N/A;kube-proxy-xf278
ssrmprod;sales-eks-01-prod;sha256:76049887f07a0476dc93efc2d3569b9529bf982b22d29f356092ce206e98765c;docker.io/kubernetesui/metrics-scraper@sha256:76049887f07a0476dc93efc2d3569b9529bf982b22d29f356092ce206e98765c;kube-system;kubernetes-dashboard-7cd8c87c5f;kubernetes-dashboard-7cd8c87c5f-gnlbf
ssrmprod;sales-eks-01-prod;sha256:290bebc3cd96c22b6f89e7b21f5c2b16ce5c275a0ec2c2de10e0d8b9dd110289;docker.io/kubernetesui/dashboard@sha256:290bebc3cd96c22b6f89e7b21f5c2b16ce5c275a0ec2c2de10e0d8b9dd110289;kube-system;kubernetes-dashboard-7cd8c87c5f;kubernetes-dashboard-7cd8c87c5f-gnlbf
ssrmprod;sales-eks-01-prod;sha256:f977ad859fb500c1302d9c3428c6271db031bb7431e7076213b676b345a88dc2;k8s.gcr.io/metrics-server/metrics-server@sha256:f977ad859fb500c1302d9c3428c6271db031bb7431e7076213b676b345a88dc2;kube-system;metrics-server-8694655b79;metrics-server-8694655b79-9cq9x
ssrmprod;sales-eks-01-prod;sha256:8c21390be87dbbee337c5b867254906b900bb52adb405b3a67134e17b7705973;quay.io/oauth2-proxy/oauth2-proxy@sha256:8c21390be87dbbee337c5b867254906b900bb52adb405b3a67134e17b7705973;kube-system;oauth2-proxy-764d678d5b;oauth2-proxy-764d678d5b-bdssl
ssrmprod;sales-eks-01-prod;sha256:10e3e43b37bef778c5f1606f9078ac5935c52654598d6ffe7dfadbb25a888c1a;564593125549.dkr.ecr.sa-east-1.amazonaws.com/logstash@sha256:10e3e43b37bef778c5f1606f9078ac5935c52654598d6ffe7dfadbb25a888c1a;logstash-nike-smartproxy-infobusca-uat;N/A;logstash-logstash-0
ssrmprod;sales-eks-01-prod;sha256:10e3e43b37bef778c5f1606f9078ac5935c52654598d6ffe7dfadbb25a888c1a;564593125549.dkr.ecr.sa-east-1.amazonaws.com/logstash@sha256:10e3e43b37bef778c5f1606f9078ac5935c52654598d6ffe7dfadbb25a888c1a;logstash-nike-smartproxy-infobusca;N/A;logstash-logstash-0
ssrmprod;sales-eks-01-prod;sha256:10e3e43b37bef778c5f1606f9078ac5935c52654598d6ffe7dfadbb25a888c1a;564593125549.dkr.ecr.sa-east-1.amazonaws.com/logstash@sha256:10e3e43b37bef778c5f1606f9078ac5935c52654598d6ffe7dfadbb25a888c1a;logstash-nike-smartproxy-infomais-uat;N/A;logstash-logstash-0
ssrmprod;sales-eks-01-prod;sha256:10e3e43b37bef778c5f1606f9078ac5935c52654598d6ffe7dfadbb25a888c1a;564593125549.dkr.ecr.sa-east-1.amazonaws.com/logstash@sha256:10e3e43b37bef778c5f1606f9078ac5935c52654598d6ffe7dfadbb25a888c1a;logstash-nike-smartproxy-infomais;N/A;logstash-logstash-0
ssrmprod;sales-eks-01-prod;sha256:10e3e43b37bef778c5f1606f9078ac5935c52654598d6ffe7dfadbb25a888c1a;564593125549.dkr.ecr.sa-east-1.amazonaws.com/logstash@sha256:10e3e43b37bef778c5f1606f9078ac5935c52654598d6ffe7dfadbb25a888c1a;logstash-nike-smartproxy-uat;N/A;logstash-logstash-0
ssrmprod;sales-eks-01-prod;sha256:10e3e43b37bef778c5f1606f9078ac5935c52654598d6ffe7dfadbb25a888c1a;564593125549.dkr.ecr.sa-east-1.amazonaws.com/logstash@sha256:10e3e43b37bef778c5f1606f9078ac5935c52654598d6ffe7dfadbb25a888c1a;logstash-nike-smartproxy;N/A;logstash-logstash-0
ssrmprod;sales-eks-01-prod;sha256:088464f949de8065b9da7dfce7302a633d700e9d598e2bebc03310712f083b31;quay.io/prometheus/alertmanager@sha256:088464f949de8065b9da7dfce7302a633d700e9d598e2bebc03310712f083b31;monitoring-system;N/A;alertmanager-kube-prometheus-stack-alertmanager-0
ssrmprod;sales-eks-01-prod;sha256:d0aee3f816725cb130121f3ea67979160bdc79fe616efa077c9b15cab4689504;quay.io/prometheus-operator/prometheus-config-reloader@sha256:d0aee3f816725cb130121f3ea67979160bdc79fe616efa077c9b15cab4689504;monitoring-system;N/A;alertmanager-kube-prometheus-stack-alertmanager-0
ssrmprod;sales-eks-01-prod;sha256:ecc1b80b8ca27743e48033c6d4c9d9f658b0837f9bea7dc5afeec0f857357267;docker.io/grafana/grafana@sha256:ecc1b80b8ca27743e48033c6d4c9d9f658b0837f9bea7dc5afeec0f857357267;monitoring-system;kube-prometheus-stack-grafana-74d44b84;kube-prometheus-stack-grafana-74d44b84-6xcs5
ssrmprod;sales-eks-01-prod;sha256:1f025ae37b7b20d63bffd179e5e6f972039dd53d9646388c0a8c456229c7bbcb;quay.io/kiwigrid/k8s-sidecar@sha256:1f025ae37b7b20d63bffd179e5e6f972039dd53d9646388c0a8c456229c7bbcb;monitoring-system;kube-prometheus-stack-grafana-74d44b84;kube-prometheus-stack-grafana-74d44b84-6xcs5
ssrmprod;sales-eks-01-prod;sha256:1f025ae37b7b20d63bffd179e5e6f972039dd53d9646388c0a8c456229c7bbcb;quay.io/kiwigrid/k8s-sidecar@sha256:1f025ae37b7b20d63bffd179e5e6f972039dd53d9646388c0a8c456229c7bbcb;monitoring-system;kube-prometheus-stack-grafana-74d44b84;kube-prometheus-stack-grafana-74d44b84-6xcs5
ssrmprod;sales-eks-01-prod;sha256:69a18fa1e0d0c9f972a64e69ca13b65451b8c5e79ae8dccf3a77968be4a301df;k8s.gcr.io/kube-state-metrics/kube-state-metrics@sha256:69a18fa1e0d0c9f972a64e69ca13b65451b8c5e79ae8dccf3a77968be4a301df;monitoring-system;kube-prometheus-stack-kube-state-metrics-5bd844ff8c;kube-prometheus-stack-kube-state-metrics-5bd844ff8c-np5vg
ssrmprod;sales-eks-01-prod;sha256:4817ed76bbac6726228bc0cb1bb7f78a1084ab8367e3a7daa9d6119eb470cfa5;quay.io/prometheus-operator/prometheus-operator@sha256:4817ed76bbac6726228bc0cb1bb7f78a1084ab8367e3a7daa9d6119eb470cfa5;monitoring-system;kube-prometheus-stack-operator-7447c85fbc;kube-prometheus-stack-operator-7447c85fbc-lmz6d
ssrmprod;sales-eks-01-prod;sha256:f2269e73124dd0f60a7d19a2ce1264d33d08a985aed0ee6b0b89d0be470592cd;quay.io/prometheus/node-exporter@sha256:f2269e73124dd0f60a7d19a2ce1264d33d08a985aed0ee6b0b89d0be470592cd;monitoring-system;N/A;kube-prometheus-stack-prometheus-node-exporter-24p9k
ssrmprod;sales-eks-01-prod;sha256:f2269e73124dd0f60a7d19a2ce1264d33d08a985aed0ee6b0b89d0be470592cd;quay.io/prometheus/node-exporter@sha256:f2269e73124dd0f60a7d19a2ce1264d33d08a985aed0ee6b0b89d0be470592cd;monitoring-system;N/A;kube-prometheus-stack-prometheus-node-exporter-5lqvr
ssrmprod;sales-eks-01-prod;sha256:f2269e73124dd0f60a7d19a2ce1264d33d08a985aed0ee6b0b89d0be470592cd;quay.io/prometheus/node-exporter@sha256:f2269e73124dd0f60a7d19a2ce1264d33d08a985aed0ee6b0b89d0be470592cd;monitoring-system;N/A;kube-prometheus-stack-prometheus-node-exporter-ldgcg
ssrmprod;sales-eks-01-prod;sha256:f2269e73124dd0f60a7d19a2ce1264d33d08a985aed0ee6b0b89d0be470592cd;quay.io/prometheus/node-exporter@sha256:f2269e73124dd0f60a7d19a2ce1264d33d08a985aed0ee6b0b89d0be470592cd;monitoring-system;N/A;kube-prometheus-stack-prometheus-node-exporter-nsrdr
ssrmprod;sales-eks-01-prod;sha256:f2269e73124dd0f60a7d19a2ce1264d33d08a985aed0ee6b0b89d0be470592cd;quay.io/prometheus/node-exporter@sha256:f2269e73124dd0f60a7d19a2ce1264d33d08a985aed0ee6b0b89d0be470592cd;monitoring-system;N/A;kube-prometheus-stack-prometheus-node-exporter-z7fqm
ssrmprod;sales-eks-01-prod;sha256:eb350a428127cf111a39fae466ebbbc2aade66a64ddf61b47df4ceaacf207d19;gcr.io/kubecost1/frontend@sha256:eb350a428127cf111a39fae466ebbbc2aade66a64ddf61b47df4ceaacf207d19;monitoring-system;kubecost-cost-analyzer-58d9f66469;kubecost-cost-analyzer-58d9f66469-dp4lr
ssrmprod;sales-eks-01-prod;sha256:7737e3448e35d1fd6fb715b986d2d665bf28b5fb2e9e8db87bd0985347d46e16;gcr.io/kubecost1/cost-model@sha256:7737e3448e35d1fd6fb715b986d2d665bf28b5fb2e9e8db87bd0985347d46e16;monitoring-system;kubecost-cost-analyzer-58d9f66469;kubecost-cost-analyzer-58d9f66469-dp4lr
ssrmprod;sales-eks-01-prod;sha256:1ee60f980950b00e505bd564b40f720132a0653b110e993043bb5940673d060a;docker.io/grafana/loki@sha256:1ee60f980950b00e505bd564b40f720132a0653b110e993043bb5940673d060a;monitoring-system;N/A;loki-stack-0
ssrmprod;sales-eks-01-prod;sha256:072527b12cdfa1393d04a08aeba6b0eb42fd6921426ea14eaf8c828953771749;docker.io/grafana/promtail@sha256:072527b12cdfa1393d04a08aeba6b0eb42fd6921426ea14eaf8c828953771749;monitoring-system;N/A;loki-stack-promtail-4vtl5
ssrmprod;sales-eks-01-prod;sha256:072527b12cdfa1393d04a08aeba6b0eb42fd6921426ea14eaf8c828953771749;docker.io/grafana/promtail@sha256:072527b12cdfa1393d04a08aeba6b0eb42fd6921426ea14eaf8c828953771749;monitoring-system;N/A;loki-stack-promtail-bhhrp
ssrmprod;sales-eks-01-prod;sha256:072527b12cdfa1393d04a08aeba6b0eb42fd6921426ea14eaf8c828953771749;docker.io/grafana/promtail@sha256:072527b12cdfa1393d04a08aeba6b0eb42fd6921426ea14eaf8c828953771749;monitoring-system;N/A;loki-stack-promtail-cbxtf
ssrmprod;sales-eks-01-prod;sha256:072527b12cdfa1393d04a08aeba6b0eb42fd6921426ea14eaf8c828953771749;docker.io/grafana/promtail@sha256:072527b12cdfa1393d04a08aeba6b0eb42fd6921426ea14eaf8c828953771749;monitoring-system;N/A;loki-stack-promtail-l58z7
ssrmprod;sales-eks-01-prod;sha256:072527b12cdfa1393d04a08aeba6b0eb42fd6921426ea14eaf8c828953771749;docker.io/grafana/promtail@sha256:072527b12cdfa1393d04a08aeba6b0eb42fd6921426ea14eaf8c828953771749;monitoring-system;N/A;loki-stack-promtail-ppbfs
ssrmprod;sales-eks-01-prod;sha256:d0aee3f816725cb130121f3ea67979160bdc79fe616efa077c9b15cab4689504;quay.io/prometheus-operator/prometheus-config-reloader@sha256:d0aee3f816725cb130121f3ea67979160bdc79fe616efa077c9b15cab4689504;monitoring-system;N/A;prometheus-kube-prometheus-stack-prometheus-0
ssrmprod;sales-eks-01-prod;sha256:2acfab1966f0dbecc6afbead13eca7f47062cfe8726bb9db25e39e0c0b88e9c3;quay.io/prometheus/prometheus@sha256:2acfab1966f0dbecc6afbead13eca7f47062cfe8726bb9db25e39e0c0b88e9c3;monitoring-system;N/A;prometheus-kube-prometheus-stack-prometheus-0
ssrmprod;sales-eks-01-prod;sha256:477d4c3d896a0deefdcccf0e08e8fb0d4258e5340d34f3c3513f75073de5835c;docker.io/provectuslabs/kafka-ui@sha256:477d4c3d896a0deefdcccf0e08e8fb0d4258e5340d34f3c3513f75073de5835c;msk-smartproxy;kafka-ui-logs-554bf7d9b5;kafka-ui-logs-554bf7d9b5-zqrd9
ssrmprod;sales-eks-01-prod;sha256:477d4c3d896a0deefdcccf0e08e8fb0d4258e5340d34f3c3513f75073de5835c;docker.io/provectuslabs/kafka-ui@sha256:477d4c3d896a0deefdcccf0e08e8fb0d4258e5340d34f3c3513f75073de5835c;observability;kafka-ui-logs-744758849f;kafka-ui-logs-744758849f-qg4z9
ssrmprod;sales-eks-01-prod;sha256:a0351c8e7e72c761c347bdcb8808c95912fe83c460a3cecd3e953348a655abde;docker.io/clickhouse/clickhouse-server@sha256:a0351c8e7e72c761c347bdcb8808c95912fe83c460a3cecd3e953348a655abde;posthog-prd;N/A;chi-posthog-posthog-0-0-0
ssrmprod;sales-eks-01-prod;sha256:7a85f522c5bc68ba155878966be356654e367568672e21c2dba2c930490db195;docker.io/altinity/clickhouse-operator@sha256:7a85f522c5bc68ba155878966be356654e367568672e21c2dba2c930490db195;posthog-prd;clickhouse-operator-5f85977dd9;clickhouse-operator-5f85977dd9-n557g
ssrmprod;sales-eks-01-prod;sha256:74a3bdfb877c98f292ceab32bab2873462ce91170815d83655fa25ccaeca6bf4;docker.io/altinity/metrics-exporter@sha256:74a3bdfb877c98f292ceab32bab2873462ce91170815d83655fa25ccaeca6bf4;posthog-prd;clickhouse-operator-5f85977dd9;clickhouse-operator-5f85977dd9-n557g
ssrmprod;sales-eks-01-prod;sha256:fef465f62524ed89c27451752385ab69e5c35ea4bc48b62bf61f733916ea674c;quay.io/jetstack/cert-manager-controller@sha256:fef465f62524ed89c27451752385ab69e5c35ea4bc48b62bf61f733916ea674c;posthog-prd;posthog-cert-manager-7475999fdd;posthog-cert-manager-7475999fdd-8jkr7
ssrmprod;sales-eks-01-prod;sha256:916ef12af73c8a4cbdfb6127d6f513f476f3aeed2447ec7f1a58a95113bda713;quay.io/jetstack/cert-manager-cainjector@sha256:916ef12af73c8a4cbdfb6127d6f513f476f3aeed2447ec7f1a58a95113bda713;posthog-prd;posthog-cert-manager-cainjector-5c88c46999;posthog-cert-manager-cainjector-5c88c46999-vpbf6
ssrmprod;sales-eks-01-prod;sha256:45934ab42749e8c90da0726734155374f4ea55d7796246264e7adea87569918a;quay.io/jetstack/cert-manager-webhook@sha256:45934ab42749e8c90da0726734155374f4ea55d7796246264e7adea87569918a;posthog-prd;posthog-cert-manager-webhook-d9c47f758;posthog-cert-manager-webhook-d9c47f758-j6zrh
ssrmprod;sales-eks-01-prod;sha256:74441a9fa04a5af78bf76a5af909f88592033c03ce6f1e14f343cd53d0266827;docker.io/posthog/posthog@sha256:74441a9fa04a5af78bf76a5af909f88592033c03ce6f1e14f343cd53d0266827;posthog-prd;posthog-events-7d79dcb856;posthog-events-7d79dcb856-csfqk
ssrmprod;sales-eks-01-prod;sha256:f766669fdcf3dc26347ed273a55e754b427eb4411ee075a53f30718b4499076a;k8s.gcr.io/ingress-nginx/controller@sha256:f766669fdcf3dc26347ed273a55e754b427eb4411ee075a53f30718b4499076a;posthog-prd;posthog-ingress-nginx-controller-6ff869d4fc;posthog-ingress-nginx-controller-6ff869d4fc-8tqhz
ssrmprod;sales-eks-01-prod;sha256:e17b61c1b97eeecb562b33215456f02609db9b98c1e414f9a29ac46ec0a38a85;docker.io/bitnami/pgbouncer@sha256:e17b61c1b97eeecb562b33215456f02609db9b98c1e414f9a29ac46ec0a38a85;posthog-prd;posthog-pgbouncer-55fff8c6b6;posthog-pgbouncer-55fff8c6b6-jnvp2
ssrmprod;sales-eks-01-prod;sha256:74441a9fa04a5af78bf76a5af909f88592033c03ce6f1e14f343cd53d0266827;docker.io/posthog/posthog@sha256:74441a9fa04a5af78bf76a5af909f88592033c03ce6f1e14f343cd53d0266827;posthog-prd;posthog-plugins-8655c9f97d;posthog-plugins-8655c9f97d-vlh9l
ssrmprod;sales-eks-01-prod;sha256:5a85aeb27ffad227df55f7253a5b3634472d9d028ca20da0d6b9e7bb049d41e9;docker.io/bitnami/kafka@sha256:5a85aeb27ffad227df55f7253a5b3634472d9d028ca20da0d6b9e7bb049d41e9;posthog-prd;N/A;posthog-posthog-kafka-0
ssrmprod;sales-eks-01-prod;sha256:a97dd274c972cb39c8bfbf6f551fd80a9279b564e4713f4a2f02d213c033ae79;docker.io/bitnami/redis@sha256:a97dd274c972cb39c8bfbf6f551fd80a9279b564e4713f4a2f02d213c033ae79;posthog-prd;N/A;posthog-posthog-redis-master-0
ssrmprod;sales-eks-01-prod;sha256:061e22290d520d3c1536bbb2d6ed29e284f47b46d5035b6b6de1424658f2153c;docker.io/bitnami/zookeeper@sha256:061e22290d520d3c1536bbb2d6ed29e284f47b46d5035b6b6de1424658f2153c;posthog-prd;N/A;posthog-posthog-zookeeper-0
ssrmprod;sales-eks-01-prod;sha256:74441a9fa04a5af78bf76a5af909f88592033c03ce6f1e14f343cd53d0266827;docker.io/posthog/posthog@sha256:74441a9fa04a5af78bf76a5af909f88592033c03ce6f1e14f343cd53d0266827;posthog-prd;posthog-web-5ccc5f6458;posthog-web-5ccc5f6458-bjbht
ssrmprod;sales-eks-01-prod;sha256:74441a9fa04a5af78bf76a5af909f88592033c03ce6f1e14f343cd53d0266827;docker.io/posthog/posthog@sha256:74441a9fa04a5af78bf76a5af909f88592033c03ce6f1e14f343cd53d0266827;posthog-prd;posthog-worker-648556846;posthog-worker-648556846-4fmmx
ssrmprod;sales-eks-01-prod;sha256:27c454768ae8f434e587f87d14ce49d574d46a37a322b8839e1352a344dcff75;docker.io/apache/camel-k@sha256:27c454768ae8f434e587f87d14ce49d574d46a37a322b8839e1352a344dcff75;smartproxy-dev;camel-k-operator-688d5cb466;camel-k-operator-688d5cb466-k8ff7
ssrmprod;sales-eks-01-prod;sha256:27c454768ae8f434e587f87d14ce49d574d46a37a322b8839e1352a344dcff75;docker.io/apache/camel-k@sha256:27c454768ae8f434e587f87d14ce49d574d46a37a322b8839e1352a344dcff75;smartproxy-uat;camel-k-operator-688d5cb466;camel-k-operator-688d5cb466-r9lq2
ssrmprod;sales-eks-01-prod;sha256:27c454768ae8f434e587f87d14ce49d574d46a37a322b8839e1352a344dcff75;docker.io/apache/camel-k@sha256:27c454768ae8f434e587f87d14ce49d574d46a37a322b8839e1352a344dcff75;smartproxy;camel-k-operator-688d5cb466;camel-k-operator-688d5cb466-xf44n
ssrmprod;sales-eks-01-prod;sha256:6845f3ea66c0711b93e423e6c7f481e4527b4b7afeee23e12bdd3c86ead100a4;564593125549.dkr.ecr.sa-east-1.amazonaws.com/techdocs-preview-nginx@sha256:6845f3ea66c0711b93e423e6c7f481e4527b4b7afeee23e12bdd3c86ead100a4;techdocs-preview;techdocs-preview-7fdfb67dc;techdocs-preview-7fdfb67dc-v7zsb
ssrmprod;sales-eks-01-prod;sha256:f635442a0f47bbc8d1d868ca2b50d06e028d2c5048fd73a5986c92df317aff26;docker.io/velero/velero@sha256:f635442a0f47bbc8d1d868ca2b50d06e028d2c5048fd73a5986c92df317aff26;velero;velero-559c8cb49;velero-559c8cb49-wqqvl
account;cluster;sha;sha;namespace;deployment;pod_name
ssrmprod;sales-eks-01-uat;sha256:614e2a378d2c55b588ea02eab6a6ec9eb4e4281ad731955dc67442c4c2ff35bb;gcr.io/apigee-microgateway/edgemicro@sha256:614e2a378d2c55b588ea02eab6a6ec9eb4e4281ad731955dc67442c4c2ff35bb;apigee-system;eks-nike-tech-01-prod-microgateway-ddb785cf8;eks-nike-tech-01-prod-microgateway-ddb785cf8-8t964
ssrmprod;sales-eks-01-uat;sha256:b68f8ab06808890dff627d8fff67a3375fb8d38b83d1c79ea0684cfbb7702ba9;docker.io/bitnami/cassandra@sha256:b68f8ab06808890dff627d8fff67a3375fb8d38b83d1c79ea0684cfbb7702ba9;cassandra-uat;N/A;cassandra-uat-0
ssrmprod;sales-eks-01-uat;sha256:c5e0e5dca7503a8371b8d366db0f49e3fc68f62ea480262e39b6cc277991c97c;quay.io/strimzi/operator@sha256:c5e0e5dca7503a8371b8d366db0f49e3fc68f62ea480262e39b6cc277991c97c;default;strimzi-cluster-operator-5dc9798fb4;strimzi-cluster-operator-5dc9798fb4-gbknc
ssrmprod;sales-eks-01-uat;sha256:bfb1d7950ea02c875c7061a98e1714b017d8e2a6e74df0c07611c546b6d4f8b6;ghcr.io/fluxcd/flagger@sha256:bfb1d7950ea02c875c7061a98e1714b017d8e2a6e74df0c07611c546b6d4f8b6;istio-system;flagger-8b945cf6b;flagger-8b945cf6b-6jn8n
ssrmprod;sales-eks-01-uat;sha256:2152aea5fbe2de20f08f3e0412ad7a4cd54a492240ff40974261ee4bdb43871d;docker.io/istio/proxyv2@sha256:2152aea5fbe2de20f08f3e0412ad7a4cd54a492240ff40974261ee4bdb43871d;istio-system;istio-ingress-65cc558668;istio-ingress-65cc558668-rxzqd
ssrmprod;sales-eks-01-uat;sha256:ce9d876067018d5217836ffd28e5767e64937c573f5ac7d421be860857d0b266;docker.io/istio/pilot@sha256:ce9d876067018d5217836ffd28e5767e64937c573f5ac7d421be860857d0b266;istio-system;istiod-649844d58b;istiod-649844d58b-bh5dk
ssrmprod;sales-eks-01-uat;sha256:0e0c081fd0cf40e9028533d386177fc2492e4e839e1151237e847b2c9486715b;docker.io/jaegertracing/all-in-one@sha256:0e0c081fd0cf40e9028533d386177fc2492e4e839e1151237e847b2c9486715b;istio-system;jaeger-8559896dfc;jaeger-8559896dfc-v2t2j
ssrmprod;sales-eks-01-uat;sha256:fa494cb4ef3f3e4f593f3b12f77fced35fe1dff3c7c97e5f54f3f834d778e18d;quay.io/kiali/kiali@sha256:fa494cb4ef3f3e4f593f3b12f77fced35fe1dff3c7c97e5f54f3f834d778e18d;istio-system;kiali-65fcd75bd;kiali-65fcd75bd-qnvd9
ssrmprod;sales-eks-01-uat;sha256:680ae1958dbcb9da8ee4128a67c1163a6ee2744221f7d29f73d8bcc237fd0173;quay.io/strimzi/kafka@sha256:680ae1958dbcb9da8ee4128a67c1163a6ee2744221f7d29f73d8bcc237fd0173;kafka-dev;kafka-cluster-entity-operator-7d4b5dcddf;kafka-cluster-entity-operator-7d4b5dcddf-bbdvl
ssrmprod;sales-eks-01-uat;sha256:c5e0e5dca7503a8371b8d366db0f49e3fc68f62ea480262e39b6cc277991c97c;quay.io/strimzi/operator@sha256:c5e0e5dca7503a8371b8d366db0f49e3fc68f62ea480262e39b6cc277991c97c;kafka-dev;kafka-cluster-entity-operator-7d4b5dcddf;kafka-cluster-entity-operator-7d4b5dcddf-bbdvl
ssrmprod;sales-eks-01-uat;sha256:c5e0e5dca7503a8371b8d366db0f49e3fc68f62ea480262e39b6cc277991c97c;quay.io/strimzi/operator@sha256:c5e0e5dca7503a8371b8d366db0f49e3fc68f62ea480262e39b6cc277991c97c;kafka-dev;kafka-cluster-entity-operator-7d4b5dcddf;kafka-cluster-entity-operator-7d4b5dcddf-bbdvl
ssrmprod;sales-eks-01-uat;sha256:680ae1958dbcb9da8ee4128a67c1163a6ee2744221f7d29f73d8bcc237fd0173;quay.io/strimzi/kafka@sha256:680ae1958dbcb9da8ee4128a67c1163a6ee2744221f7d29f73d8bcc237fd0173;kafka-dev;N/A;kafka-cluster-kafka-0
ssrmprod;sales-eks-01-uat;sha256:680ae1958dbcb9da8ee4128a67c1163a6ee2744221f7d29f73d8bcc237fd0173;quay.io/strimzi/kafka@sha256:680ae1958dbcb9da8ee4128a67c1163a6ee2744221f7d29f73d8bcc237fd0173;kafka-dev;N/A;kafka-cluster-zookeeper-0
ssrmprod;sales-eks-01-uat;sha256:680ae1958dbcb9da8ee4128a67c1163a6ee2744221f7d29f73d8bcc237fd0173;quay.io/strimzi/kafka@sha256:680ae1958dbcb9da8ee4128a67c1163a6ee2744221f7d29f73d8bcc237fd0173;kafka-dev;N/A;kafka-cluster-zookeeper-1
ssrmprod;sales-eks-01-uat;sha256:680ae1958dbcb9da8ee4128a67c1163a6ee2744221f7d29f73d8bcc237fd0173;quay.io/strimzi/kafka@sha256:680ae1958dbcb9da8ee4128a67c1163a6ee2744221f7d29f73d8bcc237fd0173;kafka-dev;N/A;kafka-cluster-zookeeper-2
ssrmprod;sales-eks-01-uat;sha256:680ae1958dbcb9da8ee4128a67c1163a6ee2744221f7d29f73d8bcc237fd0173;quay.io/strimzi/kafka@sha256:680ae1958dbcb9da8ee4128a67c1163a6ee2744221f7d29f73d8bcc237fd0173;kafka-uat;kafka-cluster-entity-operator-9f495578;kafka-cluster-entity-operator-9f495578-l64r4
ssrmprod;sales-eks-01-uat;sha256:c5e0e5dca7503a8371b8d366db0f49e3fc68f62ea480262e39b6cc277991c97c;quay.io/strimzi/operator@sha256:c5e0e5dca7503a8371b8d366db0f49e3fc68f62ea480262e39b6cc277991c97c;kafka-uat;kafka-cluster-entity-operator-9f495578;kafka-cluster-entity-operator-9f495578-l64r4
ssrmprod;sales-eks-01-uat;sha256:c5e0e5dca7503a8371b8d366db0f49e3fc68f62ea480262e39b6cc277991c97c;quay.io/strimzi/operator@sha256:c5e0e5dca7503a8371b8d366db0f49e3fc68f62ea480262e39b6cc277991c97c;kafka-uat;kafka-cluster-entity-operator-9f495578;kafka-cluster-entity-operator-9f495578-l64r4
ssrmprod;sales-eks-01-uat;sha256:680ae1958dbcb9da8ee4128a67c1163a6ee2744221f7d29f73d8bcc237fd0173;quay.io/strimzi/kafka@sha256:680ae1958dbcb9da8ee4128a67c1163a6ee2744221f7d29f73d8bcc237fd0173;kafka-uat;N/A;kafka-cluster-kafka-0
ssrmprod;sales-eks-01-uat;sha256:680ae1958dbcb9da8ee4128a67c1163a6ee2744221f7d29f73d8bcc237fd0173;quay.io/strimzi/kafka@sha256:680ae1958dbcb9da8ee4128a67c1163a6ee2744221f7d29f73d8bcc237fd0173;kafka-uat;N/A;kafka-cluster-zookeeper-0
ssrmprod;sales-eks-01-uat;sha256:680ae1958dbcb9da8ee4128a67c1163a6ee2744221f7d29f73d8bcc237fd0173;quay.io/strimzi/kafka@sha256:680ae1958dbcb9da8ee4128a67c1163a6ee2744221f7d29f73d8bcc237fd0173;kafka-uat;N/A;kafka-cluster-zookeeper-1
ssrmprod;sales-eks-01-uat;sha256:680ae1958dbcb9da8ee4128a67c1163a6ee2744221f7d29f73d8bcc237fd0173;quay.io/strimzi/kafka@sha256:680ae1958dbcb9da8ee4128a67c1163a6ee2744221f7d29f73d8bcc237fd0173;kafka-uat;N/A;kafka-cluster-zookeeper-2
ssrmprod;sales-eks-01-uat;sha256:4e71a9aaf6e6c5ad0515c8ca04385920a69d8c4588738e5fbaff957d5cf283a5;602401143452.dkr.ecr.sa-east-1.amazonaws.com/amazon-k8s-cni@sha256:4e71a9aaf6e6c5ad0515c8ca04385920a69d8c4588738e5fbaff957d5cf283a5;kube-system;N/A;aws-node-92vct
ssrmprod;sales-eks-01-uat;sha256:4e71a9aaf6e6c5ad0515c8ca04385920a69d8c4588738e5fbaff957d5cf283a5;602401143452.dkr.ecr.sa-east-1.amazonaws.com/amazon-k8s-cni@sha256:4e71a9aaf6e6c5ad0515c8ca04385920a69d8c4588738e5fbaff957d5cf283a5;kube-system;N/A;aws-node-n64g5
ssrmprod;sales-eks-01-uat;sha256:4e71a9aaf6e6c5ad0515c8ca04385920a69d8c4588738e5fbaff957d5cf283a5;602401143452.dkr.ecr.sa-east-1.amazonaws.com/amazon-k8s-cni@sha256:4e71a9aaf6e6c5ad0515c8ca04385920a69d8c4588738e5fbaff957d5cf283a5;kube-system;N/A;aws-node-rsl95
ssrmprod;sales-eks-01-uat;sha256:4e71a9aaf6e6c5ad0515c8ca04385920a69d8c4588738e5fbaff957d5cf283a5;602401143452.dkr.ecr.sa-east-1.amazonaws.com/amazon-k8s-cni@sha256:4e71a9aaf6e6c5ad0515c8ca04385920a69d8c4588738e5fbaff957d5cf283a5;kube-system;N/A;aws-node-spmrs
ssrmprod;sales-eks-01-uat;sha256:4e71a9aaf6e6c5ad0515c8ca04385920a69d8c4588738e5fbaff957d5cf283a5;602401143452.dkr.ecr.sa-east-1.amazonaws.com/amazon-k8s-cni@sha256:4e71a9aaf6e6c5ad0515c8ca04385920a69d8c4588738e5fbaff957d5cf283a5;kube-system;N/A;aws-node-x4zzq
ssrmprod;sales-eks-01-uat;sha256:f46687231c2c1bfa139f2b18275b123222c8cf6a288bb9c8145932bd14ac3deb;k8s.gcr.io/autoscaling/cluster-autoscaler@sha256:f46687231c2c1bfa139f2b18275b123222c8cf6a288bb9c8145932bd14ac3deb;kube-system;cluster-autoscaler-aws-cluster-autoscaler-6c5c48ffbb;cluster-autoscaler-aws-cluster-autoscaler-6c5c48ffbb-ktbf9
ssrmprod;sales-eks-01-uat;sha256:283e342425558e69cc2e709337347e446d20604f544b2f98dd6f03dab7cd805a;602401143452.dkr.ecr.sa-east-1.amazonaws.com/eks/coredns@sha256:283e342425558e69cc2e709337347e446d20604f544b2f98dd6f03dab7cd805a;kube-system;coredns-87d7c8c9;coredns-87d7c8c9-2nlfx
ssrmprod;sales-eks-01-uat;sha256:283e342425558e69cc2e709337347e446d20604f544b2f98dd6f03dab7cd805a;602401143452.dkr.ecr.sa-east-1.amazonaws.com/eks/coredns@sha256:283e342425558e69cc2e709337347e446d20604f544b2f98dd6f03dab7cd805a;kube-system;coredns-87d7c8c9;coredns-87d7c8c9-kh4fm
ssrmprod;sales-eks-01-uat;sha256:69f580b92c80c38e1339b55ad38043efeb0b721ae4cd351d3ac6685b323b3157;602401143452.dkr.ecr.sa-east-1.amazonaws.com/eks/csi-attacher@sha256:69f580b92c80c38e1339b55ad38043efeb0b721ae4cd351d3ac6685b323b3157;kube-system;ebs-csi-controller-6b8dfdc68b;ebs-csi-controller-6b8dfdc68b-gnwmj
ssrmprod;sales-eks-01-uat;sha256:5ad11decb148950bdae987c7f938427a661d7ae60850e6c56f40314392eb7a5f;602401143452.dkr.ecr.sa-east-1.amazonaws.com/eks/csi-provisioner@sha256:5ad11decb148950bdae987c7f938427a661d7ae60850e6c56f40314392eb7a5f;kube-system;ebs-csi-controller-6b8dfdc68b;ebs-csi-controller-6b8dfdc68b-gnwmj
ssrmprod;sales-eks-01-uat;sha256:b2eefd692d1b4decf97f5bf785b50bc2b0338a2df66840d2679b6abf28a013cb;602401143452.dkr.ecr.sa-east-1.amazonaws.com/eks/csi-resizer@sha256:b2eefd692d1b4decf97f5bf785b50bc2b0338a2df66840d2679b6abf28a013cb;kube-system;ebs-csi-controller-6b8dfdc68b;ebs-csi-controller-6b8dfdc68b-gnwmj
ssrmprod;sales-eks-01-uat;sha256:b52d3e46d63c8991d10858a4c3e2417a2ab84d990ec41036119fc8235697dd8d;602401143452.dkr.ecr.sa-east-1.amazonaws.com/eks/csi-snapshotter@sha256:b52d3e46d63c8991d10858a4c3e2417a2ab84d990ec41036119fc8235697dd8d;kube-system;ebs-csi-controller-6b8dfdc68b;ebs-csi-controller-6b8dfdc68b-gnwmj
ssrmprod;sales-eks-01-uat;sha256:1564359e1e0e7cb577c77219541c423e782b726f603fde4fcfa0c1eafbc50320;602401143452.dkr.ecr.sa-east-1.amazonaws.com/eks/aws-ebs-csi-driver@sha256:1564359e1e0e7cb577c77219541c423e782b726f603fde4fcfa0c1eafbc50320;kube-system;ebs-csi-controller-6b8dfdc68b;ebs-csi-controller-6b8dfdc68b-gnwmj
ssrmprod;sales-eks-01-uat;sha256:5aa45f506d50b63acf32fae45c56e31de7567c5a8c2a55e810db138e7adf0789;602401143452.dkr.ecr.sa-east-1.amazonaws.com/eks/livenessprobe@sha256:5aa45f506d50b63acf32fae45c56e31de7567c5a8c2a55e810db138e7adf0789;kube-system;ebs-csi-controller-6b8dfdc68b;ebs-csi-controller-6b8dfdc68b-gnwmj
ssrmprod;sales-eks-01-uat;sha256:69f580b92c80c38e1339b55ad38043efeb0b721ae4cd351d3ac6685b323b3157;602401143452.dkr.ecr.sa-east-1.amazonaws.com/eks/csi-attacher@sha256:69f580b92c80c38e1339b55ad38043efeb0b721ae4cd351d3ac6685b323b3157;kube-system;ebs-csi-controller-6b8dfdc68b;ebs-csi-controller-6b8dfdc68b-vxlhv
ssrmprod;sales-eks-01-uat;sha256:5ad11decb148950bdae987c7f938427a661d7ae60850e6c56f40314392eb7a5f;602401143452.dkr.ecr.sa-east-1.amazonaws.com/eks/csi-provisioner@sha256:5ad11decb148950bdae987c7f938427a661d7ae60850e6c56f40314392eb7a5f;kube-system;ebs-csi-controller-6b8dfdc68b;ebs-csi-controller-6b8dfdc68b-vxlhv
ssrmprod;sales-eks-01-uat;sha256:b2eefd692d1b4decf97f5bf785b50bc2b0338a2df66840d2679b6abf28a013cb;602401143452.dkr.ecr.sa-east-1.amazonaws.com/eks/csi-resizer@sha256:b2eefd692d1b4decf97f5bf785b50bc2b0338a2df66840d2679b6abf28a013cb;kube-system;ebs-csi-controller-6b8dfdc68b;ebs-csi-controller-6b8dfdc68b-vxlhv
ssrmprod;sales-eks-01-uat;sha256:b52d3e46d63c8991d10858a4c3e2417a2ab84d990ec41036119fc8235697dd8d;602401143452.dkr.ecr.sa-east-1.amazonaws.com/eks/csi-snapshotter@sha256:b52d3e46d63c8991d10858a4c3e2417a2ab84d990ec41036119fc8235697dd8d;kube-system;ebs-csi-controller-6b8dfdc68b;ebs-csi-controller-6b8dfdc68b-vxlhv
ssrmprod;sales-eks-01-uat;sha256:1564359e1e0e7cb577c77219541c423e782b726f603fde4fcfa0c1eafbc50320;602401143452.dkr.ecr.sa-east-1.amazonaws.com/eks/aws-ebs-csi-driver@sha256:1564359e1e0e7cb577c77219541c423e782b726f603fde4fcfa0c1eafbc50320;kube-system;ebs-csi-controller-6b8dfdc68b;ebs-csi-controller-6b8dfdc68b-vxlhv
ssrmprod;sales-eks-01-uat;sha256:5aa45f506d50b63acf32fae45c56e31de7567c5a8c2a55e810db138e7adf0789;602401143452.dkr.ecr.sa-east-1.amazonaws.com/eks/livenessprobe@sha256:5aa45f506d50b63acf32fae45c56e31de7567c5a8c2a55e810db138e7adf0789;kube-system;ebs-csi-controller-6b8dfdc68b;ebs-csi-controller-6b8dfdc68b-vxlhv
ssrmprod;sales-eks-01-uat;sha256:1564359e1e0e7cb577c77219541c423e782b726f603fde4fcfa0c1eafbc50320;602401143452.dkr.ecr.sa-east-1.amazonaws.com/eks/aws-ebs-csi-driver@sha256:1564359e1e0e7cb577c77219541c423e782b726f603fde4fcfa0c1eafbc50320;kube-system;N/A;ebs-csi-node-88kqc
ssrmprod;sales-eks-01-uat;sha256:5aa45f506d50b63acf32fae45c56e31de7567c5a8c2a55e810db138e7adf0789;602401143452.dkr.ecr.sa-east-1.amazonaws.com/eks/livenessprobe@sha256:5aa45f506d50b63acf32fae45c56e31de7567c5a8c2a55e810db138e7adf0789;kube-system;N/A;ebs-csi-node-88kqc
ssrmprod;sales-eks-01-uat;sha256:d99f0bb1a918f0b8f144aa1e4785460924af946b1e0bb7a23996780358238951;602401143452.dkr.ecr.sa-east-1.amazonaws.com/eks/csi-node-driver-registrar@sha256:d99f0bb1a918f0b8f144aa1e4785460924af946b1e0bb7a23996780358238951;kube-system;N/A;ebs-csi-node-88kqc
ssrmprod;sales-eks-01-uat;sha256:1564359e1e0e7cb577c77219541c423e782b726f603fde4fcfa0c1eafbc50320;602401143452.dkr.ecr.sa-east-1.amazonaws.com/eks/aws-ebs-csi-driver@sha256:1564359e1e0e7cb577c77219541c423e782b726f603fde4fcfa0c1eafbc50320;kube-system;N/A;ebs-csi-node-dtkwg
ssrmprod;sales-eks-01-uat;sha256:5aa45f506d50b63acf32fae45c56e31de7567c5a8c2a55e810db138e7adf0789;602401143452.dkr.ecr.sa-east-1.amazonaws.com/eks/livenessprobe@sha256:5aa45f506d50b63acf32fae45c56e31de7567c5a8c2a55e810db138e7adf0789;kube-system;N/A;ebs-csi-node-dtkwg
ssrmprod;sales-eks-01-uat;sha256:d99f0bb1a918f0b8f144aa1e4785460924af946b1e0bb7a23996780358238951;602401143452.dkr.ecr.sa-east-1.amazonaws.com/eks/csi-node-driver-registrar@sha256:d99f0bb1a918f0b8f144aa1e4785460924af946b1e0bb7a23996780358238951;kube-system;N/A;ebs-csi-node-dtkwg
ssrmprod;sales-eks-01-uat;sha256:1564359e1e0e7cb577c77219541c423e782b726f603fde4fcfa0c1eafbc50320;602401143452.dkr.ecr.sa-east-1.amazonaws.com/eks/aws-ebs-csi-driver@sha256:1564359e1e0e7cb577c77219541c423e782b726f603fde4fcfa0c1eafbc50320;kube-system;N/A;ebs-csi-node-dz4fg
ssrmprod;sales-eks-01-uat;sha256:5aa45f506d50b63acf32fae45c56e31de7567c5a8c2a55e810db138e7adf0789;602401143452.dkr.ecr.sa-east-1.amazonaws.com/eks/livenessprobe@sha256:5aa45f506d50b63acf32fae45c56e31de7567c5a8c2a55e810db138e7adf0789;kube-system;N/A;ebs-csi-node-dz4fg
ssrmprod;sales-eks-01-uat;sha256:d99f0bb1a918f0b8f144aa1e4785460924af946b1e0bb7a23996780358238951;602401143452.dkr.ecr.sa-east-1.amazonaws.com/eks/csi-node-driver-registrar@sha256:d99f0bb1a918f0b8f144aa1e4785460924af946b1e0bb7a23996780358238951;kube-system;N/A;ebs-csi-node-dz4fg
ssrmprod;sales-eks-01-uat;sha256:1564359e1e0e7cb577c77219541c423e782b726f603fde4fcfa0c1eafbc50320;602401143452.dkr.ecr.sa-east-1.amazonaws.com/eks/aws-ebs-csi-driver@sha256:1564359e1e0e7cb577c77219541c423e782b726f603fde4fcfa0c1eafbc50320;kube-system;N/A;ebs-csi-node-ntqbq
ssrmprod;sales-eks-01-uat;sha256:5aa45f506d50b63acf32fae45c56e31de7567c5a8c2a55e810db138e7adf0789;602401143452.dkr.ecr.sa-east-1.amazonaws.com/eks/livenessprobe@sha256:5aa45f506d50b63acf32fae45c56e31de7567c5a8c2a55e810db138e7adf0789;kube-system;N/A;ebs-csi-node-ntqbq
ssrmprod;sales-eks-01-uat;sha256:d99f0bb1a918f0b8f144aa1e4785460924af946b1e0bb7a23996780358238951;602401143452.dkr.ecr.sa-east-1.amazonaws.com/eks/csi-node-driver-registrar@sha256:d99f0bb1a918f0b8f144aa1e4785460924af946b1e0bb7a23996780358238951;kube-system;N/A;ebs-csi-node-ntqbq
ssrmprod;sales-eks-01-uat;sha256:1564359e1e0e7cb577c77219541c423e782b726f603fde4fcfa0c1eafbc50320;602401143452.dkr.ecr.sa-east-1.amazonaws.com/eks/aws-ebs-csi-driver@sha256:1564359e1e0e7cb577c77219541c423e782b726f603fde4fcfa0c1eafbc50320;kube-system;N/A;ebs-csi-node-vww65
ssrmprod;sales-eks-01-uat;sha256:5aa45f506d50b63acf32fae45c56e31de7567c5a8c2a55e810db138e7adf0789;602401143452.dkr.ecr.sa-east-1.amazonaws.com/eks/livenessprobe@sha256:5aa45f506d50b63acf32fae45c56e31de7567c5a8c2a55e810db138e7adf0789;kube-system;N/A;ebs-csi-node-vww65
ssrmprod;sales-eks-01-uat;sha256:d99f0bb1a918f0b8f144aa1e4785460924af946b1e0bb7a23996780358238951;602401143452.dkr.ecr.sa-east-1.amazonaws.com/eks/csi-node-driver-registrar@sha256:d99f0bb1a918f0b8f144aa1e4785460924af946b1e0bb7a23996780358238951;kube-system;N/A;ebs-csi-node-vww65
ssrmprod;sales-eks-01-uat;sha256:e677f72d499e09557e20ba9b5ade9fbbc70b73f658b95226963215eaa9fdb1ad;564593125549.dkr.ecr.sa-east-1.amazonaws.com/aws-public/eks-distro/kubernetes-csi/external-provisioner@sha256:e677f72d499e09557e20ba9b5ade9fbbc70b73f658b95226963215eaa9fdb1ad;kube-system;efs-csi-controller-6f75577dbb;efs-csi-controller-6f75577dbb-6d8pb
ssrmprod;sales-eks-01-uat;sha256:4db1a50a1583c662643b4a24a7940c7e347ef22f3c6f83f825587c3b904abe87;602401143452.dkr.ecr.sa-east-1.amazonaws.com/eks/aws-efs-csi-driver@sha256:4db1a50a1583c662643b4a24a7940c7e347ef22f3c6f83f825587c3b904abe87;kube-system;efs-csi-controller-6f75577dbb;efs-csi-controller-6f75577dbb-6d8pb
ssrmprod;sales-eks-01-uat;sha256:d790820d19a6253ee31418be4d1a9ae023d4a6b64c5591f8f031b4194828cc5b;564593125549.dkr.ecr.sa-east-1.amazonaws.com/aws-public/eks-distro/kubernetes-csi/livenessprobe@sha256:d790820d19a6253ee31418be4d1a9ae023d4a6b64c5591f8f031b4194828cc5b;kube-system;efs-csi-controller-6f75577dbb;efs-csi-controller-6f75577dbb-6d8pb
ssrmprod;sales-eks-01-uat;sha256:e677f72d499e09557e20ba9b5ade9fbbc70b73f658b95226963215eaa9fdb1ad;564593125549.dkr.ecr.sa-east-1.amazonaws.com/aws-public/eks-distro/kubernetes-csi/external-provisioner@sha256:e677f72d499e09557e20ba9b5ade9fbbc70b73f658b95226963215eaa9fdb1ad;kube-system;efs-csi-controller-6f75577dbb;efs-csi-controller-6f75577dbb-mmmm7
ssrmprod;sales-eks-01-uat;sha256:4db1a50a1583c662643b4a24a7940c7e347ef22f3c6f83f825587c3b904abe87;602401143452.dkr.ecr.sa-east-1.amazonaws.com/eks/aws-efs-csi-driver@sha256:4db1a50a1583c662643b4a24a7940c7e347ef22f3c6f83f825587c3b904abe87;kube-system;efs-csi-controller-6f75577dbb;efs-csi-controller-6f75577dbb-mmmm7
ssrmprod;sales-eks-01-uat;sha256:d790820d19a6253ee31418be4d1a9ae023d4a6b64c5591f8f031b4194828cc5b;564593125549.dkr.ecr.sa-east-1.amazonaws.com/aws-public/eks-distro/kubernetes-csi/livenessprobe@sha256:d790820d19a6253ee31418be4d1a9ae023d4a6b64c5591f8f031b4194828cc5b;kube-system;efs-csi-controller-6f75577dbb;efs-csi-controller-6f75577dbb-mmmm7
ssrmprod;sales-eks-01-uat;sha256:9cd9ef74078997d4d05f5061b6a4948b54b591bb5152675f45a183c3a1cbbfd8;564593125549.dkr.ecr.sa-east-1.amazonaws.com/aws-public/eks-distro/kubernetes-csi/node-driver-registrar@sha256:9cd9ef74078997d4d05f5061b6a4948b54b591bb5152675f45a183c3a1cbbfd8;kube-system;N/A;efs-csi-node-4qd9f
ssrmprod;sales-eks-01-uat;sha256:4db1a50a1583c662643b4a24a7940c7e347ef22f3c6f83f825587c3b904abe87;602401143452.dkr.ecr.sa-east-1.amazonaws.com/eks/aws-efs-csi-driver@sha256:4db1a50a1583c662643b4a24a7940c7e347ef22f3c6f83f825587c3b904abe87;kube-system;N/A;efs-csi-node-4qd9f
ssrmprod;sales-eks-01-uat;sha256:d790820d19a6253ee31418be4d1a9ae023d4a6b64c5591f8f031b4194828cc5b;564593125549.dkr.ecr.sa-east-1.amazonaws.com/aws-public/eks-distro/kubernetes-csi/livenessprobe@sha256:d790820d19a6253ee31418be4d1a9ae023d4a6b64c5591f8f031b4194828cc5b;kube-system;N/A;efs-csi-node-4qd9f
ssrmprod;sales-eks-01-uat;sha256:9cd9ef74078997d4d05f5061b6a4948b54b591bb5152675f45a183c3a1cbbfd8;564593125549.dkr.ecr.sa-east-1.amazonaws.com/aws-public/eks-distro/kubernetes-csi/node-driver-registrar@sha256:9cd9ef74078997d4d05f5061b6a4948b54b591bb5152675f45a183c3a1cbbfd8;kube-system;N/A;efs-csi-node-6wccb
ssrmprod;sales-eks-01-uat;sha256:4db1a50a1583c662643b4a24a7940c7e347ef22f3c6f83f825587c3b904abe87;602401143452.dkr.ecr.sa-east-1.amazonaws.com/eks/aws-efs-csi-driver@sha256:4db1a50a1583c662643b4a24a7940c7e347ef22f3c6f83f825587c3b904abe87;kube-system;N/A;efs-csi-node-6wccb
ssrmprod;sales-eks-01-uat;sha256:d790820d19a6253ee31418be4d1a9ae023d4a6b64c5591f8f031b4194828cc5b;564593125549.dkr.ecr.sa-east-1.amazonaws.com/aws-public/eks-distro/kubernetes-csi/livenessprobe@sha256:d790820d19a6253ee31418be4d1a9ae023d4a6b64c5591f8f031b4194828cc5b;kube-system;N/A;efs-csi-node-6wccb
ssrmprod;sales-eks-01-uat;sha256:9cd9ef74078997d4d05f5061b6a4948b54b591bb5152675f45a183c3a1cbbfd8;564593125549.dkr.ecr.sa-east-1.amazonaws.com/aws-public/eks-distro/kubernetes-csi/node-driver-registrar@sha256:9cd9ef74078997d4d05f5061b6a4948b54b591bb5152675f45a183c3a1cbbfd8;kube-system;N/A;efs-csi-node-cgszj
ssrmprod;sales-eks-01-uat;sha256:4db1a50a1583c662643b4a24a7940c7e347ef22f3c6f83f825587c3b904abe87;602401143452.dkr.ecr.sa-east-1.amazonaws.com/eks/aws-efs-csi-driver@sha256:4db1a50a1583c662643b4a24a7940c7e347ef22f3c6f83f825587c3b904abe87;kube-system;N/A;efs-csi-node-cgszj
ssrmprod;sales-eks-01-uat;sha256:d790820d19a6253ee31418be4d1a9ae023d4a6b64c5591f8f031b4194828cc5b;564593125549.dkr.ecr.sa-east-1.amazonaws.com/aws-public/eks-distro/kubernetes-csi/livenessprobe@sha256:d790820d19a6253ee31418be4d1a9ae023d4a6b64c5591f8f031b4194828cc5b;kube-system;N/A;efs-csi-node-cgszj
ssrmprod;sales-eks-01-uat;sha256:9cd9ef74078997d4d05f5061b6a4948b54b591bb5152675f45a183c3a1cbbfd8;564593125549.dkr.ecr.sa-east-1.amazonaws.com/aws-public/eks-distro/kubernetes-csi/node-driver-registrar@sha256:9cd9ef74078997d4d05f5061b6a4948b54b591bb5152675f45a183c3a1cbbfd8;kube-system;N/A;efs-csi-node-sr75j
ssrmprod;sales-eks-01-uat;sha256:4db1a50a1583c662643b4a24a7940c7e347ef22f3c6f83f825587c3b904abe87;602401143452.dkr.ecr.sa-east-1.amazonaws.com/eks/aws-efs-csi-driver@sha256:4db1a50a1583c662643b4a24a7940c7e347ef22f3c6f83f825587c3b904abe87;kube-system;N/A;efs-csi-node-sr75j
ssrmprod;sales-eks-01-uat;sha256:d790820d19a6253ee31418be4d1a9ae023d4a6b64c5591f8f031b4194828cc5b;564593125549.dkr.ecr.sa-east-1.amazonaws.com/aws-public/eks-distro/kubernetes-csi/livenessprobe@sha256:d790820d19a6253ee31418be4d1a9ae023d4a6b64c5591f8f031b4194828cc5b;kube-system;N/A;efs-csi-node-sr75j
ssrmprod;sales-eks-01-uat;sha256:9cd9ef74078997d4d05f5061b6a4948b54b591bb5152675f45a183c3a1cbbfd8;564593125549.dkr.ecr.sa-east-1.amazonaws.com/aws-public/eks-distro/kubernetes-csi/node-driver-registrar@sha256:9cd9ef74078997d4d05f5061b6a4948b54b591bb5152675f45a183c3a1cbbfd8;kube-system;N/A;efs-csi-node-zpn79
ssrmprod;sales-eks-01-uat;sha256:4db1a50a1583c662643b4a24a7940c7e347ef22f3c6f83f825587c3b904abe87;602401143452.dkr.ecr.sa-east-1.amazonaws.com/eks/aws-efs-csi-driver@sha256:4db1a50a1583c662643b4a24a7940c7e347ef22f3c6f83f825587c3b904abe87;kube-system;N/A;efs-csi-node-zpn79
ssrmprod;sales-eks-01-uat;sha256:d790820d19a6253ee31418be4d1a9ae023d4a6b64c5591f8f031b4194828cc5b;564593125549.dkr.ecr.sa-east-1.amazonaws.com/aws-public/eks-distro/kubernetes-csi/livenessprobe@sha256:d790820d19a6253ee31418be4d1a9ae023d4a6b64c5591f8f031b4194828cc5b;kube-system;N/A;efs-csi-node-zpn79
ssrmprod;sales-eks-01-uat;sha256:1529982e95d0c9a1f0543360939108cf8276507fb6639e367a0198d3b25570b0;k8s.gcr.io/external-dns/external-dns@sha256:1529982e95d0c9a1f0543360939108cf8276507fb6639e367a0198d3b25570b0;kube-system;external-dns-94756556;external-dns-94756556-l9qx9
ssrmprod;sales-eks-01-uat;sha256:8ac03ffed11ba8e3b77ffca82f6ee1ef9598181da04cc50545ca1c739ddf5bbb;602401143452.dkr.ecr.sa-east-1.amazonaws.com/eks/kube-proxy@sha256:8ac03ffed11ba8e3b77ffca82f6ee1ef9598181da04cc50545ca1c739ddf5bbb;kube-system;N/A;kube-proxy-226cq
ssrmprod;sales-eks-01-uat;sha256:8ac03ffed11ba8e3b77ffca82f6ee1ef9598181da04cc50545ca1c739ddf5bbb;602401143452.dkr.ecr.sa-east-1.amazonaws.com/eks/kube-proxy@sha256:8ac03ffed11ba8e3b77ffca82f6ee1ef9598181da04cc50545ca1c739ddf5bbb;kube-system;N/A;kube-proxy-8mc8c
ssrmprod;sales-eks-01-uat;sha256:8ac03ffed11ba8e3b77ffca82f6ee1ef9598181da04cc50545ca1c739ddf5bbb;602401143452.dkr.ecr.sa-east-1.amazonaws.com/eks/kube-proxy@sha256:8ac03ffed11ba8e3b77ffca82f6ee1ef9598181da04cc50545ca1c739ddf5bbb;kube-system;N/A;kube-proxy-w7c29
ssrmprod;sales-eks-01-uat;sha256:8ac03ffed11ba8e3b77ffca82f6ee1ef9598181da04cc50545ca1c739ddf5bbb;602401143452.dkr.ecr.sa-east-1.amazonaws.com/eks/kube-proxy@sha256:8ac03ffed11ba8e3b77ffca82f6ee1ef9598181da04cc50545ca1c739ddf5bbb;kube-system;N/A;kube-proxy-wcf79
ssrmprod;sales-eks-01-uat;sha256:8ac03ffed11ba8e3b77ffca82f6ee1ef9598181da04cc50545ca1c739ddf5bbb;602401143452.dkr.ecr.sa-east-1.amazonaws.com/eks/kube-proxy@sha256:8ac03ffed11ba8e3b77ffca82f6ee1ef9598181da04cc50545ca1c739ddf5bbb;kube-system;N/A;kube-proxy-xf278
ssrmprod;sales-eks-01-uat;sha256:76049887f07a0476dc93efc2d3569b9529bf982b22d29f356092ce206e98765c;docker.io/kubernetesui/metrics-scraper@sha256:76049887f07a0476dc93efc2d3569b9529bf982b22d29f356092ce206e98765c;kube-system;kubernetes-dashboard-7cd8c87c5f;kubernetes-dashboard-7cd8c87c5f-gnlbf
ssrmprod;sales-eks-01-uat;sha256:290bebc3cd96c22b6f89e7b21f5c2b16ce5c275a0ec2c2de10e0d8b9dd110289;docker.io/kubernetesui/dashboard@sha256:290bebc3cd96c22b6f89e7b21f5c2b16ce5c275a0ec2c2de10e0d8b9dd110289;kube-system;kubernetes-dashboard-7cd8c87c5f;kubernetes-dashboard-7cd8c87c5f-gnlbf
ssrmprod;sales-eks-01-uat;sha256:f977ad859fb500c1302d9c3428c6271db031bb7431e7076213b676b345a88dc2;k8s.gcr.io/metrics-server/metrics-server@sha256:f977ad859fb500c1302d9c3428c6271db031bb7431e7076213b676b345a88dc2;kube-system;metrics-server-8694655b79;metrics-server-8694655b79-9cq9x
ssrmprod;sales-eks-01-uat;sha256:8c21390be87dbbee337c5b867254906b900bb52adb405b3a67134e17b7705973;quay.io/oauth2-proxy/oauth2-proxy@sha256:8c21390be87dbbee337c5b867254906b900bb52adb405b3a67134e17b7705973;kube-system;oauth2-proxy-764d678d5b;oauth2-proxy-764d678d5b-bdssl
ssrmprod;sales-eks-01-uat;sha256:10e3e43b37bef778c5f1606f9078ac5935c52654598d6ffe7dfadbb25a888c1a;564593125549.dkr.ecr.sa-east-1.amazonaws.com/logstash@sha256:10e3e43b37bef778c5f1606f9078ac5935c52654598d6ffe7dfadbb25a888c1a;logstash-nike-smartproxy-infobusca-uat;N/A;logstash-logstash-0
ssrmprod;sales-eks-01-uat;sha256:10e3e43b37bef778c5f1606f9078ac5935c52654598d6ffe7dfadbb25a888c1a;564593125549.dkr.ecr.sa-east-1.amazonaws.com/logstash@sha256:10e3e43b37bef778c5f1606f9078ac5935c52654598d6ffe7dfadbb25a888c1a;logstash-nike-smartproxy-infobusca;N/A;logstash-logstash-0
ssrmprod;sales-eks-01-uat;sha256:10e3e43b37bef778c5f1606f9078ac5935c52654598d6ffe7dfadbb25a888c1a;564593125549.dkr.ecr.sa-east-1.amazonaws.com/logstash@sha256:10e3e43b37bef778c5f1606f9078ac5935c52654598d6ffe7dfadbb25a888c1a;logstash-nike-smartproxy-infomais-uat;N/A;logstash-logstash-0
ssrmprod;sales-eks-01-uat;sha256:10e3e43b37bef778c5f1606f9078ac5935c52654598d6ffe7dfadbb25a888c1a;564593125549.dkr.ecr.sa-east-1.amazonaws.com/logstash@sha256:10e3e43b37bef778c5f1606f9078ac5935c52654598d6ffe7dfadbb25a888c1a;logstash-nike-smartproxy-infomais;N/A;logstash-logstash-0
ssrmprod;sales-eks-01-uat;sha256:10e3e43b37bef778c5f1606f9078ac5935c52654598d6ffe7dfadbb25a888c1a;564593125549.dkr.ecr.sa-east-1.amazonaws.com/logstash@sha256:10e3e43b37bef778c5f1606f9078ac5935c52654598d6ffe7dfadbb25a888c1a;logstash-nike-smartproxy-uat;N/A;logstash-logstash-0
ssrmprod;sales-eks-01-uat;sha256:10e3e43b37bef778c5f1606f9078ac5935c52654598d6ffe7dfadbb25a888c1a;564593125549.dkr.ecr.sa-east-1.amazonaws.com/logstash@sha256:10e3e43b37bef778c5f1606f9078ac5935c52654598d6ffe7dfadbb25a888c1a;logstash-nike-smartproxy;N/A;logstash-logstash-0
ssrmprod;sales-eks-01-uat;sha256:088464f949de8065b9da7dfce7302a633d700e9d598e2bebc03310712f083b31;quay.io/prometheus/alertmanager@sha256:088464f949de8065b9da7dfce7302a633d700e9d598e2bebc03310712f083b31;monitoring-system;N/A;alertmanager-kube-prometheus-stack-alertmanager-0
ssrmprod;sales-eks-01-uat;sha256:d0aee3f816725cb130121f3ea67979160bdc79fe616efa077c9b15cab4689504;quay.io/prometheus-operator/prometheus-config-reloader@sha256:d0aee3f816725cb130121f3ea67979160bdc79fe616efa077c9b15cab4689504;monitoring-system;N/A;alertmanager-kube-prometheus-stack-alertmanager-0
ssrmprod;sales-eks-01-uat;sha256:ecc1b80b8ca27743e48033c6d4c9d9f658b0837f9bea7dc5afeec0f857357267;docker.io/grafana/grafana@sha256:ecc1b80b8ca27743e48033c6d4c9d9f658b0837f9bea7dc5afeec0f857357267;monitoring-system;kube-prometheus-stack-grafana-74d44b84;kube-prometheus-stack-grafana-74d44b84-6xcs5
ssrmprod;sales-eks-01-uat;sha256:1f025ae37b7b20d63bffd179e5e6f972039dd53d9646388c0a8c456229c7bbcb;quay.io/kiwigrid/k8s-sidecar@sha256:1f025ae37b7b20d63bffd179e5e6f972039dd53d9646388c0a8c456229c7bbcb;monitoring-system;kube-prometheus-stack-grafana-74d44b84;kube-prometheus-stack-grafana-74d44b84-6xcs5
ssrmprod;sales-eks-01-uat;sha256:1f025ae37b7b20d63bffd179e5e6f972039dd53d9646388c0a8c456229c7bbcb;quay.io/kiwigrid/k8s-sidecar@sha256:1f025ae37b7b20d63bffd179e5e6f972039dd53d9646388c0a8c456229c7bbcb;monitoring-system;kube-prometheus-stack-grafana-74d44b84;kube-prometheus-stack-grafana-74d44b84-6xcs5
ssrmprod;sales-eks-01-uat;sha256:69a18fa1e0d0c9f972a64e69ca13b65451b8c5e79ae8dccf3a77968be4a301df;k8s.gcr.io/kube-state-metrics/kube-state-metrics@sha256:69a18fa1e0d0c9f972a64e69ca13b65451b8c5e79ae8dccf3a77968be4a301df;monitoring-system;kube-prometheus-stack-kube-state-metrics-5bd844ff8c;kube-prometheus-stack-kube-state-metrics-5bd844ff8c-np5vg
ssrmprod;sales-eks-01-uat;sha256:4817ed76bbac6726228bc0cb1bb7f78a1084ab8367e3a7daa9d6119eb470cfa5;quay.io/prometheus-operator/prometheus-operator@sha256:4817ed76bbac6726228bc0cb1bb7f78a1084ab8367e3a7daa9d6119eb470cfa5;monitoring-system;kube-prometheus-stack-operator-7447c85fbc;kube-prometheus-stack-operator-7447c85fbc-lmz6d
ssrmprod;sales-eks-01-uat;sha256:f2269e73124dd0f60a7d19a2ce1264d33d08a985aed0ee6b0b89d0be470592cd;quay.io/prometheus/node-exporter@sha256:f2269e73124dd0f60a7d19a2ce1264d33d08a985aed0ee6b0b89d0be470592cd;monitoring-system;N/A;kube-prometheus-stack-prometheus-node-exporter-24p9k
ssrmprod;sales-eks-01-uat;sha256:f2269e73124dd0f60a7d19a2ce1264d33d08a985aed0ee6b0b89d0be470592cd;quay.io/prometheus/node-exporter@sha256:f2269e73124dd0f60a7d19a2ce1264d33d08a985aed0ee6b0b89d0be470592cd;monitoring-system;N/A;kube-prometheus-stack-prometheus-node-exporter-5lqvr
ssrmprod;sales-eks-01-uat;sha256:f2269e73124dd0f60a7d19a2ce1264d33d08a985aed0ee6b0b89d0be470592cd;quay.io/prometheus/node-exporter@sha256:f2269e73124dd0f60a7d19a2ce1264d33d08a985aed0ee6b0b89d0be470592cd;monitoring-system;N/A;kube-prometheus-stack-prometheus-node-exporter-ldgcg
ssrmprod;sales-eks-01-uat;sha256:f2269e73124dd0f60a7d19a2ce1264d33d08a985aed0ee6b0b89d0be470592cd;quay.io/prometheus/node-exporter@sha256:f2269e73124dd0f60a7d19a2ce1264d33d08a985aed0ee6b0b89d0be470592cd;monitoring-system;N/A;kube-prometheus-stack-prometheus-node-exporter-nsrdr
ssrmprod;sales-eks-01-uat;sha256:f2269e73124dd0f60a7d19a2ce1264d33d08a985aed0ee6b0b89d0be470592cd;quay.io/prometheus/node-exporter@sha256:f2269e73124dd0f60a7d19a2ce1264d33d08a985aed0ee6b0b89d0be470592cd;monitoring-system;N/A;kube-prometheus-stack-prometheus-node-exporter-z7fqm
ssrmprod;sales-eks-01-uat;sha256:eb350a428127cf111a39fae466ebbbc2aade66a64ddf61b47df4ceaacf207d19;gcr.io/kubecost1/frontend@sha256:eb350a428127cf111a39fae466ebbbc2aade66a64ddf61b47df4ceaacf207d19;monitoring-system;kubecost-cost-analyzer-58d9f66469;kubecost-cost-analyzer-58d9f66469-dp4lr
ssrmprod;sales-eks-01-uat;sha256:7737e3448e35d1fd6fb715b986d2d665bf28b5fb2e9e8db87bd0985347d46e16;gcr.io/kubecost1/cost-model@sha256:7737e3448e35d1fd6fb715b986d2d665bf28b5fb2e9e8db87bd0985347d46e16;monitoring-system;kubecost-cost-analyzer-58d9f66469;kubecost-cost-analyzer-58d9f66469-dp4lr
ssrmprod;sales-eks-01-uat;sha256:1ee60f980950b00e505bd564b40f720132a0653b110e993043bb5940673d060a;docker.io/grafana/loki@sha256:1ee60f980950b00e505bd564b40f720132a0653b110e993043bb5940673d060a;monitoring-system;N/A;loki-stack-0
ssrmprod;sales-eks-01-uat;sha256:072527b12cdfa1393d04a08aeba6b0eb42fd6921426ea14eaf8c828953771749;docker.io/grafana/promtail@sha256:072527b12cdfa1393d04a08aeba6b0eb42fd6921426ea14eaf8c828953771749;monitoring-system;N/A;loki-stack-promtail-4vtl5
ssrmprod;sales-eks-01-uat;sha256:072527b12cdfa1393d04a08aeba6b0eb42fd6921426ea14eaf8c828953771749;docker.io/grafana/promtail@sha256:072527b12cdfa1393d04a08aeba6b0eb42fd6921426ea14eaf8c828953771749;monitoring-system;N/A;loki-stack-promtail-bhhrp
ssrmprod;sales-eks-01-uat;sha256:072527b12cdfa1393d04a08aeba6b0eb42fd6921426ea14eaf8c828953771749;docker.io/grafana/promtail@sha256:072527b12cdfa1393d04a08aeba6b0eb42fd6921426ea14eaf8c828953771749;monitoring-system;N/A;loki-stack-promtail-cbxtf
ssrmprod;sales-eks-01-uat;sha256:072527b12cdfa1393d04a08aeba6b0eb42fd6921426ea14eaf8c828953771749;docker.io/grafana/promtail@sha256:072527b12cdfa1393d04a08aeba6b0eb42fd6921426ea14eaf8c828953771749;monitoring-system;N/A;loki-stack-promtail-l58z7
ssrmprod;sales-eks-01-uat;sha256:072527b12cdfa1393d04a08aeba6b0eb42fd6921426ea14eaf8c828953771749;docker.io/grafana/promtail@sha256:072527b12cdfa1393d04a08aeba6b0eb42fd6921426ea14eaf8c828953771749;monitoring-system;N/A;loki-stack-promtail-ppbfs
ssrmprod;sales-eks-01-uat;sha256:d0aee3f816725cb130121f3ea67979160bdc79fe616efa077c9b15cab4689504;quay.io/prometheus-operator/prometheus-config-reloader@sha256:d0aee3f816725cb130121f3ea67979160bdc79fe616efa077c9b15cab4689504;monitoring-system;N/A;prometheus-kube-prometheus-stack-prometheus-0
ssrmprod;sales-eks-01-uat;sha256:2acfab1966f0dbecc6afbead13eca7f47062cfe8726bb9db25e39e0c0b88e9c3;quay.io/prometheus/prometheus@sha256:2acfab1966f0dbecc6afbead13eca7f47062cfe8726bb9db25e39e0c0b88e9c3;monitoring-system;N/A;prometheus-kube-prometheus-stack-prometheus-0
ssrmprod;sales-eks-01-uat;sha256:477d4c3d896a0deefdcccf0e08e8fb0d4258e5340d34f3c3513f75073de5835c;docker.io/provectuslabs/kafka-ui@sha256:477d4c3d896a0deefdcccf0e08e8fb0d4258e5340d34f3c3513f75073de5835c;msk-smartproxy;kafka-ui-logs-554bf7d9b5;kafka-ui-logs-554bf7d9b5-zqrd9
ssrmprod;sales-eks-01-uat;sha256:477d4c3d896a0deefdcccf0e08e8fb0d4258e5340d34f3c3513f75073de5835c;docker.io/provectuslabs/kafka-ui@sha256:477d4c3d896a0deefdcccf0e08e8fb0d4258e5340d34f3c3513f75073de5835c;observability;kafka-ui-logs-744758849f;kafka-ui-logs-744758849f-qg4z9
ssrmprod;sales-eks-01-uat;sha256:a0351c8e7e72c761c347bdcb8808c95912fe83c460a3cecd3e953348a655abde;docker.io/clickhouse/clickhouse-server@sha256:a0351c8e7e72c761c347bdcb8808c95912fe83c460a3cecd3e953348a655abde;posthog-prd;N/A;chi-posthog-posthog-0-0-0
ssrmprod;sales-eks-01-uat;sha256:7a85f522c5bc68ba155878966be356654e367568672e21c2dba2c930490db195;docker.io/altinity/clickhouse-operator@sha256:7a85f522c5bc68ba155878966be356654e367568672e21c2dba2c930490db195;posthog-prd;clickhouse-operator-5f85977dd9;clickhouse-operator-5f85977dd9-n557g
ssrmprod;sales-eks-01-uat;sha256:74a3bdfb877c98f292ceab32bab2873462ce91170815d83655fa25ccaeca6bf4;docker.io/altinity/metrics-exporter@sha256:74a3bdfb877c98f292ceab32bab2873462ce91170815d83655fa25ccaeca6bf4;posthog-prd;clickhouse-operator-5f85977dd9;clickhouse-operator-5f85977dd9-n557g
ssrmprod;sales-eks-01-uat;sha256:fef465f62524ed89c27451752385ab69e5c35ea4bc48b62bf61f733916ea674c;quay.io/jetstack/cert-manager-controller@sha256:fef465f62524ed89c27451752385ab69e5c35ea4bc48b62bf61f733916ea674c;posthog-prd;posthog-cert-manager-7475999fdd;posthog-cert-manager-7475999fdd-8jkr7
ssrmprod;sales-eks-01-uat;sha256:916ef12af73c8a4cbdfb6127d6f513f476f3aeed2447ec7f1a58a95113bda713;quay.io/jetstack/cert-manager-cainjector@sha256:916ef12af73c8a4cbdfb6127d6f513f476f3aeed2447ec7f1a58a95113bda713;posthog-prd;posthog-cert-manager-cainjector-5c88c46999;posthog-cert-manager-cainjector-5c88c46999-vpbf6
ssrmprod;sales-eks-01-uat;sha256:45934ab42749e8c90da0726734155374f4ea55d7796246264e7adea87569918a;quay.io/jetstack/cert-manager-webhook@sha256:45934ab42749e8c90da0726734155374f4ea55d7796246264e7adea87569918a;posthog-prd;posthog-cert-manager-webhook-d9c47f758;posthog-cert-manager-webhook-d9c47f758-j6zrh
ssrmprod;sales-eks-01-uat;sha256:74441a9fa04a5af78bf76a5af909f88592033c03ce6f1e14f343cd53d0266827;docker.io/posthog/posthog@sha256:74441a9fa04a5af78bf76a5af909f88592033c03ce6f1e14f343cd53d0266827;posthog-prd;posthog-events-7d79dcb856;posthog-events-7d79dcb856-csfqk
ssrmprod;sales-eks-01-uat;sha256:f766669fdcf3dc26347ed273a55e754b427eb4411ee075a53f30718b4499076a;k8s.gcr.io/ingress-nginx/controller@sha256:f766669fdcf3dc26347ed273a55e754b427eb4411ee075a53f30718b4499076a;posthog-prd;posthog-ingress-nginx-controller-6ff869d4fc;posthog-ingress-nginx-controller-6ff869d4fc-8tqhz
ssrmprod;sales-eks-01-uat;sha256:e17b61c1b97eeecb562b33215456f02609db9b98c1e414f9a29ac46ec0a38a85;docker.io/bitnami/pgbouncer@sha256:e17b61c1b97eeecb562b33215456f02609db9b98c1e414f9a29ac46ec0a38a85;posthog-prd;posthog-pgbouncer-55fff8c6b6;posthog-pgbouncer-55fff8c6b6-jnvp2
ssrmprod;sales-eks-01-uat;sha256:74441a9fa04a5af78bf76a5af909f88592033c03ce6f1e14f343cd53d0266827;docker.io/posthog/posthog@sha256:74441a9fa04a5af78bf76a5af909f88592033c03ce6f1e14f343cd53d0266827;posthog-prd;posthog-plugins-8655c9f97d;posthog-plugins-8655c9f97d-vlh9l
ssrmprod;sales-eks-01-uat;sha256:5a85aeb27ffad227df55f7253a5b3634472d9d028ca20da0d6b9e7bb049d41e9;docker.io/bitnami/kafka@sha256:5a85aeb27ffad227df55f7253a5b3634472d9d028ca20da0d6b9e7bb049d41e9;posthog-prd;N/A;posthog-posthog-kafka-0
ssrmprod;sales-eks-01-uat;sha256:a97dd274c972cb39c8bfbf6f551fd80a9279b564e4713f4a2f02d213c033ae79;docker.io/bitnami/redis@sha256:a97dd274c972cb39c8bfbf6f551fd80a9279b564e4713f4a2f02d213c033ae79;posthog-prd;N/A;posthog-posthog-redis-master-0
ssrmprod;sales-eks-01-uat;sha256:061e22290d520d3c1536bbb2d6ed29e284f47b46d5035b6b6de1424658f2153c;docker.io/bitnami/zookeeper@sha256:061e22290d520d3c1536bbb2d6ed29e284f47b46d5035b6b6de1424658f2153c;posthog-prd;N/A;posthog-posthog-zookeeper-0
ssrmprod;sales-eks-01-uat;sha256:74441a9fa04a5af78bf76a5af909f88592033c03ce6f1e14f343cd53d0266827;docker.io/posthog/posthog@sha256:74441a9fa04a5af78bf76a5af909f88592033c03ce6f1e14f343cd53d0266827;posthog-prd;posthog-web-5ccc5f6458;posthog-web-5ccc5f6458-bjbht
ssrmprod;sales-eks-01-uat;sha256:74441a9fa04a5af78bf76a5af909f88592033c03ce6f1e14f343cd53d0266827;docker.io/posthog/posthog@sha256:74441a9fa04a5af78bf76a5af909f88592033c03ce6f1e14f343cd53d0266827;posthog-prd;posthog-worker-648556846;posthog-worker-648556846-4fmmx
ssrmprod;sales-eks-01-uat;sha256:27c454768ae8f434e587f87d14ce49d574d46a37a322b8839e1352a344dcff75;docker.io/apache/camel-k@sha256:27c454768ae8f434e587f87d14ce49d574d46a37a322b8839e1352a344dcff75;smartproxy-dev;camel-k-operator-688d5cb466;camel-k-operator-688d5cb466-k8ff7
ssrmprod;sales-eks-01-uat;sha256:27c454768ae8f434e587f87d14ce49d574d46a37a322b8839e1352a344dcff75;docker.io/apache/camel-k@sha256:27c454768ae8f434e587f87d14ce49d574d46a37a322b8839e1352a344dcff75;smartproxy-uat;camel-k-operator-688d5cb466;camel-k-operator-688d5cb466-r9lq2
ssrmprod;sales-eks-01-uat;sha256:27c454768ae8f434e587f87d14ce49d574d46a37a322b8839e1352a344dcff75;docker.io/apache/camel-k@sha256:27c454768ae8f434e587f87d14ce49d574d46a37a322b8839e1352a344dcff75;smartproxy;camel-k-operator-688d5cb466;camel-k-operator-688d5cb466-xf44n
ssrmprod;sales-eks-01-uat;sha256:6845f3ea66c0711b93e423e6c7f481e4527b4b7afeee23e12bdd3c86ead100a4;564593125549.dkr.ecr.sa-east-1.amazonaws.com/techdocs-preview-nginx@sha256:6845f3ea66c0711b93e423e6c7f481e4527b4b7afeee23e12bdd3c86ead100a4;techdocs-preview;techdocs-preview-7fdfb67dc;techdocs-preview-7fdfb67dc-v7zsb
ssrmprod;sales-eks-01-uat;sha256:f635442a0f47bbc8d1d868ca2b50d06e028d2c5048fd73a5986c92df317aff26;docker.io/velero/velero@sha256:f635442a0f47bbc8d1d868ca2b50d06e028d2c5048fd73a5986c92df317aff26;velero;velero-559c8cb49;velero-559c8cb49-wqqvl
account;cluster;sha;sha;namespace;deployment;pod_name
dsstage;ds-eks-01-uat;sha256:614e2a378d2c55b588ea02eab6a6ec9eb4e4281ad731955dc67442c4c2ff35bb;gcr.io/apigee-microgateway/edgemicro@sha256:614e2a378d2c55b588ea02eab6a6ec9eb4e4281ad731955dc67442c4c2ff35bb;apigee-system;eks-nike-tech-01-prod-microgateway-ddb785cf8;eks-nike-tech-01-prod-microgateway-ddb785cf8-8t964
dsstage;ds-eks-01-uat;sha256:b68f8ab06808890dff627d8fff67a3375fb8d38b83d1c79ea0684cfbb7702ba9;docker.io/bitnami/cassandra@sha256:b68f8ab06808890dff627d8fff67a3375fb8d38b83d1c79ea0684cfbb7702ba9;cassandra-uat;N/A;cassandra-uat-0
dsstage;ds-eks-01-uat;sha256:c5e0e5dca7503a8371b8d366db0f49e3fc68f62ea480262e39b6cc277991c97c;quay.io/strimzi/operator@sha256:c5e0e5dca7503a8371b8d366db0f49e3fc68f62ea480262e39b6cc277991c97c;default;strimzi-cluster-operator-5dc9798fb4;strimzi-cluster-operator-5dc9798fb4-gbknc
dsstage;ds-eks-01-uat;sha256:bfb1d7950ea02c875c7061a98e1714b017d8e2a6e74df0c07611c546b6d4f8b6;ghcr.io/fluxcd/flagger@sha256:bfb1d7950ea02c875c7061a98e1714b017d8e2a6e74df0c07611c546b6d4f8b6;istio-system;flagger-8b945cf6b;flagger-8b945cf6b-6jn8n
dsstage;ds-eks-01-uat;sha256:2152aea5fbe2de20f08f3e0412ad7a4cd54a492240ff40974261ee4bdb43871d;docker.io/istio/proxyv2@sha256:2152aea5fbe2de20f08f3e0412ad7a4cd54a492240ff40974261ee4bdb43871d;istio-system;istio-ingress-65cc558668;istio-ingress-65cc558668-rxzqd
dsstage;ds-eks-01-uat;sha256:ce9d876067018d5217836ffd28e5767e64937c573f5ac7d421be860857d0b266;docker.io/istio/pilot@sha256:ce9d876067018d5217836ffd28e5767e64937c573f5ac7d421be860857d0b266;istio-system;istiod-649844d58b;istiod-649844d58b-bh5dk
dsstage;ds-eks-01-uat;sha256:0e0c081fd0cf40e9028533d386177fc2492e4e839e1151237e847b2c9486715b;docker.io/jaegertracing/all-in-one@sha256:0e0c081fd0cf40e9028533d386177fc2492e4e839e1151237e847b2c9486715b;istio-system;jaeger-8559896dfc;jaeger-8559896dfc-v2t2j
dsstage;ds-eks-01-uat;sha256:fa494cb4ef3f3e4f593f3b12f77fced35fe1dff3c7c97e5f54f3f834d778e18d;quay.io/kiali/kiali@sha256:fa494cb4ef3f3e4f593f3b12f77fced35fe1dff3c7c97e5f54f3f834d778e18d;istio-system;kiali-65fcd75bd;kiali-65fcd75bd-qnvd9
dsstage;ds-eks-01-uat;sha256:680ae1958dbcb9da8ee4128a67c1163a6ee2744221f7d29f73d8bcc237fd0173;quay.io/strimzi/kafka@sha256:680ae1958dbcb9da8ee4128a67c1163a6ee2744221f7d29f73d8bcc237fd0173;kafka-dev;kafka-cluster-entity-operator-7d4b5dcddf;kafka-cluster-entity-operator-7d4b5dcddf-bbdvl
dsstage;ds-eks-01-uat;sha256:c5e0e5dca7503a8371b8d366db0f49e3fc68f62ea480262e39b6cc277991c97c;quay.io/strimzi/operator@sha256:c5e0e5dca7503a8371b8d366db0f49e3fc68f62ea480262e39b6cc277991c97c;kafka-dev;kafka-cluster-entity-operator-7d4b5dcddf;kafka-cluster-entity-operator-7d4b5dcddf-bbdvl
dsstage;ds-eks-01-uat;sha256:c5e0e5dca7503a8371b8d366db0f49e3fc68f62ea480262e39b6cc277991c97c;quay.io/strimzi/operator@sha256:c5e0e5dca7503a8371b8d366db0f49e3fc68f62ea480262e39b6cc277991c97c;kafka-dev;kafka-cluster-entity-operator-7d4b5dcddf;kafka-cluster-entity-operator-7d4b5dcddf-bbdvl
dsstage;ds-eks-01-uat;sha256:680ae1958dbcb9da8ee4128a67c1163a6ee2744221f7d29f73d8bcc237fd0173;quay.io/strimzi/kafka@sha256:680ae1958dbcb9da8ee4128a67c1163a6ee2744221f7d29f73d8bcc237fd0173;kafka-dev;N/A;kafka-cluster-kafka-0
dsstage;ds-eks-01-uat;sha256:680ae1958dbcb9da8ee4128a67c1163a6ee2744221f7d29f73d8bcc237fd0173;quay.io/strimzi/kafka@sha256:680ae1958dbcb9da8ee4128a67c1163a6ee2744221f7d29f73d8bcc237fd0173;kafka-dev;N/A;kafka-cluster-zookeeper-0
dsstage;ds-eks-01-uat;sha256:680ae1958dbcb9da8ee4128a67c1163a6ee2744221f7d29f73d8bcc237fd0173;quay.io/strimzi/kafka@sha256:680ae1958dbcb9da8ee4128a67c1163a6ee2744221f7d29f73d8bcc237fd0173;kafka-dev;N/A;kafka-cluster-zookeeper-1
dsstage;ds-eks-01-uat;sha256:680ae1958dbcb9da8ee4128a67c1163a6ee2744221f7d29f73d8bcc237fd0173;quay.io/strimzi/kafka@sha256:680ae1958dbcb9da8ee4128a67c1163a6ee2744221f7d29f73d8bcc237fd0173;kafka-dev;N/A;kafka-cluster-zookeeper-2
dsstage;ds-eks-01-uat;sha256:680ae1958dbcb9da8ee4128a67c1163a6ee2744221f7d29f73d8bcc237fd0173;quay.io/strimzi/kafka@sha256:680ae1958dbcb9da8ee4128a67c1163a6ee2744221f7d29f73d8bcc237fd0173;kafka-uat;kafka-cluster-entity-operator-9f495578;kafka-cluster-entity-operator-9f495578-l64r4
dsstage;ds-eks-01-uat;sha256:c5e0e5dca7503a8371b8d366db0f49e3fc68f62ea480262e39b6cc277991c97c;quay.io/strimzi/operator@sha256:c5e0e5dca7503a8371b8d366db0f49e3fc68f62ea480262e39b6cc277991c97c;kafka-uat;kafka-cluster-entity-operator-9f495578;kafka-cluster-entity-operator-9f495578-l64r4
dsstage;ds-eks-01-uat;sha256:c5e0e5dca7503a8371b8d366db0f49e3fc68f62ea480262e39b6cc277991c97c;quay.io/strimzi/operator@sha256:c5e0e5dca7503a8371b8d366db0f49e3fc68f62ea480262e39b6cc277991c97c;kafka-uat;kafka-cluster-entity-operator-9f495578;kafka-cluster-entity-operator-9f495578-l64r4
dsstage;ds-eks-01-uat;sha256:680ae1958dbcb9da8ee4128a67c1163a6ee2744221f7d29f73d8bcc237fd0173;quay.io/strimzi/kafka@sha256:680ae1958dbcb9da8ee4128a67c1163a6ee2744221f7d29f73d8bcc237fd0173;kafka-uat;N/A;kafka-cluster-kafka-0
dsstage;ds-eks-01-uat;sha256:680ae1958dbcb9da8ee4128a67c1163a6ee2744221f7d29f73d8bcc237fd0173;quay.io/strimzi/kafka@sha256:680ae1958dbcb9da8ee4128a67c1163a6ee2744221f7d29f73d8bcc237fd0173;kafka-uat;N/A;kafka-cluster-zookeeper-0
dsstage;ds-eks-01-uat;sha256:680ae1958dbcb9da8ee4128a67c1163a6ee2744221f7d29f73d8bcc237fd0173;quay.io/strimzi/kafka@sha256:680ae1958dbcb9da8ee4128a67c1163a6ee2744221f7d29f73d8bcc237fd0173;kafka-uat;N/A;kafka-cluster-zookeeper-1
dsstage;ds-eks-01-uat;sha256:680ae1958dbcb9da8ee4128a67c1163a6ee2744221f7d29f73d8bcc237fd0173;quay.io/strimzi/kafka@sha256:680ae1958dbcb9da8ee4128a67c1163a6ee2744221f7d29f73d8bcc237fd0173;kafka-uat;N/A;kafka-cluster-zookeeper-2
dsstage;ds-eks-01-uat;sha256:4e71a9aaf6e6c5ad0515c8ca04385920a69d8c4588738e5fbaff957d5cf283a5;602401143452.dkr.ecr.sa-east-1.amazonaws.com/amazon-k8s-cni@sha256:4e71a9aaf6e6c5ad0515c8ca04385920a69d8c4588738e5fbaff957d5cf283a5;kube-system;N/A;aws-node-92vct
dsstage;ds-eks-01-uat;sha256:4e71a9aaf6e6c5ad0515c8ca04385920a69d8c4588738e5fbaff957d5cf283a5;602401143452.dkr.ecr.sa-east-1.amazonaws.com/amazon-k8s-cni@sha256:4e71a9aaf6e6c5ad0515c8ca04385920a69d8c4588738e5fbaff957d5cf283a5;kube-system;N/A;aws-node-n64g5
dsstage;ds-eks-01-uat;sha256:4e71a9aaf6e6c5ad0515c8ca04385920a69d8c4588738e5fbaff957d5cf283a5;602401143452.dkr.ecr.sa-east-1.amazonaws.com/amazon-k8s-cni@sha256:4e71a9aaf6e6c5ad0515c8ca04385920a69d8c4588738e5fbaff957d5cf283a5;kube-system;N/A;aws-node-rsl95
dsstage;ds-eks-01-uat;sha256:4e71a9aaf6e6c5ad0515c8ca04385920a69d8c4588738e5fbaff957d5cf283a5;602401143452.dkr.ecr.sa-east-1.amazonaws.com/amazon-k8s-cni@sha256:4e71a9aaf6e6c5ad0515c8ca04385920a69d8c4588738e5fbaff957d5cf283a5;kube-system;N/A;aws-node-spmrs
dsstage;ds-eks-01-uat;sha256:4e71a9aaf6e6c5ad0515c8ca04385920a69d8c4588738e5fbaff957d5cf283a5;602401143452.dkr.ecr.sa-east-1.amazonaws.com/amazon-k8s-cni@sha256:4e71a9aaf6e6c5ad0515c8ca04385920a69d8c4588738e5fbaff957d5cf283a5;kube-system;N/A;aws-node-x4zzq
dsstage;ds-eks-01-uat;sha256:f46687231c2c1bfa139f2b18275b123222c8cf6a288bb9c8145932bd14ac3deb;k8s.gcr.io/autoscaling/cluster-autoscaler@sha256:f46687231c2c1bfa139f2b18275b123222c8cf6a288bb9c8145932bd14ac3deb;kube-system;cluster-autoscaler-aws-cluster-autoscaler-6c5c48ffbb;cluster-autoscaler-aws-cluster-autoscaler-6c5c48ffbb-ktbf9
dsstage;ds-eks-01-uat;sha256:283e342425558e69cc2e709337347e446d20604f544b2f98dd6f03dab7cd805a;602401143452.dkr.ecr.sa-east-1.amazonaws.com/eks/coredns@sha256:283e342425558e69cc2e709337347e446d20604f544b2f98dd6f03dab7cd805a;kube-system;coredns-87d7c8c9;coredns-87d7c8c9-2nlfx
dsstage;ds-eks-01-uat;sha256:283e342425558e69cc2e709337347e446d20604f544b2f98dd6f03dab7cd805a;602401143452.dkr.ecr.sa-east-1.amazonaws.com/eks/coredns@sha256:283e342425558e69cc2e709337347e446d20604f544b2f98dd6f03dab7cd805a;kube-system;coredns-87d7c8c9;coredns-87d7c8c9-kh4fm
dsstage;ds-eks-01-uat;sha256:69f580b92c80c38e1339b55ad38043efeb0b721ae4cd351d3ac6685b323b3157;602401143452.dkr.ecr.sa-east-1.amazonaws.com/eks/csi-attacher@sha256:69f580b92c80c38e1339b55ad38043efeb0b721ae4cd351d3ac6685b323b3157;kube-system;ebs-csi-controller-6b8dfdc68b;ebs-csi-controller-6b8dfdc68b-gnwmj
dsstage;ds-eks-01-uat;sha256:5ad11decb148950bdae987c7f938427a661d7ae60850e6c56f40314392eb7a5f;602401143452.dkr.ecr.sa-east-1.amazonaws.com/eks/csi-provisioner@sha256:5ad11decb148950bdae987c7f938427a661d7ae60850e6c56f40314392eb7a5f;kube-system;ebs-csi-controller-6b8dfdc68b;ebs-csi-controller-6b8dfdc68b-gnwmj
dsstage;ds-eks-01-uat;sha256:b2eefd692d1b4decf97f5bf785b50bc2b0338a2df66840d2679b6abf28a013cb;602401143452.dkr.ecr.sa-east-1.amazonaws.com/eks/csi-resizer@sha256:b2eefd692d1b4decf97f5bf785b50bc2b0338a2df66840d2679b6abf28a013cb;kube-system;ebs-csi-controller-6b8dfdc68b;ebs-csi-controller-6b8dfdc68b-gnwmj
dsstage;ds-eks-01-uat;sha256:b52d3e46d63c8991d10858a4c3e2417a2ab84d990ec41036119fc8235697dd8d;602401143452.dkr.ecr.sa-east-1.amazonaws.com/eks/csi-snapshotter@sha256:b52d3e46d63c8991d10858a4c3e2417a2ab84d990ec41036119fc8235697dd8d;kube-system;ebs-csi-controller-6b8dfdc68b;ebs-csi-controller-6b8dfdc68b-gnwmj
dsstage;ds-eks-01-uat;sha256:1564359e1e0e7cb577c77219541c423e782b726f603fde4fcfa0c1eafbc50320;602401143452.dkr.ecr.sa-east-1.amazonaws.com/eks/aws-ebs-csi-driver@sha256:1564359e1e0e7cb577c77219541c423e782b726f603fde4fcfa0c1eafbc50320;kube-system;ebs-csi-controller-6b8dfdc68b;ebs-csi-controller-6b8dfdc68b-gnwmj
dsstage;ds-eks-01-uat;sha256:5aa45f506d50b63acf32fae45c56e31de7567c5a8c2a55e810db138e7adf0789;602401143452.dkr.ecr.sa-east-1.amazonaws.com/eks/livenessprobe@sha256:5aa45f506d50b63acf32fae45c56e31de7567c5a8c2a55e810db138e7adf0789;kube-system;ebs-csi-controller-6b8dfdc68b;ebs-csi-controller-6b8dfdc68b-gnwmj
dsstage;ds-eks-01-uat;sha256:69f580b92c80c38e1339b55ad38043efeb0b721ae4cd351d3ac6685b323b3157;602401143452.dkr.ecr.sa-east-1.amazonaws.com/eks/csi-attacher@sha256:69f580b92c80c38e1339b55ad38043efeb0b721ae4cd351d3ac6685b323b3157;kube-system;ebs-csi-controller-6b8dfdc68b;ebs-csi-controller-6b8dfdc68b-vxlhv
dsstage;ds-eks-01-uat;sha256:5ad11decb148950bdae987c7f938427a661d7ae60850e6c56f40314392eb7a5f;602401143452.dkr.ecr.sa-east-1.amazonaws.com/eks/csi-provisioner@sha256:5ad11decb148950bdae987c7f938427a661d7ae60850e6c56f40314392eb7a5f;kube-system;ebs-csi-controller-6b8dfdc68b;ebs-csi-controller-6b8dfdc68b-vxlhv
dsstage;ds-eks-01-uat;sha256:b2eefd692d1b4decf97f5bf785b50bc2b0338a2df66840d2679b6abf28a013cb;602401143452.dkr.ecr.sa-east-1.amazonaws.com/eks/csi-resizer@sha256:b2eefd692d1b4decf97f5bf785b50bc2b0338a2df66840d2679b6abf28a013cb;kube-system;ebs-csi-controller-6b8dfdc68b;ebs-csi-controller-6b8dfdc68b-vxlhv
dsstage;ds-eks-01-uat;sha256:b52d3e46d63c8991d10858a4c3e2417a2ab84d990ec41036119fc8235697dd8d;602401143452.dkr.ecr.sa-east-1.amazonaws.com/eks/csi-snapshotter@sha256:b52d3e46d63c8991d10858a4c3e2417a2ab84d990ec41036119fc8235697dd8d;kube-system;ebs-csi-controller-6b8dfdc68b;ebs-csi-controller-6b8dfdc68b-vxlhv
dsstage;ds-eks-01-uat;sha256:1564359e1e0e7cb577c77219541c423e782b726f603fde4fcfa0c1eafbc50320;602401143452.dkr.ecr.sa-east-1.amazonaws.com/eks/aws-ebs-csi-driver@sha256:1564359e1e0e7cb577c77219541c423e782b726f603fde4fcfa0c1eafbc50320;kube-system;ebs-csi-controller-6b8dfdc68b;ebs-csi-controller-6b8dfdc68b-vxlhv
dsstage;ds-eks-01-uat;sha256:5aa45f506d50b63acf32fae45c56e31de7567c5a8c2a55e810db138e7adf0789;602401143452.dkr.ecr.sa-east-1.amazonaws.com/eks/livenessprobe@sha256:5aa45f506d50b63acf32fae45c56e31de7567c5a8c2a55e810db138e7adf0789;kube-system;ebs-csi-controller-6b8dfdc68b;ebs-csi-controller-6b8dfdc68b-vxlhv
dsstage;ds-eks-01-uat;sha256:1564359e1e0e7cb577c77219541c423e782b726f603fde4fcfa0c1eafbc50320;602401143452.dkr.ecr.sa-east-1.amazonaws.com/eks/aws-ebs-csi-driver@sha256:1564359e1e0e7cb577c77219541c423e782b726f603fde4fcfa0c1eafbc50320;kube-system;N/A;ebs-csi-node-88kqc
dsstage;ds-eks-01-uat;sha256:5aa45f506d50b63acf32fae45c56e31de7567c5a8c2a55e810db138e7adf0789;602401143452.dkr.ecr.sa-east-1.amazonaws.com/eks/livenessprobe@sha256:5aa45f506d50b63acf32fae45c56e31de7567c5a8c2a55e810db138e7adf0789;kube-system;N/A;ebs-csi-node-88kqc
dsstage;ds-eks-01-uat;sha256:d99f0bb1a918f0b8f144aa1e4785460924af946b1e0bb7a23996780358238951;602401143452.dkr.ecr.sa-east-1.amazonaws.com/eks/csi-node-driver-registrar@sha256:d99f0bb1a918f0b8f144aa1e4785460924af946b1e0bb7a23996780358238951;kube-system;N/A;ebs-csi-node-88kqc
dsstage;ds-eks-01-uat;sha256:1564359e1e0e7cb577c77219541c423e782b726f603fde4fcfa0c1eafbc50320;602401143452.dkr.ecr.sa-east-1.amazonaws.com/eks/aws-ebs-csi-driver@sha256:1564359e1e0e7cb577c77219541c423e782b726f603fde4fcfa0c1eafbc50320;kube-system;N/A;ebs-csi-node-dtkwg
dsstage;ds-eks-01-uat;sha256:5aa45f506d50b63acf32fae45c56e31de7567c5a8c2a55e810db138e7adf0789;602401143452.dkr.ecr.sa-east-1.amazonaws.com/eks/livenessprobe@sha256:5aa45f506d50b63acf32fae45c56e31de7567c5a8c2a55e810db138e7adf0789;kube-system;N/A;ebs-csi-node-dtkwg
dsstage;ds-eks-01-uat;sha256:d99f0bb1a918f0b8f144aa1e4785460924af946b1e0bb7a23996780358238951;602401143452.dkr.ecr.sa-east-1.amazonaws.com/eks/csi-node-driver-registrar@sha256:d99f0bb1a918f0b8f144aa1e4785460924af946b1e0bb7a23996780358238951;kube-system;N/A;ebs-csi-node-dtkwg
dsstage;ds-eks-01-uat;sha256:1564359e1e0e7cb577c77219541c423e782b726f603fde4fcfa0c1eafbc50320;602401143452.dkr.ecr.sa-east-1.amazonaws.com/eks/aws-ebs-csi-driver@sha256:1564359e1e0e7cb577c77219541c423e782b726f603fde4fcfa0c1eafbc50320;kube-system;N/A;ebs-csi-node-dz4fg
dsstage;ds-eks-01-uat;sha256:5aa45f506d50b63acf32fae45c56e31de7567c5a8c2a55e810db138e7adf0789;602401143452.dkr.ecr.sa-east-1.amazonaws.com/eks/livenessprobe@sha256:5aa45f506d50b63acf32fae45c56e31de7567c5a8c2a55e810db138e7adf0789;kube-system;N/A;ebs-csi-node-dz4fg
dsstage;ds-eks-01-uat;sha256:d99f0bb1a918f0b8f144aa1e4785460924af946b1e0bb7a23996780358238951;602401143452.dkr.ecr.sa-east-1.amazonaws.com/eks/csi-node-driver-registrar@sha256:d99f0bb1a918f0b8f144aa1e4785460924af946b1e0bb7a23996780358238951;kube-system;N/A;ebs-csi-node-dz4fg
dsstage;ds-eks-01-uat;sha256:1564359e1e0e7cb577c77219541c423e782b726f603fde4fcfa0c1eafbc50320;602401143452.dkr.ecr.sa-east-1.amazonaws.com/eks/aws-ebs-csi-driver@sha256:1564359e1e0e7cb577c77219541c423e782b726f603fde4fcfa0c1eafbc50320;kube-system;N/A;ebs-csi-node-ntqbq
dsstage;ds-eks-01-uat;sha256:5aa45f506d50b63acf32fae45c56e31de7567c5a8c2a55e810db138e7adf0789;602401143452.dkr.ecr.sa-east-1.amazonaws.com/eks/livenessprobe@sha256:5aa45f506d50b63acf32fae45c56e31de7567c5a8c2a55e810db138e7adf0789;kube-system;N/A;ebs-csi-node-ntqbq
dsstage;ds-eks-01-uat;sha256:d99f0bb1a918f0b8f144aa1e4785460924af946b1e0bb7a23996780358238951;602401143452.dkr.ecr.sa-east-1.amazonaws.com/eks/csi-node-driver-registrar@sha256:d99f0bb1a918f0b8f144aa1e4785460924af946b1e0bb7a23996780358238951;kube-system;N/A;ebs-csi-node-ntqbq
dsstage;ds-eks-01-uat;sha256:1564359e1e0e7cb577c77219541c423e782b726f603fde4fcfa0c1eafbc50320;602401143452.dkr.ecr.sa-east-1.amazonaws.com/eks/aws-ebs-csi-driver@sha256:1564359e1e0e7cb577c77219541c423e782b726f603fde4fcfa0c1eafbc50320;kube-system;N/A;ebs-csi-node-vww65
dsstage;ds-eks-01-uat;sha256:5aa45f506d50b63acf32fae45c56e31de7567c5a8c2a55e810db138e7adf0789;602401143452.dkr.ecr.sa-east-1.amazonaws.com/eks/livenessprobe@sha256:5aa45f506d50b63acf32fae45c56e31de7567c5a8c2a55e810db138e7adf0789;kube-system;N/A;ebs-csi-node-vww65
dsstage;ds-eks-01-uat;sha256:d99f0bb1a918f0b8f144aa1e4785460924af946b1e0bb7a23996780358238951;602401143452.dkr.ecr.sa-east-1.amazonaws.com/eks/csi-node-driver-registrar@sha256:d99f0bb1a918f0b8f144aa1e4785460924af946b1e0bb7a23996780358238951;kube-system;N/A;ebs-csi-node-vww65
dsstage;ds-eks-01-uat;sha256:e677f72d499e09557e20ba9b5ade9fbbc70b73f658b95226963215eaa9fdb1ad;564593125549.dkr.ecr.sa-east-1.amazonaws.com/aws-public/eks-distro/kubernetes-csi/external-provisioner@sha256:e677f72d499e09557e20ba9b5ade9fbbc70b73f658b95226963215eaa9fdb1ad;kube-system;efs-csi-controller-6f75577dbb;efs-csi-controller-6f75577dbb-6d8pb
dsstage;ds-eks-01-uat;sha256:4db1a50a1583c662643b4a24a7940c7e347ef22f3c6f83f825587c3b904abe87;602401143452.dkr.ecr.sa-east-1.amazonaws.com/eks/aws-efs-csi-driver@sha256:4db1a50a1583c662643b4a24a7940c7e347ef22f3c6f83f825587c3b904abe87;kube-system;efs-csi-controller-6f75577dbb;efs-csi-controller-6f75577dbb-6d8pb
dsstage;ds-eks-01-uat;sha256:d790820d19a6253ee31418be4d1a9ae023d4a6b64c5591f8f031b4194828cc5b;564593125549.dkr.ecr.sa-east-1.amazonaws.com/aws-public/eks-distro/kubernetes-csi/livenessprobe@sha256:d790820d19a6253ee31418be4d1a9ae023d4a6b64c5591f8f031b4194828cc5b;kube-system;efs-csi-controller-6f75577dbb;efs-csi-controller-6f75577dbb-6d8pb
dsstage;ds-eks-01-uat;sha256:e677f72d499e09557e20ba9b5ade9fbbc70b73f658b95226963215eaa9fdb1ad;564593125549.dkr.ecr.sa-east-1.amazonaws.com/aws-public/eks-distro/kubernetes-csi/external-provisioner@sha256:e677f72d499e09557e20ba9b5ade9fbbc70b73f658b95226963215eaa9fdb1ad;kube-system;efs-csi-controller-6f75577dbb;efs-csi-controller-6f75577dbb-mmmm7
dsstage;ds-eks-01-uat;sha256:4db1a50a1583c662643b4a24a7940c7e347ef22f3c6f83f825587c3b904abe87;602401143452.dkr.ecr.sa-east-1.amazonaws.com/eks/aws-efs-csi-driver@sha256:4db1a50a1583c662643b4a24a7940c7e347ef22f3c6f83f825587c3b904abe87;kube-system;efs-csi-controller-6f75577dbb;efs-csi-controller-6f75577dbb-mmmm7
dsstage;ds-eks-01-uat;sha256:d790820d19a6253ee31418be4d1a9ae023d4a6b64c5591f8f031b4194828cc5b;564593125549.dkr.ecr.sa-east-1.amazonaws.com/aws-public/eks-distro/kubernetes-csi/livenessprobe@sha256:d790820d19a6253ee31418be4d1a9ae023d4a6b64c5591f8f031b4194828cc5b;kube-system;efs-csi-controller-6f75577dbb;efs-csi-controller-6f75577dbb-mmmm7
dsstage;ds-eks-01-uat;sha256:9cd9ef74078997d4d05f5061b6a4948b54b591bb5152675f45a183c3a1cbbfd8;564593125549.dkr.ecr.sa-east-1.amazonaws.com/aws-public/eks-distro/kubernetes-csi/node-driver-registrar@sha256:9cd9ef74078997d4d05f5061b6a4948b54b591bb5152675f45a183c3a1cbbfd8;kube-system;N/A;efs-csi-node-4qd9f
dsstage;ds-eks-01-uat;sha256:4db1a50a1583c662643b4a24a7940c7e347ef22f3c6f83f825587c3b904abe87;602401143452.dkr.ecr.sa-east-1.amazonaws.com/eks/aws-efs-csi-driver@sha256:4db1a50a1583c662643b4a24a7940c7e347ef22f3c6f83f825587c3b904abe87;kube-system;N/A;efs-csi-node-4qd9f
dsstage;ds-eks-01-uat;sha256:d790820d19a6253ee31418be4d1a9ae023d4a6b64c5591f8f031b4194828cc5b;564593125549.dkr.ecr.sa-east-1.amazonaws.com/aws-public/eks-distro/kubernetes-csi/livenessprobe@sha256:d790820d19a6253ee31418be4d1a9ae023d4a6b64c5591f8f031b4194828cc5b;kube-system;N/A;efs-csi-node-4qd9f
dsstage;ds-eks-01-uat;sha256:9cd9ef74078997d4d05f5061b6a4948b54b591bb5152675f45a183c3a1cbbfd8;564593125549.dkr.ecr.sa-east-1.amazonaws.com/aws-public/eks-distro/kubernetes-csi/node-driver-registrar@sha256:9cd9ef74078997d4d05f5061b6a4948b54b591bb5152675f45a183c3a1cbbfd8;kube-system;N/A;efs-csi-node-6wccb
dsstage;ds-eks-01-uat;sha256:4db1a50a1583c662643b4a24a7940c7e347ef22f3c6f83f825587c3b904abe87;602401143452.dkr.ecr.sa-east-1.amazonaws.com/eks/aws-efs-csi-driver@sha256:4db1a50a1583c662643b4a24a7940c7e347ef22f3c6f83f825587c3b904abe87;kube-system;N/A;efs-csi-node-6wccb
dsstage;ds-eks-01-uat;sha256:d790820d19a6253ee31418be4d1a9ae023d4a6b64c5591f8f031b4194828cc5b;564593125549.dkr.ecr.sa-east-1.amazonaws.com/aws-public/eks-distro/kubernetes-csi/livenessprobe@sha256:d790820d19a6253ee31418be4d1a9ae023d4a6b64c5591f8f031b4194828cc5b;kube-system;N/A;efs-csi-node-6wccb
dsstage;ds-eks-01-uat;sha256:9cd9ef74078997d4d05f5061b6a4948b54b591bb5152675f45a183c3a1cbbfd8;564593125549.dkr.ecr.sa-east-1.amazonaws.com/aws-public/eks-distro/kubernetes-csi/node-driver-registrar@sha256:9cd9ef74078997d4d05f5061b6a4948b54b591bb5152675f45a183c3a1cbbfd8;kube-system;N/A;efs-csi-node-cgszj
dsstage;ds-eks-01-uat;sha256:4db1a50a1583c662643b4a24a7940c7e347ef22f3c6f83f825587c3b904abe87;602401143452.dkr.ecr.sa-east-1.amazonaws.com/eks/aws-efs-csi-driver@sha256:4db1a50a1583c662643b4a24a7940c7e347ef22f3c6f83f825587c3b904abe87;kube-system;N/A;efs-csi-node-cgszj
dsstage;ds-eks-01-uat;sha256:d790820d19a6253ee31418be4d1a9ae023d4a6b64c5591f8f031b4194828cc5b;564593125549.dkr.ecr.sa-east-1.amazonaws.com/aws-public/eks-distro/kubernetes-csi/livenessprobe@sha256:d790820d19a6253ee31418be4d1a9ae023d4a6b64c5591f8f031b4194828cc5b;kube-system;N/A;efs-csi-node-cgszj
dsstage;ds-eks-01-uat;sha256:9cd9ef74078997d4d05f5061b6a4948b54b591bb5152675f45a183c3a1cbbfd8;564593125549.dkr.ecr.sa-east-1.amazonaws.com/aws-public/eks-distro/kubernetes-csi/node-driver-registrar@sha256:9cd9ef74078997d4d05f5061b6a4948b54b591bb5152675f45a183c3a1cbbfd8;kube-system;N/A;efs-csi-node-sr75j
dsstage;ds-eks-01-uat;sha256:4db1a50a1583c662643b4a24a7940c7e347ef22f3c6f83f825587c3b904abe87;602401143452.dkr.ecr.sa-east-1.amazonaws.com/eks/aws-efs-csi-driver@sha256:4db1a50a1583c662643b4a24a7940c7e347ef22f3c6f83f825587c3b904abe87;kube-system;N/A;efs-csi-node-sr75j
dsstage;ds-eks-01-uat;sha256:d790820d19a6253ee31418be4d1a9ae023d4a6b64c5591f8f031b4194828cc5b;564593125549.dkr.ecr.sa-east-1.amazonaws.com/aws-public/eks-distro/kubernetes-csi/livenessprobe@sha256:d790820d19a6253ee31418be4d1a9ae023d4a6b64c5591f8f031b4194828cc5b;kube-system;N/A;efs-csi-node-sr75j
dsstage;ds-eks-01-uat;sha256:9cd9ef74078997d4d05f5061b6a4948b54b591bb5152675f45a183c3a1cbbfd8;564593125549.dkr.ecr.sa-east-1.amazonaws.com/aws-public/eks-distro/kubernetes-csi/node-driver-registrar@sha256:9cd9ef74078997d4d05f5061b6a4948b54b591bb5152675f45a183c3a1cbbfd8;kube-system;N/A;efs-csi-node-zpn79
dsstage;ds-eks-01-uat;sha256:4db1a50a1583c662643b4a24a7940c7e347ef22f3c6f83f825587c3b904abe87;602401143452.dkr.ecr.sa-east-1.amazonaws.com/eks/aws-efs-csi-driver@sha256:4db1a50a1583c662643b4a24a7940c7e347ef22f3c6f83f825587c3b904abe87;kube-system;N/A;efs-csi-node-zpn79
dsstage;ds-eks-01-uat;sha256:d790820d19a6253ee31418be4d1a9ae023d4a6b64c5591f8f031b4194828cc5b;564593125549.dkr.ecr.sa-east-1.amazonaws.com/aws-public/eks-distro/kubernetes-csi/livenessprobe@sha256:d790820d19a6253ee31418be4d1a9ae023d4a6b64c5591f8f031b4194828cc5b;kube-system;N/A;efs-csi-node-zpn79
dsstage;ds-eks-01-uat;sha256:1529982e95d0c9a1f0543360939108cf8276507fb6639e367a0198d3b25570b0;k8s.gcr.io/external-dns/external-dns@sha256:1529982e95d0c9a1f0543360939108cf8276507fb6639e367a0198d3b25570b0;kube-system;external-dns-94756556;external-dns-94756556-l9qx9
dsstage;ds-eks-01-uat;sha256:8ac03ffed11ba8e3b77ffca82f6ee1ef9598181da04cc50545ca1c739ddf5bbb;602401143452.dkr.ecr.sa-east-1.amazonaws.com/eks/kube-proxy@sha256:8ac03ffed11ba8e3b77ffca82f6ee1ef9598181da04cc50545ca1c739ddf5bbb;kube-system;N/A;kube-proxy-226cq
dsstage;ds-eks-01-uat;sha256:8ac03ffed11ba8e3b77ffca82f6ee1ef9598181da04cc50545ca1c739ddf5bbb;602401143452.dkr.ecr.sa-east-1.amazonaws.com/eks/kube-proxy@sha256:8ac03ffed11ba8e3b77ffca82f6ee1ef9598181da04cc50545ca1c739ddf5bbb;kube-system;N/A;kube-proxy-8mc8c
dsstage;ds-eks-01-uat;sha256:8ac03ffed11ba8e3b77ffca82f6ee1ef9598181da04cc50545ca1c739ddf5bbb;602401143452.dkr.ecr.sa-east-1.amazonaws.com/eks/kube-proxy@sha256:8ac03ffed11ba8e3b77ffca82f6ee1ef9598181da04cc50545ca1c739ddf5bbb;kube-system;N/A;kube-proxy-w7c29
dsstage;ds-eks-01-uat;sha256:8ac03ffed11ba8e3b77ffca82f6ee1ef9598181da04cc50545ca1c739ddf5bbb;602401143452.dkr.ecr.sa-east-1.amazonaws.com/eks/kube-proxy@sha256:8ac03ffed11ba8e3b77ffca82f6ee1ef9598181da04cc50545ca1c739ddf5bbb;kube-system;N/A;kube-proxy-wcf79
dsstage;ds-eks-01-uat;sha256:8ac03ffed11ba8e3b77ffca82f6ee1ef9598181da04cc50545ca1c739ddf5bbb;602401143452.dkr.ecr.sa-east-1.amazonaws.com/eks/kube-proxy@sha256:8ac03ffed11ba8e3b77ffca82f6ee1ef9598181da04cc50545ca1c739ddf5bbb;kube-system;N/A;kube-proxy-xf278
dsstage;ds-eks-01-uat;sha256:76049887f07a0476dc93efc2d3569b9529bf982b22d29f356092ce206e98765c;docker.io/kubernetesui/metrics-scraper@sha256:76049887f07a0476dc93efc2d3569b9529bf982b22d29f356092ce206e98765c;kube-system;kubernetes-dashboard-7cd8c87c5f;kubernetes-dashboard-7cd8c87c5f-gnlbf
dsstage;ds-eks-01-uat;sha256:290bebc3cd96c22b6f89e7b21f5c2b16ce5c275a0ec2c2de10e0d8b9dd110289;docker.io/kubernetesui/dashboard@sha256:290bebc3cd96c22b6f89e7b21f5c2b16ce5c275a0ec2c2de10e0d8b9dd110289;kube-system;kubernetes-dashboard-7cd8c87c5f;kubernetes-dashboard-7cd8c87c5f-gnlbf
dsstage;ds-eks-01-uat;sha256:f977ad859fb500c1302d9c3428c6271db031bb7431e7076213b676b345a88dc2;k8s.gcr.io/metrics-server/metrics-server@sha256:f977ad859fb500c1302d9c3428c6271db031bb7431e7076213b676b345a88dc2;kube-system;metrics-server-8694655b79;metrics-server-8694655b79-9cq9x
dsstage;ds-eks-01-uat;sha256:8c21390be87dbbee337c5b867254906b900bb52adb405b3a67134e17b7705973;quay.io/oauth2-proxy/oauth2-proxy@sha256:8c21390be87dbbee337c5b867254906b900bb52adb405b3a67134e17b7705973;kube-system;oauth2-proxy-764d678d5b;oauth2-proxy-764d678d5b-bdssl
dsstage;ds-eks-01-uat;sha256:10e3e43b37bef778c5f1606f9078ac5935c52654598d6ffe7dfadbb25a888c1a;564593125549.dkr.ecr.sa-east-1.amazonaws.com/logstash@sha256:10e3e43b37bef778c5f1606f9078ac5935c52654598d6ffe7dfadbb25a888c1a;logstash-nike-smartproxy-infobusca-uat;N/A;logstash-logstash-0
dsstage;ds-eks-01-uat;sha256:10e3e43b37bef778c5f1606f9078ac5935c52654598d6ffe7dfadbb25a888c1a;564593125549.dkr.ecr.sa-east-1.amazonaws.com/logstash@sha256:10e3e43b37bef778c5f1606f9078ac5935c52654598d6ffe7dfadbb25a888c1a;logstash-nike-smartproxy-infobusca;N/A;logstash-logstash-0
dsstage;ds-eks-01-uat;sha256:10e3e43b37bef778c5f1606f9078ac5935c52654598d6ffe7dfadbb25a888c1a;564593125549.dkr.ecr.sa-east-1.amazonaws.com/logstash@sha256:10e3e43b37bef778c5f1606f9078ac5935c52654598d6ffe7dfadbb25a888c1a;logstash-nike-smartproxy-infomais-uat;N/A;logstash-logstash-0
dsstage;ds-eks-01-uat;sha256:10e3e43b37bef778c5f1606f9078ac5935c52654598d6ffe7dfadbb25a888c1a;564593125549.dkr.ecr.sa-east-1.amazonaws.com/logstash@sha256:10e3e43b37bef778c5f1606f9078ac5935c52654598d6ffe7dfadbb25a888c1a;logstash-nike-smartproxy-infomais;N/A;logstash-logstash-0
dsstage;ds-eks-01-uat;sha256:10e3e43b37bef778c5f1606f9078ac5935c52654598d6ffe7dfadbb25a888c1a;564593125549.dkr.ecr.sa-east-1.amazonaws.com/logstash@sha256:10e3e43b37bef778c5f1606f9078ac5935c52654598d6ffe7dfadbb25a888c1a;logstash-nike-smartproxy-uat;N/A;logstash-logstash-0
dsstage;ds-eks-01-uat;sha256:10e3e43b37bef778c5f1606f9078ac5935c52654598d6ffe7dfadbb25a888c1a;564593125549.dkr.ecr.sa-east-1.amazonaws.com/logstash@sha256:10e3e43b37bef778c5f1606f9078ac5935c52654598d6ffe7dfadbb25a888c1a;logstash-nike-smartproxy;N/A;logstash-logstash-0
dsstage;ds-eks-01-uat;sha256:088464f949de8065b9da7dfce7302a633d700e9d598e2bebc03310712f083b31;quay.io/prometheus/alertmanager@sha256:088464f949de8065b9da7dfce7302a633d700e9d598e2bebc03310712f083b31;monitoring-system;N/A;alertmanager-kube-prometheus-stack-alertmanager-0
dsstage;ds-eks-01-uat;sha256:d0aee3f816725cb130121f3ea67979160bdc79fe616efa077c9b15cab4689504;quay.io/prometheus-operator/prometheus-config-reloader@sha256:d0aee3f816725cb130121f3ea67979160bdc79fe616efa077c9b15cab4689504;monitoring-system;N/A;alertmanager-kube-prometheus-stack-alertmanager-0
dsstage;ds-eks-01-uat;sha256:ecc1b80b8ca27743e48033c6d4c9d9f658b0837f9bea7dc5afeec0f857357267;docker.io/grafana/grafana@sha256:ecc1b80b8ca27743e48033c6d4c9d9f658b0837f9bea7dc5afeec0f857357267;monitoring-system;kube-prometheus-stack-grafana-74d44b84;kube-prometheus-stack-grafana-74d44b84-6xcs5
dsstage;ds-eks-01-uat;sha256:1f025ae37b7b20d63bffd179e5e6f972039dd53d9646388c0a8c456229c7bbcb;quay.io/kiwigrid/k8s-sidecar@sha256:1f025ae37b7b20d63bffd179e5e6f972039dd53d9646388c0a8c456229c7bbcb;monitoring-system;kube-prometheus-stack-grafana-74d44b84;kube-prometheus-stack-grafana-74d44b84-6xcs5
dsstage;ds-eks-01-uat;sha256:1f025ae37b7b20d63bffd179e5e6f972039dd53d9646388c0a8c456229c7bbcb;quay.io/kiwigrid/k8s-sidecar@sha256:1f025ae37b7b20d63bffd179e5e6f972039dd53d9646388c0a8c456229c7bbcb;monitoring-system;kube-prometheus-stack-grafana-74d44b84;kube-prometheus-stack-grafana-74d44b84-6xcs5
dsstage;ds-eks-01-uat;sha256:69a18fa1e0d0c9f972a64e69ca13b65451b8c5e79ae8dccf3a77968be4a301df;k8s.gcr.io/kube-state-metrics/kube-state-metrics@sha256:69a18fa1e0d0c9f972a64e69ca13b65451b8c5e79ae8dccf3a77968be4a301df;monitoring-system;kube-prometheus-stack-kube-state-metrics-5bd844ff8c;kube-prometheus-stack-kube-state-metrics-5bd844ff8c-np5vg
dsstage;ds-eks-01-uat;sha256:4817ed76bbac6726228bc0cb1bb7f78a1084ab8367e3a7daa9d6119eb470cfa5;quay.io/prometheus-operator/prometheus-operator@sha256:4817ed76bbac6726228bc0cb1bb7f78a1084ab8367e3a7daa9d6119eb470cfa5;monitoring-system;kube-prometheus-stack-operator-7447c85fbc;kube-prometheus-stack-operator-7447c85fbc-lmz6d
dsstage;ds-eks-01-uat;sha256:f2269e73124dd0f60a7d19a2ce1264d33d08a985aed0ee6b0b89d0be470592cd;quay.io/prometheus/node-exporter@sha256:f2269e73124dd0f60a7d19a2ce1264d33d08a985aed0ee6b0b89d0be470592cd;monitoring-system;N/A;kube-prometheus-stack-prometheus-node-exporter-24p9k
dsstage;ds-eks-01-uat;sha256:f2269e73124dd0f60a7d19a2ce1264d33d08a985aed0ee6b0b89d0be470592cd;quay.io/prometheus/node-exporter@sha256:f2269e73124dd0f60a7d19a2ce1264d33d08a985aed0ee6b0b89d0be470592cd;monitoring-system;N/A;kube-prometheus-stack-prometheus-node-exporter-5lqvr
dsstage;ds-eks-01-uat;sha256:f2269e73124dd0f60a7d19a2ce1264d33d08a985aed0ee6b0b89d0be470592cd;quay.io/prometheus/node-exporter@sha256:f2269e73124dd0f60a7d19a2ce1264d33d08a985aed0ee6b0b89d0be470592cd;monitoring-system;N/A;kube-prometheus-stack-prometheus-node-exporter-ldgcg
dsstage;ds-eks-01-uat;sha256:f2269e73124dd0f60a7d19a2ce1264d33d08a985aed0ee6b0b89d0be470592cd;quay.io/prometheus/node-exporter@sha256:f2269e73124dd0f60a7d19a2ce1264d33d08a985aed0ee6b0b89d0be470592cd;monitoring-system;N/A;kube-prometheus-stack-prometheus-node-exporter-nsrdr
dsstage;ds-eks-01-uat;sha256:f2269e73124dd0f60a7d19a2ce1264d33d08a985aed0ee6b0b89d0be470592cd;quay.io/prometheus/node-exporter@sha256:f2269e73124dd0f60a7d19a2ce1264d33d08a985aed0ee6b0b89d0be470592cd;monitoring-system;N/A;kube-prometheus-stack-prometheus-node-exporter-z7fqm
dsstage;ds-eks-01-uat;sha256:eb350a428127cf111a39fae466ebbbc2aade66a64ddf61b47df4ceaacf207d19;gcr.io/kubecost1/frontend@sha256:eb350a428127cf111a39fae466ebbbc2aade66a64ddf61b47df4ceaacf207d19;monitoring-system;kubecost-cost-analyzer-58d9f66469;kubecost-cost-analyzer-58d9f66469-dp4lr
dsstage;ds-eks-01-uat;sha256:7737e3448e35d1fd6fb715b986d2d665bf28b5fb2e9e8db87bd0985347d46e16;gcr.io/kubecost1/cost-model@sha256:7737e3448e35d1fd6fb715b986d2d665bf28b5fb2e9e8db87bd0985347d46e16;monitoring-system;kubecost-cost-analyzer-58d9f66469;kubecost-cost-analyzer-58d9f66469-dp4lr
dsstage;ds-eks-01-uat;sha256:1ee60f980950b00e505bd564b40f720132a0653b110e993043bb5940673d060a;docker.io/grafana/loki@sha256:1ee60f980950b00e505bd564b40f720132a0653b110e993043bb5940673d060a;monitoring-system;N/A;loki-stack-0
dsstage;ds-eks-01-uat;sha256:072527b12cdfa1393d04a08aeba6b0eb42fd6921426ea14eaf8c828953771749;docker.io/grafana/promtail@sha256:072527b12cdfa1393d04a08aeba6b0eb42fd6921426ea14eaf8c828953771749;monitoring-system;N/A;loki-stack-promtail-4vtl5
dsstage;ds-eks-01-uat;sha256:072527b12cdfa1393d04a08aeba6b0eb42fd6921426ea14eaf8c828953771749;docker.io/grafana/promtail@sha256:072527b12cdfa1393d04a08aeba6b0eb42fd6921426ea14eaf8c828953771749;monitoring-system;N/A;loki-stack-promtail-bhhrp
dsstage;ds-eks-01-uat;sha256:072527b12cdfa1393d04a08aeba6b0eb42fd6921426ea14eaf8c828953771749;docker.io/grafana/promtail@sha256:072527b12cdfa1393d04a08aeba6b0eb42fd6921426ea14eaf8c828953771749;monitoring-system;N/A;loki-stack-promtail-cbxtf
dsstage;ds-eks-01-uat;sha256:072527b12cdfa1393d04a08aeba6b0eb42fd6921426ea14eaf8c828953771749;docker.io/grafana/promtail@sha256:072527b12cdfa1393d04a08aeba6b0eb42fd6921426ea14eaf8c828953771749;monitoring-system;N/A;loki-stack-promtail-l58z7
dsstage;ds-eks-01-uat;sha256:072527b12cdfa1393d04a08aeba6b0eb42fd6921426ea14eaf8c828953771749;docker.io/grafana/promtail@sha256:072527b12cdfa1393d04a08aeba6b0eb42fd6921426ea14eaf8c828953771749;monitoring-system;N/A;loki-stack-promtail-ppbfs
dsstage;ds-eks-01-uat;sha256:d0aee3f816725cb130121f3ea67979160bdc79fe616efa077c9b15cab4689504;quay.io/prometheus-operator/prometheus-config-reloader@sha256:d0aee3f816725cb130121f3ea67979160bdc79fe616efa077c9b15cab4689504;monitoring-system;N/A;prometheus-kube-prometheus-stack-prometheus-0
dsstage;ds-eks-01-uat;sha256:2acfab1966f0dbecc6afbead13eca7f47062cfe8726bb9db25e39e0c0b88e9c3;quay.io/prometheus/prometheus@sha256:2acfab1966f0dbecc6afbead13eca7f47062cfe8726bb9db25e39e0c0b88e9c3;monitoring-system;N/A;prometheus-kube-prometheus-stack-prometheus-0
dsstage;ds-eks-01-uat;sha256:477d4c3d896a0deefdcccf0e08e8fb0d4258e5340d34f3c3513f75073de5835c;docker.io/provectuslabs/kafka-ui@sha256:477d4c3d896a0deefdcccf0e08e8fb0d4258e5340d34f3c3513f75073de5835c;msk-smartproxy;kafka-ui-logs-554bf7d9b5;kafka-ui-logs-554bf7d9b5-zqrd9
dsstage;ds-eks-01-uat;sha256:477d4c3d896a0deefdcccf0e08e8fb0d4258e5340d34f3c3513f75073de5835c;docker.io/provectuslabs/kafka-ui@sha256:477d4c3d896a0deefdcccf0e08e8fb0d4258e5340d34f3c3513f75073de5835c;observability;kafka-ui-logs-744758849f;kafka-ui-logs-744758849f-qg4z9
dsstage;ds-eks-01-uat;sha256:a0351c8e7e72c761c347bdcb8808c95912fe83c460a3cecd3e953348a655abde;docker.io/clickhouse/clickhouse-server@sha256:a0351c8e7e72c761c347bdcb8808c95912fe83c460a3cecd3e953348a655abde;posthog-prd;N/A;chi-posthog-posthog-0-0-0
dsstage;ds-eks-01-uat;sha256:7a85f522c5bc68ba155878966be356654e367568672e21c2dba2c930490db195;docker.io/altinity/clickhouse-operator@sha256:7a85f522c5bc68ba155878966be356654e367568672e21c2dba2c930490db195;posthog-prd;clickhouse-operator-5f85977dd9;clickhouse-operator-5f85977dd9-n557g
dsstage;ds-eks-01-uat;sha256:74a3bdfb877c98f292ceab32bab2873462ce91170815d83655fa25ccaeca6bf4;docker.io/altinity/metrics-exporter@sha256:74a3bdfb877c98f292ceab32bab2873462ce91170815d83655fa25ccaeca6bf4;posthog-prd;clickhouse-operator-5f85977dd9;clickhouse-operator-5f85977dd9-n557g
dsstage;ds-eks-01-uat;sha256:fef465f62524ed89c27451752385ab69e5c35ea4bc48b62bf61f733916ea674c;quay.io/jetstack/cert-manager-controller@sha256:fef465f62524ed89c27451752385ab69e5c35ea4bc48b62bf61f733916ea674c;posthog-prd;posthog-cert-manager-7475999fdd;posthog-cert-manager-7475999fdd-8jkr7
dsstage;ds-eks-01-uat;sha256:916ef12af73c8a4cbdfb6127d6f513f476f3aeed2447ec7f1a58a95113bda713;quay.io/jetstack/cert-manager-cainjector@sha256:916ef12af73c8a4cbdfb6127d6f513f476f3aeed2447ec7f1a58a95113bda713;posthog-prd;posthog-cert-manager-cainjector-5c88c46999;posthog-cert-manager-cainjector-5c88c46999-vpbf6
dsstage;ds-eks-01-uat;sha256:45934ab42749e8c90da0726734155374f4ea55d7796246264e7adea87569918a;quay.io/jetstack/cert-manager-webhook@sha256:45934ab42749e8c90da0726734155374f4ea55d7796246264e7adea87569918a;posthog-prd;posthog-cert-manager-webhook-d9c47f758;posthog-cert-manager-webhook-d9c47f758-j6zrh
dsstage;ds-eks-01-uat;sha256:74441a9fa04a5af78bf76a5af909f88592033c03ce6f1e14f343cd53d0266827;docker.io/posthog/posthog@sha256:74441a9fa04a5af78bf76a5af909f88592033c03ce6f1e14f343cd53d0266827;posthog-prd;posthog-events-7d79dcb856;posthog-events-7d79dcb856-csfqk
dsstage;ds-eks-01-uat;sha256:f766669fdcf3dc26347ed273a55e754b427eb4411ee075a53f30718b4499076a;k8s.gcr.io/ingress-nginx/controller@sha256:f766669fdcf3dc26347ed273a55e754b427eb4411ee075a53f30718b4499076a;posthog-prd;posthog-ingress-nginx-controller-6ff869d4fc;posthog-ingress-nginx-controller-6ff869d4fc-8tqhz
dsstage;ds-eks-01-uat;sha256:e17b61c1b97eeecb562b33215456f02609db9b98c1e414f9a29ac46ec0a38a85;docker.io/bitnami/pgbouncer@sha256:e17b61c1b97eeecb562b33215456f02609db9b98c1e414f9a29ac46ec0a38a85;posthog-prd;posthog-pgbouncer-55fff8c6b6;posthog-pgbouncer-55fff8c6b6-jnvp2
dsstage;ds-eks-01-uat;sha256:74441a9fa04a5af78bf76a5af909f88592033c03ce6f1e14f343cd53d0266827;docker.io/posthog/posthog@sha256:74441a9fa04a5af78bf76a5af909f88592033c03ce6f1e14f343cd53d0266827;posthog-prd;posthog-plugins-8655c9f97d;posthog-plugins-8655c9f97d-vlh9l
dsstage;ds-eks-01-uat;sha256:5a85aeb27ffad227df55f7253a5b3634472d9d028ca20da0d6b9e7bb049d41e9;docker.io/bitnami/kafka@sha256:5a85aeb27ffad227df55f7253a5b3634472d9d028ca20da0d6b9e7bb049d41e9;posthog-prd;N/A;posthog-posthog-kafka-0
dsstage;ds-eks-01-uat;sha256:a97dd274c972cb39c8bfbf6f551fd80a9279b564e4713f4a2f02d213c033ae79;docker.io/bitnami/redis@sha256:a97dd274c972cb39c8bfbf6f551fd80a9279b564e4713f4a2f02d213c033ae79;posthog-prd;N/A;posthog-posthog-redis-master-0
dsstage;ds-eks-01-uat;sha256:061e22290d520d3c1536bbb2d6ed29e284f47b46d5035b6b6de1424658f2153c;docker.io/bitnami/zookeeper@sha256:061e22290d520d3c1536bbb2d6ed29e284f47b46d5035b6b6de1424658f2153c;posthog-prd;N/A;posthog-posthog-zookeeper-0
dsstage;ds-eks-01-uat;sha256:74441a9fa04a5af78bf76a5af909f88592033c03ce6f1e14f343cd53d0266827;docker.io/posthog/posthog@sha256:74441a9fa04a5af78bf76a5af909f88592033c03ce6f1e14f343cd53d0266827;posthog-prd;posthog-web-5ccc5f6458;posthog-web-5ccc5f6458-bjbht
dsstage;ds-eks-01-uat;sha256:74441a9fa04a5af78bf76a5af909f88592033c03ce6f1e14f343cd53d0266827;docker.io/posthog/posthog@sha256:74441a9fa04a5af78bf76a5af909f88592033c03ce6f1e14f343cd53d0266827;posthog-prd;posthog-worker-648556846;posthog-worker-648556846-4fmmx
dsstage;ds-eks-01-uat;sha256:27c454768ae8f434e587f87d14ce49d574d46a37a322b8839e1352a344dcff75;docker.io/apache/camel-k@sha256:27c454768ae8f434e587f87d14ce49d574d46a37a322b8839e1352a344dcff75;smartproxy-dev;camel-k-operator-688d5cb466;camel-k-operator-688d5cb466-k8ff7
dsstage;ds-eks-01-uat;sha256:27c454768ae8f434e587f87d14ce49d574d46a37a322b8839e1352a344dcff75;docker.io/apache/camel-k@sha256:27c454768ae8f434e587f87d14ce49d574d46a37a322b8839e1352a344dcff75;smartproxy-uat;camel-k-operator-688d5cb466;camel-k-operator-688d5cb466-r9lq2
dsstage;ds-eks-01-uat;sha256:27c454768ae8f434e587f87d14ce49d574d46a37a322b8839e1352a344dcff75;docker.io/apache/camel-k@sha256:27c454768ae8f434e587f87d14ce49d574d46a37a322b8839e1352a344dcff75;smartproxy;camel-k-operator-688d5cb466;camel-k-operator-688d5cb466-xf44n
dsstage;ds-eks-01-uat;sha256:6845f3ea66c0711b93e423e6c7f481e4527b4b7afeee23e12bdd3c86ead100a4;564593125549.dkr.ecr.sa-east-1.amazonaws.com/techdocs-preview-nginx@sha256:6845f3ea66c0711b93e423e6c7f481e4527b4b7afeee23e12bdd3c86ead100a4;techdocs-preview;techdocs-preview-7fdfb67dc;techdocs-preview-7fdfb67dc-v7zsb
dsstage;ds-eks-01-uat;sha256:f635442a0f47bbc8d1d868ca2b50d06e028d2c5048fd73a5986c92df317aff26;docker.io/velero/velero@sha256:f635442a0f47bbc8d1d868ca2b50d06e028d2c5048fd73a5986c92df317aff26;velero;velero-559c8cb49;velero-559c8cb49-wqqvl
account;cluster;sha;sha;namespace;deployment;pod_name
dsprod;ds-eks-01-prod;sha256:614e2a378d2c55b588ea02eab6a6ec9eb4e4281ad731955dc67442c4c2ff35bb;gcr.io/apigee-microgateway/edgemicro@sha256:614e2a378d2c55b588ea02eab6a6ec9eb4e4281ad731955dc67442c4c2ff35bb;apigee-system;eks-nike-tech-01-prod-microgateway-ddb785cf8;eks-nike-tech-01-prod-microgateway-ddb785cf8-8t964
dsprod;ds-eks-01-prod;sha256:b68f8ab06808890dff627d8fff67a3375fb8d38b83d1c79ea0684cfbb7702ba9;docker.io/bitnami/cassandra@sha256:b68f8ab06808890dff627d8fff67a3375fb8d38b83d1c79ea0684cfbb7702ba9;cassandra-uat;N/A;cassandra-uat-0
dsprod;ds-eks-01-prod;sha256:c5e0e5dca7503a8371b8d366db0f49e3fc68f62ea480262e39b6cc277991c97c;quay.io/strimzi/operator@sha256:c5e0e5dca7503a8371b8d366db0f49e3fc68f62ea480262e39b6cc277991c97c;default;strimzi-cluster-operator-5dc9798fb4;strimzi-cluster-operator-5dc9798fb4-gbknc
dsprod;ds-eks-01-prod;sha256:bfb1d7950ea02c875c7061a98e1714b017d8e2a6e74df0c07611c546b6d4f8b6;ghcr.io/fluxcd/flagger@sha256:bfb1d7950ea02c875c7061a98e1714b017d8e2a6e74df0c07611c546b6d4f8b6;istio-system;flagger-8b945cf6b;flagger-8b945cf6b-6jn8n
dsprod;ds-eks-01-prod;sha256:2152aea5fbe2de20f08f3e0412ad7a4cd54a492240ff40974261ee4bdb43871d;docker.io/istio/proxyv2@sha256:2152aea5fbe2de20f08f3e0412ad7a4cd54a492240ff40974261ee4bdb43871d;istio-system;istio-ingress-65cc558668;istio-ingress-65cc558668-rxzqd
dsprod;ds-eks-01-prod;sha256:ce9d876067018d5217836ffd28e5767e64937c573f5ac7d421be860857d0b266;docker.io/istio/pilot@sha256:ce9d876067018d5217836ffd28e5767e64937c573f5ac7d421be860857d0b266;istio-system;istiod-649844d58b;istiod-649844d58b-bh5dk
dsprod;ds-eks-01-prod;sha256:0e0c081fd0cf40e9028533d386177fc2492e4e839e1151237e847b2c9486715b;docker.io/jaegertracing/all-in-one@sha256:0e0c081fd0cf40e9028533d386177fc2492e4e839e1151237e847b2c9486715b;istio-system;jaeger-8559896dfc;jaeger-8559896dfc-v2t2j
dsprod;ds-eks-01-prod;sha256:fa494cb4ef3f3e4f593f3b12f77fced35fe1dff3c7c97e5f54f3f834d778e18d;quay.io/kiali/kiali@sha256:fa494cb4ef3f3e4f593f3b12f77fced35fe1dff3c7c97e5f54f3f834d778e18d;istio-system;kiali-65fcd75bd;kiali-65fcd75bd-qnvd9
dsprod;ds-eks-01-prod;sha256:680ae1958dbcb9da8ee4128a67c1163a6ee2744221f7d29f73d8bcc237fd0173;quay.io/strimzi/kafka@sha256:680ae1958dbcb9da8ee4128a67c1163a6ee2744221f7d29f73d8bcc237fd0173;kafka-dev;kafka-cluster-entity-operator-7d4b5dcddf;kafka-cluster-entity-operator-7d4b5dcddf-bbdvl
dsprod;ds-eks-01-prod;sha256:c5e0e5dca7503a8371b8d366db0f49e3fc68f62ea480262e39b6cc277991c97c;quay.io/strimzi/operator@sha256:c5e0e5dca7503a8371b8d366db0f49e3fc68f62ea480262e39b6cc277991c97c;kafka-dev;kafka-cluster-entity-operator-7d4b5dcddf;kafka-cluster-entity-operator-7d4b5dcddf-bbdvl
dsprod;ds-eks-01-prod;sha256:c5e0e5dca7503a8371b8d366db0f49e3fc68f62ea480262e39b6cc277991c97c;quay.io/strimzi/operator@sha256:c5e0e5dca7503a8371b8d366db0f49e3fc68f62ea480262e39b6cc277991c97c;kafka-dev;kafka-cluster-entity-operator-7d4b5dcddf;kafka-cluster-entity-operator-7d4b5dcddf-bbdvl
dsprod;ds-eks-01-prod;sha256:680ae1958dbcb9da8ee4128a67c1163a6ee2744221f7d29f73d8bcc237fd0173;quay.io/strimzi/kafka@sha256:680ae1958dbcb9da8ee4128a67c1163a6ee2744221f7d29f73d8bcc237fd0173;kafka-dev;N/A;kafka-cluster-kafka-0
dsprod;ds-eks-01-prod;sha256:680ae1958dbcb9da8ee4128a67c1163a6ee2744221f7d29f73d8bcc237fd0173;quay.io/strimzi/kafka@sha256:680ae1958dbcb9da8ee4128a67c1163a6ee2744221f7d29f73d8bcc237fd0173;kafka-dev;N/A;kafka-cluster-zookeeper-0
dsprod;ds-eks-01-prod;sha256:680ae1958dbcb9da8ee4128a67c1163a6ee2744221f7d29f73d8bcc237fd0173;quay.io/strimzi/kafka@sha256:680ae1958dbcb9da8ee4128a67c1163a6ee2744221f7d29f73d8bcc237fd0173;kafka-dev;N/A;kafka-cluster-zookeeper-1
dsprod;ds-eks-01-prod;sha256:680ae1958dbcb9da8ee4128a67c1163a6ee2744221f7d29f73d8bcc237fd0173;quay.io/strimzi/kafka@sha256:680ae1958dbcb9da8ee4128a67c1163a6ee2744221f7d29f73d8bcc237fd0173;kafka-dev;N/A;kafka-cluster-zookeeper-2
dsprod;ds-eks-01-prod;sha256:680ae1958dbcb9da8ee4128a67c1163a6ee2744221f7d29f73d8bcc237fd0173;quay.io/strimzi/kafka@sha256:680ae1958dbcb9da8ee4128a67c1163a6ee2744221f7d29f73d8bcc237fd0173;kafka-uat;kafka-cluster-entity-operator-9f495578;kafka-cluster-entity-operator-9f495578-l64r4
dsprod;ds-eks-01-prod;sha256:c5e0e5dca7503a8371b8d366db0f49e3fc68f62ea480262e39b6cc277991c97c;quay.io/strimzi/operator@sha256:c5e0e5dca7503a8371b8d366db0f49e3fc68f62ea480262e39b6cc277991c97c;kafka-uat;kafka-cluster-entity-operator-9f495578;kafka-cluster-entity-operator-9f495578-l64r4
dsprod;ds-eks-01-prod;sha256:c5e0e5dca7503a8371b8d366db0f49e3fc68f62ea480262e39b6cc277991c97c;quay.io/strimzi/operator@sha256:c5e0e5dca7503a8371b8d366db0f49e3fc68f62ea480262e39b6cc277991c97c;kafka-uat;kafka-cluster-entity-operator-9f495578;kafka-cluster-entity-operator-9f495578-l64r4
dsprod;ds-eks-01-prod;sha256:680ae1958dbcb9da8ee4128a67c1163a6ee2744221f7d29f73d8bcc237fd0173;quay.io/strimzi/kafka@sha256:680ae1958dbcb9da8ee4128a67c1163a6ee2744221f7d29f73d8bcc237fd0173;kafka-uat;N/A;kafka-cluster-kafka-0
dsprod;ds-eks-01-prod;sha256:680ae1958dbcb9da8ee4128a67c1163a6ee2744221f7d29f73d8bcc237fd0173;quay.io/strimzi/kafka@sha256:680ae1958dbcb9da8ee4128a67c1163a6ee2744221f7d29f73d8bcc237fd0173;kafka-uat;N/A;kafka-cluster-zookeeper-0
dsprod;ds-eks-01-prod;sha256:680ae1958dbcb9da8ee4128a67c1163a6ee2744221f7d29f73d8bcc237fd0173;quay.io/strimzi/kafka@sha256:680ae1958dbcb9da8ee4128a67c1163a6ee2744221f7d29f73d8bcc237fd0173;kafka-uat;N/A;kafka-cluster-zookeeper-1
dsprod;ds-eks-01-prod;sha256:680ae1958dbcb9da8ee4128a67c1163a6ee2744221f7d29f73d8bcc237fd0173;quay.io/strimzi/kafka@sha256:680ae1958dbcb9da8ee4128a67c1163a6ee2744221f7d29f73d8bcc237fd0173;kafka-uat;N/A;kafka-cluster-zookeeper-2
dsprod;ds-eks-01-prod;sha256:4e71a9aaf6e6c5ad0515c8ca04385920a69d8c4588738e5fbaff957d5cf283a5;602401143452.dkr.ecr.sa-east-1.amazonaws.com/amazon-k8s-cni@sha256:4e71a9aaf6e6c5ad0515c8ca04385920a69d8c4588738e5fbaff957d5cf283a5;kube-system;N/A;aws-node-92vct
dsprod;ds-eks-01-prod;sha256:4e71a9aaf6e6c5ad0515c8ca04385920a69d8c4588738e5fbaff957d5cf283a5;602401143452.dkr.ecr.sa-east-1.amazonaws.com/amazon-k8s-cni@sha256:4e71a9aaf6e6c5ad0515c8ca04385920a69d8c4588738e5fbaff957d5cf283a5;kube-system;N/A;aws-node-n64g5
dsprod;ds-eks-01-prod;sha256:4e71a9aaf6e6c5ad0515c8ca04385920a69d8c4588738e5fbaff957d5cf283a5;602401143452.dkr.ecr.sa-east-1.amazonaws.com/amazon-k8s-cni@sha256:4e71a9aaf6e6c5ad0515c8ca04385920a69d8c4588738e5fbaff957d5cf283a5;kube-system;N/A;aws-node-rsl95
dsprod;ds-eks-01-prod;sha256:4e71a9aaf6e6c5ad0515c8ca04385920a69d8c4588738e5fbaff957d5cf283a5;602401143452.dkr.ecr.sa-east-1.amazonaws.com/amazon-k8s-cni@sha256:4e71a9aaf6e6c5ad0515c8ca04385920a69d8c4588738e5fbaff957d5cf283a5;kube-system;N/A;aws-node-spmrs
dsprod;ds-eks-01-prod;sha256:4e71a9aaf6e6c5ad0515c8ca04385920a69d8c4588738e5fbaff957d5cf283a5;602401143452.dkr.ecr.sa-east-1.amazonaws.com/amazon-k8s-cni@sha256:4e71a9aaf6e6c5ad0515c8ca04385920a69d8c4588738e5fbaff957d5cf283a5;kube-system;N/A;aws-node-x4zzq
dsprod;ds-eks-01-prod;sha256:f46687231c2c1bfa139f2b18275b123222c8cf6a288bb9c8145932bd14ac3deb;k8s.gcr.io/autoscaling/cluster-autoscaler@sha256:f46687231c2c1bfa139f2b18275b123222c8cf6a288bb9c8145932bd14ac3deb;kube-system;cluster-autoscaler-aws-cluster-autoscaler-6c5c48ffbb;cluster-autoscaler-aws-cluster-autoscaler-6c5c48ffbb-ktbf9
dsprod;ds-eks-01-prod;sha256:283e342425558e69cc2e709337347e446d20604f544b2f98dd6f03dab7cd805a;602401143452.dkr.ecr.sa-east-1.amazonaws.com/eks/coredns@sha256:283e342425558e69cc2e709337347e446d20604f544b2f98dd6f03dab7cd805a;kube-system;coredns-87d7c8c9;coredns-87d7c8c9-2nlfx
dsprod;ds-eks-01-prod;sha256:283e342425558e69cc2e709337347e446d20604f544b2f98dd6f03dab7cd805a;602401143452.dkr.ecr.sa-east-1.amazonaws.com/eks/coredns@sha256:283e342425558e69cc2e709337347e446d20604f544b2f98dd6f03dab7cd805a;kube-system;coredns-87d7c8c9;coredns-87d7c8c9-kh4fm
dsprod;ds-eks-01-prod;sha256:69f580b92c80c38e1339b55ad38043efeb0b721ae4cd351d3ac6685b323b3157;602401143452.dkr.ecr.sa-east-1.amazonaws.com/eks/csi-attacher@sha256:69f580b92c80c38e1339b55ad38043efeb0b721ae4cd351d3ac6685b323b3157;kube-system;ebs-csi-controller-6b8dfdc68b;ebs-csi-controller-6b8dfdc68b-gnwmj
dsprod;ds-eks-01-prod;sha256:5ad11decb148950bdae987c7f938427a661d7ae60850e6c56f40314392eb7a5f;602401143452.dkr.ecr.sa-east-1.amazonaws.com/eks/csi-provisioner@sha256:5ad11decb148950bdae987c7f938427a661d7ae60850e6c56f40314392eb7a5f;kube-system;ebs-csi-controller-6b8dfdc68b;ebs-csi-controller-6b8dfdc68b-gnwmj
dsprod;ds-eks-01-prod;sha256:b2eefd692d1b4decf97f5bf785b50bc2b0338a2df66840d2679b6abf28a013cb;602401143452.dkr.ecr.sa-east-1.amazonaws.com/eks/csi-resizer@sha256:b2eefd692d1b4decf97f5bf785b50bc2b0338a2df66840d2679b6abf28a013cb;kube-system;ebs-csi-controller-6b8dfdc68b;ebs-csi-controller-6b8dfdc68b-gnwmj
dsprod;ds-eks-01-prod;sha256:b52d3e46d63c8991d10858a4c3e2417a2ab84d990ec41036119fc8235697dd8d;602401143452.dkr.ecr.sa-east-1.amazonaws.com/eks/csi-snapshotter@sha256:b52d3e46d63c8991d10858a4c3e2417a2ab84d990ec41036119fc8235697dd8d;kube-system;ebs-csi-controller-6b8dfdc68b;ebs-csi-controller-6b8dfdc68b-gnwmj
dsprod;ds-eks-01-prod;sha256:1564359e1e0e7cb577c77219541c423e782b726f603fde4fcfa0c1eafbc50320;602401143452.dkr.ecr.sa-east-1.amazonaws.com/eks/aws-ebs-csi-driver@sha256:1564359e1e0e7cb577c77219541c423e782b726f603fde4fcfa0c1eafbc50320;kube-system;ebs-csi-controller-6b8dfdc68b;ebs-csi-controller-6b8dfdc68b-gnwmj
dsprod;ds-eks-01-prod;sha256:5aa45f506d50b63acf32fae45c56e31de7567c5a8c2a55e810db138e7adf0789;602401143452.dkr.ecr.sa-east-1.amazonaws.com/eks/livenessprobe@sha256:5aa45f506d50b63acf32fae45c56e31de7567c5a8c2a55e810db138e7adf0789;kube-system;ebs-csi-controller-6b8dfdc68b;ebs-csi-controller-6b8dfdc68b-gnwmj
dsprod;ds-eks-01-prod;sha256:69f580b92c80c38e1339b55ad38043efeb0b721ae4cd351d3ac6685b323b3157;602401143452.dkr.ecr.sa-east-1.amazonaws.com/eks/csi-attacher@sha256:69f580b92c80c38e1339b55ad38043efeb0b721ae4cd351d3ac6685b323b3157;kube-system;ebs-csi-controller-6b8dfdc68b;ebs-csi-controller-6b8dfdc68b-vxlhv
dsprod;ds-eks-01-prod;sha256:5ad11decb148950bdae987c7f938427a661d7ae60850e6c56f40314392eb7a5f;602401143452.dkr.ecr.sa-east-1.amazonaws.com/eks/csi-provisioner@sha256:5ad11decb148950bdae987c7f938427a661d7ae60850e6c56f40314392eb7a5f;kube-system;ebs-csi-controller-6b8dfdc68b;ebs-csi-controller-6b8dfdc68b-vxlhv
dsprod;ds-eks-01-prod;sha256:b2eefd692d1b4decf97f5bf785b50bc2b0338a2df66840d2679b6abf28a013cb;602401143452.dkr.ecr.sa-east-1.amazonaws.com/eks/csi-resizer@sha256:b2eefd692d1b4decf97f5bf785b50bc2b0338a2df66840d2679b6abf28a013cb;kube-system;ebs-csi-controller-6b8dfdc68b;ebs-csi-controller-6b8dfdc68b-vxlhv
dsprod;ds-eks-01-prod;sha256:b52d3e46d63c8991d10858a4c3e2417a2ab84d990ec41036119fc8235697dd8d;602401143452.dkr.ecr.sa-east-1.amazonaws.com/eks/csi-snapshotter@sha256:b52d3e46d63c8991d10858a4c3e2417a2ab84d990ec41036119fc8235697dd8d;kube-system;ebs-csi-controller-6b8dfdc68b;ebs-csi-controller-6b8dfdc68b-vxlhv
dsprod;ds-eks-01-prod;sha256:1564359e1e0e7cb577c77219541c423e782b726f603fde4fcfa0c1eafbc50320;602401143452.dkr.ecr.sa-east-1.amazonaws.com/eks/aws-ebs-csi-driver@sha256:1564359e1e0e7cb577c77219541c423e782b726f603fde4fcfa0c1eafbc50320;kube-system;ebs-csi-controller-6b8dfdc68b;ebs-csi-controller-6b8dfdc68b-vxlhv
dsprod;ds-eks-01-prod;sha256:5aa45f506d50b63acf32fae45c56e31de7567c5a8c2a55e810db138e7adf0789;602401143452.dkr.ecr.sa-east-1.amazonaws.com/eks/livenessprobe@sha256:5aa45f506d50b63acf32fae45c56e31de7567c5a8c2a55e810db138e7adf0789;kube-system;ebs-csi-controller-6b8dfdc68b;ebs-csi-controller-6b8dfdc68b-vxlhv
dsprod;ds-eks-01-prod;sha256:1564359e1e0e7cb577c77219541c423e782b726f603fde4fcfa0c1eafbc50320;602401143452.dkr.ecr.sa-east-1.amazonaws.com/eks/aws-ebs-csi-driver@sha256:1564359e1e0e7cb577c77219541c423e782b726f603fde4fcfa0c1eafbc50320;kube-system;N/A;ebs-csi-node-88kqc
dsprod;ds-eks-01-prod;sha256:5aa45f506d50b63acf32fae45c56e31de7567c5a8c2a55e810db138e7adf0789;602401143452.dkr.ecr.sa-east-1.amazonaws.com/eks/livenessprobe@sha256:5aa45f506d50b63acf32fae45c56e31de7567c5a8c2a55e810db138e7adf0789;kube-system;N/A;ebs-csi-node-88kqc
dsprod;ds-eks-01-prod;sha256:d99f0bb1a918f0b8f144aa1e4785460924af946b1e0bb7a23996780358238951;602401143452.dkr.ecr.sa-east-1.amazonaws.com/eks/csi-node-driver-registrar@sha256:d99f0bb1a918f0b8f144aa1e4785460924af946b1e0bb7a23996780358238951;kube-system;N/A;ebs-csi-node-88kqc
dsprod;ds-eks-01-prod;sha256:1564359e1e0e7cb577c77219541c423e782b726f603fde4fcfa0c1eafbc50320;602401143452.dkr.ecr.sa-east-1.amazonaws.com/eks/aws-ebs-csi-driver@sha256:1564359e1e0e7cb577c77219541c423e782b726f603fde4fcfa0c1eafbc50320;kube-system;N/A;ebs-csi-node-dtkwg
dsprod;ds-eks-01-prod;sha256:5aa45f506d50b63acf32fae45c56e31de7567c5a8c2a55e810db138e7adf0789;602401143452.dkr.ecr.sa-east-1.amazonaws.com/eks/livenessprobe@sha256:5aa45f506d50b63acf32fae45c56e31de7567c5a8c2a55e810db138e7adf0789;kube-system;N/A;ebs-csi-node-dtkwg
dsprod;ds-eks-01-prod;sha256:d99f0bb1a918f0b8f144aa1e4785460924af946b1e0bb7a23996780358238951;602401143452.dkr.ecr.sa-east-1.amazonaws.com/eks/csi-node-driver-registrar@sha256:d99f0bb1a918f0b8f144aa1e4785460924af946b1e0bb7a23996780358238951;kube-system;N/A;ebs-csi-node-dtkwg
dsprod;ds-eks-01-prod;sha256:1564359e1e0e7cb577c77219541c423e782b726f603fde4fcfa0c1eafbc50320;602401143452.dkr.ecr.sa-east-1.amazonaws.com/eks/aws-ebs-csi-driver@sha256:1564359e1e0e7cb577c77219541c423e782b726f603fde4fcfa0c1eafbc50320;kube-system;N/A;ebs-csi-node-dz4fg
dsprod;ds-eks-01-prod;sha256:5aa45f506d50b63acf32fae45c56e31de7567c5a8c2a55e810db138e7adf0789;602401143452.dkr.ecr.sa-east-1.amazonaws.com/eks/livenessprobe@sha256:5aa45f506d50b63acf32fae45c56e31de7567c5a8c2a55e810db138e7adf0789;kube-system;N/A;ebs-csi-node-dz4fg
dsprod;ds-eks-01-prod;sha256:d99f0bb1a918f0b8f144aa1e4785460924af946b1e0bb7a23996780358238951;602401143452.dkr.ecr.sa-east-1.amazonaws.com/eks/csi-node-driver-registrar@sha256:d99f0bb1a918f0b8f144aa1e4785460924af946b1e0bb7a23996780358238951;kube-system;N/A;ebs-csi-node-dz4fg
dsprod;ds-eks-01-prod;sha256:1564359e1e0e7cb577c77219541c423e782b726f603fde4fcfa0c1eafbc50320;602401143452.dkr.ecr.sa-east-1.amazonaws.com/eks/aws-ebs-csi-driver@sha256:1564359e1e0e7cb577c77219541c423e782b726f603fde4fcfa0c1eafbc50320;kube-system;N/A;ebs-csi-node-ntqbq
dsprod;ds-eks-01-prod;sha256:5aa45f506d50b63acf32fae45c56e31de7567c5a8c2a55e810db138e7adf0789;602401143452.dkr.ecr.sa-east-1.amazonaws.com/eks/livenessprobe@sha256:5aa45f506d50b63acf32fae45c56e31de7567c5a8c2a55e810db138e7adf0789;kube-system;N/A;ebs-csi-node-ntqbq
dsprod;ds-eks-01-prod;sha256:d99f0bb1a918f0b8f144aa1e4785460924af946b1e0bb7a23996780358238951;602401143452.dkr.ecr.sa-east-1.amazonaws.com/eks/csi-node-driver-registrar@sha256:d99f0bb1a918f0b8f144aa1e4785460924af946b1e0bb7a23996780358238951;kube-system;N/A;ebs-csi-node-ntqbq
dsprod;ds-eks-01-prod;sha256:1564359e1e0e7cb577c77219541c423e782b726f603fde4fcfa0c1eafbc50320;602401143452.dkr.ecr.sa-east-1.amazonaws.com/eks/aws-ebs-csi-driver@sha256:1564359e1e0e7cb577c77219541c423e782b726f603fde4fcfa0c1eafbc50320;kube-system;N/A;ebs-csi-node-vww65
dsprod;ds-eks-01-prod;sha256:5aa45f506d50b63acf32fae45c56e31de7567c5a8c2a55e810db138e7adf0789;602401143452.dkr.ecr.sa-east-1.amazonaws.com/eks/livenessprobe@sha256:5aa45f506d50b63acf32fae45c56e31de7567c5a8c2a55e810db138e7adf0789;kube-system;N/A;ebs-csi-node-vww65
dsprod;ds-eks-01-prod;sha256:d99f0bb1a918f0b8f144aa1e4785460924af946b1e0bb7a23996780358238951;602401143452.dkr.ecr.sa-east-1.amazonaws.com/eks/csi-node-driver-registrar@sha256:d99f0bb1a918f0b8f144aa1e4785460924af946b1e0bb7a23996780358238951;kube-system;N/A;ebs-csi-node-vww65
dsprod;ds-eks-01-prod;sha256:e677f72d499e09557e20ba9b5ade9fbbc70b73f658b95226963215eaa9fdb1ad;564593125549.dkr.ecr.sa-east-1.amazonaws.com/aws-public/eks-distro/kubernetes-csi/external-provisioner@sha256:e677f72d499e09557e20ba9b5ade9fbbc70b73f658b95226963215eaa9fdb1ad;kube-system;efs-csi-controller-6f75577dbb;efs-csi-controller-6f75577dbb-6d8pb
dsprod;ds-eks-01-prod;sha256:4db1a50a1583c662643b4a24a7940c7e347ef22f3c6f83f825587c3b904abe87;602401143452.dkr.ecr.sa-east-1.amazonaws.com/eks/aws-efs-csi-driver@sha256:4db1a50a1583c662643b4a24a7940c7e347ef22f3c6f83f825587c3b904abe87;kube-system;efs-csi-controller-6f75577dbb;efs-csi-controller-6f75577dbb-6d8pb
dsprod;ds-eks-01-prod;sha256:d790820d19a6253ee31418be4d1a9ae023d4a6b64c5591f8f031b4194828cc5b;564593125549.dkr.ecr.sa-east-1.amazonaws.com/aws-public/eks-distro/kubernetes-csi/livenessprobe@sha256:d790820d19a6253ee31418be4d1a9ae023d4a6b64c5591f8f031b4194828cc5b;kube-system;efs-csi-controller-6f75577dbb;efs-csi-controller-6f75577dbb-6d8pb
dsprod;ds-eks-01-prod;sha256:e677f72d499e09557e20ba9b5ade9fbbc70b73f658b95226963215eaa9fdb1ad;564593125549.dkr.ecr.sa-east-1.amazonaws.com/aws-public/eks-distro/kubernetes-csi/external-provisioner@sha256:e677f72d499e09557e20ba9b5ade9fbbc70b73f658b95226963215eaa9fdb1ad;kube-system;efs-csi-controller-6f75577dbb;efs-csi-controller-6f75577dbb-mmmm7
dsprod;ds-eks-01-prod;sha256:4db1a50a1583c662643b4a24a7940c7e347ef22f3c6f83f825587c3b904abe87;602401143452.dkr.ecr.sa-east-1.amazonaws.com/eks/aws-efs-csi-driver@sha256:4db1a50a1583c662643b4a24a7940c7e347ef22f3c6f83f825587c3b904abe87;kube-system;efs-csi-controller-6f75577dbb;efs-csi-controller-6f75577dbb-mmmm7
dsprod;ds-eks-01-prod;sha256:d790820d19a6253ee31418be4d1a9ae023d4a6b64c5591f8f031b4194828cc5b;564593125549.dkr.ecr.sa-east-1.amazonaws.com/aws-public/eks-distro/kubernetes-csi/livenessprobe@sha256:d790820d19a6253ee31418be4d1a9ae023d4a6b64c5591f8f031b4194828cc5b;kube-system;efs-csi-controller-6f75577dbb;efs-csi-controller-6f75577dbb-mmmm7
dsprod;ds-eks-01-prod;sha256:9cd9ef74078997d4d05f5061b6a4948b54b591bb5152675f45a183c3a1cbbfd8;564593125549.dkr.ecr.sa-east-1.amazonaws.com/aws-public/eks-distro/kubernetes-csi/node-driver-registrar@sha256:9cd9ef74078997d4d05f5061b6a4948b54b591bb5152675f45a183c3a1cbbfd8;kube-system;N/A;efs-csi-node-4qd9f
dsprod;ds-eks-01-prod;sha256:4db1a50a1583c662643b4a24a7940c7e347ef22f3c6f83f825587c3b904abe87;602401143452.dkr.ecr.sa-east-1.amazonaws.com/eks/aws-efs-csi-driver@sha256:4db1a50a1583c662643b4a24a7940c7e347ef22f3c6f83f825587c3b904abe87;kube-system;N/A;efs-csi-node-4qd9f
dsprod;ds-eks-01-prod;sha256:d790820d19a6253ee31418be4d1a9ae023d4a6b64c5591f8f031b4194828cc5b;564593125549.dkr.ecr.sa-east-1.amazonaws.com/aws-public/eks-distro/kubernetes-csi/livenessprobe@sha256:d790820d19a6253ee31418be4d1a9ae023d4a6b64c5591f8f031b4194828cc5b;kube-system;N/A;efs-csi-node-4qd9f
dsprod;ds-eks-01-prod;sha256:9cd9ef74078997d4d05f5061b6a4948b54b591bb5152675f45a183c3a1cbbfd8;564593125549.dkr.ecr.sa-east-1.amazonaws.com/aws-public/eks-distro/kubernetes-csi/node-driver-registrar@sha256:9cd9ef74078997d4d05f5061b6a4948b54b591bb5152675f45a183c3a1cbbfd8;kube-system;N/A;efs-csi-node-6wccb
dsprod;ds-eks-01-prod;sha256:4db1a50a1583c662643b4a24a7940c7e347ef22f3c6f83f825587c3b904abe87;602401143452.dkr.ecr.sa-east-1.amazonaws.com/eks/aws-efs-csi-driver@sha256:4db1a50a1583c662643b4a24a7940c7e347ef22f3c6f83f825587c3b904abe87;kube-system;N/A;efs-csi-node-6wccb
dsprod;ds-eks-01-prod;sha256:d790820d19a6253ee31418be4d1a9ae023d4a6b64c5591f8f031b4194828cc5b;564593125549.dkr.ecr.sa-east-1.amazonaws.com/aws-public/eks-distro/kubernetes-csi/livenessprobe@sha256:d790820d19a6253ee31418be4d1a9ae023d4a6b64c5591f8f031b4194828cc5b;kube-system;N/A;efs-csi-node-6wccb
dsprod;ds-eks-01-prod;sha256:9cd9ef74078997d4d05f5061b6a4948b54b591bb5152675f45a183c3a1cbbfd8;564593125549.dkr.ecr.sa-east-1.amazonaws.com/aws-public/eks-distro/kubernetes-csi/node-driver-registrar@sha256:9cd9ef74078997d4d05f5061b6a4948b54b591bb5152675f45a183c3a1cbbfd8;kube-system;N/A;efs-csi-node-cgszj
dsprod;ds-eks-01-prod;sha256:4db1a50a1583c662643b4a24a7940c7e347ef22f3c6f83f825587c3b904abe87;602401143452.dkr.ecr.sa-east-1.amazonaws.com/eks/aws-efs-csi-driver@sha256:4db1a50a1583c662643b4a24a7940c7e347ef22f3c6f83f825587c3b904abe87;kube-system;N/A;efs-csi-node-cgszj
dsprod;ds-eks-01-prod;sha256:d790820d19a6253ee31418be4d1a9ae023d4a6b64c5591f8f031b4194828cc5b;564593125549.dkr.ecr.sa-east-1.amazonaws.com/aws-public/eks-distro/kubernetes-csi/livenessprobe@sha256:d790820d19a6253ee31418be4d1a9ae023d4a6b64c5591f8f031b4194828cc5b;kube-system;N/A;efs-csi-node-cgszj
dsprod;ds-eks-01-prod;sha256:9cd9ef74078997d4d05f5061b6a4948b54b591bb5152675f45a183c3a1cbbfd8;564593125549.dkr.ecr.sa-east-1.amazonaws.com/aws-public/eks-distro/kubernetes-csi/node-driver-registrar@sha256:9cd9ef74078997d4d05f5061b6a4948b54b591bb5152675f45a183c3a1cbbfd8;kube-system;N/A;efs-csi-node-sr75j
dsprod;ds-eks-01-prod;sha256:4db1a50a1583c662643b4a24a7940c7e347ef22f3c6f83f825587c3b904abe87;602401143452.dkr.ecr.sa-east-1.amazonaws.com/eks/aws-efs-csi-driver@sha256:4db1a50a1583c662643b4a24a7940c7e347ef22f3c6f83f825587c3b904abe87;kube-system;N/A;efs-csi-node-sr75j
dsprod;ds-eks-01-prod;sha256:d790820d19a6253ee31418be4d1a9ae023d4a6b64c5591f8f031b4194828cc5b;564593125549.dkr.ecr.sa-east-1.amazonaws.com/aws-public/eks-distro/kubernetes-csi/livenessprobe@sha256:d790820d19a6253ee31418be4d1a9ae023d4a6b64c5591f8f031b4194828cc5b;kube-system;N/A;efs-csi-node-sr75j
dsprod;ds-eks-01-prod;sha256:9cd9ef74078997d4d05f5061b6a4948b54b591bb5152675f45a183c3a1cbbfd8;564593125549.dkr.ecr.sa-east-1.amazonaws.com/aws-public/eks-distro/kubernetes-csi/node-driver-registrar@sha256:9cd9ef74078997d4d05f5061b6a4948b54b591bb5152675f45a183c3a1cbbfd8;kube-system;N/A;efs-csi-node-zpn79
dsprod;ds-eks-01-prod;sha256:4db1a50a1583c662643b4a24a7940c7e347ef22f3c6f83f825587c3b904abe87;602401143452.dkr.ecr.sa-east-1.amazonaws.com/eks/aws-efs-csi-driver@sha256:4db1a50a1583c662643b4a24a7940c7e347ef22f3c6f83f825587c3b904abe87;kube-system;N/A;efs-csi-node-zpn79
dsprod;ds-eks-01-prod;sha256:d790820d19a6253ee31418be4d1a9ae023d4a6b64c5591f8f031b4194828cc5b;564593125549.dkr.ecr.sa-east-1.amazonaws.com/aws-public/eks-distro/kubernetes-csi/livenessprobe@sha256:d790820d19a6253ee31418be4d1a9ae023d4a6b64c5591f8f031b4194828cc5b;kube-system;N/A;efs-csi-node-zpn79
dsprod;ds-eks-01-prod;sha256:1529982e95d0c9a1f0543360939108cf8276507fb6639e367a0198d3b25570b0;k8s.gcr.io/external-dns/external-dns@sha256:1529982e95d0c9a1f0543360939108cf8276507fb6639e367a0198d3b25570b0;kube-system;external-dns-94756556;external-dns-94756556-l9qx9
dsprod;ds-eks-01-prod;sha256:8ac03ffed11ba8e3b77ffca82f6ee1ef9598181da04cc50545ca1c739ddf5bbb;602401143452.dkr.ecr.sa-east-1.amazonaws.com/eks/kube-proxy@sha256:8ac03ffed11ba8e3b77ffca82f6ee1ef9598181da04cc50545ca1c739ddf5bbb;kube-system;N/A;kube-proxy-226cq
dsprod;ds-eks-01-prod;sha256:8ac03ffed11ba8e3b77ffca82f6ee1ef9598181da04cc50545ca1c739ddf5bbb;602401143452.dkr.ecr.sa-east-1.amazonaws.com/eks/kube-proxy@sha256:8ac03ffed11ba8e3b77ffca82f6ee1ef9598181da04cc50545ca1c739ddf5bbb;kube-system;N/A;kube-proxy-8mc8c
dsprod;ds-eks-01-prod;sha256:8ac03ffed11ba8e3b77ffca82f6ee1ef9598181da04cc50545ca1c739ddf5bbb;602401143452.dkr.ecr.sa-east-1.amazonaws.com/eks/kube-proxy@sha256:8ac03ffed11ba8e3b77ffca82f6ee1ef9598181da04cc50545ca1c739ddf5bbb;kube-system;N/A;kube-proxy-w7c29
dsprod;ds-eks-01-prod;sha256:8ac03ffed11ba8e3b77ffca82f6ee1ef9598181da04cc50545ca1c739ddf5bbb;602401143452.dkr.ecr.sa-east-1.amazonaws.com/eks/kube-proxy@sha256:8ac03ffed11ba8e3b77ffca82f6ee1ef9598181da04cc50545ca1c739ddf5bbb;kube-system;N/A;kube-proxy-wcf79
dsprod;ds-eks-01-prod;sha256:8ac03ffed11ba8e3b77ffca82f6ee1ef9598181da04cc50545ca1c739ddf5bbb;602401143452.dkr.ecr.sa-east-1.amazonaws.com/eks/kube-proxy@sha256:8ac03ffed11ba8e3b77ffca82f6ee1ef9598181da04cc50545ca1c739ddf5bbb;kube-system;N/A;kube-proxy-xf278
dsprod;ds-eks-01-prod;sha256:76049887f07a0476dc93efc2d3569b9529bf982b22d29f356092ce206e98765c;docker.io/kubernetesui/metrics-scraper@sha256:76049887f07a0476dc93efc2d3569b9529bf982b22d29f356092ce206e98765c;kube-system;kubernetes-dashboard-7cd8c87c5f;kubernetes-dashboard-7cd8c87c5f-gnlbf
dsprod;ds-eks-01-prod;sha256:290bebc3cd96c22b6f89e7b21f5c2b16ce5c275a0ec2c2de10e0d8b9dd110289;docker.io/kubernetesui/dashboard@sha256:290bebc3cd96c22b6f89e7b21f5c2b16ce5c275a0ec2c2de10e0d8b9dd110289;kube-system;kubernetes-dashboard-7cd8c87c5f;kubernetes-dashboard-7cd8c87c5f-gnlbf
dsprod;ds-eks-01-prod;sha256:f977ad859fb500c1302d9c3428c6271db031bb7431e7076213b676b345a88dc2;k8s.gcr.io/metrics-server/metrics-server@sha256:f977ad859fb500c1302d9c3428c6271db031bb7431e7076213b676b345a88dc2;kube-system;metrics-server-8694655b79;metrics-server-8694655b79-9cq9x
dsprod;ds-eks-01-prod;sha256:8c21390be87dbbee337c5b867254906b900bb52adb405b3a67134e17b7705973;quay.io/oauth2-proxy/oauth2-proxy@sha256:8c21390be87dbbee337c5b867254906b900bb52adb405b3a67134e17b7705973;kube-system;oauth2-proxy-764d678d5b;oauth2-proxy-764d678d5b-bdssl
dsprod;ds-eks-01-prod;sha256:10e3e43b37bef778c5f1606f9078ac5935c52654598d6ffe7dfadbb25a888c1a;564593125549.dkr.ecr.sa-east-1.amazonaws.com/logstash@sha256:10e3e43b37bef778c5f1606f9078ac5935c52654598d6ffe7dfadbb25a888c1a;logstash-nike-smartproxy-infobusca-uat;N/A;logstash-logstash-0
dsprod;ds-eks-01-prod;sha256:10e3e43b37bef778c5f1606f9078ac5935c52654598d6ffe7dfadbb25a888c1a;564593125549.dkr.ecr.sa-east-1.amazonaws.com/logstash@sha256:10e3e43b37bef778c5f1606f9078ac5935c52654598d6ffe7dfadbb25a888c1a;logstash-nike-smartproxy-infobusca;N/A;logstash-logstash-0
dsprod;ds-eks-01-prod;sha256:10e3e43b37bef778c5f1606f9078ac5935c52654598d6ffe7dfadbb25a888c1a;564593125549.dkr.ecr.sa-east-1.amazonaws.com/logstash@sha256:10e3e43b37bef778c5f1606f9078ac5935c52654598d6ffe7dfadbb25a888c1a;logstash-nike-smartproxy-infomais-uat;N/A;logstash-logstash-0
dsprod;ds-eks-01-prod;sha256:10e3e43b37bef778c5f1606f9078ac5935c52654598d6ffe7dfadbb25a888c1a;564593125549.dkr.ecr.sa-east-1.amazonaws.com/logstash@sha256:10e3e43b37bef778c5f1606f9078ac5935c52654598d6ffe7dfadbb25a888c1a;logstash-nike-smartproxy-infomais;N/A;logstash-logstash-0
dsprod;ds-eks-01-prod;sha256:10e3e43b37bef778c5f1606f9078ac5935c52654598d6ffe7dfadbb25a888c1a;564593125549.dkr.ecr.sa-east-1.amazonaws.com/logstash@sha256:10e3e43b37bef778c5f1606f9078ac5935c52654598d6ffe7dfadbb25a888c1a;logstash-nike-smartproxy-uat;N/A;logstash-logstash-0
dsprod;ds-eks-01-prod;sha256:10e3e43b37bef778c5f1606f9078ac5935c52654598d6ffe7dfadbb25a888c1a;564593125549.dkr.ecr.sa-east-1.amazonaws.com/logstash@sha256:10e3e43b37bef778c5f1606f9078ac5935c52654598d6ffe7dfadbb25a888c1a;logstash-nike-smartproxy;N/A;logstash-logstash-0
dsprod;ds-eks-01-prod;sha256:088464f949de8065b9da7dfce7302a633d700e9d598e2bebc03310712f083b31;quay.io/prometheus/alertmanager@sha256:088464f949de8065b9da7dfce7302a633d700e9d598e2bebc03310712f083b31;monitoring-system;N/A;alertmanager-kube-prometheus-stack-alertmanager-0
dsprod;ds-eks-01-prod;sha256:d0aee3f816725cb130121f3ea67979160bdc79fe616efa077c9b15cab4689504;quay.io/prometheus-operator/prometheus-config-reloader@sha256:d0aee3f816725cb130121f3ea67979160bdc79fe616efa077c9b15cab4689504;monitoring-system;N/A;alertmanager-kube-prometheus-stack-alertmanager-0
dsprod;ds-eks-01-prod;sha256:ecc1b80b8ca27743e48033c6d4c9d9f658b0837f9bea7dc5afeec0f857357267;docker.io/grafana/grafana@sha256:ecc1b80b8ca27743e48033c6d4c9d9f658b0837f9bea7dc5afeec0f857357267;monitoring-system;kube-prometheus-stack-grafana-74d44b84;kube-prometheus-stack-grafana-74d44b84-6xcs5
dsprod;ds-eks-01-prod;sha256:1f025ae37b7b20d63bffd179e5e6f972039dd53d9646388c0a8c456229c7bbcb;quay.io/kiwigrid/k8s-sidecar@sha256:1f025ae37b7b20d63bffd179e5e6f972039dd53d9646388c0a8c456229c7bbcb;monitoring-system;kube-prometheus-stack-grafana-74d44b84;kube-prometheus-stack-grafana-74d44b84-6xcs5
dsprod;ds-eks-01-prod;sha256:1f025ae37b7b20d63bffd179e5e6f972039dd53d9646388c0a8c456229c7bbcb;quay.io/kiwigrid/k8s-sidecar@sha256:1f025ae37b7b20d63bffd179e5e6f972039dd53d9646388c0a8c456229c7bbcb;monitoring-system;kube-prometheus-stack-grafana-74d44b84;kube-prometheus-stack-grafana-74d44b84-6xcs5
dsprod;ds-eks-01-prod;sha256:69a18fa1e0d0c9f972a64e69ca13b65451b8c5e79ae8dccf3a77968be4a301df;k8s.gcr.io/kube-state-metrics/kube-state-metrics@sha256:69a18fa1e0d0c9f972a64e69ca13b65451b8c5e79ae8dccf3a77968be4a301df;monitoring-system;kube-prometheus-stack-kube-state-metrics-5bd844ff8c;kube-prometheus-stack-kube-state-metrics-5bd844ff8c-np5vg
dsprod;ds-eks-01-prod;sha256:4817ed76bbac6726228bc0cb1bb7f78a1084ab8367e3a7daa9d6119eb470cfa5;quay.io/prometheus-operator/prometheus-operator@sha256:4817ed76bbac6726228bc0cb1bb7f78a1084ab8367e3a7daa9d6119eb470cfa5;monitoring-system;kube-prometheus-stack-operator-7447c85fbc;kube-prometheus-stack-operator-7447c85fbc-lmz6d
dsprod;ds-eks-01-prod;sha256:f2269e73124dd0f60a7d19a2ce1264d33d08a985aed0ee6b0b89d0be470592cd;quay.io/prometheus/node-exporter@sha256:f2269e73124dd0f60a7d19a2ce1264d33d08a985aed0ee6b0b89d0be470592cd;monitoring-system;N/A;kube-prometheus-stack-prometheus-node-exporter-24p9k
dsprod;ds-eks-01-prod;sha256:f2269e73124dd0f60a7d19a2ce1264d33d08a985aed0ee6b0b89d0be470592cd;quay.io/prometheus/node-exporter@sha256:f2269e73124dd0f60a7d19a2ce1264d33d08a985aed0ee6b0b89d0be470592cd;monitoring-system;N/A;kube-prometheus-stack-prometheus-node-exporter-5lqvr
dsprod;ds-eks-01-prod;sha256:f2269e73124dd0f60a7d19a2ce1264d33d08a985aed0ee6b0b89d0be470592cd;quay.io/prometheus/node-exporter@sha256:f2269e73124dd0f60a7d19a2ce1264d33d08a985aed0ee6b0b89d0be470592cd;monitoring-system;N/A;kube-prometheus-stack-prometheus-node-exporter-ldgcg
dsprod;ds-eks-01-prod;sha256:f2269e73124dd0f60a7d19a2ce1264d33d08a985aed0ee6b0b89d0be470592cd;quay.io/prometheus/node-exporter@sha256:f2269e73124dd0f60a7d19a2ce1264d33d08a985aed0ee6b0b89d0be470592cd;monitoring-system;N/A;kube-prometheus-stack-prometheus-node-exporter-nsrdr
dsprod;ds-eks-01-prod;sha256:f2269e73124dd0f60a7d19a2ce1264d33d08a985aed0ee6b0b89d0be470592cd;quay.io/prometheus/node-exporter@sha256:f2269e73124dd0f60a7d19a2ce1264d33d08a985aed0ee6b0b89d0be470592cd;monitoring-system;N/A;kube-prometheus-stack-prometheus-node-exporter-z7fqm
dsprod;ds-eks-01-prod;sha256:eb350a428127cf111a39fae466ebbbc2aade66a64ddf61b47df4ceaacf207d19;gcr.io/kubecost1/frontend@sha256:eb350a428127cf111a39fae466ebbbc2aade66a64ddf61b47df4ceaacf207d19;monitoring-system;kubecost-cost-analyzer-58d9f66469;kubecost-cost-analyzer-58d9f66469-dp4lr
dsprod;ds-eks-01-prod;sha256:7737e3448e35d1fd6fb715b986d2d665bf28b5fb2e9e8db87bd0985347d46e16;gcr.io/kubecost1/cost-model@sha256:7737e3448e35d1fd6fb715b986d2d665bf28b5fb2e9e8db87bd0985347d46e16;monitoring-system;kubecost-cost-analyzer-58d9f66469;kubecost-cost-analyzer-58d9f66469-dp4lr
dsprod;ds-eks-01-prod;sha256:1ee60f980950b00e505bd564b40f720132a0653b110e993043bb5940673d060a;docker.io/grafana/loki@sha256:1ee60f980950b00e505bd564b40f720132a0653b110e993043bb5940673d060a;monitoring-system;N/A;loki-stack-0
dsprod;ds-eks-01-prod;sha256:072527b12cdfa1393d04a08aeba6b0eb42fd6921426ea14eaf8c828953771749;docker.io/grafana/promtail@sha256:072527b12cdfa1393d04a08aeba6b0eb42fd6921426ea14eaf8c828953771749;monitoring-system;N/A;loki-stack-promtail-4vtl5
dsprod;ds-eks-01-prod;sha256:072527b12cdfa1393d04a08aeba6b0eb42fd6921426ea14eaf8c828953771749;docker.io/grafana/promtail@sha256:072527b12cdfa1393d04a08aeba6b0eb42fd6921426ea14eaf8c828953771749;monitoring-system;N/A;loki-stack-promtail-bhhrp
dsprod;ds-eks-01-prod;sha256:072527b12cdfa1393d04a08aeba6b0eb42fd6921426ea14eaf8c828953771749;docker.io/grafana/promtail@sha256:072527b12cdfa1393d04a08aeba6b0eb42fd6921426ea14eaf8c828953771749;monitoring-system;N/A;loki-stack-promtail-cbxtf
dsprod;ds-eks-01-prod;sha256:072527b12cdfa1393d04a08aeba6b0eb42fd6921426ea14eaf8c828953771749;docker.io/grafana/promtail@sha256:072527b12cdfa1393d04a08aeba6b0eb42fd6921426ea14eaf8c828953771749;monitoring-system;N/A;loki-stack-promtail-l58z7
dsprod;ds-eks-01-prod;sha256:072527b12cdfa1393d04a08aeba6b0eb42fd6921426ea14eaf8c828953771749;docker.io/grafana/promtail@sha256:072527b12cdfa1393d04a08aeba6b0eb42fd6921426ea14eaf8c828953771749;monitoring-system;N/A;loki-stack-promtail-ppbfs
dsprod;ds-eks-01-prod;sha256:d0aee3f816725cb130121f3ea67979160bdc79fe616efa077c9b15cab4689504;quay.io/prometheus-operator/prometheus-config-reloader@sha256:d0aee3f816725cb130121f3ea67979160bdc79fe616efa077c9b15cab4689504;monitoring-system;N/A;prometheus-kube-prometheus-stack-prometheus-0
dsprod;ds-eks-01-prod;sha256:2acfab1966f0dbecc6afbead13eca7f47062cfe8726bb9db25e39e0c0b88e9c3;quay.io/prometheus/prometheus@sha256:2acfab1966f0dbecc6afbead13eca7f47062cfe8726bb9db25e39e0c0b88e9c3;monitoring-system;N/A;prometheus-kube-prometheus-stack-prometheus-0
dsprod;ds-eks-01-prod;sha256:477d4c3d896a0deefdcccf0e08e8fb0d4258e5340d34f3c3513f75073de5835c;docker.io/provectuslabs/kafka-ui@sha256:477d4c3d896a0deefdcccf0e08e8fb0d4258e5340d34f3c3513f75073de5835c;msk-smartproxy;kafka-ui-logs-554bf7d9b5;kafka-ui-logs-554bf7d9b5-zqrd9
dsprod;ds-eks-01-prod;sha256:477d4c3d896a0deefdcccf0e08e8fb0d4258e5340d34f3c3513f75073de5835c;docker.io/provectuslabs/kafka-ui@sha256:477d4c3d896a0deefdcccf0e08e8fb0d4258e5340d34f3c3513f75073de5835c;observability;kafka-ui-logs-744758849f;kafka-ui-logs-744758849f-qg4z9
dsprod;ds-eks-01-prod;sha256:a0351c8e7e72c761c347bdcb8808c95912fe83c460a3cecd3e953348a655abde;docker.io/clickhouse/clickhouse-server@sha256:a0351c8e7e72c761c347bdcb8808c95912fe83c460a3cecd3e953348a655abde;posthog-prd;N/A;chi-posthog-posthog-0-0-0
dsprod;ds-eks-01-prod;sha256:7a85f522c5bc68ba155878966be356654e367568672e21c2dba2c930490db195;docker.io/altinity/clickhouse-operator@sha256:7a85f522c5bc68ba155878966be356654e367568672e21c2dba2c930490db195;posthog-prd;clickhouse-operator-5f85977dd9;clickhouse-operator-5f85977dd9-n557g
dsprod;ds-eks-01-prod;sha256:74a3bdfb877c98f292ceab32bab2873462ce91170815d83655fa25ccaeca6bf4;docker.io/altinity/metrics-exporter@sha256:74a3bdfb877c98f292ceab32bab2873462ce91170815d83655fa25ccaeca6bf4;posthog-prd;clickhouse-operator-5f85977dd9;clickhouse-operator-5f85977dd9-n557g
dsprod;ds-eks-01-prod;sha256:fef465f62524ed89c27451752385ab69e5c35ea4bc48b62bf61f733916ea674c;quay.io/jetstack/cert-manager-controller@sha256:fef465f62524ed89c27451752385ab69e5c35ea4bc48b62bf61f733916ea674c;posthog-prd;posthog-cert-manager-7475999fdd;posthog-cert-manager-7475999fdd-8jkr7
dsprod;ds-eks-01-prod;sha256:916ef12af73c8a4cbdfb6127d6f513f476f3aeed2447ec7f1a58a95113bda713;quay.io/jetstack/cert-manager-cainjector@sha256:916ef12af73c8a4cbdfb6127d6f513f476f3aeed2447ec7f1a58a95113bda713;posthog-prd;posthog-cert-manager-cainjector-5c88c46999;posthog-cert-manager-cainjector-5c88c46999-vpbf6
dsprod;ds-eks-01-prod;sha256:45934ab42749e8c90da0726734155374f4ea55d7796246264e7adea87569918a;quay.io/jetstack/cert-manager-webhook@sha256:45934ab42749e8c90da0726734155374f4ea55d7796246264e7adea87569918a;posthog-prd;posthog-cert-manager-webhook-d9c47f758;posthog-cert-manager-webhook-d9c47f758-j6zrh
dsprod;ds-eks-01-prod;sha256:74441a9fa04a5af78bf76a5af909f88592033c03ce6f1e14f343cd53d0266827;docker.io/posthog/posthog@sha256:74441a9fa04a5af78bf76a5af909f88592033c03ce6f1e14f343cd53d0266827;posthog-prd;posthog-events-7d79dcb856;posthog-events-7d79dcb856-csfqk
dsprod;ds-eks-01-prod;sha256:f766669fdcf3dc26347ed273a55e754b427eb4411ee075a53f30718b4499076a;k8s.gcr.io/ingress-nginx/controller@sha256:f766669fdcf3dc26347ed273a55e754b427eb4411ee075a53f30718b4499076a;posthog-prd;posthog-ingress-nginx-controller-6ff869d4fc;posthog-ingress-nginx-controller-6ff869d4fc-8tqhz
dsprod;ds-eks-01-prod;sha256:e17b61c1b97eeecb562b33215456f02609db9b98c1e414f9a29ac46ec0a38a85;docker.io/bitnami/pgbouncer@sha256:e17b61c1b97eeecb562b33215456f02609db9b98c1e414f9a29ac46ec0a38a85;posthog-prd;posthog-pgbouncer-55fff8c6b6;posthog-pgbouncer-55fff8c6b6-jnvp2
dsprod;ds-eks-01-prod;sha256:74441a9fa04a5af78bf76a5af909f88592033c03ce6f1e14f343cd53d0266827;docker.io/posthog/posthog@sha256:74441a9fa04a5af78bf76a5af909f88592033c03ce6f1e14f343cd53d0266827;posthog-prd;posthog-plugins-8655c9f97d;posthog-plugins-8655c9f97d-vlh9l
dsprod;ds-eks-01-prod;sha256:5a85aeb27ffad227df55f7253a5b3634472d9d028ca20da0d6b9e7bb049d41e9;docker.io/bitnami/kafka@sha256:5a85aeb27ffad227df55f7253a5b3634472d9d028ca20da0d6b9e7bb049d41e9;posthog-prd;N/A;posthog-posthog-kafka-0
dsprod;ds-eks-01-prod;sha256:a97dd274c972cb39c8bfbf6f551fd80a9279b564e4713f4a2f02d213c033ae79;docker.io/bitnami/redis@sha256:a97dd274c972cb39c8bfbf6f551fd80a9279b564e4713f4a2f02d213c033ae79;posthog-prd;N/A;posthog-posthog-redis-master-0
dsprod;ds-eks-01-prod;sha256:061e22290d520d3c1536bbb2d6ed29e284f47b46d5035b6b6de1424658f2153c;docker.io/bitnami/zookeeper@sha256:061e22290d520d3c1536bbb2d6ed29e284f47b46d5035b6b6de1424658f2153c;posthog-prd;N/A;posthog-posthog-zookeeper-0
dsprod;ds-eks-01-prod;sha256:74441a9fa04a5af78bf76a5af909f88592033c03ce6f1e14f343cd53d0266827;docker.io/posthog/posthog@sha256:74441a9fa04a5af78bf76a5af909f88592033c03ce6f1e14f343cd53d0266827;posthog-prd;posthog-web-5ccc5f6458;posthog-web-5ccc5f6458-bjbht
dsprod;ds-eks-01-prod;sha256:74441a9fa04a5af78bf76a5af909f88592033c03ce6f1e14f343cd53d0266827;docker.io/posthog/posthog@sha256:74441a9fa04a5af78bf76a5af909f88592033c03ce6f1e14f343cd53d0266827;posthog-prd;posthog-worker-648556846;posthog-worker-648556846-4fmmx
dsprod;ds-eks-01-prod;sha256:27c454768ae8f434e587f87d14ce49d574d46a37a322b8839e1352a344dcff75;docker.io/apache/camel-k@sha256:27c454768ae8f434e587f87d14ce49d574d46a37a322b8839e1352a344dcff75;smartproxy-dev;camel-k-operator-688d5cb466;camel-k-operator-688d5cb466-k8ff7
dsprod;ds-eks-01-prod;sha256:27c454768ae8f434e587f87d14ce49d574d46a37a322b8839e1352a344dcff75;docker.io/apache/camel-k@sha256:27c454768ae8f434e587f87d14ce49d574d46a37a322b8839e1352a344dcff75;smartproxy-uat;camel-k-operator-688d5cb466;camel-k-operator-688d5cb466-r9lq2
dsprod;ds-eks-01-prod;sha256:27c454768ae8f434e587f87d14ce49d574d46a37a322b8839e1352a344dcff75;docker.io/apache/camel-k@sha256:27c454768ae8f434e587f87d14ce49d574d46a37a322b8839e1352a344dcff75;smartproxy;camel-k-operator-688d5cb466;camel-k-operator-688d5cb466-xf44n
dsprod;ds-eks-01-prod;sha256:6845f3ea66c0711b93e423e6c7f481e4527b4b7afeee23e12bdd3c86ead100a4;564593125549.dkr.ecr.sa-east-1.amazonaws.com/techdocs-preview-nginx@sha256:6845f3ea66c0711b93e423e6c7f481e4527b4b7afeee23e12bdd3c86ead100a4;techdocs-preview;techdocs-preview-7fdfb67dc;techdocs-preview-7fdfb67dc-v7zsb
dsprod;ds-eks-01-prod;sha256:f635442a0f47bbc8d1d868ca2b50d06e028d2c5048fd73a5986c92df317aff26;docker.io/velero/velero@sha256:f635442a0f47bbc8d1d868ca2b50d06e028d2c5048fd73a5986c92df317aff26;velero;velero-559c8cb49;velero-559c8cb49-wqqvl
account;cluster;sha;sha;namespace;deployment;pod_name
dsdev;ds-eks-01-dev;sha256:614e2a378d2c55b588ea02eab6a6ec9eb4e4281ad731955dc67442c4c2ff35bb;gcr.io/apigee-microgateway/edgemicro@sha256:614e2a378d2c55b588ea02eab6a6ec9eb4e4281ad731955dc67442c4c2ff35bb;apigee-system;eks-nike-tech-01-prod-microgateway-ddb785cf8;eks-nike-tech-01-prod-microgateway-ddb785cf8-8t964
dsdev;ds-eks-01-dev;sha256:b68f8ab06808890dff627d8fff67a3375fb8d38b83d1c79ea0684cfbb7702ba9;docker.io/bitnami/cassandra@sha256:b68f8ab06808890dff627d8fff67a3375fb8d38b83d1c79ea0684cfbb7702ba9;cassandra-uat;N/A;cassandra-uat-0
dsdev;ds-eks-01-dev;sha256:c5e0e5dca7503a8371b8d366db0f49e3fc68f62ea480262e39b6cc277991c97c;quay.io/strimzi/operator@sha256:c5e0e5dca7503a8371b8d366db0f49e3fc68f62ea480262e39b6cc277991c97c;default;strimzi-cluster-operator-5dc9798fb4;strimzi-cluster-operator-5dc9798fb4-gbknc
dsdev;ds-eks-01-dev;sha256:bfb1d7950ea02c875c7061a98e1714b017d8e2a6e74df0c07611c546b6d4f8b6;ghcr.io/fluxcd/flagger@sha256:bfb1d7950ea02c875c7061a98e1714b017d8e2a6e74df0c07611c546b6d4f8b6;istio-system;flagger-8b945cf6b;flagger-8b945cf6b-6jn8n
dsdev;ds-eks-01-dev;sha256:2152aea5fbe2de20f08f3e0412ad7a4cd54a492240ff40974261ee4bdb43871d;docker.io/istio/proxyv2@sha256:2152aea5fbe2de20f08f3e0412ad7a4cd54a492240ff40974261ee4bdb43871d;istio-system;istio-ingress-65cc558668;istio-ingress-65cc558668-rxzqd
dsdev;ds-eks-01-dev;sha256:ce9d876067018d5217836ffd28e5767e64937c573f5ac7d421be860857d0b266;docker.io/istio/pilot@sha256:ce9d876067018d5217836ffd28e5767e64937c573f5ac7d421be860857d0b266;istio-system;istiod-649844d58b;istiod-649844d58b-bh5dk
dsdev;ds-eks-01-dev;sha256:0e0c081fd0cf40e9028533d386177fc2492e4e839e1151237e847b2c9486715b;docker.io/jaegertracing/all-in-one@sha256:0e0c081fd0cf40e9028533d386177fc2492e4e839e1151237e847b2c9486715b;istio-system;jaeger-8559896dfc;jaeger-8559896dfc-v2t2j
dsdev;ds-eks-01-dev;sha256:fa494cb4ef3f3e4f593f3b12f77fced35fe1dff3c7c97e5f54f3f834d778e18d;quay.io/kiali/kiali@sha256:fa494cb4ef3f3e4f593f3b12f77fced35fe1dff3c7c97e5f54f3f834d778e18d;istio-system;kiali-65fcd75bd;kiali-65fcd75bd-qnvd9
dsdev;ds-eks-01-dev;sha256:680ae1958dbcb9da8ee4128a67c1163a6ee2744221f7d29f73d8bcc237fd0173;quay.io/strimzi/kafka@sha256:680ae1958dbcb9da8ee4128a67c1163a6ee2744221f7d29f73d8bcc237fd0173;kafka-dev;kafka-cluster-entity-operator-7d4b5dcddf;kafka-cluster-entity-operator-7d4b5dcddf-bbdvl
dsdev;ds-eks-01-dev;sha256:c5e0e5dca7503a8371b8d366db0f49e3fc68f62ea480262e39b6cc277991c97c;quay.io/strimzi/operator@sha256:c5e0e5dca7503a8371b8d366db0f49e3fc68f62ea480262e39b6cc277991c97c;kafka-dev;kafka-cluster-entity-operator-7d4b5dcddf;kafka-cluster-entity-operator-7d4b5dcddf-bbdvl
dsdev;ds-eks-01-dev;sha256:c5e0e5dca7503a8371b8d366db0f49e3fc68f62ea480262e39b6cc277991c97c;quay.io/strimzi/operator@sha256:c5e0e5dca7503a8371b8d366db0f49e3fc68f62ea480262e39b6cc277991c97c;kafka-dev;kafka-cluster-entity-operator-7d4b5dcddf;kafka-cluster-entity-operator-7d4b5dcddf-bbdvl
dsdev;ds-eks-01-dev;sha256:680ae1958dbcb9da8ee4128a67c1163a6ee2744221f7d29f73d8bcc237fd0173;quay.io/strimzi/kafka@sha256:680ae1958dbcb9da8ee4128a67c1163a6ee2744221f7d29f73d8bcc237fd0173;kafka-dev;N/A;kafka-cluster-kafka-0
dsdev;ds-eks-01-dev;sha256:680ae1958dbcb9da8ee4128a67c1163a6ee2744221f7d29f73d8bcc237fd0173;quay.io/strimzi/kafka@sha256:680ae1958dbcb9da8ee4128a67c1163a6ee2744221f7d29f73d8bcc237fd0173;kafka-dev;N/A;kafka-cluster-zookeeper-0
dsdev;ds-eks-01-dev;sha256:680ae1958dbcb9da8ee4128a67c1163a6ee2744221f7d29f73d8bcc237fd0173;quay.io/strimzi/kafka@sha256:680ae1958dbcb9da8ee4128a67c1163a6ee2744221f7d29f73d8bcc237fd0173;kafka-dev;N/A;kafka-cluster-zookeeper-1
dsdev;ds-eks-01-dev;sha256:680ae1958dbcb9da8ee4128a67c1163a6ee2744221f7d29f73d8bcc237fd0173;quay.io/strimzi/kafka@sha256:680ae1958dbcb9da8ee4128a67c1163a6ee2744221f7d29f73d8bcc237fd0173;kafka-dev;N/A;kafka-cluster-zookeeper-2
dsdev;ds-eks-01-dev;sha256:680ae1958dbcb9da8ee4128a67c1163a6ee2744221f7d29f73d8bcc237fd0173;quay.io/strimzi/kafka@sha256:680ae1958dbcb9da8ee4128a67c1163a6ee2744221f7d29f73d8bcc237fd0173;kafka-uat;kafka-cluster-entity-operator-9f495578;kafka-cluster-entity-operator-9f495578-l64r4
dsdev;ds-eks-01-dev;sha256:c5e0e5dca7503a8371b8d366db0f49e3fc68f62ea480262e39b6cc277991c97c;quay.io/strimzi/operator@sha256:c5e0e5dca7503a8371b8d366db0f49e3fc68f62ea480262e39b6cc277991c97c;kafka-uat;kafka-cluster-entity-operator-9f495578;kafka-cluster-entity-operator-9f495578-l64r4
dsdev;ds-eks-01-dev;sha256:c5e0e5dca7503a8371b8d366db0f49e3fc68f62ea480262e39b6cc277991c97c;quay.io/strimzi/operator@sha256:c5e0e5dca7503a8371b8d366db0f49e3fc68f62ea480262e39b6cc277991c97c;kafka-uat;kafka-cluster-entity-operator-9f495578;kafka-cluster-entity-operator-9f495578-l64r4
dsdev;ds-eks-01-dev;sha256:680ae1958dbcb9da8ee4128a67c1163a6ee2744221f7d29f73d8bcc237fd0173;quay.io/strimzi/kafka@sha256:680ae1958dbcb9da8ee4128a67c1163a6ee2744221f7d29f73d8bcc237fd0173;kafka-uat;N/A;kafka-cluster-kafka-0
dsdev;ds-eks-01-dev;sha256:680ae1958dbcb9da8ee4128a67c1163a6ee2744221f7d29f73d8bcc237fd0173;quay.io/strimzi/kafka@sha256:680ae1958dbcb9da8ee4128a67c1163a6ee2744221f7d29f73d8bcc237fd0173;kafka-uat;N/A;kafka-cluster-zookeeper-0
dsdev;ds-eks-01-dev;sha256:680ae1958dbcb9da8ee4128a67c1163a6ee2744221f7d29f73d8bcc237fd0173;quay.io/strimzi/kafka@sha256:680ae1958dbcb9da8ee4128a67c1163a6ee2744221f7d29f73d8bcc237fd0173;kafka-uat;N/A;kafka-cluster-zookeeper-1
dsdev;ds-eks-01-dev;sha256:680ae1958dbcb9da8ee4128a67c1163a6ee2744221f7d29f73d8bcc237fd0173;quay.io/strimzi/kafka@sha256:680ae1958dbcb9da8ee4128a67c1163a6ee2744221f7d29f73d8bcc237fd0173;kafka-uat;N/A;kafka-cluster-zookeeper-2
dsdev;ds-eks-01-dev;sha256:4e71a9aaf6e6c5ad0515c8ca04385920a69d8c4588738e5fbaff957d5cf283a5;602401143452.dkr.ecr.sa-east-1.amazonaws.com/amazon-k8s-cni@sha256:4e71a9aaf6e6c5ad0515c8ca04385920a69d8c4588738e5fbaff957d5cf283a5;kube-system;N/A;aws-node-92vct
dsdev;ds-eks-01-dev;sha256:4e71a9aaf6e6c5ad0515c8ca04385920a69d8c4588738e5fbaff957d5cf283a5;602401143452.dkr.ecr.sa-east-1.amazonaws.com/amazon-k8s-cni@sha256:4e71a9aaf6e6c5ad0515c8ca04385920a69d8c4588738e5fbaff957d5cf283a5;kube-system;N/A;aws-node-n64g5
dsdev;ds-eks-01-dev;sha256:4e71a9aaf6e6c5ad0515c8ca04385920a69d8c4588738e5fbaff957d5cf283a5;602401143452.dkr.ecr.sa-east-1.amazonaws.com/amazon-k8s-cni@sha256:4e71a9aaf6e6c5ad0515c8ca04385920a69d8c4588738e5fbaff957d5cf283a5;kube-system;N/A;aws-node-rsl95
dsdev;ds-eks-01-dev;sha256:4e71a9aaf6e6c5ad0515c8ca04385920a69d8c4588738e5fbaff957d5cf283a5;602401143452.dkr.ecr.sa-east-1.amazonaws.com/amazon-k8s-cni@sha256:4e71a9aaf6e6c5ad0515c8ca04385920a69d8c4588738e5fbaff957d5cf283a5;kube-system;N/A;aws-node-spmrs
dsdev;ds-eks-01-dev;sha256:4e71a9aaf6e6c5ad0515c8ca04385920a69d8c4588738e5fbaff957d5cf283a5;602401143452.dkr.ecr.sa-east-1.amazonaws.com/amazon-k8s-cni@sha256:4e71a9aaf6e6c5ad0515c8ca04385920a69d8c4588738e5fbaff957d5cf283a5;kube-system;N/A;aws-node-x4zzq
dsdev;ds-eks-01-dev;sha256:f46687231c2c1bfa139f2b18275b123222c8cf6a288bb9c8145932bd14ac3deb;k8s.gcr.io/autoscaling/cluster-autoscaler@sha256:f46687231c2c1bfa139f2b18275b123222c8cf6a288bb9c8145932bd14ac3deb;kube-system;cluster-autoscaler-aws-cluster-autoscaler-6c5c48ffbb;cluster-autoscaler-aws-cluster-autoscaler-6c5c48ffbb-ktbf9
dsdev;ds-eks-01-dev;sha256:283e342425558e69cc2e709337347e446d20604f544b2f98dd6f03dab7cd805a;602401143452.dkr.ecr.sa-east-1.amazonaws.com/eks/coredns@sha256:283e342425558e69cc2e709337347e446d20604f544b2f98dd6f03dab7cd805a;kube-system;coredns-87d7c8c9;coredns-87d7c8c9-2nlfx
dsdev;ds-eks-01-dev;sha256:283e342425558e69cc2e709337347e446d20604f544b2f98dd6f03dab7cd805a;602401143452.dkr.ecr.sa-east-1.amazonaws.com/eks/coredns@sha256:283e342425558e69cc2e709337347e446d20604f544b2f98dd6f03dab7cd805a;kube-system;coredns-87d7c8c9;coredns-87d7c8c9-kh4fm
dsdev;ds-eks-01-dev;sha256:69f580b92c80c38e1339b55ad38043efeb0b721ae4cd351d3ac6685b323b3157;602401143452.dkr.ecr.sa-east-1.amazonaws.com/eks/csi-attacher@sha256:69f580b92c80c38e1339b55ad38043efeb0b721ae4cd351d3ac6685b323b3157;kube-system;ebs-csi-controller-6b8dfdc68b;ebs-csi-controller-6b8dfdc68b-gnwmj
dsdev;ds-eks-01-dev;sha256:5ad11decb148950bdae987c7f938427a661d7ae60850e6c56f40314392eb7a5f;602401143452.dkr.ecr.sa-east-1.amazonaws.com/eks/csi-provisioner@sha256:5ad11decb148950bdae987c7f938427a661d7ae60850e6c56f40314392eb7a5f;kube-system;ebs-csi-controller-6b8dfdc68b;ebs-csi-controller-6b8dfdc68b-gnwmj
dsdev;ds-eks-01-dev;sha256:b2eefd692d1b4decf97f5bf785b50bc2b0338a2df66840d2679b6abf28a013cb;602401143452.dkr.ecr.sa-east-1.amazonaws.com/eks/csi-resizer@sha256:b2eefd692d1b4decf97f5bf785b50bc2b0338a2df66840d2679b6abf28a013cb;kube-system;ebs-csi-controller-6b8dfdc68b;ebs-csi-controller-6b8dfdc68b-gnwmj
dsdev;ds-eks-01-dev;sha256:b52d3e46d63c8991d10858a4c3e2417a2ab84d990ec41036119fc8235697dd8d;602401143452.dkr.ecr.sa-east-1.amazonaws.com/eks/csi-snapshotter@sha256:b52d3e46d63c8991d10858a4c3e2417a2ab84d990ec41036119fc8235697dd8d;kube-system;ebs-csi-controller-6b8dfdc68b;ebs-csi-controller-6b8dfdc68b-gnwmj
dsdev;ds-eks-01-dev;sha256:1564359e1e0e7cb577c77219541c423e782b726f603fde4fcfa0c1eafbc50320;602401143452.dkr.ecr.sa-east-1.amazonaws.com/eks/aws-ebs-csi-driver@sha256:1564359e1e0e7cb577c77219541c423e782b726f603fde4fcfa0c1eafbc50320;kube-system;ebs-csi-controller-6b8dfdc68b;ebs-csi-controller-6b8dfdc68b-gnwmj
dsdev;ds-eks-01-dev;sha256:5aa45f506d50b63acf32fae45c56e31de7567c5a8c2a55e810db138e7adf0789;602401143452.dkr.ecr.sa-east-1.amazonaws.com/eks/livenessprobe@sha256:5aa45f506d50b63acf32fae45c56e31de7567c5a8c2a55e810db138e7adf0789;kube-system;ebs-csi-controller-6b8dfdc68b;ebs-csi-controller-6b8dfdc68b-gnwmj
dsdev;ds-eks-01-dev;sha256:69f580b92c80c38e1339b55ad38043efeb0b721ae4cd351d3ac6685b323b3157;602401143452.dkr.ecr.sa-east-1.amazonaws.com/eks/csi-attacher@sha256:69f580b92c80c38e1339b55ad38043efeb0b721ae4cd351d3ac6685b323b3157;kube-system;ebs-csi-controller-6b8dfdc68b;ebs-csi-controller-6b8dfdc68b-vxlhv
dsdev;ds-eks-01-dev;sha256:5ad11decb148950bdae987c7f938427a661d7ae60850e6c56f40314392eb7a5f;602401143452.dkr.ecr.sa-east-1.amazonaws.com/eks/csi-provisioner@sha256:5ad11decb148950bdae987c7f938427a661d7ae60850e6c56f40314392eb7a5f;kube-system;ebs-csi-controller-6b8dfdc68b;ebs-csi-controller-6b8dfdc68b-vxlhv
dsdev;ds-eks-01-dev;sha256:b2eefd692d1b4decf97f5bf785b50bc2b0338a2df66840d2679b6abf28a013cb;602401143452.dkr.ecr.sa-east-1.amazonaws.com/eks/csi-resizer@sha256:b2eefd692d1b4decf97f5bf785b50bc2b0338a2df66840d2679b6abf28a013cb;kube-system;ebs-csi-controller-6b8dfdc68b;ebs-csi-controller-6b8dfdc68b-vxlhv
dsdev;ds-eks-01-dev;sha256:b52d3e46d63c8991d10858a4c3e2417a2ab84d990ec41036119fc8235697dd8d;602401143452.dkr.ecr.sa-east-1.amazonaws.com/eks/csi-snapshotter@sha256:b52d3e46d63c8991d10858a4c3e2417a2ab84d990ec41036119fc8235697dd8d;kube-system;ebs-csi-controller-6b8dfdc68b;ebs-csi-controller-6b8dfdc68b-vxlhv
dsdev;ds-eks-01-dev;sha256:1564359e1e0e7cb577c77219541c423e782b726f603fde4fcfa0c1eafbc50320;602401143452.dkr.ecr.sa-east-1.amazonaws.com/eks/aws-ebs-csi-driver@sha256:1564359e1e0e7cb577c77219541c423e782b726f603fde4fcfa0c1eafbc50320;kube-system;ebs-csi-controller-6b8dfdc68b;ebs-csi-controller-6b8dfdc68b-vxlhv
dsdev;ds-eks-01-dev;sha256:5aa45f506d50b63acf32fae45c56e31de7567c5a8c2a55e810db138e7adf0789;602401143452.dkr.ecr.sa-east-1.amazonaws.com/eks/livenessprobe@sha256:5aa45f506d50b63acf32fae45c56e31de7567c5a8c2a55e810db138e7adf0789;kube-system;ebs-csi-controller-6b8dfdc68b;ebs-csi-controller-6b8dfdc68b-vxlhv
dsdev;ds-eks-01-dev;sha256:1564359e1e0e7cb577c77219541c423e782b726f603fde4fcfa0c1eafbc50320;602401143452.dkr.ecr.sa-east-1.amazonaws.com/eks/aws-ebs-csi-driver@sha256:1564359e1e0e7cb577c77219541c423e782b726f603fde4fcfa0c1eafbc50320;kube-system;N/A;ebs-csi-node-88kqc
dsdev;ds-eks-01-dev;sha256:5aa45f506d50b63acf32fae45c56e31de7567c5a8c2a55e810db138e7adf0789;602401143452.dkr.ecr.sa-east-1.amazonaws.com/eks/livenessprobe@sha256:5aa45f506d50b63acf32fae45c56e31de7567c5a8c2a55e810db138e7adf0789;kube-system;N/A;ebs-csi-node-88kqc
dsdev;ds-eks-01-dev;sha256:d99f0bb1a918f0b8f144aa1e4785460924af946b1e0bb7a23996780358238951;602401143452.dkr.ecr.sa-east-1.amazonaws.com/eks/csi-node-driver-registrar@sha256:d99f0bb1a918f0b8f144aa1e4785460924af946b1e0bb7a23996780358238951;kube-system;N/A;ebs-csi-node-88kqc
dsdev;ds-eks-01-dev;sha256:1564359e1e0e7cb577c77219541c423e782b726f603fde4fcfa0c1eafbc50320;602401143452.dkr.ecr.sa-east-1.amazonaws.com/eks/aws-ebs-csi-driver@sha256:1564359e1e0e7cb577c77219541c423e782b726f603fde4fcfa0c1eafbc50320;kube-system;N/A;ebs-csi-node-dtkwg
dsdev;ds-eks-01-dev;sha256:5aa45f506d50b63acf32fae45c56e31de7567c5a8c2a55e810db138e7adf0789;602401143452.dkr.ecr.sa-east-1.amazonaws.com/eks/livenessprobe@sha256:5aa45f506d50b63acf32fae45c56e31de7567c5a8c2a55e810db138e7adf0789;kube-system;N/A;ebs-csi-node-dtkwg
dsdev;ds-eks-01-dev;sha256:d99f0bb1a918f0b8f144aa1e4785460924af946b1e0bb7a23996780358238951;602401143452.dkr.ecr.sa-east-1.amazonaws.com/eks/csi-node-driver-registrar@sha256:d99f0bb1a918f0b8f144aa1e4785460924af946b1e0bb7a23996780358238951;kube-system;N/A;ebs-csi-node-dtkwg
dsdev;ds-eks-01-dev;sha256:1564359e1e0e7cb577c77219541c423e782b726f603fde4fcfa0c1eafbc50320;602401143452.dkr.ecr.sa-east-1.amazonaws.com/eks/aws-ebs-csi-driver@sha256:1564359e1e0e7cb577c77219541c423e782b726f603fde4fcfa0c1eafbc50320;kube-system;N/A;ebs-csi-node-dz4fg
dsdev;ds-eks-01-dev;sha256:5aa45f506d50b63acf32fae45c56e31de7567c5a8c2a55e810db138e7adf0789;602401143452.dkr.ecr.sa-east-1.amazonaws.com/eks/livenessprobe@sha256:5aa45f506d50b63acf32fae45c56e31de7567c5a8c2a55e810db138e7adf0789;kube-system;N/A;ebs-csi-node-dz4fg
dsdev;ds-eks-01-dev;sha256:d99f0bb1a918f0b8f144aa1e4785460924af946b1e0bb7a23996780358238951;602401143452.dkr.ecr.sa-east-1.amazonaws.com/eks/csi-node-driver-registrar@sha256:d99f0bb1a918f0b8f144aa1e4785460924af946b1e0bb7a23996780358238951;kube-system;N/A;ebs-csi-node-dz4fg
dsdev;ds-eks-01-dev;sha256:1564359e1e0e7cb577c77219541c423e782b726f603fde4fcfa0c1eafbc50320;602401143452.dkr.ecr.sa-east-1.amazonaws.com/eks/aws-ebs-csi-driver@sha256:1564359e1e0e7cb577c77219541c423e782b726f603fde4fcfa0c1eafbc50320;kube-system;N/A;ebs-csi-node-ntqbq
dsdev;ds-eks-01-dev;sha256:5aa45f506d50b63acf32fae45c56e31de7567c5a8c2a55e810db138e7adf0789;602401143452.dkr.ecr.sa-east-1.amazonaws.com/eks/livenessprobe@sha256:5aa45f506d50b63acf32fae45c56e31de7567c5a8c2a55e810db138e7adf0789;kube-system;N/A;ebs-csi-node-ntqbq
dsdev;ds-eks-01-dev;sha256:d99f0bb1a918f0b8f144aa1e4785460924af946b1e0bb7a23996780358238951;602401143452.dkr.ecr.sa-east-1.amazonaws.com/eks/csi-node-driver-registrar@sha256:d99f0bb1a918f0b8f144aa1e4785460924af946b1e0bb7a23996780358238951;kube-system;N/A;ebs-csi-node-ntqbq
dsdev;ds-eks-01-dev;sha256:1564359e1e0e7cb577c77219541c423e782b726f603fde4fcfa0c1eafbc50320;602401143452.dkr.ecr.sa-east-1.amazonaws.com/eks/aws-ebs-csi-driver@sha256:1564359e1e0e7cb577c77219541c423e782b726f603fde4fcfa0c1eafbc50320;kube-system;N/A;ebs-csi-node-vww65
dsdev;ds-eks-01-dev;sha256:5aa45f506d50b63acf32fae45c56e31de7567c5a8c2a55e810db138e7adf0789;602401143452.dkr.ecr.sa-east-1.amazonaws.com/eks/livenessprobe@sha256:5aa45f506d50b63acf32fae45c56e31de7567c5a8c2a55e810db138e7adf0789;kube-system;N/A;ebs-csi-node-vww65
dsdev;ds-eks-01-dev;sha256:d99f0bb1a918f0b8f144aa1e4785460924af946b1e0bb7a23996780358238951;602401143452.dkr.ecr.sa-east-1.amazonaws.com/eks/csi-node-driver-registrar@sha256:d99f0bb1a918f0b8f144aa1e4785460924af946b1e0bb7a23996780358238951;kube-system;N/A;ebs-csi-node-vww65
dsdev;ds-eks-01-dev;sha256:e677f72d499e09557e20ba9b5ade9fbbc70b73f658b95226963215eaa9fdb1ad;564593125549.dkr.ecr.sa-east-1.amazonaws.com/aws-public/eks-distro/kubernetes-csi/external-provisioner@sha256:e677f72d499e09557e20ba9b5ade9fbbc70b73f658b95226963215eaa9fdb1ad;kube-system;efs-csi-controller-6f75577dbb;efs-csi-controller-6f75577dbb-6d8pb
dsdev;ds-eks-01-dev;sha256:4db1a50a1583c662643b4a24a7940c7e347ef22f3c6f83f825587c3b904abe87;602401143452.dkr.ecr.sa-east-1.amazonaws.com/eks/aws-efs-csi-driver@sha256:4db1a50a1583c662643b4a24a7940c7e347ef22f3c6f83f825587c3b904abe87;kube-system;efs-csi-controller-6f75577dbb;efs-csi-controller-6f75577dbb-6d8pb
dsdev;ds-eks-01-dev;sha256:d790820d19a6253ee31418be4d1a9ae023d4a6b64c5591f8f031b4194828cc5b;564593125549.dkr.ecr.sa-east-1.amazonaws.com/aws-public/eks-distro/kubernetes-csi/livenessprobe@sha256:d790820d19a6253ee31418be4d1a9ae023d4a6b64c5591f8f031b4194828cc5b;kube-system;efs-csi-controller-6f75577dbb;efs-csi-controller-6f75577dbb-6d8pb
dsdev;ds-eks-01-dev;sha256:e677f72d499e09557e20ba9b5ade9fbbc70b73f658b95226963215eaa9fdb1ad;564593125549.dkr.ecr.sa-east-1.amazonaws.com/aws-public/eks-distro/kubernetes-csi/external-provisioner@sha256:e677f72d499e09557e20ba9b5ade9fbbc70b73f658b95226963215eaa9fdb1ad;kube-system;efs-csi-controller-6f75577dbb;efs-csi-controller-6f75577dbb-mmmm7
dsdev;ds-eks-01-dev;sha256:4db1a50a1583c662643b4a24a7940c7e347ef22f3c6f83f825587c3b904abe87;602401143452.dkr.ecr.sa-east-1.amazonaws.com/eks/aws-efs-csi-driver@sha256:4db1a50a1583c662643b4a24a7940c7e347ef22f3c6f83f825587c3b904abe87;kube-system;efs-csi-controller-6f75577dbb;efs-csi-controller-6f75577dbb-mmmm7
dsdev;ds-eks-01-dev;sha256:d790820d19a6253ee31418be4d1a9ae023d4a6b64c5591f8f031b4194828cc5b;564593125549.dkr.ecr.sa-east-1.amazonaws.com/aws-public/eks-distro/kubernetes-csi/livenessprobe@sha256:d790820d19a6253ee31418be4d1a9ae023d4a6b64c5591f8f031b4194828cc5b;kube-system;efs-csi-controller-6f75577dbb;efs-csi-controller-6f75577dbb-mmmm7
dsdev;ds-eks-01-dev;sha256:9cd9ef74078997d4d05f5061b6a4948b54b591bb5152675f45a183c3a1cbbfd8;564593125549.dkr.ecr.sa-east-1.amazonaws.com/aws-public/eks-distro/kubernetes-csi/node-driver-registrar@sha256:9cd9ef74078997d4d05f5061b6a4948b54b591bb5152675f45a183c3a1cbbfd8;kube-system;N/A;efs-csi-node-4qd9f
dsdev;ds-eks-01-dev;sha256:4db1a50a1583c662643b4a24a7940c7e347ef22f3c6f83f825587c3b904abe87;602401143452.dkr.ecr.sa-east-1.amazonaws.com/eks/aws-efs-csi-driver@sha256:4db1a50a1583c662643b4a24a7940c7e347ef22f3c6f83f825587c3b904abe87;kube-system;N/A;efs-csi-node-4qd9f
dsdev;ds-eks-01-dev;sha256:d790820d19a6253ee31418be4d1a9ae023d4a6b64c5591f8f031b4194828cc5b;564593125549.dkr.ecr.sa-east-1.amazonaws.com/aws-public/eks-distro/kubernetes-csi/livenessprobe@sha256:d790820d19a6253ee31418be4d1a9ae023d4a6b64c5591f8f031b4194828cc5b;kube-system;N/A;efs-csi-node-4qd9f
dsdev;ds-eks-01-dev;sha256:9cd9ef74078997d4d05f5061b6a4948b54b591bb5152675f45a183c3a1cbbfd8;564593125549.dkr.ecr.sa-east-1.amazonaws.com/aws-public/eks-distro/kubernetes-csi/node-driver-registrar@sha256:9cd9ef74078997d4d05f5061b6a4948b54b591bb5152675f45a183c3a1cbbfd8;kube-system;N/A;efs-csi-node-6wccb
dsdev;ds-eks-01-dev;sha256:4db1a50a1583c662643b4a24a7940c7e347ef22f3c6f83f825587c3b904abe87;602401143452.dkr.ecr.sa-east-1.amazonaws.com/eks/aws-efs-csi-driver@sha256:4db1a50a1583c662643b4a24a7940c7e347ef22f3c6f83f825587c3b904abe87;kube-system;N/A;efs-csi-node-6wccb
dsdev;ds-eks-01-dev;sha256:d790820d19a6253ee31418be4d1a9ae023d4a6b64c5591f8f031b4194828cc5b;564593125549.dkr.ecr.sa-east-1.amazonaws.com/aws-public/eks-distro/kubernetes-csi/livenessprobe@sha256:d790820d19a6253ee31418be4d1a9ae023d4a6b64c5591f8f031b4194828cc5b;kube-system;N/A;efs-csi-node-6wccb
dsdev;ds-eks-01-dev;sha256:9cd9ef74078997d4d05f5061b6a4948b54b591bb5152675f45a183c3a1cbbfd8;564593125549.dkr.ecr.sa-east-1.amazonaws.com/aws-public/eks-distro/kubernetes-csi/node-driver-registrar@sha256:9cd9ef74078997d4d05f5061b6a4948b54b591bb5152675f45a183c3a1cbbfd8;kube-system;N/A;efs-csi-node-cgszj
dsdev;ds-eks-01-dev;sha256:4db1a50a1583c662643b4a24a7940c7e347ef22f3c6f83f825587c3b904abe87;602401143452.dkr.ecr.sa-east-1.amazonaws.com/eks/aws-efs-csi-driver@sha256:4db1a50a1583c662643b4a24a7940c7e347ef22f3c6f83f825587c3b904abe87;kube-system;N/A;efs-csi-node-cgszj
dsdev;ds-eks-01-dev;sha256:d790820d19a6253ee31418be4d1a9ae023d4a6b64c5591f8f031b4194828cc5b;564593125549.dkr.ecr.sa-east-1.amazonaws.com/aws-public/eks-distro/kubernetes-csi/livenessprobe@sha256:d790820d19a6253ee31418be4d1a9ae023d4a6b64c5591f8f031b4194828cc5b;kube-system;N/A;efs-csi-node-cgszj
dsdev;ds-eks-01-dev;sha256:9cd9ef74078997d4d05f5061b6a4948b54b591bb5152675f45a183c3a1cbbfd8;564593125549.dkr.ecr.sa-east-1.amazonaws.com/aws-public/eks-distro/kubernetes-csi/node-driver-registrar@sha256:9cd9ef74078997d4d05f5061b6a4948b54b591bb5152675f45a183c3a1cbbfd8;kube-system;N/A;efs-csi-node-sr75j
dsdev;ds-eks-01-dev;sha256:4db1a50a1583c662643b4a24a7940c7e347ef22f3c6f83f825587c3b904abe87;602401143452.dkr.ecr.sa-east-1.amazonaws.com/eks/aws-efs-csi-driver@sha256:4db1a50a1583c662643b4a24a7940c7e347ef22f3c6f83f825587c3b904abe87;kube-system;N/A;efs-csi-node-sr75j
dsdev;ds-eks-01-dev;sha256:d790820d19a6253ee31418be4d1a9ae023d4a6b64c5591f8f031b4194828cc5b;564593125549.dkr.ecr.sa-east-1.amazonaws.com/aws-public/eks-distro/kubernetes-csi/livenessprobe@sha256:d790820d19a6253ee31418be4d1a9ae023d4a6b64c5591f8f031b4194828cc5b;kube-system;N/A;efs-csi-node-sr75j
dsdev;ds-eks-01-dev;sha256:9cd9ef74078997d4d05f5061b6a4948b54b591bb5152675f45a183c3a1cbbfd8;564593125549.dkr.ecr.sa-east-1.amazonaws.com/aws-public/eks-distro/kubernetes-csi/node-driver-registrar@sha256:9cd9ef74078997d4d05f5061b6a4948b54b591bb5152675f45a183c3a1cbbfd8;kube-system;N/A;efs-csi-node-zpn79
dsdev;ds-eks-01-dev;sha256:4db1a50a1583c662643b4a24a7940c7e347ef22f3c6f83f825587c3b904abe87;602401143452.dkr.ecr.sa-east-1.amazonaws.com/eks/aws-efs-csi-driver@sha256:4db1a50a1583c662643b4a24a7940c7e347ef22f3c6f83f825587c3b904abe87;kube-system;N/A;efs-csi-node-zpn79
dsdev;ds-eks-01-dev;sha256:d790820d19a6253ee31418be4d1a9ae023d4a6b64c5591f8f031b4194828cc5b;564593125549.dkr.ecr.sa-east-1.amazonaws.com/aws-public/eks-distro/kubernetes-csi/livenessprobe@sha256:d790820d19a6253ee31418be4d1a9ae023d4a6b64c5591f8f031b4194828cc5b;kube-system;N/A;efs-csi-node-zpn79
dsdev;ds-eks-01-dev;sha256:1529982e95d0c9a1f0543360939108cf8276507fb6639e367a0198d3b25570b0;k8s.gcr.io/external-dns/external-dns@sha256:1529982e95d0c9a1f0543360939108cf8276507fb6639e367a0198d3b25570b0;kube-system;external-dns-94756556;external-dns-94756556-l9qx9
dsdev;ds-eks-01-dev;sha256:8ac03ffed11ba8e3b77ffca82f6ee1ef9598181da04cc50545ca1c739ddf5bbb;602401143452.dkr.ecr.sa-east-1.amazonaws.com/eks/kube-proxy@sha256:8ac03ffed11ba8e3b77ffca82f6ee1ef9598181da04cc50545ca1c739ddf5bbb;kube-system;N/A;kube-proxy-226cq
dsdev;ds-eks-01-dev;sha256:8ac03ffed11ba8e3b77ffca82f6ee1ef9598181da04cc50545ca1c739ddf5bbb;602401143452.dkr.ecr.sa-east-1.amazonaws.com/eks/kube-proxy@sha256:8ac03ffed11ba8e3b77ffca82f6ee1ef9598181da04cc50545ca1c739ddf5bbb;kube-system;N/A;kube-proxy-8mc8c
dsdev;ds-eks-01-dev;sha256:8ac03ffed11ba8e3b77ffca82f6ee1ef9598181da04cc50545ca1c739ddf5bbb;602401143452.dkr.ecr.sa-east-1.amazonaws.com/eks/kube-proxy@sha256:8ac03ffed11ba8e3b77ffca82f6ee1ef9598181da04cc50545ca1c739ddf5bbb;kube-system;N/A;kube-proxy-w7c29
dsdev;ds-eks-01-dev;sha256:8ac03ffed11ba8e3b77ffca82f6ee1ef9598181da04cc50545ca1c739ddf5bbb;602401143452.dkr.ecr.sa-east-1.amazonaws.com/eks/kube-proxy@sha256:8ac03ffed11ba8e3b77ffca82f6ee1ef9598181da04cc50545ca1c739ddf5bbb;kube-system;N/A;kube-proxy-wcf79
dsdev;ds-eks-01-dev;sha256:8ac03ffed11ba8e3b77ffca82f6ee1ef9598181da04cc50545ca1c739ddf5bbb;602401143452.dkr.ecr.sa-east-1.amazonaws.com/eks/kube-proxy@sha256:8ac03ffed11ba8e3b77ffca82f6ee1ef9598181da04cc50545ca1c739ddf5bbb;kube-system;N/A;kube-proxy-xf278
dsdev;ds-eks-01-dev;sha256:76049887f07a0476dc93efc2d3569b9529bf982b22d29f356092ce206e98765c;docker.io/kubernetesui/metrics-scraper@sha256:76049887f07a0476dc93efc2d3569b9529bf982b22d29f356092ce206e98765c;kube-system;kubernetes-dashboard-7cd8c87c5f;kubernetes-dashboard-7cd8c87c5f-gnlbf
dsdev;ds-eks-01-dev;sha256:290bebc3cd96c22b6f89e7b21f5c2b16ce5c275a0ec2c2de10e0d8b9dd110289;docker.io/kubernetesui/dashboard@sha256:290bebc3cd96c22b6f89e7b21f5c2b16ce5c275a0ec2c2de10e0d8b9dd110289;kube-system;kubernetes-dashboard-7cd8c87c5f;kubernetes-dashboard-7cd8c87c5f-gnlbf
dsdev;ds-eks-01-dev;sha256:f977ad859fb500c1302d9c3428c6271db031bb7431e7076213b676b345a88dc2;k8s.gcr.io/metrics-server/metrics-server@sha256:f977ad859fb500c1302d9c3428c6271db031bb7431e7076213b676b345a88dc2;kube-system;metrics-server-8694655b79;metrics-server-8694655b79-9cq9x
dsdev;ds-eks-01-dev;sha256:8c21390be87dbbee337c5b867254906b900bb52adb405b3a67134e17b7705973;quay.io/oauth2-proxy/oauth2-proxy@sha256:8c21390be87dbbee337c5b867254906b900bb52adb405b3a67134e17b7705973;kube-system;oauth2-proxy-764d678d5b;oauth2-proxy-764d678d5b-bdssl
dsdev;ds-eks-01-dev;sha256:10e3e43b37bef778c5f1606f9078ac5935c52654598d6ffe7dfadbb25a888c1a;564593125549.dkr.ecr.sa-east-1.amazonaws.com/logstash@sha256:10e3e43b37bef778c5f1606f9078ac5935c52654598d6ffe7dfadbb25a888c1a;logstash-nike-smartproxy-infobusca-uat;N/A;logstash-logstash-0
dsdev;ds-eks-01-dev;sha256:10e3e43b37bef778c5f1606f9078ac5935c52654598d6ffe7dfadbb25a888c1a;564593125549.dkr.ecr.sa-east-1.amazonaws.com/logstash@sha256:10e3e43b37bef778c5f1606f9078ac5935c52654598d6ffe7dfadbb25a888c1a;logstash-nike-smartproxy-infobusca;N/A;logstash-logstash-0
dsdev;ds-eks-01-dev;sha256:10e3e43b37bef778c5f1606f9078ac5935c52654598d6ffe7dfadbb25a888c1a;564593125549.dkr.ecr.sa-east-1.amazonaws.com/logstash@sha256:10e3e43b37bef778c5f1606f9078ac5935c52654598d6ffe7dfadbb25a888c1a;logstash-nike-smartproxy-infomais-uat;N/A;logstash-logstash-0
dsdev;ds-eks-01-dev;sha256:10e3e43b37bef778c5f1606f9078ac5935c52654598d6ffe7dfadbb25a888c1a;564593125549.dkr.ecr.sa-east-1.amazonaws.com/logstash@sha256:10e3e43b37bef778c5f1606f9078ac5935c52654598d6ffe7dfadbb25a888c1a;logstash-nike-smartproxy-infomais;N/A;logstash-logstash-0
dsdev;ds-eks-01-dev;sha256:10e3e43b37bef778c5f1606f9078ac5935c52654598d6ffe7dfadbb25a888c1a;564593125549.dkr.ecr.sa-east-1.amazonaws.com/logstash@sha256:10e3e43b37bef778c5f1606f9078ac5935c52654598d6ffe7dfadbb25a888c1a;logstash-nike-smartproxy-uat;N/A;logstash-logstash-0
dsdev;ds-eks-01-dev;sha256:10e3e43b37bef778c5f1606f9078ac5935c52654598d6ffe7dfadbb25a888c1a;564593125549.dkr.ecr.sa-east-1.amazonaws.com/logstash@sha256:10e3e43b37bef778c5f1606f9078ac5935c52654598d6ffe7dfadbb25a888c1a;logstash-nike-smartproxy;N/A;logstash-logstash-0
dsdev;ds-eks-01-dev;sha256:088464f949de8065b9da7dfce7302a633d700e9d598e2bebc03310712f083b31;quay.io/prometheus/alertmanager@sha256:088464f949de8065b9da7dfce7302a633d700e9d598e2bebc03310712f083b31;monitoring-system;N/A;alertmanager-kube-prometheus-stack-alertmanager-0
dsdev;ds-eks-01-dev;sha256:d0aee3f816725cb130121f3ea67979160bdc79fe616efa077c9b15cab4689504;quay.io/prometheus-operator/prometheus-config-reloader@sha256:d0aee3f816725cb130121f3ea67979160bdc79fe616efa077c9b15cab4689504;monitoring-system;N/A;alertmanager-kube-prometheus-stack-alertmanager-0
dsdev;ds-eks-01-dev;sha256:ecc1b80b8ca27743e48033c6d4c9d9f658b0837f9bea7dc5afeec0f857357267;docker.io/grafana/grafana@sha256:ecc1b80b8ca27743e48033c6d4c9d9f658b0837f9bea7dc5afeec0f857357267;monitoring-system;kube-prometheus-stack-grafana-74d44b84;kube-prometheus-stack-grafana-74d44b84-6xcs5
dsdev;ds-eks-01-dev;sha256:1f025ae37b7b20d63bffd179e5e6f972039dd53d9646388c0a8c456229c7bbcb;quay.io/kiwigrid/k8s-sidecar@sha256:1f025ae37b7b20d63bffd179e5e6f972039dd53d9646388c0a8c456229c7bbcb;monitoring-system;kube-prometheus-stack-grafana-74d44b84;kube-prometheus-stack-grafana-74d44b84-6xcs5
dsdev;ds-eks-01-dev;sha256:1f025ae37b7b20d63bffd179e5e6f972039dd53d9646388c0a8c456229c7bbcb;quay.io/kiwigrid/k8s-sidecar@sha256:1f025ae37b7b20d63bffd179e5e6f972039dd53d9646388c0a8c456229c7bbcb;monitoring-system;kube-prometheus-stack-grafana-74d44b84;kube-prometheus-stack-grafana-74d44b84-6xcs5
dsdev;ds-eks-01-dev;sha256:69a18fa1e0d0c9f972a64e69ca13b65451b8c5e79ae8dccf3a77968be4a301df;k8s.gcr.io/kube-state-metrics/kube-state-metrics@sha256:69a18fa1e0d0c9f972a64e69ca13b65451b8c5e79ae8dccf3a77968be4a301df;monitoring-system;kube-prometheus-stack-kube-state-metrics-5bd844ff8c;kube-prometheus-stack-kube-state-metrics-5bd844ff8c-np5vg
dsdev;ds-eks-01-dev;sha256:4817ed76bbac6726228bc0cb1bb7f78a1084ab8367e3a7daa9d6119eb470cfa5;quay.io/prometheus-operator/prometheus-operator@sha256:4817ed76bbac6726228bc0cb1bb7f78a1084ab8367e3a7daa9d6119eb470cfa5;monitoring-system;kube-prometheus-stack-operator-7447c85fbc;kube-prometheus-stack-operator-7447c85fbc-lmz6d
dsdev;ds-eks-01-dev;sha256:f2269e73124dd0f60a7d19a2ce1264d33d08a985aed0ee6b0b89d0be470592cd;quay.io/prometheus/node-exporter@sha256:f2269e73124dd0f60a7d19a2ce1264d33d08a985aed0ee6b0b89d0be470592cd;monitoring-system;N/A;kube-prometheus-stack-prometheus-node-exporter-24p9k
dsdev;ds-eks-01-dev;sha256:f2269e73124dd0f60a7d19a2ce1264d33d08a985aed0ee6b0b89d0be470592cd;quay.io/prometheus/node-exporter@sha256:f2269e73124dd0f60a7d19a2ce1264d33d08a985aed0ee6b0b89d0be470592cd;monitoring-system;N/A;kube-prometheus-stack-prometheus-node-exporter-5lqvr
dsdev;ds-eks-01-dev;sha256:f2269e73124dd0f60a7d19a2ce1264d33d08a985aed0ee6b0b89d0be470592cd;quay.io/prometheus/node-exporter@sha256:f2269e73124dd0f60a7d19a2ce1264d33d08a985aed0ee6b0b89d0be470592cd;monitoring-system;N/A;kube-prometheus-stack-prometheus-node-exporter-ldgcg
dsdev;ds-eks-01-dev;sha256:f2269e73124dd0f60a7d19a2ce1264d33d08a985aed0ee6b0b89d0be470592cd;quay.io/prometheus/node-exporter@sha256:f2269e73124dd0f60a7d19a2ce1264d33d08a985aed0ee6b0b89d0be470592cd;monitoring-system;N/A;kube-prometheus-stack-prometheus-node-exporter-nsrdr
dsdev;ds-eks-01-dev;sha256:f2269e73124dd0f60a7d19a2ce1264d33d08a985aed0ee6b0b89d0be470592cd;quay.io/prometheus/node-exporter@sha256:f2269e73124dd0f60a7d19a2ce1264d33d08a985aed0ee6b0b89d0be470592cd;monitoring-system;N/A;kube-prometheus-stack-prometheus-node-exporter-z7fqm
dsdev;ds-eks-01-dev;sha256:eb350a428127cf111a39fae466ebbbc2aade66a64ddf61b47df4ceaacf207d19;gcr.io/kubecost1/frontend@sha256:eb350a428127cf111a39fae466ebbbc2aade66a64ddf61b47df4ceaacf207d19;monitoring-system;kubecost-cost-analyzer-58d9f66469;kubecost-cost-analyzer-58d9f66469-dp4lr
dsdev;ds-eks-01-dev;sha256:7737e3448e35d1fd6fb715b986d2d665bf28b5fb2e9e8db87bd0985347d46e16;gcr.io/kubecost1/cost-model@sha256:7737e3448e35d1fd6fb715b986d2d665bf28b5fb2e9e8db87bd0985347d46e16;monitoring-system;kubecost-cost-analyzer-58d9f66469;kubecost-cost-analyzer-58d9f66469-dp4lr
dsdev;ds-eks-01-dev;sha256:1ee60f980950b00e505bd564b40f720132a0653b110e993043bb5940673d060a;docker.io/grafana/loki@sha256:1ee60f980950b00e505bd564b40f720132a0653b110e993043bb5940673d060a;monitoring-system;N/A;loki-stack-0
dsdev;ds-eks-01-dev;sha256:072527b12cdfa1393d04a08aeba6b0eb42fd6921426ea14eaf8c828953771749;docker.io/grafana/promtail@sha256:072527b12cdfa1393d04a08aeba6b0eb42fd6921426ea14eaf8c828953771749;monitoring-system;N/A;loki-stack-promtail-4vtl5
dsdev;ds-eks-01-dev;sha256:072527b12cdfa1393d04a08aeba6b0eb42fd6921426ea14eaf8c828953771749;docker.io/grafana/promtail@sha256:072527b12cdfa1393d04a08aeba6b0eb42fd6921426ea14eaf8c828953771749;monitoring-system;N/A;loki-stack-promtail-bhhrp
dsdev;ds-eks-01-dev;sha256:072527b12cdfa1393d04a08aeba6b0eb42fd6921426ea14eaf8c828953771749;docker.io/grafana/promtail@sha256:072527b12cdfa1393d04a08aeba6b0eb42fd6921426ea14eaf8c828953771749;monitoring-system;N/A;loki-stack-promtail-cbxtf
dsdev;ds-eks-01-dev;sha256:072527b12cdfa1393d04a08aeba6b0eb42fd6921426ea14eaf8c828953771749;docker.io/grafana/promtail@sha256:072527b12cdfa1393d04a08aeba6b0eb42fd6921426ea14eaf8c828953771749;monitoring-system;N/A;loki-stack-promtail-l58z7
dsdev;ds-eks-01-dev;sha256:072527b12cdfa1393d04a08aeba6b0eb42fd6921426ea14eaf8c828953771749;docker.io/grafana/promtail@sha256:072527b12cdfa1393d04a08aeba6b0eb42fd6921426ea14eaf8c828953771749;monitoring-system;N/A;loki-stack-promtail-ppbfs
dsdev;ds-eks-01-dev;sha256:d0aee3f816725cb130121f3ea67979160bdc79fe616efa077c9b15cab4689504;quay.io/prometheus-operator/prometheus-config-reloader@sha256:d0aee3f816725cb130121f3ea67979160bdc79fe616efa077c9b15cab4689504;monitoring-system;N/A;prometheus-kube-prometheus-stack-prometheus-0
dsdev;ds-eks-01-dev;sha256:2acfab1966f0dbecc6afbead13eca7f47062cfe8726bb9db25e39e0c0b88e9c3;quay.io/prometheus/prometheus@sha256:2acfab1966f0dbecc6afbead13eca7f47062cfe8726bb9db25e39e0c0b88e9c3;monitoring-system;N/A;prometheus-kube-prometheus-stack-prometheus-0
dsdev;ds-eks-01-dev;sha256:477d4c3d896a0deefdcccf0e08e8fb0d4258e5340d34f3c3513f75073de5835c;docker.io/provectuslabs/kafka-ui@sha256:477d4c3d896a0deefdcccf0e08e8fb0d4258e5340d34f3c3513f75073de5835c;msk-smartproxy;kafka-ui-logs-554bf7d9b5;kafka-ui-logs-554bf7d9b5-zqrd9
dsdev;ds-eks-01-dev;sha256:477d4c3d896a0deefdcccf0e08e8fb0d4258e5340d34f3c3513f75073de5835c;docker.io/provectuslabs/kafka-ui@sha256:477d4c3d896a0deefdcccf0e08e8fb0d4258e5340d34f3c3513f75073de5835c;observability;kafka-ui-logs-744758849f;kafka-ui-logs-744758849f-qg4z9
dsdev;ds-eks-01-dev;sha256:a0351c8e7e72c761c347bdcb8808c95912fe83c460a3cecd3e953348a655abde;docker.io/clickhouse/clickhouse-server@sha256:a0351c8e7e72c761c347bdcb8808c95912fe83c460a3cecd3e953348a655abde;posthog-prd;N/A;chi-posthog-posthog-0-0-0
dsdev;ds-eks-01-dev;sha256:7a85f522c5bc68ba155878966be356654e367568672e21c2dba2c930490db195;docker.io/altinity/clickhouse-operator@sha256:7a85f522c5bc68ba155878966be356654e367568672e21c2dba2c930490db195;posthog-prd;clickhouse-operator-5f85977dd9;clickhouse-operator-5f85977dd9-n557g
dsdev;ds-eks-01-dev;sha256:74a3bdfb877c98f292ceab32bab2873462ce91170815d83655fa25ccaeca6bf4;docker.io/altinity/metrics-exporter@sha256:74a3bdfb877c98f292ceab32bab2873462ce91170815d83655fa25ccaeca6bf4;posthog-prd;clickhouse-operator-5f85977dd9;clickhouse-operator-5f85977dd9-n557g
dsdev;ds-eks-01-dev;sha256:fef465f62524ed89c27451752385ab69e5c35ea4bc48b62bf61f733916ea674c;quay.io/jetstack/cert-manager-controller@sha256:fef465f62524ed89c27451752385ab69e5c35ea4bc48b62bf61f733916ea674c;posthog-prd;posthog-cert-manager-7475999fdd;posthog-cert-manager-7475999fdd-8jkr7
dsdev;ds-eks-01-dev;sha256:916ef12af73c8a4cbdfb6127d6f513f476f3aeed2447ec7f1a58a95113bda713;quay.io/jetstack/cert-manager-cainjector@sha256:916ef12af73c8a4cbdfb6127d6f513f476f3aeed2447ec7f1a58a95113bda713;posthog-prd;posthog-cert-manager-cainjector-5c88c46999;posthog-cert-manager-cainjector-5c88c46999-vpbf6
dsdev;ds-eks-01-dev;sha256:45934ab42749e8c90da0726734155374f4ea55d7796246264e7adea87569918a;quay.io/jetstack/cert-manager-webhook@sha256:45934ab42749e8c90da0726734155374f4ea55d7796246264e7adea87569918a;posthog-prd;posthog-cert-manager-webhook-d9c47f758;posthog-cert-manager-webhook-d9c47f758-j6zrh
dsdev;ds-eks-01-dev;sha256:74441a9fa04a5af78bf76a5af909f88592033c03ce6f1e14f343cd53d0266827;docker.io/posthog/posthog@sha256:74441a9fa04a5af78bf76a5af909f88592033c03ce6f1e14f343cd53d0266827;posthog-prd;posthog-events-7d79dcb856;posthog-events-7d79dcb856-csfqk
dsdev;ds-eks-01-dev;sha256:f766669fdcf3dc26347ed273a55e754b427eb4411ee075a53f30718b4499076a;k8s.gcr.io/ingress-nginx/controller@sha256:f766669fdcf3dc26347ed273a55e754b427eb4411ee075a53f30718b4499076a;posthog-prd;posthog-ingress-nginx-controller-6ff869d4fc;posthog-ingress-nginx-controller-6ff869d4fc-8tqhz
dsdev;ds-eks-01-dev;sha256:e17b61c1b97eeecb562b33215456f02609db9b98c1e414f9a29ac46ec0a38a85;docker.io/bitnami/pgbouncer@sha256:e17b61c1b97eeecb562b33215456f02609db9b98c1e414f9a29ac46ec0a38a85;posthog-prd;posthog-pgbouncer-55fff8c6b6;posthog-pgbouncer-55fff8c6b6-jnvp2
dsdev;ds-eks-01-dev;sha256:74441a9fa04a5af78bf76a5af909f88592033c03ce6f1e14f343cd53d0266827;docker.io/posthog/posthog@sha256:74441a9fa04a5af78bf76a5af909f88592033c03ce6f1e14f343cd53d0266827;posthog-prd;posthog-plugins-8655c9f97d;posthog-plugins-8655c9f97d-vlh9l
dsdev;ds-eks-01-dev;sha256:5a85aeb27ffad227df55f7253a5b3634472d9d028ca20da0d6b9e7bb049d41e9;docker.io/bitnami/kafka@sha256:5a85aeb27ffad227df55f7253a5b3634472d9d028ca20da0d6b9e7bb049d41e9;posthog-prd;N/A;posthog-posthog-kafka-0
dsdev;ds-eks-01-dev;sha256:a97dd274c972cb39c8bfbf6f551fd80a9279b564e4713f4a2f02d213c033ae79;docker.io/bitnami/redis@sha256:a97dd274c972cb39c8bfbf6f551fd80a9279b564e4713f4a2f02d213c033ae79;posthog-prd;N/A;posthog-posthog-redis-master-0
dsdev;ds-eks-01-dev;sha256:061e22290d520d3c1536bbb2d6ed29e284f47b46d5035b6b6de1424658f2153c;docker.io/bitnami/zookeeper@sha256:061e22290d520d3c1536bbb2d6ed29e284f47b46d5035b6b6de1424658f2153c;posthog-prd;N/A;posthog-posthog-zookeeper-0
dsdev;ds-eks-01-dev;sha256:74441a9fa04a5af78bf76a5af909f88592033c03ce6f1e14f343cd53d0266827;docker.io/posthog/posthog@sha256:74441a9fa04a5af78bf76a5af909f88592033c03ce6f1e14f343cd53d0266827;posthog-prd;posthog-web-5ccc5f6458;posthog-web-5ccc5f6458-bjbht
dsdev;ds-eks-01-dev;sha256:74441a9fa04a5af78bf76a5af909f88592033c03ce6f1e14f343cd53d0266827;docker.io/posthog/posthog@sha256:74441a9fa04a5af78bf76a5af909f88592033c03ce6f1e14f343cd53d0266827;posthog-prd;posthog-worker-648556846;posthog-worker-648556846-4fmmx
dsdev;ds-eks-01-dev;sha256:27c454768ae8f434e587f87d14ce49d574d46a37a322b8839e1352a344dcff75;docker.io/apache/camel-k@sha256:27c454768ae8f434e587f87d14ce49d574d46a37a322b8839e1352a344dcff75;smartproxy-dev;camel-k-operator-688d5cb466;camel-k-operator-688d5cb466-k8ff7
dsdev;ds-eks-01-dev;sha256:27c454768ae8f434e587f87d14ce49d574d46a37a322b8839e1352a344dcff75;docker.io/apache/camel-k@sha256:27c454768ae8f434e587f87d14ce49d574d46a37a322b8839e1352a344dcff75;smartproxy-uat;camel-k-operator-688d5cb466;camel-k-operator-688d5cb466-r9lq2
dsdev;ds-eks-01-dev;sha256:27c454768ae8f434e587f87d14ce49d574d46a37a322b8839e1352a344dcff75;docker.io/apache/camel-k@sha256:27c454768ae8f434e587f87d14ce49d574d46a37a322b8839e1352a344dcff75;smartproxy;camel-k-operator-688d5cb466;camel-k-operator-688d5cb466-xf44n
dsdev;ds-eks-01-dev;sha256:6845f3ea66c0711b93e423e6c7f481e4527b4b7afeee23e12bdd3c86ead100a4;564593125549.dkr.ecr.sa-east-1.amazonaws.com/techdocs-preview-nginx@sha256:6845f3ea66c0711b93e423e6c7f481e4527b4b7afeee23e12bdd3c86ead100a4;techdocs-preview;techdocs-preview-7fdfb67dc;techdocs-preview-7fdfb67dc-v7zsb
dsdev;ds-eks-01-dev;sha256:f635442a0f47bbc8d1d868ca2b50d06e028d2c5048fd73a5986c92df317aff26;docker.io/velero/velero@sha256:f635442a0f47bbc8d1d868ca2b50d06e028d2c5048fd73a5986c92df317aff26;velero;velero-559c8cb49;velero-559c8cb49-wqqvl
account;cluster;sha;sha;namespace;deployment;pod_name
datahubprod;datahub-prod;sha256:614e2a378d2c55b588ea02eab6a6ec9eb4e4281ad731955dc67442c4c2ff35bb;gcr.io/apigee-microgateway/edgemicro@sha256:614e2a378d2c55b588ea02eab6a6ec9eb4e4281ad731955dc67442c4c2ff35bb;apigee-system;eks-nike-tech-01-prod-microgateway-ddb785cf8;eks-nike-tech-01-prod-microgateway-ddb785cf8-8t964
datahubprod;datahub-prod;sha256:b68f8ab06808890dff627d8fff67a3375fb8d38b83d1c79ea0684cfbb7702ba9;docker.io/bitnami/cassandra@sha256:b68f8ab06808890dff627d8fff67a3375fb8d38b83d1c79ea0684cfbb7702ba9;cassandra-uat;N/A;cassandra-uat-0
datahubprod;datahub-prod;sha256:c5e0e5dca7503a8371b8d366db0f49e3fc68f62ea480262e39b6cc277991c97c;quay.io/strimzi/operator@sha256:c5e0e5dca7503a8371b8d366db0f49e3fc68f62ea480262e39b6cc277991c97c;default;strimzi-cluster-operator-5dc9798fb4;strimzi-cluster-operator-5dc9798fb4-gbknc
datahubprod;datahub-prod;sha256:bfb1d7950ea02c875c7061a98e1714b017d8e2a6e74df0c07611c546b6d4f8b6;ghcr.io/fluxcd/flagger@sha256:bfb1d7950ea02c875c7061a98e1714b017d8e2a6e74df0c07611c546b6d4f8b6;istio-system;flagger-8b945cf6b;flagger-8b945cf6b-6jn8n
datahubprod;datahub-prod;sha256:2152aea5fbe2de20f08f3e0412ad7a4cd54a492240ff40974261ee4bdb43871d;docker.io/istio/proxyv2@sha256:2152aea5fbe2de20f08f3e0412ad7a4cd54a492240ff40974261ee4bdb43871d;istio-system;istio-ingress-65cc558668;istio-ingress-65cc558668-rxzqd
datahubprod;datahub-prod;sha256:ce9d876067018d5217836ffd28e5767e64937c573f5ac7d421be860857d0b266;docker.io/istio/pilot@sha256:ce9d876067018d5217836ffd28e5767e64937c573f5ac7d421be860857d0b266;istio-system;istiod-649844d58b;istiod-649844d58b-bh5dk
datahubprod;datahub-prod;sha256:0e0c081fd0cf40e9028533d386177fc2492e4e839e1151237e847b2c9486715b;docker.io/jaegertracing/all-in-one@sha256:0e0c081fd0cf40e9028533d386177fc2492e4e839e1151237e847b2c9486715b;istio-system;jaeger-8559896dfc;jaeger-8559896dfc-v2t2j
datahubprod;datahub-prod;sha256:fa494cb4ef3f3e4f593f3b12f77fced35fe1dff3c7c97e5f54f3f834d778e18d;quay.io/kiali/kiali@sha256:fa494cb4ef3f3e4f593f3b12f77fced35fe1dff3c7c97e5f54f3f834d778e18d;istio-system;kiali-65fcd75bd;kiali-65fcd75bd-qnvd9
datahubprod;datahub-prod;sha256:680ae1958dbcb9da8ee4128a67c1163a6ee2744221f7d29f73d8bcc237fd0173;quay.io/strimzi/kafka@sha256:680ae1958dbcb9da8ee4128a67c1163a6ee2744221f7d29f73d8bcc237fd0173;kafka-dev;kafka-cluster-entity-operator-7d4b5dcddf;kafka-cluster-entity-operator-7d4b5dcddf-bbdvl
datahubprod;datahub-prod;sha256:c5e0e5dca7503a8371b8d366db0f49e3fc68f62ea480262e39b6cc277991c97c;quay.io/strimzi/operator@sha256:c5e0e5dca7503a8371b8d366db0f49e3fc68f62ea480262e39b6cc277991c97c;kafka-dev;kafka-cluster-entity-operator-7d4b5dcddf;kafka-cluster-entity-operator-7d4b5dcddf-bbdvl
datahubprod;datahub-prod;sha256:c5e0e5dca7503a8371b8d366db0f49e3fc68f62ea480262e39b6cc277991c97c;quay.io/strimzi/operator@sha256:c5e0e5dca7503a8371b8d366db0f49e3fc68f62ea480262e39b6cc277991c97c;kafka-dev;kafka-cluster-entity-operator-7d4b5dcddf;kafka-cluster-entity-operator-7d4b5dcddf-bbdvl
datahubprod;datahub-prod;sha256:680ae1958dbcb9da8ee4128a67c1163a6ee2744221f7d29f73d8bcc237fd0173;quay.io/strimzi/kafka@sha256:680ae1958dbcb9da8ee4128a67c1163a6ee2744221f7d29f73d8bcc237fd0173;kafka-dev;N/A;kafka-cluster-kafka-0
datahubprod;datahub-prod;sha256:680ae1958dbcb9da8ee4128a67c1163a6ee2744221f7d29f73d8bcc237fd0173;quay.io/strimzi/kafka@sha256:680ae1958dbcb9da8ee4128a67c1163a6ee2744221f7d29f73d8bcc237fd0173;kafka-dev;N/A;kafka-cluster-zookeeper-0
datahubprod;datahub-prod;sha256:680ae1958dbcb9da8ee4128a67c1163a6ee2744221f7d29f73d8bcc237fd0173;quay.io/strimzi/kafka@sha256:680ae1958dbcb9da8ee4128a67c1163a6ee2744221f7d29f73d8bcc237fd0173;kafka-dev;N/A;kafka-cluster-zookeeper-1
datahubprod;datahub-prod;sha256:680ae1958dbcb9da8ee4128a67c1163a6ee2744221f7d29f73d8bcc237fd0173;quay.io/strimzi/kafka@sha256:680ae1958dbcb9da8ee4128a67c1163a6ee2744221f7d29f73d8bcc237fd0173;kafka-dev;N/A;kafka-cluster-zookeeper-2
datahubprod;datahub-prod;sha256:680ae1958dbcb9da8ee4128a67c1163a6ee2744221f7d29f73d8bcc237fd0173;quay.io/strimzi/kafka@sha256:680ae1958dbcb9da8ee4128a67c1163a6ee2744221f7d29f73d8bcc237fd0173;kafka-uat;kafka-cluster-entity-operator-9f495578;kafka-cluster-entity-operator-9f495578-l64r4
datahubprod;datahub-prod;sha256:c5e0e5dca7503a8371b8d366db0f49e3fc68f62ea480262e39b6cc277991c97c;quay.io/strimzi/operator@sha256:c5e0e5dca7503a8371b8d366db0f49e3fc68f62ea480262e39b6cc277991c97c;kafka-uat;kafka-cluster-entity-operator-9f495578;kafka-cluster-entity-operator-9f495578-l64r4
datahubprod;datahub-prod;sha256:c5e0e5dca7503a8371b8d366db0f49e3fc68f62ea480262e39b6cc277991c97c;quay.io/strimzi/operator@sha256:c5e0e5dca7503a8371b8d366db0f49e3fc68f62ea480262e39b6cc277991c97c;kafka-uat;kafka-cluster-entity-operator-9f495578;kafka-cluster-entity-operator-9f495578-l64r4
datahubprod;datahub-prod;sha256:680ae1958dbcb9da8ee4128a67c1163a6ee2744221f7d29f73d8bcc237fd0173;quay.io/strimzi/kafka@sha256:680ae1958dbcb9da8ee4128a67c1163a6ee2744221f7d29f73d8bcc237fd0173;kafka-uat;N/A;kafka-cluster-kafka-0
datahubprod;datahub-prod;sha256:680ae1958dbcb9da8ee4128a67c1163a6ee2744221f7d29f73d8bcc237fd0173;quay.io/strimzi/kafka@sha256:680ae1958dbcb9da8ee4128a67c1163a6ee2744221f7d29f73d8bcc237fd0173;kafka-uat;N/A;kafka-cluster-zookeeper-0
datahubprod;datahub-prod;sha256:680ae1958dbcb9da8ee4128a67c1163a6ee2744221f7d29f73d8bcc237fd0173;quay.io/strimzi/kafka@sha256:680ae1958dbcb9da8ee4128a67c1163a6ee2744221f7d29f73d8bcc237fd0173;kafka-uat;N/A;kafka-cluster-zookeeper-1
datahubprod;datahub-prod;sha256:680ae1958dbcb9da8ee4128a67c1163a6ee2744221f7d29f73d8bcc237fd0173;quay.io/strimzi/kafka@sha256:680ae1958dbcb9da8ee4128a67c1163a6ee2744221f7d29f73d8bcc237fd0173;kafka-uat;N/A;kafka-cluster-zookeeper-2
datahubprod;datahub-prod;sha256:4e71a9aaf6e6c5ad0515c8ca04385920a69d8c4588738e5fbaff957d5cf283a5;602401143452.dkr.ecr.sa-east-1.amazonaws.com/amazon-k8s-cni@sha256:4e71a9aaf6e6c5ad0515c8ca04385920a69d8c4588738e5fbaff957d5cf283a5;kube-system;N/A;aws-node-92vct
datahubprod;datahub-prod;sha256:4e71a9aaf6e6c5ad0515c8ca04385920a69d8c4588738e5fbaff957d5cf283a5;602401143452.dkr.ecr.sa-east-1.amazonaws.com/amazon-k8s-cni@sha256:4e71a9aaf6e6c5ad0515c8ca04385920a69d8c4588738e5fbaff957d5cf283a5;kube-system;N/A;aws-node-n64g5
datahubprod;datahub-prod;sha256:4e71a9aaf6e6c5ad0515c8ca04385920a69d8c4588738e5fbaff957d5cf283a5;602401143452.dkr.ecr.sa-east-1.amazonaws.com/amazon-k8s-cni@sha256:4e71a9aaf6e6c5ad0515c8ca04385920a69d8c4588738e5fbaff957d5cf283a5;kube-system;N/A;aws-node-rsl95
datahubprod;datahub-prod;sha256:4e71a9aaf6e6c5ad0515c8ca04385920a69d8c4588738e5fbaff957d5cf283a5;602401143452.dkr.ecr.sa-east-1.amazonaws.com/amazon-k8s-cni@sha256:4e71a9aaf6e6c5ad0515c8ca04385920a69d8c4588738e5fbaff957d5cf283a5;kube-system;N/A;aws-node-spmrs
datahubprod;datahub-prod;sha256:4e71a9aaf6e6c5ad0515c8ca04385920a69d8c4588738e5fbaff957d5cf283a5;602401143452.dkr.ecr.sa-east-1.amazonaws.com/amazon-k8s-cni@sha256:4e71a9aaf6e6c5ad0515c8ca04385920a69d8c4588738e5fbaff957d5cf283a5;kube-system;N/A;aws-node-x4zzq
datahubprod;datahub-prod;sha256:f46687231c2c1bfa139f2b18275b123222c8cf6a288bb9c8145932bd14ac3deb;k8s.gcr.io/autoscaling/cluster-autoscaler@sha256:f46687231c2c1bfa139f2b18275b123222c8cf6a288bb9c8145932bd14ac3deb;kube-system;cluster-autoscaler-aws-cluster-autoscaler-6c5c48ffbb;cluster-autoscaler-aws-cluster-autoscaler-6c5c48ffbb-ktbf9
datahubprod;datahub-prod;sha256:283e342425558e69cc2e709337347e446d20604f544b2f98dd6f03dab7cd805a;602401143452.dkr.ecr.sa-east-1.amazonaws.com/eks/coredns@sha256:283e342425558e69cc2e709337347e446d20604f544b2f98dd6f03dab7cd805a;kube-system;coredns-87d7c8c9;coredns-87d7c8c9-2nlfx
datahubprod;datahub-prod;sha256:283e342425558e69cc2e709337347e446d20604f544b2f98dd6f03dab7cd805a;602401143452.dkr.ecr.sa-east-1.amazonaws.com/eks/coredns@sha256:283e342425558e69cc2e709337347e446d20604f544b2f98dd6f03dab7cd805a;kube-system;coredns-87d7c8c9;coredns-87d7c8c9-kh4fm
datahubprod;datahub-prod;sha256:69f580b92c80c38e1339b55ad38043efeb0b721ae4cd351d3ac6685b323b3157;602401143452.dkr.ecr.sa-east-1.amazonaws.com/eks/csi-attacher@sha256:69f580b92c80c38e1339b55ad38043efeb0b721ae4cd351d3ac6685b323b3157;kube-system;ebs-csi-controller-6b8dfdc68b;ebs-csi-controller-6b8dfdc68b-gnwmj
datahubprod;datahub-prod;sha256:5ad11decb148950bdae987c7f938427a661d7ae60850e6c56f40314392eb7a5f;602401143452.dkr.ecr.sa-east-1.amazonaws.com/eks/csi-provisioner@sha256:5ad11decb148950bdae987c7f938427a661d7ae60850e6c56f40314392eb7a5f;kube-system;ebs-csi-controller-6b8dfdc68b;ebs-csi-controller-6b8dfdc68b-gnwmj
datahubprod;datahub-prod;sha256:b2eefd692d1b4decf97f5bf785b50bc2b0338a2df66840d2679b6abf28a013cb;602401143452.dkr.ecr.sa-east-1.amazonaws.com/eks/csi-resizer@sha256:b2eefd692d1b4decf97f5bf785b50bc2b0338a2df66840d2679b6abf28a013cb;kube-system;ebs-csi-controller-6b8dfdc68b;ebs-csi-controller-6b8dfdc68b-gnwmj
datahubprod;datahub-prod;sha256:b52d3e46d63c8991d10858a4c3e2417a2ab84d990ec41036119fc8235697dd8d;602401143452.dkr.ecr.sa-east-1.amazonaws.com/eks/csi-snapshotter@sha256:b52d3e46d63c8991d10858a4c3e2417a2ab84d990ec41036119fc8235697dd8d;kube-system;ebs-csi-controller-6b8dfdc68b;ebs-csi-controller-6b8dfdc68b-gnwmj
datahubprod;datahub-prod;sha256:1564359e1e0e7cb577c77219541c423e782b726f603fde4fcfa0c1eafbc50320;602401143452.dkr.ecr.sa-east-1.amazonaws.com/eks/aws-ebs-csi-driver@sha256:1564359e1e0e7cb577c77219541c423e782b726f603fde4fcfa0c1eafbc50320;kube-system;ebs-csi-controller-6b8dfdc68b;ebs-csi-controller-6b8dfdc68b-gnwmj
datahubprod;datahub-prod;sha256:5aa45f506d50b63acf32fae45c56e31de7567c5a8c2a55e810db138e7adf0789;602401143452.dkr.ecr.sa-east-1.amazonaws.com/eks/livenessprobe@sha256:5aa45f506d50b63acf32fae45c56e31de7567c5a8c2a55e810db138e7adf0789;kube-system;ebs-csi-controller-6b8dfdc68b;ebs-csi-controller-6b8dfdc68b-gnwmj
datahubprod;datahub-prod;sha256:69f580b92c80c38e1339b55ad38043efeb0b721ae4cd351d3ac6685b323b3157;602401143452.dkr.ecr.sa-east-1.amazonaws.com/eks/csi-attacher@sha256:69f580b92c80c38e1339b55ad38043efeb0b721ae4cd351d3ac6685b323b3157;kube-system;ebs-csi-controller-6b8dfdc68b;ebs-csi-controller-6b8dfdc68b-vxlhv
datahubprod;datahub-prod;sha256:5ad11decb148950bdae987c7f938427a661d7ae60850e6c56f40314392eb7a5f;602401143452.dkr.ecr.sa-east-1.amazonaws.com/eks/csi-provisioner@sha256:5ad11decb148950bdae987c7f938427a661d7ae60850e6c56f40314392eb7a5f;kube-system;ebs-csi-controller-6b8dfdc68b;ebs-csi-controller-6b8dfdc68b-vxlhv
datahubprod;datahub-prod;sha256:b2eefd692d1b4decf97f5bf785b50bc2b0338a2df66840d2679b6abf28a013cb;602401143452.dkr.ecr.sa-east-1.amazonaws.com/eks/csi-resizer@sha256:b2eefd692d1b4decf97f5bf785b50bc2b0338a2df66840d2679b6abf28a013cb;kube-system;ebs-csi-controller-6b8dfdc68b;ebs-csi-controller-6b8dfdc68b-vxlhv
datahubprod;datahub-prod;sha256:b52d3e46d63c8991d10858a4c3e2417a2ab84d990ec41036119fc8235697dd8d;602401143452.dkr.ecr.sa-east-1.amazonaws.com/eks/csi-snapshotter@sha256:b52d3e46d63c8991d10858a4c3e2417a2ab84d990ec41036119fc8235697dd8d;kube-system;ebs-csi-controller-6b8dfdc68b;ebs-csi-controller-6b8dfdc68b-vxlhv
datahubprod;datahub-prod;sha256:1564359e1e0e7cb577c77219541c423e782b726f603fde4fcfa0c1eafbc50320;602401143452.dkr.ecr.sa-east-1.amazonaws.com/eks/aws-ebs-csi-driver@sha256:1564359e1e0e7cb577c77219541c423e782b726f603fde4fcfa0c1eafbc50320;kube-system;ebs-csi-controller-6b8dfdc68b;ebs-csi-controller-6b8dfdc68b-vxlhv
datahubprod;datahub-prod;sha256:5aa45f506d50b63acf32fae45c56e31de7567c5a8c2a55e810db138e7adf0789;602401143452.dkr.ecr.sa-east-1.amazonaws.com/eks/livenessprobe@sha256:5aa45f506d50b63acf32fae45c56e31de7567c5a8c2a55e810db138e7adf0789;kube-system;ebs-csi-controller-6b8dfdc68b;ebs-csi-controller-6b8dfdc68b-vxlhv
datahubprod;datahub-prod;sha256:1564359e1e0e7cb577c77219541c423e782b726f603fde4fcfa0c1eafbc50320;602401143452.dkr.ecr.sa-east-1.amazonaws.com/eks/aws-ebs-csi-driver@sha256:1564359e1e0e7cb577c77219541c423e782b726f603fde4fcfa0c1eafbc50320;kube-system;N/A;ebs-csi-node-88kqc
datahubprod;datahub-prod;sha256:5aa45f506d50b63acf32fae45c56e31de7567c5a8c2a55e810db138e7adf0789;602401143452.dkr.ecr.sa-east-1.amazonaws.com/eks/livenessprobe@sha256:5aa45f506d50b63acf32fae45c56e31de7567c5a8c2a55e810db138e7adf0789;kube-system;N/A;ebs-csi-node-88kqc
datahubprod;datahub-prod;sha256:d99f0bb1a918f0b8f144aa1e4785460924af946b1e0bb7a23996780358238951;602401143452.dkr.ecr.sa-east-1.amazonaws.com/eks/csi-node-driver-registrar@sha256:d99f0bb1a918f0b8f144aa1e4785460924af946b1e0bb7a23996780358238951;kube-system;N/A;ebs-csi-node-88kqc
datahubprod;datahub-prod;sha256:1564359e1e0e7cb577c77219541c423e782b726f603fde4fcfa0c1eafbc50320;602401143452.dkr.ecr.sa-east-1.amazonaws.com/eks/aws-ebs-csi-driver@sha256:1564359e1e0e7cb577c77219541c423e782b726f603fde4fcfa0c1eafbc50320;kube-system;N/A;ebs-csi-node-dtkwg
datahubprod;datahub-prod;sha256:5aa45f506d50b63acf32fae45c56e31de7567c5a8c2a55e810db138e7adf0789;602401143452.dkr.ecr.sa-east-1.amazonaws.com/eks/livenessprobe@sha256:5aa45f506d50b63acf32fae45c56e31de7567c5a8c2a55e810db138e7adf0789;kube-system;N/A;ebs-csi-node-dtkwg
datahubprod;datahub-prod;sha256:d99f0bb1a918f0b8f144aa1e4785460924af946b1e0bb7a23996780358238951;602401143452.dkr.ecr.sa-east-1.amazonaws.com/eks/csi-node-driver-registrar@sha256:d99f0bb1a918f0b8f144aa1e4785460924af946b1e0bb7a23996780358238951;kube-system;N/A;ebs-csi-node-dtkwg
datahubprod;datahub-prod;sha256:1564359e1e0e7cb577c77219541c423e782b726f603fde4fcfa0c1eafbc50320;602401143452.dkr.ecr.sa-east-1.amazonaws.com/eks/aws-ebs-csi-driver@sha256:1564359e1e0e7cb577c77219541c423e782b726f603fde4fcfa0c1eafbc50320;kube-system;N/A;ebs-csi-node-dz4fg
datahubprod;datahub-prod;sha256:5aa45f506d50b63acf32fae45c56e31de7567c5a8c2a55e810db138e7adf0789;602401143452.dkr.ecr.sa-east-1.amazonaws.com/eks/livenessprobe@sha256:5aa45f506d50b63acf32fae45c56e31de7567c5a8c2a55e810db138e7adf0789;kube-system;N/A;ebs-csi-node-dz4fg
datahubprod;datahub-prod;sha256:d99f0bb1a918f0b8f144aa1e4785460924af946b1e0bb7a23996780358238951;602401143452.dkr.ecr.sa-east-1.amazonaws.com/eks/csi-node-driver-registrar@sha256:d99f0bb1a918f0b8f144aa1e4785460924af946b1e0bb7a23996780358238951;kube-system;N/A;ebs-csi-node-dz4fg
datahubprod;datahub-prod;sha256:1564359e1e0e7cb577c77219541c423e782b726f603fde4fcfa0c1eafbc50320;602401143452.dkr.ecr.sa-east-1.amazonaws.com/eks/aws-ebs-csi-driver@sha256:1564359e1e0e7cb577c77219541c423e782b726f603fde4fcfa0c1eafbc50320;kube-system;N/A;ebs-csi-node-ntqbq
datahubprod;datahub-prod;sha256:5aa45f506d50b63acf32fae45c56e31de7567c5a8c2a55e810db138e7adf0789;602401143452.dkr.ecr.sa-east-1.amazonaws.com/eks/livenessprobe@sha256:5aa45f506d50b63acf32fae45c56e31de7567c5a8c2a55e810db138e7adf0789;kube-system;N/A;ebs-csi-node-ntqbq
datahubprod;datahub-prod;sha256:d99f0bb1a918f0b8f144aa1e4785460924af946b1e0bb7a23996780358238951;602401143452.dkr.ecr.sa-east-1.amazonaws.com/eks/csi-node-driver-registrar@sha256:d99f0bb1a918f0b8f144aa1e4785460924af946b1e0bb7a23996780358238951;kube-system;N/A;ebs-csi-node-ntqbq
datahubprod;datahub-prod;sha256:1564359e1e0e7cb577c77219541c423e782b726f603fde4fcfa0c1eafbc50320;602401143452.dkr.ecr.sa-east-1.amazonaws.com/eks/aws-ebs-csi-driver@sha256:1564359e1e0e7cb577c77219541c423e782b726f603fde4fcfa0c1eafbc50320;kube-system;N/A;ebs-csi-node-vww65
datahubprod;datahub-prod;sha256:5aa45f506d50b63acf32fae45c56e31de7567c5a8c2a55e810db138e7adf0789;602401143452.dkr.ecr.sa-east-1.amazonaws.com/eks/livenessprobe@sha256:5aa45f506d50b63acf32fae45c56e31de7567c5a8c2a55e810db138e7adf0789;kube-system;N/A;ebs-csi-node-vww65
datahubprod;datahub-prod;sha256:d99f0bb1a918f0b8f144aa1e4785460924af946b1e0bb7a23996780358238951;602401143452.dkr.ecr.sa-east-1.amazonaws.com/eks/csi-node-driver-registrar@sha256:d99f0bb1a918f0b8f144aa1e4785460924af946b1e0bb7a23996780358238951;kube-system;N/A;ebs-csi-node-vww65
datahubprod;datahub-prod;sha256:e677f72d499e09557e20ba9b5ade9fbbc70b73f658b95226963215eaa9fdb1ad;564593125549.dkr.ecr.sa-east-1.amazonaws.com/aws-public/eks-distro/kubernetes-csi/external-provisioner@sha256:e677f72d499e09557e20ba9b5ade9fbbc70b73f658b95226963215eaa9fdb1ad;kube-system;efs-csi-controller-6f75577dbb;efs-csi-controller-6f75577dbb-6d8pb
datahubprod;datahub-prod;sha256:4db1a50a1583c662643b4a24a7940c7e347ef22f3c6f83f825587c3b904abe87;602401143452.dkr.ecr.sa-east-1.amazonaws.com/eks/aws-efs-csi-driver@sha256:4db1a50a1583c662643b4a24a7940c7e347ef22f3c6f83f825587c3b904abe87;kube-system;efs-csi-controller-6f75577dbb;efs-csi-controller-6f75577dbb-6d8pb
datahubprod;datahub-prod;sha256:d790820d19a6253ee31418be4d1a9ae023d4a6b64c5591f8f031b4194828cc5b;564593125549.dkr.ecr.sa-east-1.amazonaws.com/aws-public/eks-distro/kubernetes-csi/livenessprobe@sha256:d790820d19a6253ee31418be4d1a9ae023d4a6b64c5591f8f031b4194828cc5b;kube-system;efs-csi-controller-6f75577dbb;efs-csi-controller-6f75577dbb-6d8pb
datahubprod;datahub-prod;sha256:e677f72d499e09557e20ba9b5ade9fbbc70b73f658b95226963215eaa9fdb1ad;564593125549.dkr.ecr.sa-east-1.amazonaws.com/aws-public/eks-distro/kubernetes-csi/external-provisioner@sha256:e677f72d499e09557e20ba9b5ade9fbbc70b73f658b95226963215eaa9fdb1ad;kube-system;efs-csi-controller-6f75577dbb;efs-csi-controller-6f75577dbb-mmmm7
datahubprod;datahub-prod;sha256:4db1a50a1583c662643b4a24a7940c7e347ef22f3c6f83f825587c3b904abe87;602401143452.dkr.ecr.sa-east-1.amazonaws.com/eks/aws-efs-csi-driver@sha256:4db1a50a1583c662643b4a24a7940c7e347ef22f3c6f83f825587c3b904abe87;kube-system;efs-csi-controller-6f75577dbb;efs-csi-controller-6f75577dbb-mmmm7
datahubprod;datahub-prod;sha256:d790820d19a6253ee31418be4d1a9ae023d4a6b64c5591f8f031b4194828cc5b;564593125549.dkr.ecr.sa-east-1.amazonaws.com/aws-public/eks-distro/kubernetes-csi/livenessprobe@sha256:d790820d19a6253ee31418be4d1a9ae023d4a6b64c5591f8f031b4194828cc5b;kube-system;efs-csi-controller-6f75577dbb;efs-csi-controller-6f75577dbb-mmmm7
datahubprod;datahub-prod;sha256:9cd9ef74078997d4d05f5061b6a4948b54b591bb5152675f45a183c3a1cbbfd8;564593125549.dkr.ecr.sa-east-1.amazonaws.com/aws-public/eks-distro/kubernetes-csi/node-driver-registrar@sha256:9cd9ef74078997d4d05f5061b6a4948b54b591bb5152675f45a183c3a1cbbfd8;kube-system;N/A;efs-csi-node-4qd9f
datahubprod;datahub-prod;sha256:4db1a50a1583c662643b4a24a7940c7e347ef22f3c6f83f825587c3b904abe87;602401143452.dkr.ecr.sa-east-1.amazonaws.com/eks/aws-efs-csi-driver@sha256:4db1a50a1583c662643b4a24a7940c7e347ef22f3c6f83f825587c3b904abe87;kube-system;N/A;efs-csi-node-4qd9f
datahubprod;datahub-prod;sha256:d790820d19a6253ee31418be4d1a9ae023d4a6b64c5591f8f031b4194828cc5b;564593125549.dkr.ecr.sa-east-1.amazonaws.com/aws-public/eks-distro/kubernetes-csi/livenessprobe@sha256:d790820d19a6253ee31418be4d1a9ae023d4a6b64c5591f8f031b4194828cc5b;kube-system;N/A;efs-csi-node-4qd9f
datahubprod;datahub-prod;sha256:9cd9ef74078997d4d05f5061b6a4948b54b591bb5152675f45a183c3a1cbbfd8;564593125549.dkr.ecr.sa-east-1.amazonaws.com/aws-public/eks-distro/kubernetes-csi/node-driver-registrar@sha256:9cd9ef74078997d4d05f5061b6a4948b54b591bb5152675f45a183c3a1cbbfd8;kube-system;N/A;efs-csi-node-6wccb
datahubprod;datahub-prod;sha256:4db1a50a1583c662643b4a24a7940c7e347ef22f3c6f83f825587c3b904abe87;602401143452.dkr.ecr.sa-east-1.amazonaws.com/eks/aws-efs-csi-driver@sha256:4db1a50a1583c662643b4a24a7940c7e347ef22f3c6f83f825587c3b904abe87;kube-system;N/A;efs-csi-node-6wccb
datahubprod;datahub-prod;sha256:d790820d19a6253ee31418be4d1a9ae023d4a6b64c5591f8f031b4194828cc5b;564593125549.dkr.ecr.sa-east-1.amazonaws.com/aws-public/eks-distro/kubernetes-csi/livenessprobe@sha256:d790820d19a6253ee31418be4d1a9ae023d4a6b64c5591f8f031b4194828cc5b;kube-system;N/A;efs-csi-node-6wccb
datahubprod;datahub-prod;sha256:9cd9ef74078997d4d05f5061b6a4948b54b591bb5152675f45a183c3a1cbbfd8;564593125549.dkr.ecr.sa-east-1.amazonaws.com/aws-public/eks-distro/kubernetes-csi/node-driver-registrar@sha256:9cd9ef74078997d4d05f5061b6a4948b54b591bb5152675f45a183c3a1cbbfd8;kube-system;N/A;efs-csi-node-cgszj
datahubprod;datahub-prod;sha256:4db1a50a1583c662643b4a24a7940c7e347ef22f3c6f83f825587c3b904abe87;602401143452.dkr.ecr.sa-east-1.amazonaws.com/eks/aws-efs-csi-driver@sha256:4db1a50a1583c662643b4a24a7940c7e347ef22f3c6f83f825587c3b904abe87;kube-system;N/A;efs-csi-node-cgszj
datahubprod;datahub-prod;sha256:d790820d19a6253ee31418be4d1a9ae023d4a6b64c5591f8f031b4194828cc5b;564593125549.dkr.ecr.sa-east-1.amazonaws.com/aws-public/eks-distro/kubernetes-csi/livenessprobe@sha256:d790820d19a6253ee31418be4d1a9ae023d4a6b64c5591f8f031b4194828cc5b;kube-system;N/A;efs-csi-node-cgszj
datahubprod;datahub-prod;sha256:9cd9ef74078997d4d05f5061b6a4948b54b591bb5152675f45a183c3a1cbbfd8;564593125549.dkr.ecr.sa-east-1.amazonaws.com/aws-public/eks-distro/kubernetes-csi/node-driver-registrar@sha256:9cd9ef74078997d4d05f5061b6a4948b54b591bb5152675f45a183c3a1cbbfd8;kube-system;N/A;efs-csi-node-sr75j
datahubprod;datahub-prod;sha256:4db1a50a1583c662643b4a24a7940c7e347ef22f3c6f83f825587c3b904abe87;602401143452.dkr.ecr.sa-east-1.amazonaws.com/eks/aws-efs-csi-driver@sha256:4db1a50a1583c662643b4a24a7940c7e347ef22f3c6f83f825587c3b904abe87;kube-system;N/A;efs-csi-node-sr75j
datahubprod;datahub-prod;sha256:d790820d19a6253ee31418be4d1a9ae023d4a6b64c5591f8f031b4194828cc5b;564593125549.dkr.ecr.sa-east-1.amazonaws.com/aws-public/eks-distro/kubernetes-csi/livenessprobe@sha256:d790820d19a6253ee31418be4d1a9ae023d4a6b64c5591f8f031b4194828cc5b;kube-system;N/A;efs-csi-node-sr75j
datahubprod;datahub-prod;sha256:9cd9ef74078997d4d05f5061b6a4948b54b591bb5152675f45a183c3a1cbbfd8;564593125549.dkr.ecr.sa-east-1.amazonaws.com/aws-public/eks-distro/kubernetes-csi/node-driver-registrar@sha256:9cd9ef74078997d4d05f5061b6a4948b54b591bb5152675f45a183c3a1cbbfd8;kube-system;N/A;efs-csi-node-zpn79
datahubprod;datahub-prod;sha256:4db1a50a1583c662643b4a24a7940c7e347ef22f3c6f83f825587c3b904abe87;602401143452.dkr.ecr.sa-east-1.amazonaws.com/eks/aws-efs-csi-driver@sha256:4db1a50a1583c662643b4a24a7940c7e347ef22f3c6f83f825587c3b904abe87;kube-system;N/A;efs-csi-node-zpn79
datahubprod;datahub-prod;sha256:d790820d19a6253ee31418be4d1a9ae023d4a6b64c5591f8f031b4194828cc5b;564593125549.dkr.ecr.sa-east-1.amazonaws.com/aws-public/eks-distro/kubernetes-csi/livenessprobe@sha256:d790820d19a6253ee31418be4d1a9ae023d4a6b64c5591f8f031b4194828cc5b;kube-system;N/A;efs-csi-node-zpn79
datahubprod;datahub-prod;sha256:1529982e95d0c9a1f0543360939108cf8276507fb6639e367a0198d3b25570b0;k8s.gcr.io/external-dns/external-dns@sha256:1529982e95d0c9a1f0543360939108cf8276507fb6639e367a0198d3b25570b0;kube-system;external-dns-94756556;external-dns-94756556-l9qx9
datahubprod;datahub-prod;sha256:8ac03ffed11ba8e3b77ffca82f6ee1ef9598181da04cc50545ca1c739ddf5bbb;602401143452.dkr.ecr.sa-east-1.amazonaws.com/eks/kube-proxy@sha256:8ac03ffed11ba8e3b77ffca82f6ee1ef9598181da04cc50545ca1c739ddf5bbb;kube-system;N/A;kube-proxy-226cq
datahubprod;datahub-prod;sha256:8ac03ffed11ba8e3b77ffca82f6ee1ef9598181da04cc50545ca1c739ddf5bbb;602401143452.dkr.ecr.sa-east-1.amazonaws.com/eks/kube-proxy@sha256:8ac03ffed11ba8e3b77ffca82f6ee1ef9598181da04cc50545ca1c739ddf5bbb;kube-system;N/A;kube-proxy-8mc8c
datahubprod;datahub-prod;sha256:8ac03ffed11ba8e3b77ffca82f6ee1ef9598181da04cc50545ca1c739ddf5bbb;602401143452.dkr.ecr.sa-east-1.amazonaws.com/eks/kube-proxy@sha256:8ac03ffed11ba8e3b77ffca82f6ee1ef9598181da04cc50545ca1c739ddf5bbb;kube-system;N/A;kube-proxy-w7c29
datahubprod;datahub-prod;sha256:8ac03ffed11ba8e3b77ffca82f6ee1ef9598181da04cc50545ca1c739ddf5bbb;602401143452.dkr.ecr.sa-east-1.amazonaws.com/eks/kube-proxy@sha256:8ac03ffed11ba8e3b77ffca82f6ee1ef9598181da04cc50545ca1c739ddf5bbb;kube-system;N/A;kube-proxy-wcf79
datahubprod;datahub-prod;sha256:8ac03ffed11ba8e3b77ffca82f6ee1ef9598181da04cc50545ca1c739ddf5bbb;602401143452.dkr.ecr.sa-east-1.amazonaws.com/eks/kube-proxy@sha256:8ac03ffed11ba8e3b77ffca82f6ee1ef9598181da04cc50545ca1c739ddf5bbb;kube-system;N/A;kube-proxy-xf278
datahubprod;datahub-prod;sha256:76049887f07a0476dc93efc2d3569b9529bf982b22d29f356092ce206e98765c;docker.io/kubernetesui/metrics-scraper@sha256:76049887f07a0476dc93efc2d3569b9529bf982b22d29f356092ce206e98765c;kube-system;kubernetes-dashboard-7cd8c87c5f;kubernetes-dashboard-7cd8c87c5f-gnlbf
datahubprod;datahub-prod;sha256:290bebc3cd96c22b6f89e7b21f5c2b16ce5c275a0ec2c2de10e0d8b9dd110289;docker.io/kubernetesui/dashboard@sha256:290bebc3cd96c22b6f89e7b21f5c2b16ce5c275a0ec2c2de10e0d8b9dd110289;kube-system;kubernetes-dashboard-7cd8c87c5f;kubernetes-dashboard-7cd8c87c5f-gnlbf
datahubprod;datahub-prod;sha256:f977ad859fb500c1302d9c3428c6271db031bb7431e7076213b676b345a88dc2;k8s.gcr.io/metrics-server/metrics-server@sha256:f977ad859fb500c1302d9c3428c6271db031bb7431e7076213b676b345a88dc2;kube-system;metrics-server-8694655b79;metrics-server-8694655b79-9cq9x
datahubprod;datahub-prod;sha256:8c21390be87dbbee337c5b867254906b900bb52adb405b3a67134e17b7705973;quay.io/oauth2-proxy/oauth2-proxy@sha256:8c21390be87dbbee337c5b867254906b900bb52adb405b3a67134e17b7705973;kube-system;oauth2-proxy-764d678d5b;oauth2-proxy-764d678d5b-bdssl
datahubprod;datahub-prod;sha256:10e3e43b37bef778c5f1606f9078ac5935c52654598d6ffe7dfadbb25a888c1a;564593125549.dkr.ecr.sa-east-1.amazonaws.com/logstash@sha256:10e3e43b37bef778c5f1606f9078ac5935c52654598d6ffe7dfadbb25a888c1a;logstash-nike-smartproxy-infobusca-uat;N/A;logstash-logstash-0
datahubprod;datahub-prod;sha256:10e3e43b37bef778c5f1606f9078ac5935c52654598d6ffe7dfadbb25a888c1a;564593125549.dkr.ecr.sa-east-1.amazonaws.com/logstash@sha256:10e3e43b37bef778c5f1606f9078ac5935c52654598d6ffe7dfadbb25a888c1a;logstash-nike-smartproxy-infobusca;N/A;logstash-logstash-0
datahubprod;datahub-prod;sha256:10e3e43b37bef778c5f1606f9078ac5935c52654598d6ffe7dfadbb25a888c1a;564593125549.dkr.ecr.sa-east-1.amazonaws.com/logstash@sha256:10e3e43b37bef778c5f1606f9078ac5935c52654598d6ffe7dfadbb25a888c1a;logstash-nike-smartproxy-infomais-uat;N/A;logstash-logstash-0
datahubprod;datahub-prod;sha256:10e3e43b37bef778c5f1606f9078ac5935c52654598d6ffe7dfadbb25a888c1a;564593125549.dkr.ecr.sa-east-1.amazonaws.com/logstash@sha256:10e3e43b37bef778c5f1606f9078ac5935c52654598d6ffe7dfadbb25a888c1a;logstash-nike-smartproxy-infomais;N/A;logstash-logstash-0
datahubprod;datahub-prod;sha256:10e3e43b37bef778c5f1606f9078ac5935c52654598d6ffe7dfadbb25a888c1a;564593125549.dkr.ecr.sa-east-1.amazonaws.com/logstash@sha256:10e3e43b37bef778c5f1606f9078ac5935c52654598d6ffe7dfadbb25a888c1a;logstash-nike-smartproxy-uat;N/A;logstash-logstash-0
datahubprod;datahub-prod;sha256:10e3e43b37bef778c5f1606f9078ac5935c52654598d6ffe7dfadbb25a888c1a;564593125549.dkr.ecr.sa-east-1.amazonaws.com/logstash@sha256:10e3e43b37bef778c5f1606f9078ac5935c52654598d6ffe7dfadbb25a888c1a;logstash-nike-smartproxy;N/A;logstash-logstash-0
datahubprod;datahub-prod;sha256:088464f949de8065b9da7dfce7302a633d700e9d598e2bebc03310712f083b31;quay.io/prometheus/alertmanager@sha256:088464f949de8065b9da7dfce7302a633d700e9d598e2bebc03310712f083b31;monitoring-system;N/A;alertmanager-kube-prometheus-stack-alertmanager-0
datahubprod;datahub-prod;sha256:d0aee3f816725cb130121f3ea67979160bdc79fe616efa077c9b15cab4689504;quay.io/prometheus-operator/prometheus-config-reloader@sha256:d0aee3f816725cb130121f3ea67979160bdc79fe616efa077c9b15cab4689504;monitoring-system;N/A;alertmanager-kube-prometheus-stack-alertmanager-0
datahubprod;datahub-prod;sha256:ecc1b80b8ca27743e48033c6d4c9d9f658b0837f9bea7dc5afeec0f857357267;docker.io/grafana/grafana@sha256:ecc1b80b8ca27743e48033c6d4c9d9f658b0837f9bea7dc5afeec0f857357267;monitoring-system;kube-prometheus-stack-grafana-74d44b84;kube-prometheus-stack-grafana-74d44b84-6xcs5
datahubprod;datahub-prod;sha256:1f025ae37b7b20d63bffd179e5e6f972039dd53d9646388c0a8c456229c7bbcb;quay.io/kiwigrid/k8s-sidecar@sha256:1f025ae37b7b20d63bffd179e5e6f972039dd53d9646388c0a8c456229c7bbcb;monitoring-system;kube-prometheus-stack-grafana-74d44b84;kube-prometheus-stack-grafana-74d44b84-6xcs5
datahubprod;datahub-prod;sha256:1f025ae37b7b20d63bffd179e5e6f972039dd53d9646388c0a8c456229c7bbcb;quay.io/kiwigrid/k8s-sidecar@sha256:1f025ae37b7b20d63bffd179e5e6f972039dd53d9646388c0a8c456229c7bbcb;monitoring-system;kube-prometheus-stack-grafana-74d44b84;kube-prometheus-stack-grafana-74d44b84-6xcs5
datahubprod;datahub-prod;sha256:69a18fa1e0d0c9f972a64e69ca13b65451b8c5e79ae8dccf3a77968be4a301df;k8s.gcr.io/kube-state-metrics/kube-state-metrics@sha256:69a18fa1e0d0c9f972a64e69ca13b65451b8c5e79ae8dccf3a77968be4a301df;monitoring-system;kube-prometheus-stack-kube-state-metrics-5bd844ff8c;kube-prometheus-stack-kube-state-metrics-5bd844ff8c-np5vg
datahubprod;datahub-prod;sha256:4817ed76bbac6726228bc0cb1bb7f78a1084ab8367e3a7daa9d6119eb470cfa5;quay.io/prometheus-operator/prometheus-operator@sha256:4817ed76bbac6726228bc0cb1bb7f78a1084ab8367e3a7daa9d6119eb470cfa5;monitoring-system;kube-prometheus-stack-operator-7447c85fbc;kube-prometheus-stack-operator-7447c85fbc-lmz6d
datahubprod;datahub-prod;sha256:f2269e73124dd0f60a7d19a2ce1264d33d08a985aed0ee6b0b89d0be470592cd;quay.io/prometheus/node-exporter@sha256:f2269e73124dd0f60a7d19a2ce1264d33d08a985aed0ee6b0b89d0be470592cd;monitoring-system;N/A;kube-prometheus-stack-prometheus-node-exporter-24p9k
datahubprod;datahub-prod;sha256:f2269e73124dd0f60a7d19a2ce1264d33d08a985aed0ee6b0b89d0be470592cd;quay.io/prometheus/node-exporter@sha256:f2269e73124dd0f60a7d19a2ce1264d33d08a985aed0ee6b0b89d0be470592cd;monitoring-system;N/A;kube-prometheus-stack-prometheus-node-exporter-5lqvr
datahubprod;datahub-prod;sha256:f2269e73124dd0f60a7d19a2ce1264d33d08a985aed0ee6b0b89d0be470592cd;quay.io/prometheus/node-exporter@sha256:f2269e73124dd0f60a7d19a2ce1264d33d08a985aed0ee6b0b89d0be470592cd;monitoring-system;N/A;kube-prometheus-stack-prometheus-node-exporter-ldgcg
datahubprod;datahub-prod;sha256:f2269e73124dd0f60a7d19a2ce1264d33d08a985aed0ee6b0b89d0be470592cd;quay.io/prometheus/node-exporter@sha256:f2269e73124dd0f60a7d19a2ce1264d33d08a985aed0ee6b0b89d0be470592cd;monitoring-system;N/A;kube-prometheus-stack-prometheus-node-exporter-nsrdr
datahubprod;datahub-prod;sha256:f2269e73124dd0f60a7d19a2ce1264d33d08a985aed0ee6b0b89d0be470592cd;quay.io/prometheus/node-exporter@sha256:f2269e73124dd0f60a7d19a2ce1264d33d08a985aed0ee6b0b89d0be470592cd;monitoring-system;N/A;kube-prometheus-stack-prometheus-node-exporter-z7fqm
datahubprod;datahub-prod;sha256:eb350a428127cf111a39fae466ebbbc2aade66a64ddf61b47df4ceaacf207d19;gcr.io/kubecost1/frontend@sha256:eb350a428127cf111a39fae466ebbbc2aade66a64ddf61b47df4ceaacf207d19;monitoring-system;kubecost-cost-analyzer-58d9f66469;kubecost-cost-analyzer-58d9f66469-dp4lr
datahubprod;datahub-prod;sha256:7737e3448e35d1fd6fb715b986d2d665bf28b5fb2e9e8db87bd0985347d46e16;gcr.io/kubecost1/cost-model@sha256:7737e3448e35d1fd6fb715b986d2d665bf28b5fb2e9e8db87bd0985347d46e16;monitoring-system;kubecost-cost-analyzer-58d9f66469;kubecost-cost-analyzer-58d9f66469-dp4lr
datahubprod;datahub-prod;sha256:1ee60f980950b00e505bd564b40f720132a0653b110e993043bb5940673d060a;docker.io/grafana/loki@sha256:1ee60f980950b00e505bd564b40f720132a0653b110e993043bb5940673d060a;monitoring-system;N/A;loki-stack-0
datahubprod;datahub-prod;sha256:072527b12cdfa1393d04a08aeba6b0eb42fd6921426ea14eaf8c828953771749;docker.io/grafana/promtail@sha256:072527b12cdfa1393d04a08aeba6b0eb42fd6921426ea14eaf8c828953771749;monitoring-system;N/A;loki-stack-promtail-4vtl5
datahubprod;datahub-prod;sha256:072527b12cdfa1393d04a08aeba6b0eb42fd6921426ea14eaf8c828953771749;docker.io/grafana/promtail@sha256:072527b12cdfa1393d04a08aeba6b0eb42fd6921426ea14eaf8c828953771749;monitoring-system;N/A;loki-stack-promtail-bhhrp
datahubprod;datahub-prod;sha256:072527b12cdfa1393d04a08aeba6b0eb42fd6921426ea14eaf8c828953771749;docker.io/grafana/promtail@sha256:072527b12cdfa1393d04a08aeba6b0eb42fd6921426ea14eaf8c828953771749;monitoring-system;N/A;loki-stack-promtail-cbxtf
datahubprod;datahub-prod;sha256:072527b12cdfa1393d04a08aeba6b0eb42fd6921426ea14eaf8c828953771749;docker.io/grafana/promtail@sha256:072527b12cdfa1393d04a08aeba6b0eb42fd6921426ea14eaf8c828953771749;monitoring-system;N/A;loki-stack-promtail-l58z7
datahubprod;datahub-prod;sha256:072527b12cdfa1393d04a08aeba6b0eb42fd6921426ea14eaf8c828953771749;docker.io/grafana/promtail@sha256:072527b12cdfa1393d04a08aeba6b0eb42fd6921426ea14eaf8c828953771749;monitoring-system;N/A;loki-stack-promtail-ppbfs
datahubprod;datahub-prod;sha256:d0aee3f816725cb130121f3ea67979160bdc79fe616efa077c9b15cab4689504;quay.io/prometheus-operator/prometheus-config-reloader@sha256:d0aee3f816725cb130121f3ea67979160bdc79fe616efa077c9b15cab4689504;monitoring-system;N/A;prometheus-kube-prometheus-stack-prometheus-0
datahubprod;datahub-prod;sha256:2acfab1966f0dbecc6afbead13eca7f47062cfe8726bb9db25e39e0c0b88e9c3;quay.io/prometheus/prometheus@sha256:2acfab1966f0dbecc6afbead13eca7f47062cfe8726bb9db25e39e0c0b88e9c3;monitoring-system;N/A;prometheus-kube-prometheus-stack-prometheus-0
datahubprod;datahub-prod;sha256:477d4c3d896a0deefdcccf0e08e8fb0d4258e5340d34f3c3513f75073de5835c;docker.io/provectuslabs/kafka-ui@sha256:477d4c3d896a0deefdcccf0e08e8fb0d4258e5340d34f3c3513f75073de5835c;msk-smartproxy;kafka-ui-logs-554bf7d9b5;kafka-ui-logs-554bf7d9b5-zqrd9
datahubprod;datahub-prod;sha256:477d4c3d896a0deefdcccf0e08e8fb0d4258e5340d34f3c3513f75073de5835c;docker.io/provectuslabs/kafka-ui@sha256:477d4c3d896a0deefdcccf0e08e8fb0d4258e5340d34f3c3513f75073de5835c;observability;kafka-ui-logs-744758849f;kafka-ui-logs-744758849f-qg4z9
datahubprod;datahub-prod;sha256:a0351c8e7e72c761c347bdcb8808c95912fe83c460a3cecd3e953348a655abde;docker.io/clickhouse/clickhouse-server@sha256:a0351c8e7e72c761c347bdcb8808c95912fe83c460a3cecd3e953348a655abde;posthog-prd;N/A;chi-posthog-posthog-0-0-0
datahubprod;datahub-prod;sha256:7a85f522c5bc68ba155878966be356654e367568672e21c2dba2c930490db195;docker.io/altinity/clickhouse-operator@sha256:7a85f522c5bc68ba155878966be356654e367568672e21c2dba2c930490db195;posthog-prd;clickhouse-operator-5f85977dd9;clickhouse-operator-5f85977dd9-n557g
datahubprod;datahub-prod;sha256:74a3bdfb877c98f292ceab32bab2873462ce91170815d83655fa25ccaeca6bf4;docker.io/altinity/metrics-exporter@sha256:74a3bdfb877c98f292ceab32bab2873462ce91170815d83655fa25ccaeca6bf4;posthog-prd;clickhouse-operator-5f85977dd9;clickhouse-operator-5f85977dd9-n557g
datahubprod;datahub-prod;sha256:fef465f62524ed89c27451752385ab69e5c35ea4bc48b62bf61f733916ea674c;quay.io/jetstack/cert-manager-controller@sha256:fef465f62524ed89c27451752385ab69e5c35ea4bc48b62bf61f733916ea674c;posthog-prd;posthog-cert-manager-7475999fdd;posthog-cert-manager-7475999fdd-8jkr7
datahubprod;datahub-prod;sha256:916ef12af73c8a4cbdfb6127d6f513f476f3aeed2447ec7f1a58a95113bda713;quay.io/jetstack/cert-manager-cainjector@sha256:916ef12af73c8a4cbdfb6127d6f513f476f3aeed2447ec7f1a58a95113bda713;posthog-prd;posthog-cert-manager-cainjector-5c88c46999;posthog-cert-manager-cainjector-5c88c46999-vpbf6
datahubprod;datahub-prod;sha256:45934ab42749e8c90da0726734155374f4ea55d7796246264e7adea87569918a;quay.io/jetstack/cert-manager-webhook@sha256:45934ab42749e8c90da0726734155374f4ea55d7796246264e7adea87569918a;posthog-prd;posthog-cert-manager-webhook-d9c47f758;posthog-cert-manager-webhook-d9c47f758-j6zrh
datahubprod;datahub-prod;sha256:74441a9fa04a5af78bf76a5af909f88592033c03ce6f1e14f343cd53d0266827;docker.io/posthog/posthog@sha256:74441a9fa04a5af78bf76a5af909f88592033c03ce6f1e14f343cd53d0266827;posthog-prd;posthog-events-7d79dcb856;posthog-events-7d79dcb856-csfqk
datahubprod;datahub-prod;sha256:f766669fdcf3dc26347ed273a55e754b427eb4411ee075a53f30718b4499076a;k8s.gcr.io/ingress-nginx/controller@sha256:f766669fdcf3dc26347ed273a55e754b427eb4411ee075a53f30718b4499076a;posthog-prd;posthog-ingress-nginx-controller-6ff869d4fc;posthog-ingress-nginx-controller-6ff869d4fc-8tqhz
datahubprod;datahub-prod;sha256:e17b61c1b97eeecb562b33215456f02609db9b98c1e414f9a29ac46ec0a38a85;docker.io/bitnami/pgbouncer@sha256:e17b61c1b97eeecb562b33215456f02609db9b98c1e414f9a29ac46ec0a38a85;posthog-prd;posthog-pgbouncer-55fff8c6b6;posthog-pgbouncer-55fff8c6b6-jnvp2
datahubprod;datahub-prod;sha256:74441a9fa04a5af78bf76a5af909f88592033c03ce6f1e14f343cd53d0266827;docker.io/posthog/posthog@sha256:74441a9fa04a5af78bf76a5af909f88592033c03ce6f1e14f343cd53d0266827;posthog-prd;posthog-plugins-8655c9f97d;posthog-plugins-8655c9f97d-vlh9l
datahubprod;datahub-prod;sha256:5a85aeb27ffad227df55f7253a5b3634472d9d028ca20da0d6b9e7bb049d41e9;docker.io/bitnami/kafka@sha256:5a85aeb27ffad227df55f7253a5b3634472d9d028ca20da0d6b9e7bb049d41e9;posthog-prd;N/A;posthog-posthog-kafka-0
datahubprod;datahub-prod;sha256:a97dd274c972cb39c8bfbf6f551fd80a9279b564e4713f4a2f02d213c033ae79;docker.io/bitnami/redis@sha256:a97dd274c972cb39c8bfbf6f551fd80a9279b564e4713f4a2f02d213c033ae79;posthog-prd;N/A;posthog-posthog-redis-master-0
datahubprod;datahub-prod;sha256:061e22290d520d3c1536bbb2d6ed29e284f47b46d5035b6b6de1424658f2153c;docker.io/bitnami/zookeeper@sha256:061e22290d520d3c1536bbb2d6ed29e284f47b46d5035b6b6de1424658f2153c;posthog-prd;N/A;posthog-posthog-zookeeper-0
datahubprod;datahub-prod;sha256:74441a9fa04a5af78bf76a5af909f88592033c03ce6f1e14f343cd53d0266827;docker.io/posthog/posthog@sha256:74441a9fa04a5af78bf76a5af909f88592033c03ce6f1e14f343cd53d0266827;posthog-prd;posthog-web-5ccc5f6458;posthog-web-5ccc5f6458-bjbht
datahubprod;datahub-prod;sha256:74441a9fa04a5af78bf76a5af909f88592033c03ce6f1e14f343cd53d0266827;docker.io/posthog/posthog@sha256:74441a9fa04a5af78bf76a5af909f88592033c03ce6f1e14f343cd53d0266827;posthog-prd;posthog-worker-648556846;posthog-worker-648556846-4fmmx
datahubprod;datahub-prod;sha256:27c454768ae8f434e587f87d14ce49d574d46a37a322b8839e1352a344dcff75;docker.io/apache/camel-k@sha256:27c454768ae8f434e587f87d14ce49d574d46a37a322b8839e1352a344dcff75;smartproxy-dev;camel-k-operator-688d5cb466;camel-k-operator-688d5cb466-k8ff7
datahubprod;datahub-prod;sha256:27c454768ae8f434e587f87d14ce49d574d46a37a322b8839e1352a344dcff75;docker.io/apache/camel-k@sha256:27c454768ae8f434e587f87d14ce49d574d46a37a322b8839e1352a344dcff75;smartproxy-uat;camel-k-operator-688d5cb466;camel-k-operator-688d5cb466-r9lq2
datahubprod;datahub-prod;sha256:27c454768ae8f434e587f87d14ce49d574d46a37a322b8839e1352a344dcff75;docker.io/apache/camel-k@sha256:27c454768ae8f434e587f87d14ce49d574d46a37a322b8839e1352a344dcff75;smartproxy;camel-k-operator-688d5cb466;camel-k-operator-688d5cb466-xf44n
datahubprod;datahub-prod;sha256:6845f3ea66c0711b93e423e6c7f481e4527b4b7afeee23e12bdd3c86ead100a4;564593125549.dkr.ecr.sa-east-1.amazonaws.com/techdocs-preview-nginx@sha256:6845f3ea66c0711b93e423e6c7f481e4527b4b7afeee23e12bdd3c86ead100a4;techdocs-preview;techdocs-preview-7fdfb67dc;techdocs-preview-7fdfb67dc-v7zsb
datahubprod;datahub-prod;sha256:f635442a0f47bbc8d1d868ca2b50d06e028d2c5048fd73a5986c92df317aff26;docker.io/velero/velero@sha256:f635442a0f47bbc8d1d868ca2b50d06e028d2c5048fd73a5986c92df317aff26;velero;velero-559c8cb49;velero-559c8cb49-wqqvl
account;cluster;sha;sha;namespace;deployment;pod_name
consentdev;consent-dev;sha256:614e2a378d2c55b588ea02eab6a6ec9eb4e4281ad731955dc67442c4c2ff35bb;gcr.io/apigee-microgateway/edgemicro@sha256:614e2a378d2c55b588ea02eab6a6ec9eb4e4281ad731955dc67442c4c2ff35bb;apigee-system;eks-nike-tech-01-prod-microgateway-ddb785cf8;eks-nike-tech-01-prod-microgateway-ddb785cf8-8t964
consentdev;consent-dev;sha256:b68f8ab06808890dff627d8fff67a3375fb8d38b83d1c79ea0684cfbb7702ba9;docker.io/bitnami/cassandra@sha256:b68f8ab06808890dff627d8fff67a3375fb8d38b83d1c79ea0684cfbb7702ba9;cassandra-uat;N/A;cassandra-uat-0
consentdev;consent-dev;sha256:c5e0e5dca7503a8371b8d366db0f49e3fc68f62ea480262e39b6cc277991c97c;quay.io/strimzi/operator@sha256:c5e0e5dca7503a8371b8d366db0f49e3fc68f62ea480262e39b6cc277991c97c;default;strimzi-cluster-operator-5dc9798fb4;strimzi-cluster-operator-5dc9798fb4-gbknc
consentdev;consent-dev;sha256:bfb1d7950ea02c875c7061a98e1714b017d8e2a6e74df0c07611c546b6d4f8b6;ghcr.io/fluxcd/flagger@sha256:bfb1d7950ea02c875c7061a98e1714b017d8e2a6e74df0c07611c546b6d4f8b6;istio-system;flagger-8b945cf6b;flagger-8b945cf6b-6jn8n
consentdev;consent-dev;sha256:2152aea5fbe2de20f08f3e0412ad7a4cd54a492240ff40974261ee4bdb43871d;docker.io/istio/proxyv2@sha256:2152aea5fbe2de20f08f3e0412ad7a4cd54a492240ff40974261ee4bdb43871d;istio-system;istio-ingress-65cc558668;istio-ingress-65cc558668-rxzqd
consentdev;consent-dev;sha256:ce9d876067018d5217836ffd28e5767e64937c573f5ac7d421be860857d0b266;docker.io/istio/pilot@sha256:ce9d876067018d5217836ffd28e5767e64937c573f5ac7d421be860857d0b266;istio-system;istiod-649844d58b;istiod-649844d58b-bh5dk
consentdev;consent-dev;sha256:0e0c081fd0cf40e9028533d386177fc2492e4e839e1151237e847b2c9486715b;docker.io/jaegertracing/all-in-one@sha256:0e0c081fd0cf40e9028533d386177fc2492e4e839e1151237e847b2c9486715b;istio-system;jaeger-8559896dfc;jaeger-8559896dfc-v2t2j
consentdev;consent-dev;sha256:fa494cb4ef3f3e4f593f3b12f77fced35fe1dff3c7c97e5f54f3f834d778e18d;quay.io/kiali/kiali@sha256:fa494cb4ef3f3e4f593f3b12f77fced35fe1dff3c7c97e5f54f3f834d778e18d;istio-system;kiali-65fcd75bd;kiali-65fcd75bd-qnvd9
consentdev;consent-dev;sha256:680ae1958dbcb9da8ee4128a67c1163a6ee2744221f7d29f73d8bcc237fd0173;quay.io/strimzi/kafka@sha256:680ae1958dbcb9da8ee4128a67c1163a6ee2744221f7d29f73d8bcc237fd0173;kafka-dev;kafka-cluster-entity-operator-7d4b5dcddf;kafka-cluster-entity-operator-7d4b5dcddf-bbdvl
consentdev;consent-dev;sha256:c5e0e5dca7503a8371b8d366db0f49e3fc68f62ea480262e39b6cc277991c97c;quay.io/strimzi/operator@sha256:c5e0e5dca7503a8371b8d366db0f49e3fc68f62ea480262e39b6cc277991c97c;kafka-dev;kafka-cluster-entity-operator-7d4b5dcddf;kafka-cluster-entity-operator-7d4b5dcddf-bbdvl
consentdev;consent-dev;sha256:c5e0e5dca7503a8371b8d366db0f49e3fc68f62ea480262e39b6cc277991c97c;quay.io/strimzi/operator@sha256:c5e0e5dca7503a8371b8d366db0f49e3fc68f62ea480262e39b6cc277991c97c;kafka-dev;kafka-cluster-entity-operator-7d4b5dcddf;kafka-cluster-entity-operator-7d4b5dcddf-bbdvl
consentdev;consent-dev;sha256:680ae1958dbcb9da8ee4128a67c1163a6ee2744221f7d29f73d8bcc237fd0173;quay.io/strimzi/kafka@sha256:680ae1958dbcb9da8ee4128a67c1163a6ee2744221f7d29f73d8bcc237fd0173;kafka-dev;N/A;kafka-cluster-kafka-0
consentdev;consent-dev;sha256:680ae1958dbcb9da8ee4128a67c1163a6ee2744221f7d29f73d8bcc237fd0173;quay.io/strimzi/kafka@sha256:680ae1958dbcb9da8ee4128a67c1163a6ee2744221f7d29f73d8bcc237fd0173;kafka-dev;N/A;kafka-cluster-zookeeper-0
consentdev;consent-dev;sha256:680ae1958dbcb9da8ee4128a67c1163a6ee2744221f7d29f73d8bcc237fd0173;quay.io/strimzi/kafka@sha256:680ae1958dbcb9da8ee4128a67c1163a6ee2744221f7d29f73d8bcc237fd0173;kafka-dev;N/A;kafka-cluster-zookeeper-1
consentdev;consent-dev;sha256:680ae1958dbcb9da8ee4128a67c1163a6ee2744221f7d29f73d8bcc237fd0173;quay.io/strimzi/kafka@sha256:680ae1958dbcb9da8ee4128a67c1163a6ee2744221f7d29f73d8bcc237fd0173;kafka-dev;N/A;kafka-cluster-zookeeper-2
consentdev;consent-dev;sha256:680ae1958dbcb9da8ee4128a67c1163a6ee2744221f7d29f73d8bcc237fd0173;quay.io/strimzi/kafka@sha256:680ae1958dbcb9da8ee4128a67c1163a6ee2744221f7d29f73d8bcc237fd0173;kafka-uat;kafka-cluster-entity-operator-9f495578;kafka-cluster-entity-operator-9f495578-l64r4
consentdev;consent-dev;sha256:c5e0e5dca7503a8371b8d366db0f49e3fc68f62ea480262e39b6cc277991c97c;quay.io/strimzi/operator@sha256:c5e0e5dca7503a8371b8d366db0f49e3fc68f62ea480262e39b6cc277991c97c;kafka-uat;kafka-cluster-entity-operator-9f495578;kafka-cluster-entity-operator-9f495578-l64r4
consentdev;consent-dev;sha256:c5e0e5dca7503a8371b8d366db0f49e3fc68f62ea480262e39b6cc277991c97c;quay.io/strimzi/operator@sha256:c5e0e5dca7503a8371b8d366db0f49e3fc68f62ea480262e39b6cc277991c97c;kafka-uat;kafka-cluster-entity-operator-9f495578;kafka-cluster-entity-operator-9f495578-l64r4
consentdev;consent-dev;sha256:680ae1958dbcb9da8ee4128a67c1163a6ee2744221f7d29f73d8bcc237fd0173;quay.io/strimzi/kafka@sha256:680ae1958dbcb9da8ee4128a67c1163a6ee2744221f7d29f73d8bcc237fd0173;kafka-uat;N/A;kafka-cluster-kafka-0
consentdev;consent-dev;sha256:680ae1958dbcb9da8ee4128a67c1163a6ee2744221f7d29f73d8bcc237fd0173;quay.io/strimzi/kafka@sha256:680ae1958dbcb9da8ee4128a67c1163a6ee2744221f7d29f73d8bcc237fd0173;kafka-uat;N/A;kafka-cluster-zookeeper-0
consentdev;consent-dev;sha256:680ae1958dbcb9da8ee4128a67c1163a6ee2744221f7d29f73d8bcc237fd0173;quay.io/strimzi/kafka@sha256:680ae1958dbcb9da8ee4128a67c1163a6ee2744221f7d29f73d8bcc237fd0173;kafka-uat;N/A;kafka-cluster-zookeeper-1
consentdev;consent-dev;sha256:680ae1958dbcb9da8ee4128a67c1163a6ee2744221f7d29f73d8bcc237fd0173;quay.io/strimzi/kafka@sha256:680ae1958dbcb9da8ee4128a67c1163a6ee2744221f7d29f73d8bcc237fd0173;kafka-uat;N/A;kafka-cluster-zookeeper-2
consentdev;consent-dev;sha256:4e71a9aaf6e6c5ad0515c8ca04385920a69d8c4588738e5fbaff957d5cf283a5;602401143452.dkr.ecr.sa-east-1.amazonaws.com/amazon-k8s-cni@sha256:4e71a9aaf6e6c5ad0515c8ca04385920a69d8c4588738e5fbaff957d5cf283a5;kube-system;N/A;aws-node-92vct
consentdev;consent-dev;sha256:4e71a9aaf6e6c5ad0515c8ca04385920a69d8c4588738e5fbaff957d5cf283a5;602401143452.dkr.ecr.sa-east-1.amazonaws.com/amazon-k8s-cni@sha256:4e71a9aaf6e6c5ad0515c8ca04385920a69d8c4588738e5fbaff957d5cf283a5;kube-system;N/A;aws-node-n64g5
consentdev;consent-dev;sha256:4e71a9aaf6e6c5ad0515c8ca04385920a69d8c4588738e5fbaff957d5cf283a5;602401143452.dkr.ecr.sa-east-1.amazonaws.com/amazon-k8s-cni@sha256:4e71a9aaf6e6c5ad0515c8ca04385920a69d8c4588738e5fbaff957d5cf283a5;kube-system;N/A;aws-node-rsl95
consentdev;consent-dev;sha256:4e71a9aaf6e6c5ad0515c8ca04385920a69d8c4588738e5fbaff957d5cf283a5;602401143452.dkr.ecr.sa-east-1.amazonaws.com/amazon-k8s-cni@sha256:4e71a9aaf6e6c5ad0515c8ca04385920a69d8c4588738e5fbaff957d5cf283a5;kube-system;N/A;aws-node-spmrs
consentdev;consent-dev;sha256:4e71a9aaf6e6c5ad0515c8ca04385920a69d8c4588738e5fbaff957d5cf283a5;602401143452.dkr.ecr.sa-east-1.amazonaws.com/amazon-k8s-cni@sha256:4e71a9aaf6e6c5ad0515c8ca04385920a69d8c4588738e5fbaff957d5cf283a5;kube-system;N/A;aws-node-x4zzq
consentdev;consent-dev;sha256:f46687231c2c1bfa139f2b18275b123222c8cf6a288bb9c8145932bd14ac3deb;k8s.gcr.io/autoscaling/cluster-autoscaler@sha256:f46687231c2c1bfa139f2b18275b123222c8cf6a288bb9c8145932bd14ac3deb;kube-system;cluster-autoscaler-aws-cluster-autoscaler-6c5c48ffbb;cluster-autoscaler-aws-cluster-autoscaler-6c5c48ffbb-ktbf9
consentdev;consent-dev;sha256:283e342425558e69cc2e709337347e446d20604f544b2f98dd6f03dab7cd805a;602401143452.dkr.ecr.sa-east-1.amazonaws.com/eks/coredns@sha256:283e342425558e69cc2e709337347e446d20604f544b2f98dd6f03dab7cd805a;kube-system;coredns-87d7c8c9;coredns-87d7c8c9-2nlfx
consentdev;consent-dev;sha256:283e342425558e69cc2e709337347e446d20604f544b2f98dd6f03dab7cd805a;602401143452.dkr.ecr.sa-east-1.amazonaws.com/eks/coredns@sha256:283e342425558e69cc2e709337347e446d20604f544b2f98dd6f03dab7cd805a;kube-system;coredns-87d7c8c9;coredns-87d7c8c9-kh4fm
consentdev;consent-dev;sha256:69f580b92c80c38e1339b55ad38043efeb0b721ae4cd351d3ac6685b323b3157;602401143452.dkr.ecr.sa-east-1.amazonaws.com/eks/csi-attacher@sha256:69f580b92c80c38e1339b55ad38043efeb0b721ae4cd351d3ac6685b323b3157;kube-system;ebs-csi-controller-6b8dfdc68b;ebs-csi-controller-6b8dfdc68b-gnwmj
consentdev;consent-dev;sha256:5ad11decb148950bdae987c7f938427a661d7ae60850e6c56f40314392eb7a5f;602401143452.dkr.ecr.sa-east-1.amazonaws.com/eks/csi-provisioner@sha256:5ad11decb148950bdae987c7f938427a661d7ae60850e6c56f40314392eb7a5f;kube-system;ebs-csi-controller-6b8dfdc68b;ebs-csi-controller-6b8dfdc68b-gnwmj
consentdev;consent-dev;sha256:b2eefd692d1b4decf97f5bf785b50bc2b0338a2df66840d2679b6abf28a013cb;602401143452.dkr.ecr.sa-east-1.amazonaws.com/eks/csi-resizer@sha256:b2eefd692d1b4decf97f5bf785b50bc2b0338a2df66840d2679b6abf28a013cb;kube-system;ebs-csi-controller-6b8dfdc68b;ebs-csi-controller-6b8dfdc68b-gnwmj
consentdev;consent-dev;sha256:b52d3e46d63c8991d10858a4c3e2417a2ab84d990ec41036119fc8235697dd8d;602401143452.dkr.ecr.sa-east-1.amazonaws.com/eks/csi-snapshotter@sha256:b52d3e46d63c8991d10858a4c3e2417a2ab84d990ec41036119fc8235697dd8d;kube-system;ebs-csi-controller-6b8dfdc68b;ebs-csi-controller-6b8dfdc68b-gnwmj
consentdev;consent-dev;sha256:1564359e1e0e7cb577c77219541c423e782b726f603fde4fcfa0c1eafbc50320;602401143452.dkr.ecr.sa-east-1.amazonaws.com/eks/aws-ebs-csi-driver@sha256:1564359e1e0e7cb577c77219541c423e782b726f603fde4fcfa0c1eafbc50320;kube-system;ebs-csi-controller-6b8dfdc68b;ebs-csi-controller-6b8dfdc68b-gnwmj
consentdev;consent-dev;sha256:5aa45f506d50b63acf32fae45c56e31de7567c5a8c2a55e810db138e7adf0789;602401143452.dkr.ecr.sa-east-1.amazonaws.com/eks/livenessprobe@sha256:5aa45f506d50b63acf32fae45c56e31de7567c5a8c2a55e810db138e7adf0789;kube-system;ebs-csi-controller-6b8dfdc68b;ebs-csi-controller-6b8dfdc68b-gnwmj
consentdev;consent-dev;sha256:69f580b92c80c38e1339b55ad38043efeb0b721ae4cd351d3ac6685b323b3157;602401143452.dkr.ecr.sa-east-1.amazonaws.com/eks/csi-attacher@sha256:69f580b92c80c38e1339b55ad38043efeb0b721ae4cd351d3ac6685b323b3157;kube-system;ebs-csi-controller-6b8dfdc68b;ebs-csi-controller-6b8dfdc68b-vxlhv
consentdev;consent-dev;sha256:5ad11decb148950bdae987c7f938427a661d7ae60850e6c56f40314392eb7a5f;602401143452.dkr.ecr.sa-east-1.amazonaws.com/eks/csi-provisioner@sha256:5ad11decb148950bdae987c7f938427a661d7ae60850e6c56f40314392eb7a5f;kube-system;ebs-csi-controller-6b8dfdc68b;ebs-csi-controller-6b8dfdc68b-vxlhv
consentdev;consent-dev;sha256:b2eefd692d1b4decf97f5bf785b50bc2b0338a2df66840d2679b6abf28a013cb;602401143452.dkr.ecr.sa-east-1.amazonaws.com/eks/csi-resizer@sha256:b2eefd692d1b4decf97f5bf785b50bc2b0338a2df66840d2679b6abf28a013cb;kube-system;ebs-csi-controller-6b8dfdc68b;ebs-csi-controller-6b8dfdc68b-vxlhv
consentdev;consent-dev;sha256:b52d3e46d63c8991d10858a4c3e2417a2ab84d990ec41036119fc8235697dd8d;602401143452.dkr.ecr.sa-east-1.amazonaws.com/eks/csi-snapshotter@sha256:b52d3e46d63c8991d10858a4c3e2417a2ab84d990ec41036119fc8235697dd8d;kube-system;ebs-csi-controller-6b8dfdc68b;ebs-csi-controller-6b8dfdc68b-vxlhv
consentdev;consent-dev;sha256:1564359e1e0e7cb577c77219541c423e782b726f603fde4fcfa0c1eafbc50320;602401143452.dkr.ecr.sa-east-1.amazonaws.com/eks/aws-ebs-csi-driver@sha256:1564359e1e0e7cb577c77219541c423e782b726f603fde4fcfa0c1eafbc50320;kube-system;ebs-csi-controller-6b8dfdc68b;ebs-csi-controller-6b8dfdc68b-vxlhv
consentdev;consent-dev;sha256:5aa45f506d50b63acf32fae45c56e31de7567c5a8c2a55e810db138e7adf0789;602401143452.dkr.ecr.sa-east-1.amazonaws.com/eks/livenessprobe@sha256:5aa45f506d50b63acf32fae45c56e31de7567c5a8c2a55e810db138e7adf0789;kube-system;ebs-csi-controller-6b8dfdc68b;ebs-csi-controller-6b8dfdc68b-vxlhv
consentdev;consent-dev;sha256:1564359e1e0e7cb577c77219541c423e782b726f603fde4fcfa0c1eafbc50320;602401143452.dkr.ecr.sa-east-1.amazonaws.com/eks/aws-ebs-csi-driver@sha256:1564359e1e0e7cb577c77219541c423e782b726f603fde4fcfa0c1eafbc50320;kube-system;N/A;ebs-csi-node-88kqc
consentdev;consent-dev;sha256:5aa45f506d50b63acf32fae45c56e31de7567c5a8c2a55e810db138e7adf0789;602401143452.dkr.ecr.sa-east-1.amazonaws.com/eks/livenessprobe@sha256:5aa45f506d50b63acf32fae45c56e31de7567c5a8c2a55e810db138e7adf0789;kube-system;N/A;ebs-csi-node-88kqc
consentdev;consent-dev;sha256:d99f0bb1a918f0b8f144aa1e4785460924af946b1e0bb7a23996780358238951;602401143452.dkr.ecr.sa-east-1.amazonaws.com/eks/csi-node-driver-registrar@sha256:d99f0bb1a918f0b8f144aa1e4785460924af946b1e0bb7a23996780358238951;kube-system;N/A;ebs-csi-node-88kqc
consentdev;consent-dev;sha256:1564359e1e0e7cb577c77219541c423e782b726f603fde4fcfa0c1eafbc50320;602401143452.dkr.ecr.sa-east-1.amazonaws.com/eks/aws-ebs-csi-driver@sha256:1564359e1e0e7cb577c77219541c423e782b726f603fde4fcfa0c1eafbc50320;kube-system;N/A;ebs-csi-node-dtkwg
consentdev;consent-dev;sha256:5aa45f506d50b63acf32fae45c56e31de7567c5a8c2a55e810db138e7adf0789;602401143452.dkr.ecr.sa-east-1.amazonaws.com/eks/livenessprobe@sha256:5aa45f506d50b63acf32fae45c56e31de7567c5a8c2a55e810db138e7adf0789;kube-system;N/A;ebs-csi-node-dtkwg
consentdev;consent-dev;sha256:d99f0bb1a918f0b8f144aa1e4785460924af946b1e0bb7a23996780358238951;602401143452.dkr.ecr.sa-east-1.amazonaws.com/eks/csi-node-driver-registrar@sha256:d99f0bb1a918f0b8f144aa1e4785460924af946b1e0bb7a23996780358238951;kube-system;N/A;ebs-csi-node-dtkwg
consentdev;consent-dev;sha256:1564359e1e0e7cb577c77219541c423e782b726f603fde4fcfa0c1eafbc50320;602401143452.dkr.ecr.sa-east-1.amazonaws.com/eks/aws-ebs-csi-driver@sha256:1564359e1e0e7cb577c77219541c423e782b726f603fde4fcfa0c1eafbc50320;kube-system;N/A;ebs-csi-node-dz4fg
consentdev;consent-dev;sha256:5aa45f506d50b63acf32fae45c56e31de7567c5a8c2a55e810db138e7adf0789;602401143452.dkr.ecr.sa-east-1.amazonaws.com/eks/livenessprobe@sha256:5aa45f506d50b63acf32fae45c56e31de7567c5a8c2a55e810db138e7adf0789;kube-system;N/A;ebs-csi-node-dz4fg
consentdev;consent-dev;sha256:d99f0bb1a918f0b8f144aa1e4785460924af946b1e0bb7a23996780358238951;602401143452.dkr.ecr.sa-east-1.amazonaws.com/eks/csi-node-driver-registrar@sha256:d99f0bb1a918f0b8f144aa1e4785460924af946b1e0bb7a23996780358238951;kube-system;N/A;ebs-csi-node-dz4fg
consentdev;consent-dev;sha256:1564359e1e0e7cb577c77219541c423e782b726f603fde4fcfa0c1eafbc50320;602401143452.dkr.ecr.sa-east-1.amazonaws.com/eks/aws-ebs-csi-driver@sha256:1564359e1e0e7cb577c77219541c423e782b726f603fde4fcfa0c1eafbc50320;kube-system;N/A;ebs-csi-node-ntqbq
consentdev;consent-dev;sha256:5aa45f506d50b63acf32fae45c56e31de7567c5a8c2a55e810db138e7adf0789;602401143452.dkr.ecr.sa-east-1.amazonaws.com/eks/livenessprobe@sha256:5aa45f506d50b63acf32fae45c56e31de7567c5a8c2a55e810db138e7adf0789;kube-system;N/A;ebs-csi-node-ntqbq
consentdev;consent-dev;sha256:d99f0bb1a918f0b8f144aa1e4785460924af946b1e0bb7a23996780358238951;602401143452.dkr.ecr.sa-east-1.amazonaws.com/eks/csi-node-driver-registrar@sha256:d99f0bb1a918f0b8f144aa1e4785460924af946b1e0bb7a23996780358238951;kube-system;N/A;ebs-csi-node-ntqbq
consentdev;consent-dev;sha256:1564359e1e0e7cb577c77219541c423e782b726f603fde4fcfa0c1eafbc50320;602401143452.dkr.ecr.sa-east-1.amazonaws.com/eks/aws-ebs-csi-driver@sha256:1564359e1e0e7cb577c77219541c423e782b726f603fde4fcfa0c1eafbc50320;kube-system;N/A;ebs-csi-node-vww65
consentdev;consent-dev;sha256:5aa45f506d50b63acf32fae45c56e31de7567c5a8c2a55e810db138e7adf0789;602401143452.dkr.ecr.sa-east-1.amazonaws.com/eks/livenessprobe@sha256:5aa45f506d50b63acf32fae45c56e31de7567c5a8c2a55e810db138e7adf0789;kube-system;N/A;ebs-csi-node-vww65
consentdev;consent-dev;sha256:d99f0bb1a918f0b8f144aa1e4785460924af946b1e0bb7a23996780358238951;602401143452.dkr.ecr.sa-east-1.amazonaws.com/eks/csi-node-driver-registrar@sha256:d99f0bb1a918f0b8f144aa1e4785460924af946b1e0bb7a23996780358238951;kube-system;N/A;ebs-csi-node-vww65
consentdev;consent-dev;sha256:e677f72d499e09557e20ba9b5ade9fbbc70b73f658b95226963215eaa9fdb1ad;564593125549.dkr.ecr.sa-east-1.amazonaws.com/aws-public/eks-distro/kubernetes-csi/external-provisioner@sha256:e677f72d499e09557e20ba9b5ade9fbbc70b73f658b95226963215eaa9fdb1ad;kube-system;efs-csi-controller-6f75577dbb;efs-csi-controller-6f75577dbb-6d8pb
consentdev;consent-dev;sha256:4db1a50a1583c662643b4a24a7940c7e347ef22f3c6f83f825587c3b904abe87;602401143452.dkr.ecr.sa-east-1.amazonaws.com/eks/aws-efs-csi-driver@sha256:4db1a50a1583c662643b4a24a7940c7e347ef22f3c6f83f825587c3b904abe87;kube-system;efs-csi-controller-6f75577dbb;efs-csi-controller-6f75577dbb-6d8pb
consentdev;consent-dev;sha256:d790820d19a6253ee31418be4d1a9ae023d4a6b64c5591f8f031b4194828cc5b;564593125549.dkr.ecr.sa-east-1.amazonaws.com/aws-public/eks-distro/kubernetes-csi/livenessprobe@sha256:d790820d19a6253ee31418be4d1a9ae023d4a6b64c5591f8f031b4194828cc5b;kube-system;efs-csi-controller-6f75577dbb;efs-csi-controller-6f75577dbb-6d8pb
consentdev;consent-dev;sha256:e677f72d499e09557e20ba9b5ade9fbbc70b73f658b95226963215eaa9fdb1ad;564593125549.dkr.ecr.sa-east-1.amazonaws.com/aws-public/eks-distro/kubernetes-csi/external-provisioner@sha256:e677f72d499e09557e20ba9b5ade9fbbc70b73f658b95226963215eaa9fdb1ad;kube-system;efs-csi-controller-6f75577dbb;efs-csi-controller-6f75577dbb-mmmm7
consentdev;consent-dev;sha256:4db1a50a1583c662643b4a24a7940c7e347ef22f3c6f83f825587c3b904abe87;602401143452.dkr.ecr.sa-east-1.amazonaws.com/eks/aws-efs-csi-driver@sha256:4db1a50a1583c662643b4a24a7940c7e347ef22f3c6f83f825587c3b904abe87;kube-system;efs-csi-controller-6f75577dbb;efs-csi-controller-6f75577dbb-mmmm7
consentdev;consent-dev;sha256:d790820d19a6253ee31418be4d1a9ae023d4a6b64c5591f8f031b4194828cc5b;564593125549.dkr.ecr.sa-east-1.amazonaws.com/aws-public/eks-distro/kubernetes-csi/livenessprobe@sha256:d790820d19a6253ee31418be4d1a9ae023d4a6b64c5591f8f031b4194828cc5b;kube-system;efs-csi-controller-6f75577dbb;efs-csi-controller-6f75577dbb-mmmm7
consentdev;consent-dev;sha256:9cd9ef74078997d4d05f5061b6a4948b54b591bb5152675f45a183c3a1cbbfd8;564593125549.dkr.ecr.sa-east-1.amazonaws.com/aws-public/eks-distro/kubernetes-csi/node-driver-registrar@sha256:9cd9ef74078997d4d05f5061b6a4948b54b591bb5152675f45a183c3a1cbbfd8;kube-system;N/A;efs-csi-node-4qd9f
consentdev;consent-dev;sha256:4db1a50a1583c662643b4a24a7940c7e347ef22f3c6f83f825587c3b904abe87;602401143452.dkr.ecr.sa-east-1.amazonaws.com/eks/aws-efs-csi-driver@sha256:4db1a50a1583c662643b4a24a7940c7e347ef22f3c6f83f825587c3b904abe87;kube-system;N/A;efs-csi-node-4qd9f
consentdev;consent-dev;sha256:d790820d19a6253ee31418be4d1a9ae023d4a6b64c5591f8f031b4194828cc5b;564593125549.dkr.ecr.sa-east-1.amazonaws.com/aws-public/eks-distro/kubernetes-csi/livenessprobe@sha256:d790820d19a6253ee31418be4d1a9ae023d4a6b64c5591f8f031b4194828cc5b;kube-system;N/A;efs-csi-node-4qd9f
consentdev;consent-dev;sha256:9cd9ef74078997d4d05f5061b6a4948b54b591bb5152675f45a183c3a1cbbfd8;564593125549.dkr.ecr.sa-east-1.amazonaws.com/aws-public/eks-distro/kubernetes-csi/node-driver-registrar@sha256:9cd9ef74078997d4d05f5061b6a4948b54b591bb5152675f45a183c3a1cbbfd8;kube-system;N/A;efs-csi-node-6wccb
consentdev;consent-dev;sha256:4db1a50a1583c662643b4a24a7940c7e347ef22f3c6f83f825587c3b904abe87;602401143452.dkr.ecr.sa-east-1.amazonaws.com/eks/aws-efs-csi-driver@sha256:4db1a50a1583c662643b4a24a7940c7e347ef22f3c6f83f825587c3b904abe87;kube-system;N/A;efs-csi-node-6wccb
consentdev;consent-dev;sha256:d790820d19a6253ee31418be4d1a9ae023d4a6b64c5591f8f031b4194828cc5b;564593125549.dkr.ecr.sa-east-1.amazonaws.com/aws-public/eks-distro/kubernetes-csi/livenessprobe@sha256:d790820d19a6253ee31418be4d1a9ae023d4a6b64c5591f8f031b4194828cc5b;kube-system;N/A;efs-csi-node-6wccb
consentdev;consent-dev;sha256:9cd9ef74078997d4d05f5061b6a4948b54b591bb5152675f45a183c3a1cbbfd8;564593125549.dkr.ecr.sa-east-1.amazonaws.com/aws-public/eks-distro/kubernetes-csi/node-driver-registrar@sha256:9cd9ef74078997d4d05f5061b6a4948b54b591bb5152675f45a183c3a1cbbfd8;kube-system;N/A;efs-csi-node-cgszj
consentdev;consent-dev;sha256:4db1a50a1583c662643b4a24a7940c7e347ef22f3c6f83f825587c3b904abe87;602401143452.dkr.ecr.sa-east-1.amazonaws.com/eks/aws-efs-csi-driver@sha256:4db1a50a1583c662643b4a24a7940c7e347ef22f3c6f83f825587c3b904abe87;kube-system;N/A;efs-csi-node-cgszj
consentdev;consent-dev;sha256:d790820d19a6253ee31418be4d1a9ae023d4a6b64c5591f8f031b4194828cc5b;564593125549.dkr.ecr.sa-east-1.amazonaws.com/aws-public/eks-distro/kubernetes-csi/livenessprobe@sha256:d790820d19a6253ee31418be4d1a9ae023d4a6b64c5591f8f031b4194828cc5b;kube-system;N/A;efs-csi-node-cgszj
consentdev;consent-dev;sha256:9cd9ef74078997d4d05f5061b6a4948b54b591bb5152675f45a183c3a1cbbfd8;564593125549.dkr.ecr.sa-east-1.amazonaws.com/aws-public/eks-distro/kubernetes-csi/node-driver-registrar@sha256:9cd9ef74078997d4d05f5061b6a4948b54b591bb5152675f45a183c3a1cbbfd8;kube-system;N/A;efs-csi-node-sr75j
consentdev;consent-dev;sha256:4db1a50a1583c662643b4a24a7940c7e347ef22f3c6f83f825587c3b904abe87;602401143452.dkr.ecr.sa-east-1.amazonaws.com/eks/aws-efs-csi-driver@sha256:4db1a50a1583c662643b4a24a7940c7e347ef22f3c6f83f825587c3b904abe87;kube-system;N/A;efs-csi-node-sr75j
consentdev;consent-dev;sha256:d790820d19a6253ee31418be4d1a9ae023d4a6b64c5591f8f031b4194828cc5b;564593125549.dkr.ecr.sa-east-1.amazonaws.com/aws-public/eks-distro/kubernetes-csi/livenessprobe@sha256:d790820d19a6253ee31418be4d1a9ae023d4a6b64c5591f8f031b4194828cc5b;kube-system;N/A;efs-csi-node-sr75j
consentdev;consent-dev;sha256:9cd9ef74078997d4d05f5061b6a4948b54b591bb5152675f45a183c3a1cbbfd8;564593125549.dkr.ecr.sa-east-1.amazonaws.com/aws-public/eks-distro/kubernetes-csi/node-driver-registrar@sha256:9cd9ef74078997d4d05f5061b6a4948b54b591bb5152675f45a183c3a1cbbfd8;kube-system;N/A;efs-csi-node-zpn79
consentdev;consent-dev;sha256:4db1a50a1583c662643b4a24a7940c7e347ef22f3c6f83f825587c3b904abe87;602401143452.dkr.ecr.sa-east-1.amazonaws.com/eks/aws-efs-csi-driver@sha256:4db1a50a1583c662643b4a24a7940c7e347ef22f3c6f83f825587c3b904abe87;kube-system;N/A;efs-csi-node-zpn79
consentdev;consent-dev;sha256:d790820d19a6253ee31418be4d1a9ae023d4a6b64c5591f8f031b4194828cc5b;564593125549.dkr.ecr.sa-east-1.amazonaws.com/aws-public/eks-distro/kubernetes-csi/livenessprobe@sha256:d790820d19a6253ee31418be4d1a9ae023d4a6b64c5591f8f031b4194828cc5b;kube-system;N/A;efs-csi-node-zpn79
consentdev;consent-dev;sha256:1529982e95d0c9a1f0543360939108cf8276507fb6639e367a0198d3b25570b0;k8s.gcr.io/external-dns/external-dns@sha256:1529982e95d0c9a1f0543360939108cf8276507fb6639e367a0198d3b25570b0;kube-system;external-dns-94756556;external-dns-94756556-l9qx9
consentdev;consent-dev;sha256:8ac03ffed11ba8e3b77ffca82f6ee1ef9598181da04cc50545ca1c739ddf5bbb;602401143452.dkr.ecr.sa-east-1.amazonaws.com/eks/kube-proxy@sha256:8ac03ffed11ba8e3b77ffca82f6ee1ef9598181da04cc50545ca1c739ddf5bbb;kube-system;N/A;kube-proxy-226cq
consentdev;consent-dev;sha256:8ac03ffed11ba8e3b77ffca82f6ee1ef9598181da04cc50545ca1c739ddf5bbb;602401143452.dkr.ecr.sa-east-1.amazonaws.com/eks/kube-proxy@sha256:8ac03ffed11ba8e3b77ffca82f6ee1ef9598181da04cc50545ca1c739ddf5bbb;kube-system;N/A;kube-proxy-8mc8c
consentdev;consent-dev;sha256:8ac03ffed11ba8e3b77ffca82f6ee1ef9598181da04cc50545ca1c739ddf5bbb;602401143452.dkr.ecr.sa-east-1.amazonaws.com/eks/kube-proxy@sha256:8ac03ffed11ba8e3b77ffca82f6ee1ef9598181da04cc50545ca1c739ddf5bbb;kube-system;N/A;kube-proxy-w7c29
consentdev;consent-dev;sha256:8ac03ffed11ba8e3b77ffca82f6ee1ef9598181da04cc50545ca1c739ddf5bbb;602401143452.dkr.ecr.sa-east-1.amazonaws.com/eks/kube-proxy@sha256:8ac03ffed11ba8e3b77ffca82f6ee1ef9598181da04cc50545ca1c739ddf5bbb;kube-system;N/A;kube-proxy-wcf79
consentdev;consent-dev;sha256:8ac03ffed11ba8e3b77ffca82f6ee1ef9598181da04cc50545ca1c739ddf5bbb;602401143452.dkr.ecr.sa-east-1.amazonaws.com/eks/kube-proxy@sha256:8ac03ffed11ba8e3b77ffca82f6ee1ef9598181da04cc50545ca1c739ddf5bbb;kube-system;N/A;kube-proxy-xf278
consentdev;consent-dev;sha256:76049887f07a0476dc93efc2d3569b9529bf982b22d29f356092ce206e98765c;docker.io/kubernetesui/metrics-scraper@sha256:76049887f07a0476dc93efc2d3569b9529bf982b22d29f356092ce206e98765c;kube-system;kubernetes-dashboard-7cd8c87c5f;kubernetes-dashboard-7cd8c87c5f-gnlbf
consentdev;consent-dev;sha256:290bebc3cd96c22b6f89e7b21f5c2b16ce5c275a0ec2c2de10e0d8b9dd110289;docker.io/kubernetesui/dashboard@sha256:290bebc3cd96c22b6f89e7b21f5c2b16ce5c275a0ec2c2de10e0d8b9dd110289;kube-system;kubernetes-dashboard-7cd8c87c5f;kubernetes-dashboard-7cd8c87c5f-gnlbf
consentdev;consent-dev;sha256:f977ad859fb500c1302d9c3428c6271db031bb7431e7076213b676b345a88dc2;k8s.gcr.io/metrics-server/metrics-server@sha256:f977ad859fb500c1302d9c3428c6271db031bb7431e7076213b676b345a88dc2;kube-system;metrics-server-8694655b79;metrics-server-8694655b79-9cq9x
consentdev;consent-dev;sha256:8c21390be87dbbee337c5b867254906b900bb52adb405b3a67134e17b7705973;quay.io/oauth2-proxy/oauth2-proxy@sha256:8c21390be87dbbee337c5b867254906b900bb52adb405b3a67134e17b7705973;kube-system;oauth2-proxy-764d678d5b;oauth2-proxy-764d678d5b-bdssl
consentdev;consent-dev;sha256:10e3e43b37bef778c5f1606f9078ac5935c52654598d6ffe7dfadbb25a888c1a;564593125549.dkr.ecr.sa-east-1.amazonaws.com/logstash@sha256:10e3e43b37bef778c5f1606f9078ac5935c52654598d6ffe7dfadbb25a888c1a;logstash-nike-smartproxy-infobusca-uat;N/A;logstash-logstash-0
consentdev;consent-dev;sha256:10e3e43b37bef778c5f1606f9078ac5935c52654598d6ffe7dfadbb25a888c1a;564593125549.dkr.ecr.sa-east-1.amazonaws.com/logstash@sha256:10e3e43b37bef778c5f1606f9078ac5935c52654598d6ffe7dfadbb25a888c1a;logstash-nike-smartproxy-infobusca;N/A;logstash-logstash-0
consentdev;consent-dev;sha256:10e3e43b37bef778c5f1606f9078ac5935c52654598d6ffe7dfadbb25a888c1a;564593125549.dkr.ecr.sa-east-1.amazonaws.com/logstash@sha256:10e3e43b37bef778c5f1606f9078ac5935c52654598d6ffe7dfadbb25a888c1a;logstash-nike-smartproxy-infomais-uat;N/A;logstash-logstash-0
consentdev;consent-dev;sha256:10e3e43b37bef778c5f1606f9078ac5935c52654598d6ffe7dfadbb25a888c1a;564593125549.dkr.ecr.sa-east-1.amazonaws.com/logstash@sha256:10e3e43b37bef778c5f1606f9078ac5935c52654598d6ffe7dfadbb25a888c1a;logstash-nike-smartproxy-infomais;N/A;logstash-logstash-0
consentdev;consent-dev;sha256:10e3e43b37bef778c5f1606f9078ac5935c52654598d6ffe7dfadbb25a888c1a;564593125549.dkr.ecr.sa-east-1.amazonaws.com/logstash@sha256:10e3e43b37bef778c5f1606f9078ac5935c52654598d6ffe7dfadbb25a888c1a;logstash-nike-smartproxy-uat;N/A;logstash-logstash-0
consentdev;consent-dev;sha256:10e3e43b37bef778c5f1606f9078ac5935c52654598d6ffe7dfadbb25a888c1a;564593125549.dkr.ecr.sa-east-1.amazonaws.com/logstash@sha256:10e3e43b37bef778c5f1606f9078ac5935c52654598d6ffe7dfadbb25a888c1a;logstash-nike-smartproxy;N/A;logstash-logstash-0
consentdev;consent-dev;sha256:088464f949de8065b9da7dfce7302a633d700e9d598e2bebc03310712f083b31;quay.io/prometheus/alertmanager@sha256:088464f949de8065b9da7dfce7302a633d700e9d598e2bebc03310712f083b31;monitoring-system;N/A;alertmanager-kube-prometheus-stack-alertmanager-0
consentdev;consent-dev;sha256:d0aee3f816725cb130121f3ea67979160bdc79fe616efa077c9b15cab4689504;quay.io/prometheus-operator/prometheus-config-reloader@sha256:d0aee3f816725cb130121f3ea67979160bdc79fe616efa077c9b15cab4689504;monitoring-system;N/A;alertmanager-kube-prometheus-stack-alertmanager-0
consentdev;consent-dev;sha256:ecc1b80b8ca27743e48033c6d4c9d9f658b0837f9bea7dc5afeec0f857357267;docker.io/grafana/grafana@sha256:ecc1b80b8ca27743e48033c6d4c9d9f658b0837f9bea7dc5afeec0f857357267;monitoring-system;kube-prometheus-stack-grafana-74d44b84;kube-prometheus-stack-grafana-74d44b84-6xcs5
consentdev;consent-dev;sha256:1f025ae37b7b20d63bffd179e5e6f972039dd53d9646388c0a8c456229c7bbcb;quay.io/kiwigrid/k8s-sidecar@sha256:1f025ae37b7b20d63bffd179e5e6f972039dd53d9646388c0a8c456229c7bbcb;monitoring-system;kube-prometheus-stack-grafana-74d44b84;kube-prometheus-stack-grafana-74d44b84-6xcs5
consentdev;consent-dev;sha256:1f025ae37b7b20d63bffd179e5e6f972039dd53d9646388c0a8c456229c7bbcb;quay.io/kiwigrid/k8s-sidecar@sha256:1f025ae37b7b20d63bffd179e5e6f972039dd53d9646388c0a8c456229c7bbcb;monitoring-system;kube-prometheus-stack-grafana-74d44b84;kube-prometheus-stack-grafana-74d44b84-6xcs5
consentdev;consent-dev;sha256:69a18fa1e0d0c9f972a64e69ca13b65451b8c5e79ae8dccf3a77968be4a301df;k8s.gcr.io/kube-state-metrics/kube-state-metrics@sha256:69a18fa1e0d0c9f972a64e69ca13b65451b8c5e79ae8dccf3a77968be4a301df;monitoring-system;kube-prometheus-stack-kube-state-metrics-5bd844ff8c;kube-prometheus-stack-kube-state-metrics-5bd844ff8c-np5vg
consentdev;consent-dev;sha256:4817ed76bbac6726228bc0cb1bb7f78a1084ab8367e3a7daa9d6119eb470cfa5;quay.io/prometheus-operator/prometheus-operator@sha256:4817ed76bbac6726228bc0cb1bb7f78a1084ab8367e3a7daa9d6119eb470cfa5;monitoring-system;kube-prometheus-stack-operator-7447c85fbc;kube-prometheus-stack-operator-7447c85fbc-lmz6d
consentdev;consent-dev;sha256:f2269e73124dd0f60a7d19a2ce1264d33d08a985aed0ee6b0b89d0be470592cd;quay.io/prometheus/node-exporter@sha256:f2269e73124dd0f60a7d19a2ce1264d33d08a985aed0ee6b0b89d0be470592cd;monitoring-system;N/A;kube-prometheus-stack-prometheus-node-exporter-24p9k
consentdev;consent-dev;sha256:f2269e73124dd0f60a7d19a2ce1264d33d08a985aed0ee6b0b89d0be470592cd;quay.io/prometheus/node-exporter@sha256:f2269e73124dd0f60a7d19a2ce1264d33d08a985aed0ee6b0b89d0be470592cd;monitoring-system;N/A;kube-prometheus-stack-prometheus-node-exporter-5lqvr
consentdev;consent-dev;sha256:f2269e73124dd0f60a7d19a2ce1264d33d08a985aed0ee6b0b89d0be470592cd;quay.io/prometheus/node-exporter@sha256:f2269e73124dd0f60a7d19a2ce1264d33d08a985aed0ee6b0b89d0be470592cd;monitoring-system;N/A;kube-prometheus-stack-prometheus-node-exporter-ldgcg
consentdev;consent-dev;sha256:f2269e73124dd0f60a7d19a2ce1264d33d08a985aed0ee6b0b89d0be470592cd;quay.io/prometheus/node-exporter@sha256:f2269e73124dd0f60a7d19a2ce1264d33d08a985aed0ee6b0b89d0be470592cd;monitoring-system;N/A;kube-prometheus-stack-prometheus-node-exporter-nsrdr
consentdev;consent-dev;sha256:f2269e73124dd0f60a7d19a2ce1264d33d08a985aed0ee6b0b89d0be470592cd;quay.io/prometheus/node-exporter@sha256:f2269e73124dd0f60a7d19a2ce1264d33d08a985aed0ee6b0b89d0be470592cd;monitoring-system;N/A;kube-prometheus-stack-prometheus-node-exporter-z7fqm
consentdev;consent-dev;sha256:eb350a428127cf111a39fae466ebbbc2aade66a64ddf61b47df4ceaacf207d19;gcr.io/kubecost1/frontend@sha256:eb350a428127cf111a39fae466ebbbc2aade66a64ddf61b47df4ceaacf207d19;monitoring-system;kubecost-cost-analyzer-58d9f66469;kubecost-cost-analyzer-58d9f66469-dp4lr
consentdev;consent-dev;sha256:7737e3448e35d1fd6fb715b986d2d665bf28b5fb2e9e8db87bd0985347d46e16;gcr.io/kubecost1/cost-model@sha256:7737e3448e35d1fd6fb715b986d2d665bf28b5fb2e9e8db87bd0985347d46e16;monitoring-system;kubecost-cost-analyzer-58d9f66469;kubecost-cost-analyzer-58d9f66469-dp4lr
consentdev;consent-dev;sha256:1ee60f980950b00e505bd564b40f720132a0653b110e993043bb5940673d060a;docker.io/grafana/loki@sha256:1ee60f980950b00e505bd564b40f720132a0653b110e993043bb5940673d060a;monitoring-system;N/A;loki-stack-0
consentdev;consent-dev;sha256:072527b12cdfa1393d04a08aeba6b0eb42fd6921426ea14eaf8c828953771749;docker.io/grafana/promtail@sha256:072527b12cdfa1393d04a08aeba6b0eb42fd6921426ea14eaf8c828953771749;monitoring-system;N/A;loki-stack-promtail-4vtl5
consentdev;consent-dev;sha256:072527b12cdfa1393d04a08aeba6b0eb42fd6921426ea14eaf8c828953771749;docker.io/grafana/promtail@sha256:072527b12cdfa1393d04a08aeba6b0eb42fd6921426ea14eaf8c828953771749;monitoring-system;N/A;loki-stack-promtail-bhhrp
consentdev;consent-dev;sha256:072527b12cdfa1393d04a08aeba6b0eb42fd6921426ea14eaf8c828953771749;docker.io/grafana/promtail@sha256:072527b12cdfa1393d04a08aeba6b0eb42fd6921426ea14eaf8c828953771749;monitoring-system;N/A;loki-stack-promtail-cbxtf
consentdev;consent-dev;sha256:072527b12cdfa1393d04a08aeba6b0eb42fd6921426ea14eaf8c828953771749;docker.io/grafana/promtail@sha256:072527b12cdfa1393d04a08aeba6b0eb42fd6921426ea14eaf8c828953771749;monitoring-system;N/A;loki-stack-promtail-l58z7
consentdev;consent-dev;sha256:072527b12cdfa1393d04a08aeba6b0eb42fd6921426ea14eaf8c828953771749;docker.io/grafana/promtail@sha256:072527b12cdfa1393d04a08aeba6b0eb42fd6921426ea14eaf8c828953771749;monitoring-system;N/A;loki-stack-promtail-ppbfs
consentdev;consent-dev;sha256:d0aee3f816725cb130121f3ea67979160bdc79fe616efa077c9b15cab4689504;quay.io/prometheus-operator/prometheus-config-reloader@sha256:d0aee3f816725cb130121f3ea67979160bdc79fe616efa077c9b15cab4689504;monitoring-system;N/A;prometheus-kube-prometheus-stack-prometheus-0
consentdev;consent-dev;sha256:2acfab1966f0dbecc6afbead13eca7f47062cfe8726bb9db25e39e0c0b88e9c3;quay.io/prometheus/prometheus@sha256:2acfab1966f0dbecc6afbead13eca7f47062cfe8726bb9db25e39e0c0b88e9c3;monitoring-system;N/A;prometheus-kube-prometheus-stack-prometheus-0
consentdev;consent-dev;sha256:477d4c3d896a0deefdcccf0e08e8fb0d4258e5340d34f3c3513f75073de5835c;docker.io/provectuslabs/kafka-ui@sha256:477d4c3d896a0deefdcccf0e08e8fb0d4258e5340d34f3c3513f75073de5835c;msk-smartproxy;kafka-ui-logs-554bf7d9b5;kafka-ui-logs-554bf7d9b5-zqrd9
consentdev;consent-dev;sha256:477d4c3d896a0deefdcccf0e08e8fb0d4258e5340d34f3c3513f75073de5835c;docker.io/provectuslabs/kafka-ui@sha256:477d4c3d896a0deefdcccf0e08e8fb0d4258e5340d34f3c3513f75073de5835c;observability;kafka-ui-logs-744758849f;kafka-ui-logs-744758849f-qg4z9
consentdev;consent-dev;sha256:a0351c8e7e72c761c347bdcb8808c95912fe83c460a3cecd3e953348a655abde;docker.io/clickhouse/clickhouse-server@sha256:a0351c8e7e72c761c347bdcb8808c95912fe83c460a3cecd3e953348a655abde;posthog-prd;N/A;chi-posthog-posthog-0-0-0
consentdev;consent-dev;sha256:7a85f522c5bc68ba155878966be356654e367568672e21c2dba2c930490db195;docker.io/altinity/clickhouse-operator@sha256:7a85f522c5bc68ba155878966be356654e367568672e21c2dba2c930490db195;posthog-prd;clickhouse-operator-5f85977dd9;clickhouse-operator-5f85977dd9-n557g
consentdev;consent-dev;sha256:74a3bdfb877c98f292ceab32bab2873462ce91170815d83655fa25ccaeca6bf4;docker.io/altinity/metrics-exporter@sha256:74a3bdfb877c98f292ceab32bab2873462ce91170815d83655fa25ccaeca6bf4;posthog-prd;clickhouse-operator-5f85977dd9;clickhouse-operator-5f85977dd9-n557g
consentdev;consent-dev;sha256:fef465f62524ed89c27451752385ab69e5c35ea4bc48b62bf61f733916ea674c;quay.io/jetstack/cert-manager-controller@sha256:fef465f62524ed89c27451752385ab69e5c35ea4bc48b62bf61f733916ea674c;posthog-prd;posthog-cert-manager-7475999fdd;posthog-cert-manager-7475999fdd-8jkr7
consentdev;consent-dev;sha256:916ef12af73c8a4cbdfb6127d6f513f476f3aeed2447ec7f1a58a95113bda713;quay.io/jetstack/cert-manager-cainjector@sha256:916ef12af73c8a4cbdfb6127d6f513f476f3aeed2447ec7f1a58a95113bda713;posthog-prd;posthog-cert-manager-cainjector-5c88c46999;posthog-cert-manager-cainjector-5c88c46999-vpbf6
consentdev;consent-dev;sha256:45934ab42749e8c90da0726734155374f4ea55d7796246264e7adea87569918a;quay.io/jetstack/cert-manager-webhook@sha256:45934ab42749e8c90da0726734155374f4ea55d7796246264e7adea87569918a;posthog-prd;posthog-cert-manager-webhook-d9c47f758;posthog-cert-manager-webhook-d9c47f758-j6zrh
consentdev;consent-dev;sha256:74441a9fa04a5af78bf76a5af909f88592033c03ce6f1e14f343cd53d0266827;docker.io/posthog/posthog@sha256:74441a9fa04a5af78bf76a5af909f88592033c03ce6f1e14f343cd53d0266827;posthog-prd;posthog-events-7d79dcb856;posthog-events-7d79dcb856-csfqk
consentdev;consent-dev;sha256:f766669fdcf3dc26347ed273a55e754b427eb4411ee075a53f30718b4499076a;k8s.gcr.io/ingress-nginx/controller@sha256:f766669fdcf3dc26347ed273a55e754b427eb4411ee075a53f30718b4499076a;posthog-prd;posthog-ingress-nginx-controller-6ff869d4fc;posthog-ingress-nginx-controller-6ff869d4fc-8tqhz
consentdev;consent-dev;sha256:e17b61c1b97eeecb562b33215456f02609db9b98c1e414f9a29ac46ec0a38a85;docker.io/bitnami/pgbouncer@sha256:e17b61c1b97eeecb562b33215456f02609db9b98c1e414f9a29ac46ec0a38a85;posthog-prd;posthog-pgbouncer-55fff8c6b6;posthog-pgbouncer-55fff8c6b6-jnvp2
consentdev;consent-dev;sha256:74441a9fa04a5af78bf76a5af909f88592033c03ce6f1e14f343cd53d0266827;docker.io/posthog/posthog@sha256:74441a9fa04a5af78bf76a5af909f88592033c03ce6f1e14f343cd53d0266827;posthog-prd;posthog-plugins-8655c9f97d;posthog-plugins-8655c9f97d-vlh9l
consentdev;consent-dev;sha256:5a85aeb27ffad227df55f7253a5b3634472d9d028ca20da0d6b9e7bb049d41e9;docker.io/bitnami/kafka@sha256:5a85aeb27ffad227df55f7253a5b3634472d9d028ca20da0d6b9e7bb049d41e9;posthog-prd;N/A;posthog-posthog-kafka-0
consentdev;consent-dev;sha256:a97dd274c972cb39c8bfbf6f551fd80a9279b564e4713f4a2f02d213c033ae79;docker.io/bitnami/redis@sha256:a97dd274c972cb39c8bfbf6f551fd80a9279b564e4713f4a2f02d213c033ae79;posthog-prd;N/A;posthog-posthog-redis-master-0
consentdev;consent-dev;sha256:061e22290d520d3c1536bbb2d6ed29e284f47b46d5035b6b6de1424658f2153c;docker.io/bitnami/zookeeper@sha256:061e22290d520d3c1536bbb2d6ed29e284f47b46d5035b6b6de1424658f2153c;posthog-prd;N/A;posthog-posthog-zookeeper-0
consentdev;consent-dev;sha256:74441a9fa04a5af78bf76a5af909f88592033c03ce6f1e14f343cd53d0266827;docker.io/posthog/posthog@sha256:74441a9fa04a5af78bf76a5af909f88592033c03ce6f1e14f343cd53d0266827;posthog-prd;posthog-web-5ccc5f6458;posthog-web-5ccc5f6458-bjbht
consentdev;consent-dev;sha256:74441a9fa04a5af78bf76a5af909f88592033c03ce6f1e14f343cd53d0266827;docker.io/posthog/posthog@sha256:74441a9fa04a5af78bf76a5af909f88592033c03ce6f1e14f343cd53d0266827;posthog-prd;posthog-worker-648556846;posthog-worker-648556846-4fmmx
consentdev;consent-dev;sha256:27c454768ae8f434e587f87d14ce49d574d46a37a322b8839e1352a344dcff75;docker.io/apache/camel-k@sha256:27c454768ae8f434e587f87d14ce49d574d46a37a322b8839e1352a344dcff75;smartproxy-dev;camel-k-operator-688d5cb466;camel-k-operator-688d5cb466-k8ff7
consentdev;consent-dev;sha256:27c454768ae8f434e587f87d14ce49d574d46a37a322b8839e1352a344dcff75;docker.io/apache/camel-k@sha256:27c454768ae8f434e587f87d14ce49d574d46a37a322b8839e1352a344dcff75;smartproxy-uat;camel-k-operator-688d5cb466;camel-k-operator-688d5cb466-r9lq2
consentdev;consent-dev;sha256:27c454768ae8f434e587f87d14ce49d574d46a37a322b8839e1352a344dcff75;docker.io/apache/camel-k@sha256:27c454768ae8f434e587f87d14ce49d574d46a37a322b8839e1352a344dcff75;smartproxy;camel-k-operator-688d5cb466;camel-k-operator-688d5cb466-xf44n
consentdev;consent-dev;sha256:6845f3ea66c0711b93e423e6c7f481e4527b4b7afeee23e12bdd3c86ead100a4;564593125549.dkr.ecr.sa-east-1.amazonaws.com/techdocs-preview-nginx@sha256:6845f3ea66c0711b93e423e6c7f481e4527b4b7afeee23e12bdd3c86ead100a4;techdocs-preview;techdocs-preview-7fdfb67dc;techdocs-preview-7fdfb67dc-v7zsb
consentdev;consent-dev;sha256:f635442a0f47bbc8d1d868ca2b50d06e028d2c5048fd73a5986c92df317aff26;docker.io/velero/velero@sha256:f635442a0f47bbc8d1d868ca2b50d06e028d2c5048fd73a5986c92df317aff26;velero;velero-559c8cb49;velero-559c8cb49-wqqvl
account;cluster;sha;sha;namespace;deployment;pod_name
consentdev;consentimento-dev;sha256:614e2a378d2c55b588ea02eab6a6ec9eb4e4281ad731955dc67442c4c2ff35bb;gcr.io/apigee-microgateway/edgemicro@sha256:614e2a378d2c55b588ea02eab6a6ec9eb4e4281ad731955dc67442c4c2ff35bb;apigee-system;eks-nike-tech-01-prod-microgateway-ddb785cf8;eks-nike-tech-01-prod-microgateway-ddb785cf8-8t964
consentdev;consentimento-dev;sha256:b68f8ab06808890dff627d8fff67a3375fb8d38b83d1c79ea0684cfbb7702ba9;docker.io/bitnami/cassandra@sha256:b68f8ab06808890dff627d8fff67a3375fb8d38b83d1c79ea0684cfbb7702ba9;cassandra-uat;N/A;cassandra-uat-0
consentdev;consentimento-dev;sha256:c5e0e5dca7503a8371b8d366db0f49e3fc68f62ea480262e39b6cc277991c97c;quay.io/strimzi/operator@sha256:c5e0e5dca7503a8371b8d366db0f49e3fc68f62ea480262e39b6cc277991c97c;default;strimzi-cluster-operator-5dc9798fb4;strimzi-cluster-operator-5dc9798fb4-gbknc
consentdev;consentimento-dev;sha256:bfb1d7950ea02c875c7061a98e1714b017d8e2a6e74df0c07611c546b6d4f8b6;ghcr.io/fluxcd/flagger@sha256:bfb1d7950ea02c875c7061a98e1714b017d8e2a6e74df0c07611c546b6d4f8b6;istio-system;flagger-8b945cf6b;flagger-8b945cf6b-6jn8n
consentdev;consentimento-dev;sha256:2152aea5fbe2de20f08f3e0412ad7a4cd54a492240ff40974261ee4bdb43871d;docker.io/istio/proxyv2@sha256:2152aea5fbe2de20f08f3e0412ad7a4cd54a492240ff40974261ee4bdb43871d;istio-system;istio-ingress-65cc558668;istio-ingress-65cc558668-rxzqd
consentdev;consentimento-dev;sha256:ce9d876067018d5217836ffd28e5767e64937c573f5ac7d421be860857d0b266;docker.io/istio/pilot@sha256:ce9d876067018d5217836ffd28e5767e64937c573f5ac7d421be860857d0b266;istio-system;istiod-649844d58b;istiod-649844d58b-bh5dk
consentdev;consentimento-dev;sha256:0e0c081fd0cf40e9028533d386177fc2492e4e839e1151237e847b2c9486715b;docker.io/jaegertracing/all-in-one@sha256:0e0c081fd0cf40e9028533d386177fc2492e4e839e1151237e847b2c9486715b;istio-system;jaeger-8559896dfc;jaeger-8559896dfc-v2t2j
consentdev;consentimento-dev;sha256:fa494cb4ef3f3e4f593f3b12f77fced35fe1dff3c7c97e5f54f3f834d778e18d;quay.io/kiali/kiali@sha256:fa494cb4ef3f3e4f593f3b12f77fced35fe1dff3c7c97e5f54f3f834d778e18d;istio-system;kiali-65fcd75bd;kiali-65fcd75bd-qnvd9
consentdev;consentimento-dev;sha256:680ae1958dbcb9da8ee4128a67c1163a6ee2744221f7d29f73d8bcc237fd0173;quay.io/strimzi/kafka@sha256:680ae1958dbcb9da8ee4128a67c1163a6ee2744221f7d29f73d8bcc237fd0173;kafka-dev;kafka-cluster-entity-operator-7d4b5dcddf;kafka-cluster-entity-operator-7d4b5dcddf-bbdvl
consentdev;consentimento-dev;sha256:c5e0e5dca7503a8371b8d366db0f49e3fc68f62ea480262e39b6cc277991c97c;quay.io/strimzi/operator@sha256:c5e0e5dca7503a8371b8d366db0f49e3fc68f62ea480262e39b6cc277991c97c;kafka-dev;kafka-cluster-entity-operator-7d4b5dcddf;kafka-cluster-entity-operator-7d4b5dcddf-bbdvl
consentdev;consentimento-dev;sha256:c5e0e5dca7503a8371b8d366db0f49e3fc68f62ea480262e39b6cc277991c97c;quay.io/strimzi/operator@sha256:c5e0e5dca7503a8371b8d366db0f49e3fc68f62ea480262e39b6cc277991c97c;kafka-dev;kafka-cluster-entity-operator-7d4b5dcddf;kafka-cluster-entity-operator-7d4b5dcddf-bbdvl
consentdev;consentimento-dev;sha256:680ae1958dbcb9da8ee4128a67c1163a6ee2744221f7d29f73d8bcc237fd0173;quay.io/strimzi/kafka@sha256:680ae1958dbcb9da8ee4128a67c1163a6ee2744221f7d29f73d8bcc237fd0173;kafka-dev;N/A;kafka-cluster-kafka-0
consentdev;consentimento-dev;sha256:680ae1958dbcb9da8ee4128a67c1163a6ee2744221f7d29f73d8bcc237fd0173;quay.io/strimzi/kafka@sha256:680ae1958dbcb9da8ee4128a67c1163a6ee2744221f7d29f73d8bcc237fd0173;kafka-dev;N/A;kafka-cluster-zookeeper-0
consentdev;consentimento-dev;sha256:680ae1958dbcb9da8ee4128a67c1163a6ee2744221f7d29f73d8bcc237fd0173;quay.io/strimzi/kafka@sha256:680ae1958dbcb9da8ee4128a67c1163a6ee2744221f7d29f73d8bcc237fd0173;kafka-dev;N/A;kafka-cluster-zookeeper-1
consentdev;consentimento-dev;sha256:680ae1958dbcb9da8ee4128a67c1163a6ee2744221f7d29f73d8bcc237fd0173;quay.io/strimzi/kafka@sha256:680ae1958dbcb9da8ee4128a67c1163a6ee2744221f7d29f73d8bcc237fd0173;kafka-dev;N/A;kafka-cluster-zookeeper-2
consentdev;consentimento-dev;sha256:680ae1958dbcb9da8ee4128a67c1163a6ee2744221f7d29f73d8bcc237fd0173;quay.io/strimzi/kafka@sha256:680ae1958dbcb9da8ee4128a67c1163a6ee2744221f7d29f73d8bcc237fd0173;kafka-uat;kafka-cluster-entity-operator-9f495578;kafka-cluster-entity-operator-9f495578-l64r4
consentdev;consentimento-dev;sha256:c5e0e5dca7503a8371b8d366db0f49e3fc68f62ea480262e39b6cc277991c97c;quay.io/strimzi/operator@sha256:c5e0e5dca7503a8371b8d366db0f49e3fc68f62ea480262e39b6cc277991c97c;kafka-uat;kafka-cluster-entity-operator-9f495578;kafka-cluster-entity-operator-9f495578-l64r4
consentdev;consentimento-dev;sha256:c5e0e5dca7503a8371b8d366db0f49e3fc68f62ea480262e39b6cc277991c97c;quay.io/strimzi/operator@sha256:c5e0e5dca7503a8371b8d366db0f49e3fc68f62ea480262e39b6cc277991c97c;kafka-uat;kafka-cluster-entity-operator-9f495578;kafka-cluster-entity-operator-9f495578-l64r4
consentdev;consentimento-dev;sha256:680ae1958dbcb9da8ee4128a67c1163a6ee2744221f7d29f73d8bcc237fd0173;quay.io/strimzi/kafka@sha256:680ae1958dbcb9da8ee4128a67c1163a6ee2744221f7d29f73d8bcc237fd0173;kafka-uat;N/A;kafka-cluster-kafka-0
consentdev;consentimento-dev;sha256:680ae1958dbcb9da8ee4128a67c1163a6ee2744221f7d29f73d8bcc237fd0173;quay.io/strimzi/kafka@sha256:680ae1958dbcb9da8ee4128a67c1163a6ee2744221f7d29f73d8bcc237fd0173;kafka-uat;N/A;kafka-cluster-zookeeper-0
consentdev;consentimento-dev;sha256:680ae1958dbcb9da8ee4128a67c1163a6ee2744221f7d29f73d8bcc237fd0173;quay.io/strimzi/kafka@sha256:680ae1958dbcb9da8ee4128a67c1163a6ee2744221f7d29f73d8bcc237fd0173;kafka-uat;N/A;kafka-cluster-zookeeper-1
consentdev;consentimento-dev;sha256:680ae1958dbcb9da8ee4128a67c1163a6ee2744221f7d29f73d8bcc237fd0173;quay.io/strimzi/kafka@sha256:680ae1958dbcb9da8ee4128a67c1163a6ee2744221f7d29f73d8bcc237fd0173;kafka-uat;N/A;kafka-cluster-zookeeper-2
consentdev;consentimento-dev;sha256:4e71a9aaf6e6c5ad0515c8ca04385920a69d8c4588738e5fbaff957d5cf283a5;602401143452.dkr.ecr.sa-east-1.amazonaws.com/amazon-k8s-cni@sha256:4e71a9aaf6e6c5ad0515c8ca04385920a69d8c4588738e5fbaff957d5cf283a5;kube-system;N/A;aws-node-92vct
consentdev;consentimento-dev;sha256:4e71a9aaf6e6c5ad0515c8ca04385920a69d8c4588738e5fbaff957d5cf283a5;602401143452.dkr.ecr.sa-east-1.amazonaws.com/amazon-k8s-cni@sha256:4e71a9aaf6e6c5ad0515c8ca04385920a69d8c4588738e5fbaff957d5cf283a5;kube-system;N/A;aws-node-n64g5
consentdev;consentimento-dev;sha256:4e71a9aaf6e6c5ad0515c8ca04385920a69d8c4588738e5fbaff957d5cf283a5;602401143452.dkr.ecr.sa-east-1.amazonaws.com/amazon-k8s-cni@sha256:4e71a9aaf6e6c5ad0515c8ca04385920a69d8c4588738e5fbaff957d5cf283a5;kube-system;N/A;aws-node-rsl95
consentdev;consentimento-dev;sha256:4e71a9aaf6e6c5ad0515c8ca04385920a69d8c4588738e5fbaff957d5cf283a5;602401143452.dkr.ecr.sa-east-1.amazonaws.com/amazon-k8s-cni@sha256:4e71a9aaf6e6c5ad0515c8ca04385920a69d8c4588738e5fbaff957d5cf283a5;kube-system;N/A;aws-node-spmrs
consentdev;consentimento-dev;sha256:4e71a9aaf6e6c5ad0515c8ca04385920a69d8c4588738e5fbaff957d5cf283a5;602401143452.dkr.ecr.sa-east-1.amazonaws.com/amazon-k8s-cni@sha256:4e71a9aaf6e6c5ad0515c8ca04385920a69d8c4588738e5fbaff957d5cf283a5;kube-system;N/A;aws-node-x4zzq
consentdev;consentimento-dev;sha256:f46687231c2c1bfa139f2b18275b123222c8cf6a288bb9c8145932bd14ac3deb;k8s.gcr.io/autoscaling/cluster-autoscaler@sha256:f46687231c2c1bfa139f2b18275b123222c8cf6a288bb9c8145932bd14ac3deb;kube-system;cluster-autoscaler-aws-cluster-autoscaler-6c5c48ffbb;cluster-autoscaler-aws-cluster-autoscaler-6c5c48ffbb-ktbf9
consentdev;consentimento-dev;sha256:283e342425558e69cc2e709337347e446d20604f544b2f98dd6f03dab7cd805a;602401143452.dkr.ecr.sa-east-1.amazonaws.com/eks/coredns@sha256:283e342425558e69cc2e709337347e446d20604f544b2f98dd6f03dab7cd805a;kube-system;coredns-87d7c8c9;coredns-87d7c8c9-2nlfx
consentdev;consentimento-dev;sha256:283e342425558e69cc2e709337347e446d20604f544b2f98dd6f03dab7cd805a;602401143452.dkr.ecr.sa-east-1.amazonaws.com/eks/coredns@sha256:283e342425558e69cc2e709337347e446d20604f544b2f98dd6f03dab7cd805a;kube-system;coredns-87d7c8c9;coredns-87d7c8c9-kh4fm
consentdev;consentimento-dev;sha256:69f580b92c80c38e1339b55ad38043efeb0b721ae4cd351d3ac6685b323b3157;602401143452.dkr.ecr.sa-east-1.amazonaws.com/eks/csi-attacher@sha256:69f580b92c80c38e1339b55ad38043efeb0b721ae4cd351d3ac6685b323b3157;kube-system;ebs-csi-controller-6b8dfdc68b;ebs-csi-controller-6b8dfdc68b-gnwmj
consentdev;consentimento-dev;sha256:5ad11decb148950bdae987c7f938427a661d7ae60850e6c56f40314392eb7a5f;602401143452.dkr.ecr.sa-east-1.amazonaws.com/eks/csi-provisioner@sha256:5ad11decb148950bdae987c7f938427a661d7ae60850e6c56f40314392eb7a5f;kube-system;ebs-csi-controller-6b8dfdc68b;ebs-csi-controller-6b8dfdc68b-gnwmj
consentdev;consentimento-dev;sha256:b2eefd692d1b4decf97f5bf785b50bc2b0338a2df66840d2679b6abf28a013cb;602401143452.dkr.ecr.sa-east-1.amazonaws.com/eks/csi-resizer@sha256:b2eefd692d1b4decf97f5bf785b50bc2b0338a2df66840d2679b6abf28a013cb;kube-system;ebs-csi-controller-6b8dfdc68b;ebs-csi-controller-6b8dfdc68b-gnwmj
consentdev;consentimento-dev;sha256:b52d3e46d63c8991d10858a4c3e2417a2ab84d990ec41036119fc8235697dd8d;602401143452.dkr.ecr.sa-east-1.amazonaws.com/eks/csi-snapshotter@sha256:b52d3e46d63c8991d10858a4c3e2417a2ab84d990ec41036119fc8235697dd8d;kube-system;ebs-csi-controller-6b8dfdc68b;ebs-csi-controller-6b8dfdc68b-gnwmj
consentdev;consentimento-dev;sha256:1564359e1e0e7cb577c77219541c423e782b726f603fde4fcfa0c1eafbc50320;602401143452.dkr.ecr.sa-east-1.amazonaws.com/eks/aws-ebs-csi-driver@sha256:1564359e1e0e7cb577c77219541c423e782b726f603fde4fcfa0c1eafbc50320;kube-system;ebs-csi-controller-6b8dfdc68b;ebs-csi-controller-6b8dfdc68b-gnwmj
consentdev;consentimento-dev;sha256:5aa45f506d50b63acf32fae45c56e31de7567c5a8c2a55e810db138e7adf0789;602401143452.dkr.ecr.sa-east-1.amazonaws.com/eks/livenessprobe@sha256:5aa45f506d50b63acf32fae45c56e31de7567c5a8c2a55e810db138e7adf0789;kube-system;ebs-csi-controller-6b8dfdc68b;ebs-csi-controller-6b8dfdc68b-gnwmj
consentdev;consentimento-dev;sha256:69f580b92c80c38e1339b55ad38043efeb0b721ae4cd351d3ac6685b323b3157;602401143452.dkr.ecr.sa-east-1.amazonaws.com/eks/csi-attacher@sha256:69f580b92c80c38e1339b55ad38043efeb0b721ae4cd351d3ac6685b323b3157;kube-system;ebs-csi-controller-6b8dfdc68b;ebs-csi-controller-6b8dfdc68b-vxlhv
consentdev;consentimento-dev;sha256:5ad11decb148950bdae987c7f938427a661d7ae60850e6c56f40314392eb7a5f;602401143452.dkr.ecr.sa-east-1.amazonaws.com/eks/csi-provisioner@sha256:5ad11decb148950bdae987c7f938427a661d7ae60850e6c56f40314392eb7a5f;kube-system;ebs-csi-controller-6b8dfdc68b;ebs-csi-controller-6b8dfdc68b-vxlhv
consentdev;consentimento-dev;sha256:b2eefd692d1b4decf97f5bf785b50bc2b0338a2df66840d2679b6abf28a013cb;602401143452.dkr.ecr.sa-east-1.amazonaws.com/eks/csi-resizer@sha256:b2eefd692d1b4decf97f5bf785b50bc2b0338a2df66840d2679b6abf28a013cb;kube-system;ebs-csi-controller-6b8dfdc68b;ebs-csi-controller-6b8dfdc68b-vxlhv
consentdev;consentimento-dev;sha256:b52d3e46d63c8991d10858a4c3e2417a2ab84d990ec41036119fc8235697dd8d;602401143452.dkr.ecr.sa-east-1.amazonaws.com/eks/csi-snapshotter@sha256:b52d3e46d63c8991d10858a4c3e2417a2ab84d990ec41036119fc8235697dd8d;kube-system;ebs-csi-controller-6b8dfdc68b;ebs-csi-controller-6b8dfdc68b-vxlhv
consentdev;consentimento-dev;sha256:1564359e1e0e7cb577c77219541c423e782b726f603fde4fcfa0c1eafbc50320;602401143452.dkr.ecr.sa-east-1.amazonaws.com/eks/aws-ebs-csi-driver@sha256:1564359e1e0e7cb577c77219541c423e782b726f603fde4fcfa0c1eafbc50320;kube-system;ebs-csi-controller-6b8dfdc68b;ebs-csi-controller-6b8dfdc68b-vxlhv
consentdev;consentimento-dev;sha256:5aa45f506d50b63acf32fae45c56e31de7567c5a8c2a55e810db138e7adf0789;602401143452.dkr.ecr.sa-east-1.amazonaws.com/eks/livenessprobe@sha256:5aa45f506d50b63acf32fae45c56e31de7567c5a8c2a55e810db138e7adf0789;kube-system;ebs-csi-controller-6b8dfdc68b;ebs-csi-controller-6b8dfdc68b-vxlhv
consentdev;consentimento-dev;sha256:1564359e1e0e7cb577c77219541c423e782b726f603fde4fcfa0c1eafbc50320;602401143452.dkr.ecr.sa-east-1.amazonaws.com/eks/aws-ebs-csi-driver@sha256:1564359e1e0e7cb577c77219541c423e782b726f603fde4fcfa0c1eafbc50320;kube-system;N/A;ebs-csi-node-88kqc
consentdev;consentimento-dev;sha256:5aa45f506d50b63acf32fae45c56e31de7567c5a8c2a55e810db138e7adf0789;602401143452.dkr.ecr.sa-east-1.amazonaws.com/eks/livenessprobe@sha256:5aa45f506d50b63acf32fae45c56e31de7567c5a8c2a55e810db138e7adf0789;kube-system;N/A;ebs-csi-node-88kqc
consentdev;consentimento-dev;sha256:d99f0bb1a918f0b8f144aa1e4785460924af946b1e0bb7a23996780358238951;602401143452.dkr.ecr.sa-east-1.amazonaws.com/eks/csi-node-driver-registrar@sha256:d99f0bb1a918f0b8f144aa1e4785460924af946b1e0bb7a23996780358238951;kube-system;N/A;ebs-csi-node-88kqc
consentdev;consentimento-dev;sha256:1564359e1e0e7cb577c77219541c423e782b726f603fde4fcfa0c1eafbc50320;602401143452.dkr.ecr.sa-east-1.amazonaws.com/eks/aws-ebs-csi-driver@sha256:1564359e1e0e7cb577c77219541c423e782b726f603fde4fcfa0c1eafbc50320;kube-system;N/A;ebs-csi-node-dtkwg
consentdev;consentimento-dev;sha256:5aa45f506d50b63acf32fae45c56e31de7567c5a8c2a55e810db138e7adf0789;602401143452.dkr.ecr.sa-east-1.amazonaws.com/eks/livenessprobe@sha256:5aa45f506d50b63acf32fae45c56e31de7567c5a8c2a55e810db138e7adf0789;kube-system;N/A;ebs-csi-node-dtkwg
consentdev;consentimento-dev;sha256:d99f0bb1a918f0b8f144aa1e4785460924af946b1e0bb7a23996780358238951;602401143452.dkr.ecr.sa-east-1.amazonaws.com/eks/csi-node-driver-registrar@sha256:d99f0bb1a918f0b8f144aa1e4785460924af946b1e0bb7a23996780358238951;kube-system;N/A;ebs-csi-node-dtkwg
consentdev;consentimento-dev;sha256:1564359e1e0e7cb577c77219541c423e782b726f603fde4fcfa0c1eafbc50320;602401143452.dkr.ecr.sa-east-1.amazonaws.com/eks/aws-ebs-csi-driver@sha256:1564359e1e0e7cb577c77219541c423e782b726f603fde4fcfa0c1eafbc50320;kube-system;N/A;ebs-csi-node-dz4fg
consentdev;consentimento-dev;sha256:5aa45f506d50b63acf32fae45c56e31de7567c5a8c2a55e810db138e7adf0789;602401143452.dkr.ecr.sa-east-1.amazonaws.com/eks/livenessprobe@sha256:5aa45f506d50b63acf32fae45c56e31de7567c5a8c2a55e810db138e7adf0789;kube-system;N/A;ebs-csi-node-dz4fg
consentdev;consentimento-dev;sha256:d99f0bb1a918f0b8f144aa1e4785460924af946b1e0bb7a23996780358238951;602401143452.dkr.ecr.sa-east-1.amazonaws.com/eks/csi-node-driver-registrar@sha256:d99f0bb1a918f0b8f144aa1e4785460924af946b1e0bb7a23996780358238951;kube-system;N/A;ebs-csi-node-dz4fg
consentdev;consentimento-dev;sha256:1564359e1e0e7cb577c77219541c423e782b726f603fde4fcfa0c1eafbc50320;602401143452.dkr.ecr.sa-east-1.amazonaws.com/eks/aws-ebs-csi-driver@sha256:1564359e1e0e7cb577c77219541c423e782b726f603fde4fcfa0c1eafbc50320;kube-system;N/A;ebs-csi-node-ntqbq
consentdev;consentimento-dev;sha256:5aa45f506d50b63acf32fae45c56e31de7567c5a8c2a55e810db138e7adf0789;602401143452.dkr.ecr.sa-east-1.amazonaws.com/eks/livenessprobe@sha256:5aa45f506d50b63acf32fae45c56e31de7567c5a8c2a55e810db138e7adf0789;kube-system;N/A;ebs-csi-node-ntqbq
consentdev;consentimento-dev;sha256:d99f0bb1a918f0b8f144aa1e4785460924af946b1e0bb7a23996780358238951;602401143452.dkr.ecr.sa-east-1.amazonaws.com/eks/csi-node-driver-registrar@sha256:d99f0bb1a918f0b8f144aa1e4785460924af946b1e0bb7a23996780358238951;kube-system;N/A;ebs-csi-node-ntqbq
consentdev;consentimento-dev;sha256:1564359e1e0e7cb577c77219541c423e782b726f603fde4fcfa0c1eafbc50320;602401143452.dkr.ecr.sa-east-1.amazonaws.com/eks/aws-ebs-csi-driver@sha256:1564359e1e0e7cb577c77219541c423e782b726f603fde4fcfa0c1eafbc50320;kube-system;N/A;ebs-csi-node-vww65
consentdev;consentimento-dev;sha256:5aa45f506d50b63acf32fae45c56e31de7567c5a8c2a55e810db138e7adf0789;602401143452.dkr.ecr.sa-east-1.amazonaws.com/eks/livenessprobe@sha256:5aa45f506d50b63acf32fae45c56e31de7567c5a8c2a55e810db138e7adf0789;kube-system;N/A;ebs-csi-node-vww65
consentdev;consentimento-dev;sha256:d99f0bb1a918f0b8f144aa1e4785460924af946b1e0bb7a23996780358238951;602401143452.dkr.ecr.sa-east-1.amazonaws.com/eks/csi-node-driver-registrar@sha256:d99f0bb1a918f0b8f144aa1e4785460924af946b1e0bb7a23996780358238951;kube-system;N/A;ebs-csi-node-vww65
consentdev;consentimento-dev;sha256:e677f72d499e09557e20ba9b5ade9fbbc70b73f658b95226963215eaa9fdb1ad;564593125549.dkr.ecr.sa-east-1.amazonaws.com/aws-public/eks-distro/kubernetes-csi/external-provisioner@sha256:e677f72d499e09557e20ba9b5ade9fbbc70b73f658b95226963215eaa9fdb1ad;kube-system;efs-csi-controller-6f75577dbb;efs-csi-controller-6f75577dbb-6d8pb
consentdev;consentimento-dev;sha256:4db1a50a1583c662643b4a24a7940c7e347ef22f3c6f83f825587c3b904abe87;602401143452.dkr.ecr.sa-east-1.amazonaws.com/eks/aws-efs-csi-driver@sha256:4db1a50a1583c662643b4a24a7940c7e347ef22f3c6f83f825587c3b904abe87;kube-system;efs-csi-controller-6f75577dbb;efs-csi-controller-6f75577dbb-6d8pb
consentdev;consentimento-dev;sha256:d790820d19a6253ee31418be4d1a9ae023d4a6b64c5591f8f031b4194828cc5b;564593125549.dkr.ecr.sa-east-1.amazonaws.com/aws-public/eks-distro/kubernetes-csi/livenessprobe@sha256:d790820d19a6253ee31418be4d1a9ae023d4a6b64c5591f8f031b4194828cc5b;kube-system;efs-csi-controller-6f75577dbb;efs-csi-controller-6f75577dbb-6d8pb
consentdev;consentimento-dev;sha256:e677f72d499e09557e20ba9b5ade9fbbc70b73f658b95226963215eaa9fdb1ad;564593125549.dkr.ecr.sa-east-1.amazonaws.com/aws-public/eks-distro/kubernetes-csi/external-provisioner@sha256:e677f72d499e09557e20ba9b5ade9fbbc70b73f658b95226963215eaa9fdb1ad;kube-system;efs-csi-controller-6f75577dbb;efs-csi-controller-6f75577dbb-mmmm7
consentdev;consentimento-dev;sha256:4db1a50a1583c662643b4a24a7940c7e347ef22f3c6f83f825587c3b904abe87;602401143452.dkr.ecr.sa-east-1.amazonaws.com/eks/aws-efs-csi-driver@sha256:4db1a50a1583c662643b4a24a7940c7e347ef22f3c6f83f825587c3b904abe87;kube-system;efs-csi-controller-6f75577dbb;efs-csi-controller-6f75577dbb-mmmm7
consentdev;consentimento-dev;sha256:d790820d19a6253ee31418be4d1a9ae023d4a6b64c5591f8f031b4194828cc5b;564593125549.dkr.ecr.sa-east-1.amazonaws.com/aws-public/eks-distro/kubernetes-csi/livenessprobe@sha256:d790820d19a6253ee31418be4d1a9ae023d4a6b64c5591f8f031b4194828cc5b;kube-system;efs-csi-controller-6f75577dbb;efs-csi-controller-6f75577dbb-mmmm7
consentdev;consentimento-dev;sha256:9cd9ef74078997d4d05f5061b6a4948b54b591bb5152675f45a183c3a1cbbfd8;564593125549.dkr.ecr.sa-east-1.amazonaws.com/aws-public/eks-distro/kubernetes-csi/node-driver-registrar@sha256:9cd9ef74078997d4d05f5061b6a4948b54b591bb5152675f45a183c3a1cbbfd8;kube-system;N/A;efs-csi-node-4qd9f
consentdev;consentimento-dev;sha256:4db1a50a1583c662643b4a24a7940c7e347ef22f3c6f83f825587c3b904abe87;602401143452.dkr.ecr.sa-east-1.amazonaws.com/eks/aws-efs-csi-driver@sha256:4db1a50a1583c662643b4a24a7940c7e347ef22f3c6f83f825587c3b904abe87;kube-system;N/A;efs-csi-node-4qd9f
consentdev;consentimento-dev;sha256:d790820d19a6253ee31418be4d1a9ae023d4a6b64c5591f8f031b4194828cc5b;564593125549.dkr.ecr.sa-east-1.amazonaws.com/aws-public/eks-distro/kubernetes-csi/livenessprobe@sha256:d790820d19a6253ee31418be4d1a9ae023d4a6b64c5591f8f031b4194828cc5b;kube-system;N/A;efs-csi-node-4qd9f
consentdev;consentimento-dev;sha256:9cd9ef74078997d4d05f5061b6a4948b54b591bb5152675f45a183c3a1cbbfd8;564593125549.dkr.ecr.sa-east-1.amazonaws.com/aws-public/eks-distro/kubernetes-csi/node-driver-registrar@sha256:9cd9ef74078997d4d05f5061b6a4948b54b591bb5152675f45a183c3a1cbbfd8;kube-system;N/A;efs-csi-node-6wccb
consentdev;consentimento-dev;sha256:4db1a50a1583c662643b4a24a7940c7e347ef22f3c6f83f825587c3b904abe87;602401143452.dkr.ecr.sa-east-1.amazonaws.com/eks/aws-efs-csi-driver@sha256:4db1a50a1583c662643b4a24a7940c7e347ef22f3c6f83f825587c3b904abe87;kube-system;N/A;efs-csi-node-6wccb
consentdev;consentimento-dev;sha256:d790820d19a6253ee31418be4d1a9ae023d4a6b64c5591f8f031b4194828cc5b;564593125549.dkr.ecr.sa-east-1.amazonaws.com/aws-public/eks-distro/kubernetes-csi/livenessprobe@sha256:d790820d19a6253ee31418be4d1a9ae023d4a6b64c5591f8f031b4194828cc5b;kube-system;N/A;efs-csi-node-6wccb
consentdev;consentimento-dev;sha256:9cd9ef74078997d4d05f5061b6a4948b54b591bb5152675f45a183c3a1cbbfd8;564593125549.dkr.ecr.sa-east-1.amazonaws.com/aws-public/eks-distro/kubernetes-csi/node-driver-registrar@sha256:9cd9ef74078997d4d05f5061b6a4948b54b591bb5152675f45a183c3a1cbbfd8;kube-system;N/A;efs-csi-node-cgszj
consentdev;consentimento-dev;sha256:4db1a50a1583c662643b4a24a7940c7e347ef22f3c6f83f825587c3b904abe87;602401143452.dkr.ecr.sa-east-1.amazonaws.com/eks/aws-efs-csi-driver@sha256:4db1a50a1583c662643b4a24a7940c7e347ef22f3c6f83f825587c3b904abe87;kube-system;N/A;efs-csi-node-cgszj
consentdev;consentimento-dev;sha256:d790820d19a6253ee31418be4d1a9ae023d4a6b64c5591f8f031b4194828cc5b;564593125549.dkr.ecr.sa-east-1.amazonaws.com/aws-public/eks-distro/kubernetes-csi/livenessprobe@sha256:d790820d19a6253ee31418be4d1a9ae023d4a6b64c5591f8f031b4194828cc5b;kube-system;N/A;efs-csi-node-cgszj
consentdev;consentimento-dev;sha256:9cd9ef74078997d4d05f5061b6a4948b54b591bb5152675f45a183c3a1cbbfd8;564593125549.dkr.ecr.sa-east-1.amazonaws.com/aws-public/eks-distro/kubernetes-csi/node-driver-registrar@sha256:9cd9ef74078997d4d05f5061b6a4948b54b591bb5152675f45a183c3a1cbbfd8;kube-system;N/A;efs-csi-node-sr75j
consentdev;consentimento-dev;sha256:4db1a50a1583c662643b4a24a7940c7e347ef22f3c6f83f825587c3b904abe87;602401143452.dkr.ecr.sa-east-1.amazonaws.com/eks/aws-efs-csi-driver@sha256:4db1a50a1583c662643b4a24a7940c7e347ef22f3c6f83f825587c3b904abe87;kube-system;N/A;efs-csi-node-sr75j
consentdev;consentimento-dev;sha256:d790820d19a6253ee31418be4d1a9ae023d4a6b64c5591f8f031b4194828cc5b;564593125549.dkr.ecr.sa-east-1.amazonaws.com/aws-public/eks-distro/kubernetes-csi/livenessprobe@sha256:d790820d19a6253ee31418be4d1a9ae023d4a6b64c5591f8f031b4194828cc5b;kube-system;N/A;efs-csi-node-sr75j
consentdev;consentimento-dev;sha256:9cd9ef74078997d4d05f5061b6a4948b54b591bb5152675f45a183c3a1cbbfd8;564593125549.dkr.ecr.sa-east-1.amazonaws.com/aws-public/eks-distro/kubernetes-csi/node-driver-registrar@sha256:9cd9ef74078997d4d05f5061b6a4948b54b591bb5152675f45a183c3a1cbbfd8;kube-system;N/A;efs-csi-node-zpn79
consentdev;consentimento-dev;sha256:4db1a50a1583c662643b4a24a7940c7e347ef22f3c6f83f825587c3b904abe87;602401143452.dkr.ecr.sa-east-1.amazonaws.com/eks/aws-efs-csi-driver@sha256:4db1a50a1583c662643b4a24a7940c7e347ef22f3c6f83f825587c3b904abe87;kube-system;N/A;efs-csi-node-zpn79
consentdev;consentimento-dev;sha256:d790820d19a6253ee31418be4d1a9ae023d4a6b64c5591f8f031b4194828cc5b;564593125549.dkr.ecr.sa-east-1.amazonaws.com/aws-public/eks-distro/kubernetes-csi/livenessprobe@sha256:d790820d19a6253ee31418be4d1a9ae023d4a6b64c5591f8f031b4194828cc5b;kube-system;N/A;efs-csi-node-zpn79
consentdev;consentimento-dev;sha256:1529982e95d0c9a1f0543360939108cf8276507fb6639e367a0198d3b25570b0;k8s.gcr.io/external-dns/external-dns@sha256:1529982e95d0c9a1f0543360939108cf8276507fb6639e367a0198d3b25570b0;kube-system;external-dns-94756556;external-dns-94756556-l9qx9
consentdev;consentimento-dev;sha256:8ac03ffed11ba8e3b77ffca82f6ee1ef9598181da04cc50545ca1c739ddf5bbb;602401143452.dkr.ecr.sa-east-1.amazonaws.com/eks/kube-proxy@sha256:8ac03ffed11ba8e3b77ffca82f6ee1ef9598181da04cc50545ca1c739ddf5bbb;kube-system;N/A;kube-proxy-226cq
consentdev;consentimento-dev;sha256:8ac03ffed11ba8e3b77ffca82f6ee1ef9598181da04cc50545ca1c739ddf5bbb;602401143452.dkr.ecr.sa-east-1.amazonaws.com/eks/kube-proxy@sha256:8ac03ffed11ba8e3b77ffca82f6ee1ef9598181da04cc50545ca1c739ddf5bbb;kube-system;N/A;kube-proxy-8mc8c
consentdev;consentimento-dev;sha256:8ac03ffed11ba8e3b77ffca82f6ee1ef9598181da04cc50545ca1c739ddf5bbb;602401143452.dkr.ecr.sa-east-1.amazonaws.com/eks/kube-proxy@sha256:8ac03ffed11ba8e3b77ffca82f6ee1ef9598181da04cc50545ca1c739ddf5bbb;kube-system;N/A;kube-proxy-w7c29
consentdev;consentimento-dev;sha256:8ac03ffed11ba8e3b77ffca82f6ee1ef9598181da04cc50545ca1c739ddf5bbb;602401143452.dkr.ecr.sa-east-1.amazonaws.com/eks/kube-proxy@sha256:8ac03ffed11ba8e3b77ffca82f6ee1ef9598181da04cc50545ca1c739ddf5bbb;kube-system;N/A;kube-proxy-wcf79
consentdev;consentimento-dev;sha256:8ac03ffed11ba8e3b77ffca82f6ee1ef9598181da04cc50545ca1c739ddf5bbb;602401143452.dkr.ecr.sa-east-1.amazonaws.com/eks/kube-proxy@sha256:8ac03ffed11ba8e3b77ffca82f6ee1ef9598181da04cc50545ca1c739ddf5bbb;kube-system;N/A;kube-proxy-xf278
consentdev;consentimento-dev;sha256:76049887f07a0476dc93efc2d3569b9529bf982b22d29f356092ce206e98765c;docker.io/kubernetesui/metrics-scraper@sha256:76049887f07a0476dc93efc2d3569b9529bf982b22d29f356092ce206e98765c;kube-system;kubernetes-dashboard-7cd8c87c5f;kubernetes-dashboard-7cd8c87c5f-gnlbf
consentdev;consentimento-dev;sha256:290bebc3cd96c22b6f89e7b21f5c2b16ce5c275a0ec2c2de10e0d8b9dd110289;docker.io/kubernetesui/dashboard@sha256:290bebc3cd96c22b6f89e7b21f5c2b16ce5c275a0ec2c2de10e0d8b9dd110289;kube-system;kubernetes-dashboard-7cd8c87c5f;kubernetes-dashboard-7cd8c87c5f-gnlbf
consentdev;consentimento-dev;sha256:f977ad859fb500c1302d9c3428c6271db031bb7431e7076213b676b345a88dc2;k8s.gcr.io/metrics-server/metrics-server@sha256:f977ad859fb500c1302d9c3428c6271db031bb7431e7076213b676b345a88dc2;kube-system;metrics-server-8694655b79;metrics-server-8694655b79-9cq9x
consentdev;consentimento-dev;sha256:8c21390be87dbbee337c5b867254906b900bb52adb405b3a67134e17b7705973;quay.io/oauth2-proxy/oauth2-proxy@sha256:8c21390be87dbbee337c5b867254906b900bb52adb405b3a67134e17b7705973;kube-system;oauth2-proxy-764d678d5b;oauth2-proxy-764d678d5b-bdssl
consentdev;consentimento-dev;sha256:10e3e43b37bef778c5f1606f9078ac5935c52654598d6ffe7dfadbb25a888c1a;564593125549.dkr.ecr.sa-east-1.amazonaws.com/logstash@sha256:10e3e43b37bef778c5f1606f9078ac5935c52654598d6ffe7dfadbb25a888c1a;logstash-nike-smartproxy-infobusca-uat;N/A;logstash-logstash-0
consentdev;consentimento-dev;sha256:10e3e43b37bef778c5f1606f9078ac5935c52654598d6ffe7dfadbb25a888c1a;564593125549.dkr.ecr.sa-east-1.amazonaws.com/logstash@sha256:10e3e43b37bef778c5f1606f9078ac5935c52654598d6ffe7dfadbb25a888c1a;logstash-nike-smartproxy-infobusca;N/A;logstash-logstash-0
consentdev;consentimento-dev;sha256:10e3e43b37bef778c5f1606f9078ac5935c52654598d6ffe7dfadbb25a888c1a;564593125549.dkr.ecr.sa-east-1.amazonaws.com/logstash@sha256:10e3e43b37bef778c5f1606f9078ac5935c52654598d6ffe7dfadbb25a888c1a;logstash-nike-smartproxy-infomais-uat;N/A;logstash-logstash-0
consentdev;consentimento-dev;sha256:10e3e43b37bef778c5f1606f9078ac5935c52654598d6ffe7dfadbb25a888c1a;564593125549.dkr.ecr.sa-east-1.amazonaws.com/logstash@sha256:10e3e43b37bef778c5f1606f9078ac5935c52654598d6ffe7dfadbb25a888c1a;logstash-nike-smartproxy-infomais;N/A;logstash-logstash-0
consentdev;consentimento-dev;sha256:10e3e43b37bef778c5f1606f9078ac5935c52654598d6ffe7dfadbb25a888c1a;564593125549.dkr.ecr.sa-east-1.amazonaws.com/logstash@sha256:10e3e43b37bef778c5f1606f9078ac5935c52654598d6ffe7dfadbb25a888c1a;logstash-nike-smartproxy-uat;N/A;logstash-logstash-0
consentdev;consentimento-dev;sha256:10e3e43b37bef778c5f1606f9078ac5935c52654598d6ffe7dfadbb25a888c1a;564593125549.dkr.ecr.sa-east-1.amazonaws.com/logstash@sha256:10e3e43b37bef778c5f1606f9078ac5935c52654598d6ffe7dfadbb25a888c1a;logstash-nike-smartproxy;N/A;logstash-logstash-0
consentdev;consentimento-dev;sha256:088464f949de8065b9da7dfce7302a633d700e9d598e2bebc03310712f083b31;quay.io/prometheus/alertmanager@sha256:088464f949de8065b9da7dfce7302a633d700e9d598e2bebc03310712f083b31;monitoring-system;N/A;alertmanager-kube-prometheus-stack-alertmanager-0
consentdev;consentimento-dev;sha256:d0aee3f816725cb130121f3ea67979160bdc79fe616efa077c9b15cab4689504;quay.io/prometheus-operator/prometheus-config-reloader@sha256:d0aee3f816725cb130121f3ea67979160bdc79fe616efa077c9b15cab4689504;monitoring-system;N/A;alertmanager-kube-prometheus-stack-alertmanager-0
consentdev;consentimento-dev;sha256:ecc1b80b8ca27743e48033c6d4c9d9f658b0837f9bea7dc5afeec0f857357267;docker.io/grafana/grafana@sha256:ecc1b80b8ca27743e48033c6d4c9d9f658b0837f9bea7dc5afeec0f857357267;monitoring-system;kube-prometheus-stack-grafana-74d44b84;kube-prometheus-stack-grafana-74d44b84-6xcs5
consentdev;consentimento-dev;sha256:1f025ae37b7b20d63bffd179e5e6f972039dd53d9646388c0a8c456229c7bbcb;quay.io/kiwigrid/k8s-sidecar@sha256:1f025ae37b7b20d63bffd179e5e6f972039dd53d9646388c0a8c456229c7bbcb;monitoring-system;kube-prometheus-stack-grafana-74d44b84;kube-prometheus-stack-grafana-74d44b84-6xcs5
consentdev;consentimento-dev;sha256:1f025ae37b7b20d63bffd179e5e6f972039dd53d9646388c0a8c456229c7bbcb;quay.io/kiwigrid/k8s-sidecar@sha256:1f025ae37b7b20d63bffd179e5e6f972039dd53d9646388c0a8c456229c7bbcb;monitoring-system;kube-prometheus-stack-grafana-74d44b84;kube-prometheus-stack-grafana-74d44b84-6xcs5
consentdev;consentimento-dev;sha256:69a18fa1e0d0c9f972a64e69ca13b65451b8c5e79ae8dccf3a77968be4a301df;k8s.gcr.io/kube-state-metrics/kube-state-metrics@sha256:69a18fa1e0d0c9f972a64e69ca13b65451b8c5e79ae8dccf3a77968be4a301df;monitoring-system;kube-prometheus-stack-kube-state-metrics-5bd844ff8c;kube-prometheus-stack-kube-state-metrics-5bd844ff8c-np5vg
consentdev;consentimento-dev;sha256:4817ed76bbac6726228bc0cb1bb7f78a1084ab8367e3a7daa9d6119eb470cfa5;quay.io/prometheus-operator/prometheus-operator@sha256:4817ed76bbac6726228bc0cb1bb7f78a1084ab8367e3a7daa9d6119eb470cfa5;monitoring-system;kube-prometheus-stack-operator-7447c85fbc;kube-prometheus-stack-operator-7447c85fbc-lmz6d
consentdev;consentimento-dev;sha256:f2269e73124dd0f60a7d19a2ce1264d33d08a985aed0ee6b0b89d0be470592cd;quay.io/prometheus/node-exporter@sha256:f2269e73124dd0f60a7d19a2ce1264d33d08a985aed0ee6b0b89d0be470592cd;monitoring-system;N/A;kube-prometheus-stack-prometheus-node-exporter-24p9k
consentdev;consentimento-dev;sha256:f2269e73124dd0f60a7d19a2ce1264d33d08a985aed0ee6b0b89d0be470592cd;quay.io/prometheus/node-exporter@sha256:f2269e73124dd0f60a7d19a2ce1264d33d08a985aed0ee6b0b89d0be470592cd;monitoring-system;N/A;kube-prometheus-stack-prometheus-node-exporter-5lqvr
consentdev;consentimento-dev;sha256:f2269e73124dd0f60a7d19a2ce1264d33d08a985aed0ee6b0b89d0be470592cd;quay.io/prometheus/node-exporter@sha256:f2269e73124dd0f60a7d19a2ce1264d33d08a985aed0ee6b0b89d0be470592cd;monitoring-system;N/A;kube-prometheus-stack-prometheus-node-exporter-ldgcg
consentdev;consentimento-dev;sha256:f2269e73124dd0f60a7d19a2ce1264d33d08a985aed0ee6b0b89d0be470592cd;quay.io/prometheus/node-exporter@sha256:f2269e73124dd0f60a7d19a2ce1264d33d08a985aed0ee6b0b89d0be470592cd;monitoring-system;N/A;kube-prometheus-stack-prometheus-node-exporter-nsrdr
consentdev;consentimento-dev;sha256:f2269e73124dd0f60a7d19a2ce1264d33d08a985aed0ee6b0b89d0be470592cd;quay.io/prometheus/node-exporter@sha256:f2269e73124dd0f60a7d19a2ce1264d33d08a985aed0ee6b0b89d0be470592cd;monitoring-system;N/A;kube-prometheus-stack-prometheus-node-exporter-z7fqm
consentdev;consentimento-dev;sha256:eb350a428127cf111a39fae466ebbbc2aade66a64ddf61b47df4ceaacf207d19;gcr.io/kubecost1/frontend@sha256:eb350a428127cf111a39fae466ebbbc2aade66a64ddf61b47df4ceaacf207d19;monitoring-system;kubecost-cost-analyzer-58d9f66469;kubecost-cost-analyzer-58d9f66469-dp4lr
consentdev;consentimento-dev;sha256:7737e3448e35d1fd6fb715b986d2d665bf28b5fb2e9e8db87bd0985347d46e16;gcr.io/kubecost1/cost-model@sha256:7737e3448e35d1fd6fb715b986d2d665bf28b5fb2e9e8db87bd0985347d46e16;monitoring-system;kubecost-cost-analyzer-58d9f66469;kubecost-cost-analyzer-58d9f66469-dp4lr
consentdev;consentimento-dev;sha256:1ee60f980950b00e505bd564b40f720132a0653b110e993043bb5940673d060a;docker.io/grafana/loki@sha256:1ee60f980950b00e505bd564b40f720132a0653b110e993043bb5940673d060a;monitoring-system;N/A;loki-stack-0
consentdev;consentimento-dev;sha256:072527b12cdfa1393d04a08aeba6b0eb42fd6921426ea14eaf8c828953771749;docker.io/grafana/promtail@sha256:072527b12cdfa1393d04a08aeba6b0eb42fd6921426ea14eaf8c828953771749;monitoring-system;N/A;loki-stack-promtail-4vtl5
consentdev;consentimento-dev;sha256:072527b12cdfa1393d04a08aeba6b0eb42fd6921426ea14eaf8c828953771749;docker.io/grafana/promtail@sha256:072527b12cdfa1393d04a08aeba6b0eb42fd6921426ea14eaf8c828953771749;monitoring-system;N/A;loki-stack-promtail-bhhrp
consentdev;consentimento-dev;sha256:072527b12cdfa1393d04a08aeba6b0eb42fd6921426ea14eaf8c828953771749;docker.io/grafana/promtail@sha256:072527b12cdfa1393d04a08aeba6b0eb42fd6921426ea14eaf8c828953771749;monitoring-system;N/A;loki-stack-promtail-cbxtf
consentdev;consentimento-dev;sha256:072527b12cdfa1393d04a08aeba6b0eb42fd6921426ea14eaf8c828953771749;docker.io/grafana/promtail@sha256:072527b12cdfa1393d04a08aeba6b0eb42fd6921426ea14eaf8c828953771749;monitoring-system;N/A;loki-stack-promtail-l58z7
consentdev;consentimento-dev;sha256:072527b12cdfa1393d04a08aeba6b0eb42fd6921426ea14eaf8c828953771749;docker.io/grafana/promtail@sha256:072527b12cdfa1393d04a08aeba6b0eb42fd6921426ea14eaf8c828953771749;monitoring-system;N/A;loki-stack-promtail-ppbfs
consentdev;consentimento-dev;sha256:d0aee3f816725cb130121f3ea67979160bdc79fe616efa077c9b15cab4689504;quay.io/prometheus-operator/prometheus-config-reloader@sha256:d0aee3f816725cb130121f3ea67979160bdc79fe616efa077c9b15cab4689504;monitoring-system;N/A;prometheus-kube-prometheus-stack-prometheus-0
consentdev;consentimento-dev;sha256:2acfab1966f0dbecc6afbead13eca7f47062cfe8726bb9db25e39e0c0b88e9c3;quay.io/prometheus/prometheus@sha256:2acfab1966f0dbecc6afbead13eca7f47062cfe8726bb9db25e39e0c0b88e9c3;monitoring-system;N/A;prometheus-kube-prometheus-stack-prometheus-0
consentdev;consentimento-dev;sha256:477d4c3d896a0deefdcccf0e08e8fb0d4258e5340d34f3c3513f75073de5835c;docker.io/provectuslabs/kafka-ui@sha256:477d4c3d896a0deefdcccf0e08e8fb0d4258e5340d34f3c3513f75073de5835c;msk-smartproxy;kafka-ui-logs-554bf7d9b5;kafka-ui-logs-554bf7d9b5-zqrd9
consentdev;consentimento-dev;sha256:477d4c3d896a0deefdcccf0e08e8fb0d4258e5340d34f3c3513f75073de5835c;docker.io/provectuslabs/kafka-ui@sha256:477d4c3d896a0deefdcccf0e08e8fb0d4258e5340d34f3c3513f75073de5835c;observability;kafka-ui-logs-744758849f;kafka-ui-logs-744758849f-qg4z9
consentdev;consentimento-dev;sha256:a0351c8e7e72c761c347bdcb8808c95912fe83c460a3cecd3e953348a655abde;docker.io/clickhouse/clickhouse-server@sha256:a0351c8e7e72c761c347bdcb8808c95912fe83c460a3cecd3e953348a655abde;posthog-prd;N/A;chi-posthog-posthog-0-0-0
consentdev;consentimento-dev;sha256:7a85f522c5bc68ba155878966be356654e367568672e21c2dba2c930490db195;docker.io/altinity/clickhouse-operator@sha256:7a85f522c5bc68ba155878966be356654e367568672e21c2dba2c930490db195;posthog-prd;clickhouse-operator-5f85977dd9;clickhouse-operator-5f85977dd9-n557g
consentdev;consentimento-dev;sha256:74a3bdfb877c98f292ceab32bab2873462ce91170815d83655fa25ccaeca6bf4;docker.io/altinity/metrics-exporter@sha256:74a3bdfb877c98f292ceab32bab2873462ce91170815d83655fa25ccaeca6bf4;posthog-prd;clickhouse-operator-5f85977dd9;clickhouse-operator-5f85977dd9-n557g
consentdev;consentimento-dev;sha256:fef465f62524ed89c27451752385ab69e5c35ea4bc48b62bf61f733916ea674c;quay.io/jetstack/cert-manager-controller@sha256:fef465f62524ed89c27451752385ab69e5c35ea4bc48b62bf61f733916ea674c;posthog-prd;posthog-cert-manager-7475999fdd;posthog-cert-manager-7475999fdd-8jkr7
consentdev;consentimento-dev;sha256:916ef12af73c8a4cbdfb6127d6f513f476f3aeed2447ec7f1a58a95113bda713;quay.io/jetstack/cert-manager-cainjector@sha256:916ef12af73c8a4cbdfb6127d6f513f476f3aeed2447ec7f1a58a95113bda713;posthog-prd;posthog-cert-manager-cainjector-5c88c46999;posthog-cert-manager-cainjector-5c88c46999-vpbf6
consentdev;consentimento-dev;sha256:45934ab42749e8c90da0726734155374f4ea55d7796246264e7adea87569918a;quay.io/jetstack/cert-manager-webhook@sha256:45934ab42749e8c90da0726734155374f4ea55d7796246264e7adea87569918a;posthog-prd;posthog-cert-manager-webhook-d9c47f758;posthog-cert-manager-webhook-d9c47f758-j6zrh
consentdev;consentimento-dev;sha256:74441a9fa04a5af78bf76a5af909f88592033c03ce6f1e14f343cd53d0266827;docker.io/posthog/posthog@sha256:74441a9fa04a5af78bf76a5af909f88592033c03ce6f1e14f343cd53d0266827;posthog-prd;posthog-events-7d79dcb856;posthog-events-7d79dcb856-csfqk
consentdev;consentimento-dev;sha256:f766669fdcf3dc26347ed273a55e754b427eb4411ee075a53f30718b4499076a;k8s.gcr.io/ingress-nginx/controller@sha256:f766669fdcf3dc26347ed273a55e754b427eb4411ee075a53f30718b4499076a;posthog-prd;posthog-ingress-nginx-controller-6ff869d4fc;posthog-ingress-nginx-controller-6ff869d4fc-8tqhz
consentdev;consentimento-dev;sha256:e17b61c1b97eeecb562b33215456f02609db9b98c1e414f9a29ac46ec0a38a85;docker.io/bitnami/pgbouncer@sha256:e17b61c1b97eeecb562b33215456f02609db9b98c1e414f9a29ac46ec0a38a85;posthog-prd;posthog-pgbouncer-55fff8c6b6;posthog-pgbouncer-55fff8c6b6-jnvp2
consentdev;consentimento-dev;sha256:74441a9fa04a5af78bf76a5af909f88592033c03ce6f1e14f343cd53d0266827;docker.io/posthog/posthog@sha256:74441a9fa04a5af78bf76a5af909f88592033c03ce6f1e14f343cd53d0266827;posthog-prd;posthog-plugins-8655c9f97d;posthog-plugins-8655c9f97d-vlh9l
consentdev;consentimento-dev;sha256:5a85aeb27ffad227df55f7253a5b3634472d9d028ca20da0d6b9e7bb049d41e9;docker.io/bitnami/kafka@sha256:5a85aeb27ffad227df55f7253a5b3634472d9d028ca20da0d6b9e7bb049d41e9;posthog-prd;N/A;posthog-posthog-kafka-0
consentdev;consentimento-dev;sha256:a97dd274c972cb39c8bfbf6f551fd80a9279b564e4713f4a2f02d213c033ae79;docker.io/bitnami/redis@sha256:a97dd274c972cb39c8bfbf6f551fd80a9279b564e4713f4a2f02d213c033ae79;posthog-prd;N/A;posthog-posthog-redis-master-0
consentdev;consentimento-dev;sha256:061e22290d520d3c1536bbb2d6ed29e284f47b46d5035b6b6de1424658f2153c;docker.io/bitnami/zookeeper@sha256:061e22290d520d3c1536bbb2d6ed29e284f47b46d5035b6b6de1424658f2153c;posthog-prd;N/A;posthog-posthog-zookeeper-0
consentdev;consentimento-dev;sha256:74441a9fa04a5af78bf76a5af909f88592033c03ce6f1e14f343cd53d0266827;docker.io/posthog/posthog@sha256:74441a9fa04a5af78bf76a5af909f88592033c03ce6f1e14f343cd53d0266827;posthog-prd;posthog-web-5ccc5f6458;posthog-web-5ccc5f6458-bjbht
consentdev;consentimento-dev;sha256:74441a9fa04a5af78bf76a5af909f88592033c03ce6f1e14f343cd53d0266827;docker.io/posthog/posthog@sha256:74441a9fa04a5af78bf76a5af909f88592033c03ce6f1e14f343cd53d0266827;posthog-prd;posthog-worker-648556846;posthog-worker-648556846-4fmmx
consentdev;consentimento-dev;sha256:27c454768ae8f434e587f87d14ce49d574d46a37a322b8839e1352a344dcff75;docker.io/apache/camel-k@sha256:27c454768ae8f434e587f87d14ce49d574d46a37a322b8839e1352a344dcff75;smartproxy-dev;camel-k-operator-688d5cb466;camel-k-operator-688d5cb466-k8ff7
consentdev;consentimento-dev;sha256:27c454768ae8f434e587f87d14ce49d574d46a37a322b8839e1352a344dcff75;docker.io/apache/camel-k@sha256:27c454768ae8f434e587f87d14ce49d574d46a37a322b8839e1352a344dcff75;smartproxy-uat;camel-k-operator-688d5cb466;camel-k-operator-688d5cb466-r9lq2
consentdev;consentimento-dev;sha256:27c454768ae8f434e587f87d14ce49d574d46a37a322b8839e1352a344dcff75;docker.io/apache/camel-k@sha256:27c454768ae8f434e587f87d14ce49d574d46a37a322b8839e1352a344dcff75;smartproxy;camel-k-operator-688d5cb466;camel-k-operator-688d5cb466-xf44n
consentdev;consentimento-dev;sha256:6845f3ea66c0711b93e423e6c7f481e4527b4b7afeee23e12bdd3c86ead100a4;564593125549.dkr.ecr.sa-east-1.amazonaws.com/techdocs-preview-nginx@sha256:6845f3ea66c0711b93e423e6c7f481e4527b4b7afeee23e12bdd3c86ead100a4;techdocs-preview;techdocs-preview-7fdfb67dc;techdocs-preview-7fdfb67dc-v7zsb
consentdev;consentimento-dev;sha256:f635442a0f47bbc8d1d868ca2b50d06e028d2c5048fd73a5986c92df317aff26;docker.io/velero/velero@sha256:f635442a0f47bbc8d1d868ca2b50d06e028d2c5048fd73a5986c92df317aff26;velero;velero-559c8cb49;velero-559c8cb49-wqqvl
